wallet_address,EmployeeID,Name,Department,Role,BaseSalary,Attendance (%),WorkHours (avg/week),PerformanceScore (0–100),ProjectCompletionRate (%),BehaviourScore (0–100),SkillScore (0–100),ExperienceYears,TrainingCompleted (Yes/No),CertificationsCount,ReputationScore (weighted composite),AppraisalEligibility (Yes/No),ProposedSalaryIncrement (%),PreviousAppraisals,EmployeeWalletAddress,ReviewerWalletAddress,DAOEligible (Yes/No),appraisal_year,eligible,sbt_token_id,zk_proof_hash,hr_signature
0x0000000000000000000000000000000000000001,EMP1000,RBDBD RBDAML,HR,Lead,121166,64,47,3,90,74,58,7,No,2,33.6,No,0,2,0x665688320c63f76ae4b19cb5965d395e1deb1dd6,0xe3d9c08cdd3bf83cd2067e8108bdd0d959f55112,No,2026,False,1,zkproof_0001_hash,HR_SIGN_0001
0x0000000000000000000000000000000000000002,EMP1001,ENKHJ SXXYOI,HR,Developer,128069,82,50,78,57,89,66,8,No,8,69.6,No,0,2,0x8b8f4379852b4cf1332e995deb481a5fb4455b6e,0x15077ac55dfba9c41879eaa1d024f2629b3c454b,No,2026,True,2,zkproof_0002_hash,HR_SIGN_0002
0x0000000000000000000000000000000000000003,EMP1002,LZIUC ZGQVHQ,Operations,Developer,94995,88,34,5,81,66,52,13,Yes,4,31.2,No,0,0,0xc5e8e973c56f11ea5c8c11a76fef6477dfeb1a3c,0x1b9bd687a025c90b7e8f1689eaad48a031f5282e,No,2026,False,3,zkproof_0003_hash,HR_SIGN_0003
0x0000000000000000000000000000000000000004,EMP1003,RHSCH RBBCGZ,R&D,Developer,92422,97,58,87,67,97,42,1,No,0,66.8,No,0,1,0x16e708b08d981e44f73fc4809eb67c3a32b31e53,0x8647e428e8e6dcd64563972facfe64e7e35a9dd5,No,2026,True,4,zkproof_0004_hash,HR_SIGN_0004
0x0000000000000000000000000000000000000005,EMP1004,TZZCY YUUWGJ,Marketing,Coordinator,104502,87,48,22,91,83,91,9,No,6,53.3,No,0,2,0x9869c70ae2668102de89b45ad98c93acc3923e60,0x45eadadca969d0128a0f948907be80d26635435b,No,2026,False,5,zkproof_0005_hash,HR_SIGN_0005
0x0000000000000000000000000000000000000006,EMP1005,QCNHB HHUPTZ,IT,Analyst,82127,89,36,99,85,68,96,23,Yes,1,82.1,Yes,9,3,0x74a3c41965ab5fcae156437d760242d57122834b,0x5f24baf6cf2acce2160c41499d8097a260c4ac4d,Yes,2026,True,6,zkproof_0006_hash,HR_SIGN_0006
0x0000000000000000000000000000000000000007,EMP1006,PXMMS EJJISW,Engineering,Developer,60311,87,36,77,75,95,52,13,Yes,8,66.2,No,0,0,0x81812bbd6fc7177e0a75bf19d5ea7102cfc6e522,0x1a465b2be540e215447035c76de77072a1492ae7,No,2026,True,7,zkproof_0007_hash,HR_SIGN_0007
0x0000000000000000000000000000000000000008,EMP1007,ZDZMJ KJKHLN,Finance,Developer,131234,60,36,40,81,63,75,16,No,3,51.4,No,0,3,0xc854ef12d4c120c432235efde173697211514430,0x6de2321f31454eb61c7b714aebd5e8934f4d4e6b,No,2026,False,8,zkproof_0008_hash,HR_SIGN_0008
0x0000000000000000000000000000000000000009,EMP1008,MVXBT CQOALZ,Engineering,Intern,90964,81,41,51,64,64,60,3,Yes,5,51.7,No,0,3,0x7d247c52176f2243975b8a8f74f98ea5235f8463,0xb432f9785b747db67dae9f0a2efed368e8cbfe93,No,2026,True,9,zkproof_0009_hash,HR_SIGN_0009
0x0000000000000000000000000000000000000010,EMP1009,NKPZN AJIZAF,Operations,Developer,101966,87,30,45,69,93,67,5,No,8,57.5,No,0,1,0xcbf79783dbb54f36b03e1bbe8cdb429c52ae4abb,0xd9ff66f1b1922ecfbe520e579e3aab116936f88c,No,2026,False,10,zkproof_0010_hash,HR_SIGN_0010
0x0000000000000000000000000000000000000011,EMP1010,QCQYZ GIGUSN,HR,Analyst,63208,98,39,50,89,71,84,20,No,5,59.9,No,0,1,0xf7f413989026e005ded4ba5e13064c90c88e9d35,0x3e4d3277a390088a390c1ea7fccfa68f4865ef85,No,2026,True,11,zkproof_0011_hash,HR_SIGN_0011
0x0000000000000000000000000000000000000012,EMP1011,YNGKE LOPYGK,Marketing,Engineer,68992,63,36,65,86,55,66,17,No,6,57.4,No,0,4,0x8a013348bbb8fdc4cbd00e0bf7300c04c873d4a6,0x591ff2d40a1119be7090e4805eb5a6f75f9dfe6c,No,2026,True,12,zkproof_0012_hash,HR_SIGN_0012
0x0000000000000000000000000000000000000013,EMP1012,ZDLOB OGBMAP,Operations,Lead,62216,98,53,49,74,61,69,1,No,5,53.0,No,0,2,0xa839a215da17a9c09263006c0b95e363c19c2580,0x0ae46e47a72a842c12d7155194136e35ac116f85,No,2026,True,13,zkproof_0013_hash,HR_SIGN_0013
0x0000000000000000000000000000000000000014,EMP1013,AJQBU UVATIY,Finance,Engineer,62171,94,54,6,43,77,90,23,Yes,3,45.1,No,0,2,0xd5f62f03cd8b4d20ec436502e3567b73f665ffdc,0xd226feaba29c7fa8841d7a5ece0f5f713330cae8,No,2026,False,14,zkproof_0014_hash,HR_SIGN_0014
0x0000000000000000000000000000000000000015,EMP1014,ZOEUJ UKCDVP,Engineering,Manager,129584,67,58,40,71,80,70,12,No,3,53.3,No,0,2,0xbf775b6ba57b56614619a2c0c679685a03bddf92,0xb1d8fc2d36676f0d6ee7b0c10483a8558b74f672,No,2026,False,15,zkproof_0015_hash,HR_SIGN_0015
0x0000000000000000000000000000000000000016,EMP1015,SRRQH WWQSYB,HR,Analyst,91332,75,35,87,70,77,40,5,Yes,5,62.7,No,0,4,0xef577d162596932c1f2c5e5cf16a918b2c97ed50,0x190f82c0893f065b6696d3d06224a49522b504f4,No,2026,True,16,zkproof_0016_hash,HR_SIGN_0016
0x0000000000000000000000000000000000000017,EMP1016,LICCB SJMQDG,Finance,Analyst,31790,62,50,32,65,83,80,2,Yes,1,53.5,No,0,4,0x2dfd87091aeb53b8ef353239d336b7bb9bffbde0,0x4f5f3b40e50d849466165a738c92b2677d82a081,No,2026,False,17,zkproof_0017_hash,HR_SIGN_0017
0x0000000000000000000000000000000000000018,EMP1017,MJYSJ QXAGHQ,IT,Analyst,121124,88,49,86,89,51,77,18,Yes,3,68.0,No,0,4,0x5c82ec311897f28c028e3c70e9d5ec41cbf77ac3,0x8761faed6b0389d68cfff020683fd1397d285067,No,2026,True,18,zkproof_0018_hash,HR_SIGN_0018
0x0000000000000000000000000000000000000019,EMP1018,SUCAL RWAIDS,HR,Lead,133744,74,59,56,80,89,67,17,No,4,60.7,No,0,3,0x32f80516ad1505f374831c8fa21dfff68407137a,0x5361cfae3d49016c67898a3768fab8c5f56e54c8,No,2026,True,19,zkproof_0019_hash,HR_SIGN_0019
0x0000000000000000000000000000000000000020,EMP1019,IEQXD HYMVUI,HR,Developer,110856,95,31,31,78,73,44,23,Yes,2,40.4,No,0,3,0xa7a852c3dc229e8eed09622c90faebb9496d8cf4,0xff7c4d55aa39f435b75a578182e7b0e14a1be607,No,2026,False,20,zkproof_0020_hash,HR_SIGN_0020
0x0000000000000000000000000000000000000021,EMP1020,HQOXF APXDCH,R&D,Coordinator,115383,93,39,42,42,85,83,18,Yes,2,58.9,No,0,3,0x072fe9a3ebb880b7cd094e6f90cf4f62dd6bdff7,0x5b757f968a003154a21a4e49b38196aa18e2466c,No,2026,False,21,zkproof_0021_hash,HR_SIGN_0021
0x0000000000000000000000000000000000000022,EMP1021,DNYWU HUABFO,Engineering,Intern,42997,86,43,93,69,67,52,15,Yes,4,66.6,No,0,3,0xb27422332897b428b530da4a10bf0b1900aeb80e,0x2920b0e814207cc70ff9838b006e5bf34099abd0,No,2026,True,22,zkproof_0022_hash,HR_SIGN_0022
0x0000000000000000000000000000000000000023,EMP1022,SPWSZ POYIBB,Marketing,Coordinator,125818,86,39,13,59,92,44,19,Yes,8,37.6,No,0,4,0x6aa20500ca302c2eafe28530478859480d8dc3f1,0xc72a7a74fc1c8590966b8d0ed5a4a37874a34504,No,2026,False,23,zkproof_0023_hash,HR_SIGN_0023
0x0000000000000000000000000000000000000024,EMP1023,QDYXR ORZYVB,Operations,Lead,134366,65,32,52,47,85,43,15,Yes,5,51.2,No,0,2,0xfdcb9a8e336958dcb69ab050e2f5de09de2112b2,0x81c1bdb16b3499bc0f7f0e4740181bad5c38ae6b,No,2026,True,24,zkproof_0024_hash,HR_SIGN_0024
0x0000000000000000000000000000000000000025,EMP1024,RZVIL FFCIGU,Finance,Manager,33430,78,41,23,99,79,91,10,No,0,52.3,No,0,3,0xeecd50d4dc5ba322f6185701bd045a53fa70e538,0xb07196657ac3825b83f4a845f21ff258deaad914,No,2026,False,25,zkproof_0025_hash,HR_SIGN_0025
0x0000000000000000000000000000000000000026,EMP1025,UJVOE ZJUYXQ,HR,Lead,105631,89,33,43,78,94,62,15,No,5,55.1,No,0,3,0x9f870fc1f39e3d01fd8820e888f0c71d21b35e3c,0x81345fd7acfeb8c2d4d528daa38904bc1b13f4b0,No,2026,False,26,zkproof_0026_hash,HR_SIGN_0026
0x0000000000000000000000000000000000000027,EMP1026,AJRKH QCGGZM,Engineering,Analyst,135371,94,48,40,98,88,96,13,No,0,62.4,No,0,2,0x4a690164fccf9adc80adcfac6d3ea8d9f951a7fc,0x5d266fa037a4b0c7cc092be97789213ebd90ed06,No,2026,False,27,zkproof_0027_hash,HR_SIGN_0027
0x0000000000000000000000000000000000000028,EMP1027,SPVVU UHVJBM,Finance,Coordinator,94915,97,48,72,60,59,64,20,Yes,4,60.2,No,0,0,0x05fc3a99720387910ae6849d67a821da9dbfc278,0x27fb93e7848715a5ceed93130800b38e5a769f5d,No,2026,True,28,zkproof_0028_hash,HR_SIGN_0028
0x0000000000000000000000000000000000000029,EMP1028,TPRDP SUOXBE,IT,Analyst,67780,82,40,21,63,70,63,15,No,1,41.4,No,0,3,0x27e9de8821b10f676a5806cee53d64cb0a9c2f8d,0x13121df5796cee3c1b2f245515532835d7c8b072,No,2026,False,29,zkproof_0029_hash,HR_SIGN_0029
0x0000000000000000000000000000000000000030,EMP1029,GVBKN YRBRXW,Engineering,Developer,132649,90,46,46,68,79,73,22,Yes,6,56.7,No,0,4,0x55931362a324bcafb500a21da52878add532c144,0xb58c9f0b0ca5fb1314f4658a5dbbf7ecd86ddd9b,No,2026,False,30,zkproof_0030_hash,HR_SIGN_0030
0x0000000000000000000000000000000000000031,EMP1030,ZTIMW QCNJYR,Finance,Intern,118503,65,54,61,91,77,71,17,No,4,61.5,No,0,3,0x149d152c283fea26409fb29bdd5a6ca6febacb5c,0x0899ce52e7c6633ed1bacad28633b0c0d8584c4f,No,2026,True,31,zkproof_0031_hash,HR_SIGN_0031
0x0000000000000000000000000000000000000032,EMP1031,EJLSX QTGZBV,Engineering,Intern,141409,85,59,18,69,71,84,1,Yes,7,47.3,No,0,0,0x454182d25c536168b1b5d2160a2510e7c22df793,0xcd81c6e076da51d7f02c857656e45d39721f9ca7,No,2026,False,32,zkproof_0032_hash,HR_SIGN_0032
0x0000000000000000000000000000000000000033,EMP1032,VUZMU FKOIBN,Finance,Analyst,37806,80,55,90,80,92,62,24,Yes,0,73.0,Yes,10,1,0x38f907c49c62c76607f47aa353d4a8338822c307,0x30aaa9c028218e491033909d16a604023f61bd94,No,2026,True,33,zkproof_0033_hash,HR_SIGN_0033
0x0000000000000000000000000000000000000034,EMP1033,KHMOT KTBJLJ,Finance,Developer,142892,87,32,42,64,62,94,24,Yes,3,57.7,No,0,1,0x7ce2aa2cc11432d01ab9f9316146c102f18e2800,0xb776875cbcaa93b3d062111cb01aeaa2cf5e95e4,No,2026,False,34,zkproof_0034_hash,HR_SIGN_0034
0x0000000000000000000000000000000000000035,EMP1034,QQUYX PFCSKE,HR,Engineer,111687,79,54,74,78,55,41,24,No,7,53.6,No,0,3,0x56b47e44865b078a45c4767abe168edc8ce18c3e,0x314d09ed4c77866a72c495b69f38e43a7189c3d0,No,2026,True,35,zkproof_0035_hash,HR_SIGN_0035
0x0000000000000000000000000000000000000036,EMP1035,CUTEI HIGNCU,HR,Analyst,48797,96,51,66,50,64,67,6,No,4,59.7,No,0,4,0x5518d1b68bf2278b16cb4279f0074fbca8c4bb73,0x6298ffc404527b32445276fc61a51d4239a9d015,No,2026,True,36,zkproof_0036_hash,HR_SIGN_0036
0x0000000000000000000000000000000000000037,EMP1036,ACAJO IZOYOC,Marketing,Analyst,58029,85,57,50,94,68,87,24,Yes,7,60.4,No,0,2,0xc5a2db571c399774d7d1d6be5e514109f0584f8f,0xcfb9d0c9db7cc0331110cf12afdb74424dafbc06,No,2026,True,37,zkproof_0037_hash,HR_SIGN_0037
0x0000000000000000000000000000000000000038,EMP1037,PBDVF TYNILF,IT,Analyst,59307,98,31,66,87,93,82,6,Yes,4,70.0,No,0,3,0xf7cbc2d6e9d2e0de082deec9e69dfbca1868c53a,0x5555fe76e4ae8888076ba3ab8ff48f2b4cea2542,No,2026,True,38,zkproof_0038_hash,HR_SIGN_0038
0x0000000000000000000000000000000000000039,EMP1038,GBOPQ TLAQJS,Marketing,Developer,122081,60,59,85,86,81,65,13,Yes,0,69.7,No,0,2,0x6c14d7af011f77db449a29cab5300d775f3567cf,0x0858035e132027ae22d663dcfa54b347e034689c,No,2026,True,39,zkproof_0039_hash,HR_SIGN_0039
0x0000000000000000000000000000000000000040,EMP1039,KAQZZ LYSAFP,Finance,Manager,111628,63,58,52,52,51,58,16,No,3,48.7,No,0,3,0xb84ac848c8f04137e00f44a6984e293995ab728d,0xc8d41fd806a08de6ed41f8844fef0c9e5b06ef7b,No,2026,True,40,zkproof_0040_hash,HR_SIGN_0040
0x0000000000000000000000000000000000000041,EMP1040,VSBYO VVGAPV,Marketing,Coordinator,92885,95,40,2,41,68,73,23,Yes,2,36.5,No,0,0,0xdc06ada4e0e49dc8c070fad4c11ec10dcb6d3788,0xab2df1069133def52e46d9607f59bd9a530a1325,No,2026,False,41,zkproof_0041_hash,HR_SIGN_0041
0x0000000000000000000000000000000000000042,EMP1041,PWMJS FTHNFK,Operations,Lead,132201,95,34,66,40,56,54,17,Yes,4,54.2,No,0,3,0xe9e613955a3b61faf6e421026355c5086286a384,0x7764eb26d0448668c8faa6e0818676d6543c1392,No,2026,True,42,zkproof_0042_hash,HR_SIGN_0042
0x0000000000000000000000000000000000000043,EMP1042,QTBIL ULJZZA,Finance,Developer,125618,76,46,38,87,58,49,10,No,4,41.9,No,0,4,0x4b942d4003dd0ff54fc64e3e4cde63cdbe8f6b33,0x716a91564c02394e2bd5d3c45d10a538a6ccc886,No,2026,False,43,zkproof_0043_hash,HR_SIGN_0043
0x0000000000000000000000000000000000000044,EMP1043,NFBLX XDFTSB,R&D,Engineer,65916,85,46,16,49,86,60,10,Yes,7,42.3,No,0,4,0x933aba9c11246abc6de79cac332715b482783a84,0xe37d6e01524edc102a3c6c33f42f709061a47fd7,No,2026,False,44,zkproof_0044_hash,HR_SIGN_0044
0x0000000000000000000000000000000000000045,EMP1044,GRKCZ VSXZBP,R&D,Manager,101417,93,34,91,63,58,50,0,Yes,5,63.5,No,0,4,0xacd40ee3a165f5c18a40b3f235d46589bad4dbec,0xefe231b694c4a76a0257266f1b18157342555bbb,No,2026,True,45,zkproof_0045_hash,HR_SIGN_0045
0x0000000000000000000000000000000000000046,EMP1045,JOLET EZSEWB,HR,Coordinator,33412,90,33,29,85,56,97,0,No,3,52.2,No,0,4,0xf63077d65d9a744d5d1f8edbd38d185e2556d5fe,0xf2b96f4b75bcee5317617e3379e29d51d2897d7c,No,2026,False,46,zkproof_0046_hash,HR_SIGN_0046
0x0000000000000000000000000000000000000047,EMP1046,ZGEJZ TUYPHB,Engineering,Coordinator,84324,61,53,73,64,83,46,15,No,5,60.1,No,0,1,0xe88991ca8964caf19502686af1c5c7e983d36cb7,0x53f8434c10d583013c7a5d801858498c3cb7d356,No,2026,True,47,zkproof_0047_hash,HR_SIGN_0047
0x0000000000000000000000000000000000000048,EMP1047,DSDPX ZGIZGT,Finance,Analyst,138834,96,57,56,68,77,76,19,Yes,2,60.8,No,0,1,0x22e46168a311bfd0c02e977977f1aeff5e3b40b9,0xfbdb5815c58477544c729c825b5cec63dc0ca0c6,No,2026,True,48,zkproof_0048_hash,HR_SIGN_0048
0x0000000000000000000000000000000000000049,EMP1048,CAAHI JYRTRG,HR,Intern,103418,89,56,58,66,92,62,17,Yes,0,60.2,No,0,1,0x97a9c0eaeaf4f4ccdba7f8c6738a0fbf2b7fdde8,0xb60efc26191581ae7c5e02877b34f3e1f49914f7,No,2026,True,49,zkproof_0049_hash,HR_SIGN_0049
0x0000000000000000000000000000000000000050,EMP1049,VPVOQ NQSWZZ,IT,Engineer,122539,70,30,54,95,86,99,8,No,3,68.8,No,0,2,0xdc29db875b60df40045d68932ce6ec3baaf74d35,0xa92efc1df2e4102ddfa554e44cce050af07d7802,No,2026,True,50,zkproof_0050_hash,HR_SIGN_0050
0x0000000000000000000000000000000000000051,EMP1050,LNMKG JUXZAE,Finance,Intern,136805,87,49,25,79,81,41,1,No,0,38.5,No,0,0,0x1a9edce7a1eb9a20440a6f2844359746ff558958,0x715213853c8fb489f4842383376122ec4ea60710,No,2026,False,51,zkproof_0051_hash,HR_SIGN_0051
0x0000000000000000000000000000000000000052,EMP1051,HDCVL JKBHVN,Operations,Intern,85972,76,37,51,51,52,77,23,No,5,54.4,No,0,4,0xcf1d03d2e33a59ad80bca86df7e84b851555e015,0xb23f22d7263d8c1820254dbd1d634092cbcaee72,No,2026,True,52,zkproof_0052_hash,HR_SIGN_0052
0x0000000000000000000000000000000000000053,EMP1052,MRWXW RDKCFE,Engineering,Coordinator,86581,64,35,1,82,98,42,19,Yes,0,32.6,No,0,2,0x83fb6e2556e4deff18e24a05530b6398d7b95ebd,0x17bd06e48446615a244db2f136d558fb134e5dcb,No,2026,False,53,zkproof_0053_hash,HR_SIGN_0053
0x0000000000000000000000000000000000000054,EMP1053,PNNSO FUEZWC,R&D,Lead,103792,96,51,34,92,53,47,8,Yes,4,38.7,No,0,4,0x9fbe3147cfa77a0f68401964a34ac36c1db8b9b0,0x719b135fd63b0472c46d10718cef210ea3d09622,No,2026,False,54,zkproof_0054_hash,HR_SIGN_0054
0x0000000000000000000000000000000000000055,EMP1054,TUXPU HZJNGD,HR,Coordinator,108985,65,52,42,56,60,95,6,Yes,5,57.8,No,0,1,0x08dd645ac102a777e5045ee22708dbc0eafc0333,0x845d6466ab8c50adb5f70b1d29fbe1eadb3b7ee7,No,2026,False,55,zkproof_0055_hash,HR_SIGN_0055
0x0000000000000000000000000000000000000056,EMP1055,NJZZL YIRMIF,Marketing,Engineer,60330,70,37,71,40,74,70,20,Yes,0,64.2,No,0,3,0x1b7c463836ecc4023880cb313425111721c9e886,0xf7248910c3f4163951f64e8c08e7c793e4f06f52,No,2026,True,56,zkproof_0056_hash,HR_SIGN_0056
0x0000000000000000000000000000000000000057,EMP1056,XVOWK CEROQR,Operations,Lead,38281,71,59,48,42,88,57,11,Yes,7,54.6,No,0,3,0x48edc5ac62bd91eb8e275fce5b527ee82f5b8608,0x78be33c7efa6528944e2ea7d1563ca1a048a9338,No,2026,True,57,zkproof_0057_hash,HR_SIGN_0057
0x0000000000000000000000000000000000000058,EMP1057,QSSDN QBMSCT,IT,Developer,141258,93,41,37,45,91,55,16,Yes,2,49.7,No,0,2,0xb72030b81a383108189d68fb636aaab2c7cd79e3,0x9b8c9abbfd6ede6ce0f0bd5966afff59c0db578f,No,2026,False,58,zkproof_0058_hash,HR_SIGN_0058
0x0000000000000000000000000000000000000059,EMP1058,QMAZG TYEUNK,Operations,Intern,127425,84,54,8,62,78,41,8,No,4,31.5,No,0,0,0x547c2765b2ae5dfdcb518d9c69a1fda187bb7455,0x6ad85654e220f5846cb2bbff2bb46246e75135ef,No,2026,False,59,zkproof_0059_hash,HR_SIGN_0059
0x0000000000000000000000000000000000000060,EMP1059,CYHVD SQEJOE,Operations,Manager,139402,73,51,18,61,54,95,11,Yes,0,46.5,No,0,2,0x55b94757ca227e0f4daf1bc6dce740007ef53cf9,0x202e8d751bec42a8f58aaa80ab42b216bc612ef7,No,2026,False,60,zkproof_0060_hash,HR_SIGN_0060
0x0000000000000000000000000000000000000061,EMP1060,SZFOT AUTHDG,Operations,Analyst,33153,70,53,64,42,87,40,13,No,5,55.5,No,0,3,0xfc7963c2803cc4e6375f915ace5935454324d77b,0xe5e9b178bfdcf159c1f76ffee74ad55c47f79e2d,No,2026,True,61,zkproof_0061_hash,HR_SIGN_0061
0x0000000000000000000000000000000000000062,EMP1061,JJTVS OPIDQW,IT,Engineer,94413,63,39,61,41,70,69,11,No,9,60.0,No,0,4,0xe675de0146c9c5e131d541cab74bbe54e87e21f7,0xecd33adee66fffb194fb70bff9d4820076937b65,No,2026,True,62,zkproof_0062_hash,HR_SIGN_0062
0x0000000000000000000000000000000000000063,EMP1062,ULMHN TEZZDP,HR,Coordinator,102289,67,55,58,65,59,68,1,No,9,56.3,No,0,3,0xc88c669ce35de28da870e56e33473603339aac3f,0x5e8be7a49e231dc884198eaad778407af1a2fbbc,No,2026,True,63,zkproof_0063_hash,HR_SIGN_0063
0x0000000000000000000000000000000000000064,EMP1063,MNAYN GLLOAN,Finance,Coordinator,89526,78,36,61,87,98,76,11,Yes,0,66.8,No,0,1,0x1df4b57128b390c5476465c37cb2e86f20b9cc74,0xe0b2792dfa82b8b7545f3c89966faf86f5499675,No,2026,True,64,zkproof_0064_hash,HR_SIGN_0064
0x0000000000000000000000000000000000000065,EMP1064,NOXZS ZFHCZV,HR,Developer,75416,74,44,35,90,52,49,7,Yes,1,39.2,No,0,2,0x67af3d89b3452bce5c3ec101a1c20737b076d694,0x6544bfb4860c918cdc869a172fe09b458eea2945,No,2026,False,65,zkproof_0065_hash,HR_SIGN_0065
0x0000000000000000000000000000000000000066,EMP1065,WMKPS GYBYGE,Marketing,Manager,32682,74,45,6,51,83,70,1,No,6,40.6,No,0,1,0xc932f29dcdb1ae68efc65248c579acb8bbb7b205,0xbe8f224b5ede05fcd461582cd6ade53c5a3a730d,No,2026,False,66,zkproof_0066_hash,HR_SIGN_0066
0x0000000000000000000000000000000000000067,EMP1066,UPOHK UDYWPI,Engineering,Developer,111163,67,55,91,96,62,50,3,No,7,64.5,No,0,0,0x5c1f54f2355211b3fb1b6ac9b307deff89834792,0xce1c63e50bd6158e5ac5c4450178fd8b53e325a2,No,2026,True,67,zkproof_0067_hash,HR_SIGN_0067
0x0000000000000000000000000000000000000068,EMP1067,BCXYZ ULYBBZ,Marketing,Intern,148934,78,52,87,88,59,78,23,Yes,9,70.9,Yes,12,4,0xd07795b46ebd2e60b2a8f9a1cc00084867ec579d,0x60922a59a1e30ae61a6c255d5e89d7dd683fe5ba,No,2026,True,68,zkproof_0068_hash,HR_SIGN_0068
0x0000000000000000000000000000000000000069,EMP1068,JAHOB PQZZVV,Finance,Intern,73895,78,45,49,84,86,90,22,No,6,64.4,No,0,1,0xae495e1e5f4f55793ed3ea628483987a7236507b,0xa78877ec3379bef25f017439b653ab79c0d38a9f,No,2026,True,69,zkproof_0069_hash,HR_SIGN_0069
0x0000000000000000000000000000000000000070,EMP1069,DRSFW VIOTCW,Engineering,Lead,146488,73,48,96,74,95,67,21,No,4,77.9,Yes,6,4,0xdeb2299dd1bf1d0b7f7bc040e1a50a465b12e0db,0xf9dbd77a301c874951ec4e512cc60d5b14f4eb40,Yes,2026,True,70,zkproof_0070_hash,HR_SIGN_0070
0x0000000000000000000000000000000000000071,EMP1070,IKGZM VSTYMQ,IT,Intern,133534,90,34,7,54,78,40,22,Yes,4,30.8,No,0,2,0xcfef07731e3939cb09437a11c199f1583fbb641b,0xb60950265e637451d15e20a5dae4e1cdbfbb1ba5,No,2026,False,71,zkproof_0071_hash,HR_SIGN_0071
0x0000000000000000000000000000000000000072,EMP1071,AIEER DLECIN,Marketing,Lead,47668,84,57,40,96,59,87,16,No,5,54.4,No,0,0,0xe45dc591500c83d8d755b4cbf10bdfb49ea6c3db,0xd13291c47ae6bb307be6551e213ae0d98fe54a24,No,2026,False,72,zkproof_0072_hash,HR_SIGN_0072
0x0000000000000000000000000000000000000073,EMP1072,VLHIZ EZEXCK,Finance,Manager,140476,94,59,22,80,65,79,0,No,2,45.7,No,0,4,0x2e6af3612f6664e3987d74ad3686ee620e284c0f,0xb9680a7241dc5f414c4381ffcd06cba1f95872fa,No,2026,False,73,zkproof_0073_hash,HR_SIGN_0073
0x0000000000000000000000000000000000000074,EMP1073,NHATM VJUDVR,Marketing,Manager,131379,76,58,11,86,82,47,1,No,5,35.4,No,0,1,0xf19cbbcfd7ed06efa63f49bc9eacf4e8a32915dc,0xffe9c248f9f43480b4030de61c874892773ec804,No,2026,False,74,zkproof_0074_hash,HR_SIGN_0074
0x0000000000000000000000000000000000000075,EMP1074,QDZSJ HFAZPR,IT,Analyst,102052,95,55,19,80,73,87,5,No,7,49.0,No,0,0,0x3a3cddfd7eaaa203de30065b6076f5ded0c33e33,0x43a1f85e3bd5bf9071224a4067e59dd92d2d00ac,No,2026,False,75,zkproof_0075_hash,HR_SIGN_0075
0x0000000000000000000000000000000000000076,EMP1075,CEOUA UKSYOY,R&D,Coordinator,113351,70,53,5,77,60,70,13,No,6,35.6,No,0,4,0xf106fbb0ef41e625525755cf8030d3152062b119,0x9dfed33ba76c37c9e49fc798c7aa0ba142bfd7fe,No,2026,False,76,zkproof_0076_hash,HR_SIGN_0076
0x0000000000000000000000000000000000000077,EMP1076,KFGPD QHQJVB,Engineering,Engineer,75121,83,34,72,55,67,70,3,No,7,63.9,No,0,3,0x3abc6549a74e9fc5ad3ce0f8a62901934f20aa08,0xcd420ad8ebfffc38f05cfab7a6c2b20f93c6d6bb,No,2026,True,77,zkproof_0077_hash,HR_SIGN_0077
0x0000000000000000000000000000000000000078,EMP1077,DNONI XFOHQQ,Marketing,Lead,87734,91,58,5,75,53,53,11,Yes,6,29.1,No,0,3,0xf8b0dfea11624fd84cec2b716a10cb942d95fcbc,0x75551a2c42ea890502c4b3dc066f50d25e5ca601,No,2026,False,78,zkproof_0078_hash,HR_SIGN_0078
0x0000000000000000000000000000000000000079,EMP1078,CXSHB WOHKIT,Finance,Intern,148337,90,38,18,79,96,40,21,Yes,3,38.7,No,0,0,0x6d559ec24be9a457051e75ec482857458570dd07,0xda26705f0eff2260bd6b15e697b3d922ea266b24,No,2026,False,79,zkproof_0079_hash,HR_SIGN_0079
0x0000000000000000000000000000000000000080,EMP1079,UWJRA GQWIXO,Engineering,Lead,77201,80,30,61,81,89,74,24,Yes,3,64.7,No,0,1,0x4b66415b396995a34dca2626405e4fb02ec6caf7,0x2c18f89a6ba22b5d1d9b22859d538e23fed517d6,No,2026,True,80,zkproof_0080_hash,HR_SIGN_0080
0x0000000000000000000000000000000000000081,EMP1080,XBFUZ FYKRNG,R&D,Coordinator,30927,93,53,67,61,61,92,19,No,1,66.7,No,0,3,0x4f4d62173febca5b74e654d1b497e1089fc6e1e1,0x3dd1c855d1ee80139a5ab827d943fe8e4ecdf811,No,2026,True,81,zkproof_0081_hash,HR_SIGN_0081
0x0000000000000000000000000000000000000082,EMP1081,RQZMQ BUVPWH,HR,Developer,68309,81,34,96,61,85,97,1,Yes,1,84.6,Yes,9,0,0x160e5032884de1a1fba5884b5f5b32258d16f8bf,0xaa8d221bea19c1588b87e9cf205cf61ed57bf0c8,Yes,2026,True,82,zkproof_0082_hash,HR_SIGN_0082
0x0000000000000000000000000000000000000083,EMP1082,IGQSW NDMWYB,IT,Analyst,79527,65,46,3,76,50,90,5,No,9,39.1,No,0,1,0xfd5fc27737e78364edcd95a985fb99aad5bc7e68,0x158bcaa0540a9849cf3904d6a53dbfa8f7568437,No,2026,False,83,zkproof_0083_hash,HR_SIGN_0083
0x0000000000000000000000000000000000000084,EMP1083,MTUQH MEWVDT,Finance,Intern,114630,78,45,59,94,92,98,23,Yes,6,72.0,Yes,12,4,0x86f71a5398566233b87105fb302710bf4475ab0b,0x3b63e3e77df1149f013966c7353194d4b936601f,No,2026,True,84,zkproof_0084_hash,HR_SIGN_0084
0x0000000000000000000000000000000000000085,EMP1084,JRZDH VKFKKL,HR,Analyst,91924,98,35,12,42,86,71,23,Yes,6,43.9,No,0,0,0xbe23f5777b582d66eb9b71d64af79a44497b588a,0xe1c955f8b373098f6b5b4e9c92a2de6592629ec0,No,2026,False,85,zkproof_0085_hash,HR_SIGN_0085
0x0000000000000000000000000000000000000086,EMP1085,GRBZO BSZGKE,Marketing,Developer,99425,79,45,46,66,73,90,5,Yes,0,60.0,No,0,4,0x41ce14c51e7a48968eed0beac34708c590ec581e,0x726236a3a37fda7b37191ca6f603f2b75e63bd9f,No,2026,False,86,zkproof_0086_hash,HR_SIGN_0086
0x0000000000000000000000000000000000000087,EMP1086,WMPSF VSQRLE,HR,Manager,77168,91,47,64,80,63,63,24,Yes,0,57.1,No,0,4,0x4ac67bba48603701c8410c395b4afffd325ed4d5,0x4d15bd09af800d47c6d5d070cbc8c1e9878d0122,No,2026,True,87,zkproof_0087_hash,HR_SIGN_0087
0x0000000000000000000000000000000000000088,EMP1087,QHXDZ JOFGRK,Engineering,Engineer,135153,93,38,19,64,87,64,0,No,8,45.0,No,0,1,0x9f5c2a560b368dccda7ba854e3e25e49809005cc,0x0abd106e19e418c3909cd8124f53f9b61d866e86,No,2026,False,88,zkproof_0088_hash,HR_SIGN_0088
0x0000000000000000000000000000000000000089,EMP1088,UNEAL GRPURE,Marketing,Intern,112244,88,38,6,96,88,78,3,No,5,43.9,No,0,3,0x24996b9c9856095c1980ac83e3b69422388e67f3,0xe5c4fd5a2312af8a55f8906d21a09613b3b1067f,No,2026,False,89,zkproof_0089_hash,HR_SIGN_0089
0x0000000000000000000000000000000000000090,EMP1089,ALJUW FQDLPM,Marketing,Intern,95177,96,41,56,89,92,54,14,No,3,57.3,No,0,0,0xb871cc14ee0b31fbb4a9926a08307d9b72022108,0xa1a69e5832a31fc4dd8b7344d31cf55744c73e93,No,2026,True,90,zkproof_0090_hash,HR_SIGN_0090
0x0000000000000000000000000000000000000091,EMP1090,CTCVA JBUKQC,Engineering,Coordinator,97106,61,57,43,95,63,83,12,Yes,3,55.0,No,0,0,0xd5e3c139bad722c381a20a600f14835276f90406,0x90b122bc008356bc1f96ffb31c1b6bdf4efa4130,No,2026,False,91,zkproof_0091_hash,HR_SIGN_0091
0x0000000000000000000000000000000000000092,EMP1091,BEQKN MGVXFQ,Operations,Manager,112116,92,38,62,56,76,93,10,No,4,68.3,No,0,2,0xec61437228a6bdbbf40644f3511caf994fba0fc1,0x3e208645fd316fa0655031e40f3c7fb93580b630,No,2026,True,92,zkproof_0092_hash,HR_SIGN_0092
0x0000000000000000000000000000000000000093,EMP1092,JXMDH NJOJAA,R&D,Manager,137476,89,30,63,61,77,82,21,No,0,65.2,No,0,0,0xf6c644c44377a2015c5c7642da0d649b0baf5722,0x4e71e09475a9013a9ba8ec490ed02ddcb082d1c6,No,2026,True,93,zkproof_0093_hash,HR_SIGN_0093
0x0000000000000000000000000000000000000094,EMP1093,UNJML BJBBHI,Finance,Intern,33548,66,49,16,78,98,54,16,No,6,42.8,No,0,2,0xff4c58609c66f2c423d9fc31d47938d1073053b9,0x0c4f3cfb5fc82fb4c76ab1a62bc14281f09d7f64,No,2026,False,94,zkproof_0094_hash,HR_SIGN_0094
0x0000000000000000000000000000000000000095,EMP1094,YKNAN CGYMRB,HR,Lead,86962,79,57,72,76,97,47,20,Yes,7,63.0,No,0,4,0x1dd09ba8b3dad90ded5aaf6c3efc184838f4e220,0x1fee88bb5fdf4d9774fc736ab41fd4699d9ac19f,No,2026,True,95,zkproof_0095_hash,HR_SIGN_0095
0x0000000000000000000000000000000000000096,EMP1095,OPHBY OASAPB,Marketing,Engineer,33789,93,41,40,90,66,41,0,No,3,41.8,No,0,4,0xd1873b9b1fc0e7ac9d45c61fce8cfdbd62bf09bc,0x88afc6713c79c0f8412806be93d44e5b426e4553,No,2026,False,96,zkproof_0096_hash,HR_SIGN_0096
0x0000000000000000000000000000000000000097,EMP1096,GVQKE OGVSQH,Finance,Lead,135512,93,51,66,79,70,51,1,No,7,56.4,No,0,0,0x834021822dd5d49cacbaa2645044b58b685824e9,0xc66580d6073534de81b2222c7ffb3fdbb6bc7789,No,2026,True,97,zkproof_0097_hash,HR_SIGN_0097
0x0000000000000000000000000000000000000098,EMP1097,ZLWMX IMNDBA,IT,Intern,80656,82,35,84,54,55,79,23,Yes,6,68.9,No,0,4,0x5232e2f5ba82cade30c489093efc972bd61190b5,0xc82de9cd1ac7ba13869f9881d62fc3f4f8a3b819,No,2026,True,98,zkproof_0098_hash,HR_SIGN_0098
0x0000000000000000000000000000000000000099,EMP1098,YXRZH XSHGFY,Engineering,Manager,140042,78,52,82,81,70,64,18,Yes,2,66.2,No,0,4,0x8a431e7fbfb3becac9dd45c929c39bd810b132e5,0x26f48e946f959efd4f44ea77bcb25631983cd819,No,2026,True,99,zkproof_0099_hash,HR_SIGN_0099
0x0000000000000000000000000000000000000100,EMP1099,TBJUC GPMAES,IT,Engineer,96146,88,45,20,49,65,53,8,Yes,0,36.9,No,0,0,0xa6517ef1673c3ee7b6a1b858d1b0a281c2e4a15b,0x9e7a288a943943b52ff97613a391822d778fe9b0,No,2026,False,100,zkproof_0100_hash,HR_SIGN_0100
0x0000000000000000000000000000000000000101,EMP1100,XQVNP LBFOOT,Engineering,Developer,102740,99,49,60,98,93,88,15,Yes,3,69.3,No,0,2,0x60ec16b80a76a98e751d4a1bd89565d548987653,0x78a82044c96a23e1ae5a4af7cc955992dd7bb999,No,2026,True,101,zkproof_0101_hash,HR_SIGN_0101
0x0000000000000000000000000000000000000102,EMP1101,JKDIM BWLLBM,HR,Coordinator,120249,67,59,59,53,98,61,11,No,5,62.0,No,0,0,0x47ba90fb610a379bd8b92407d82c499ae1b701e7,0x58b781320aecece0f902e2387d4f3002a1c23e2e,No,2026,True,102,zkproof_0102_hash,HR_SIGN_0102
0x0000000000000000000000000000000000000103,EMP1102,CVVPV YXPIWH,Finance,Developer,147573,90,48,9,91,99,66,19,Yes,7,43.9,No,0,0,0x7d4d1f69054b528c6ee5261455377b09ec06bd97,0x2a39ae69fb4d9e3f261989fc7193cde9d2bcaa00,No,2026,False,103,zkproof_0103_hash,HR_SIGN_0103
0x0000000000000000000000000000000000000104,EMP1103,TUHSF LYJIRG,HR,Intern,125694,62,49,3,81,96,69,0,Yes,1,41.2,No,0,2,0xc0381198a5225827f127d6e898a397509cee7973,0x1d3c2d5c2720bf256dde84da02c7bc8cac690e2f,No,2026,False,104,zkproof_0104_hash,HR_SIGN_0104
0x0000000000000000000000000000000000000105,EMP1104,VHLWF UMCURI,HR,Coordinator,34917,91,58,90,89,96,94,10,No,9,84.3,Yes,14,0,0xe4e7b7e35381a329e73830b74d4d7e2627cf5721,0xb0993ce0e926aabeef3d5385fd5ff985e0253177,Yes,2026,True,105,zkproof_0105_hash,HR_SIGN_0105
0x0000000000000000000000000000000000000106,EMP1105,NWJZN KOXQGO,Marketing,Analyst,74802,76,37,49,47,90,90,22,Yes,1,64.7,No,0,3,0x760121a7c4324ab76a11c1605a00d053b9e10598,0x5d9c1eab1ed909771983b27ac11fc886ebbdb37b,No,2026,True,106,zkproof_0106_hash,HR_SIGN_0106
0x0000000000000000000000000000000000000107,EMP1106,VFPER ASNEIC,Marketing,Manager,138673,95,38,25,55,92,61,8,Yes,2,46.9,No,0,4,0x85e094a3d1d71f396c30f82b7f214746b38a2ac9,0x0a95f6f39533328cf6f92d5f5824bb7f6254f137,No,2026,False,107,zkproof_0107_hash,HR_SIGN_0107
0x0000000000000000000000000000000000000108,EMP1107,JOSWZ AKUZHX,Operations,Analyst,77798,84,50,27,93,91,62,6,Yes,1,47.7,No,0,3,0x6a7c604b56462b436acfae9b2a1267b059afe478,0xe2ac878766b79d28521261b1d6def79972d02dbd,No,2026,False,108,zkproof_0108_hash,HR_SIGN_0108
0x0000000000000000000000000000000000000109,EMP1108,EITKQ AASCNH,Finance,Analyst,132909,79,32,99,85,91,63,7,Yes,2,76.9,Yes,7,2,0x6b4657c57f8082127c848ceb4232e79c545db06b,0x96f244a03ba962877791e88f4ef5f795dcf233d4,Yes,2026,True,109,zkproof_0109_hash,HR_SIGN_0109
0x0000000000000000000000000000000000000110,EMP1109,VLXYM QFMOEQ,Marketing,Manager,56767,75,45,4,81,53,50,14,Yes,2,27.4,No,0,3,0xdff08aad5d3feea4c8416001ce26b241c3fb8cfa,0xe4ad248916d96f955e416726f0bc2fa6ec2d9708,No,2026,False,110,zkproof_0110_hash,HR_SIGN_0110
0x0000000000000000000000000000000000000111,EMP1110,ATRHP HSMRTH,Finance,Intern,120963,76,34,75,67,62,62,18,No,8,61.8,No,0,2,0xd0fa73a1059c5a815994dd8518b2ed4294847a29,0x5058753d4f927dee7c14dbb823e69dcbc90a00e6,No,2026,True,111,zkproof_0111_hash,HR_SIGN_0111
0x0000000000000000000000000000000000000112,EMP1111,EHXYB GTYBSY,Engineering,Analyst,87714,74,52,57,46,89,95,20,No,0,69.1,No,0,2,0xc0bb6710830a69bb024e014ffac18c8df92fd7f3,0x584f0aaee563ef49ab095f7aba7a9769a167ffea,No,2026,True,112,zkproof_0112_hash,HR_SIGN_0112
0x0000000000000000000000000000000000000113,EMP1112,BTTWG ACXTHN,Marketing,Lead,143971,94,56,6,76,95,51,5,No,6,37.3,No,0,3,0x747de6834f81edbb7c71cc4bed32ebc6dd22a075,0xbb7ed05f7016458ae4ecd8b33079fd28db4dc790,No,2026,False,113,zkproof_0113_hash,HR_SIGN_0113
0x0000000000000000000000000000000000000114,EMP1113,HOWDX ZDGFNM,Finance,Engineer,90016,98,44,73,75,71,61,3,No,7,62.4,No,0,4,0x3ef41a3f9fe67be882fade1449657491a0081b6f,0x2031762a38e8e27348a239a752148dde627a5cc0,No,2026,True,114,zkproof_0114_hash,HR_SIGN_0114
0x0000000000000000000000000000000000000115,EMP1114,ZUHKX IEHLHN,HR,Coordinator,49949,76,50,95,56,80,46,13,Yes,6,68.4,No,0,2,0x46124059767757aee09d56010ce1fa05790d5709,0x57188a7aff2242af49362dca0c32f4f9b06b30e9,No,2026,True,115,zkproof_0115_hash,HR_SIGN_0115
0x0000000000000000000000000000000000000116,EMP1115,XKTPG ALUPNA,Operations,Developer,93733,87,52,30,56,72,41,9,Yes,4,39.1,No,0,0,0x52cd6d3240a9ada77f5900e8383189c0fbf96288,0xdf8cfca7d9bbc5956a0fdc86145ea1c04bc7f603,No,2026,False,116,zkproof_0116_hash,HR_SIGN_0116
0x0000000000000000000000000000000000000117,EMP1116,UPTNZ BCWPWZ,Engineering,Manager,145022,82,33,61,58,51,69,12,No,7,56.0,No,0,2,0xdf5573f5d412768bc6f87d4bef96154a911340a7,0xb6d8a5244d0b696d48f328c194f3223c7f5e39ba,No,2026,True,117,zkproof_0117_hash,HR_SIGN_0117
0x0000000000000000000000000000000000000118,EMP1117,NKNAX RSYBPF,R&D,Lead,135981,95,41,17,98,50,78,24,No,1,40.3,No,0,1,0x7536fe8c71861831fbadf17ea827348aab5cd2ce,0x11d9be0c25bedb2070dff604ae8bb5116b788986,No,2026,False,118,zkproof_0118_hash,HR_SIGN_0118
0x0000000000000000000000000000000000000119,EMP1118,HPGMJ JVUSSU,Finance,Intern,76041,87,36,92,62,52,60,2,No,6,65.8,No,0,0,0x596c55effe40ac0209855ea11cb2b82fcad1e595,0x632f3640ffd94f18f06a79492bd4cacb5e424657,No,2026,True,119,zkproof_0119_hash,HR_SIGN_0119
0x0000000000000000000000000000000000000120,EMP1119,RDOSD GMLBCG,R&D,Lead,115236,66,33,24,65,86,42,21,Yes,2,39.6,No,0,2,0xa9100d902c512d9462abd16cb649ee803c6c24f6,0x8fe154b4542ef67198a913e211ad57de4339b6ab,No,2026,False,120,zkproof_0120_hash,HR_SIGN_0120
0x0000000000000000000000000000000000000121,EMP1120,JXIVO XJKHJP,R&D,Intern,65599,65,51,91,58,80,70,7,No,7,74.1,Yes,12,1,0xd36036193bc7b88d2930c44135768cdca2c6c5e0,0xce1d29320265d82491312c2cd7ec8b592b2c47ee,No,2026,True,121,zkproof_0121_hash,HR_SIGN_0121
0x0000000000000000000000000000000000000122,EMP1121,MDHKL LIYFGX,Finance,Engineer,49642,73,38,28,96,97,94,4,No,1,58.9,No,0,2,0x62b6bd0fc352ce9c12af14e8419c5285783fe1c4,0x06dc35703b658aeddf0956d47096fe09908e68bb,No,2026,False,122,zkproof_0122_hash,HR_SIGN_0122
0x0000000000000000000000000000000000000123,EMP1122,UCBFQ JSQPOF,R&D,Analyst,138450,96,35,15,94,72,73,7,No,0,42.3,No,0,0,0x4f395be703dc263d9122216fccc333811a17717e,0x7805206e59bd356f1f83757d18b6b2c11f74d653,No,2026,False,123,zkproof_0123_hash,HR_SIGN_0123
0x0000000000000000000000000000000000000124,EMP1123,BXBLF SZEKMG,HR,Developer,44442,79,54,4,90,75,45,20,No,3,30.4,No,0,1,0x5f86f30f3e841a59a3b428d0f7ce8861513e5d6d,0x460afe0ec6b14cc1cba65bdb386693b6da4c43b4,No,2026,False,124,zkproof_0124_hash,HR_SIGN_0124
0x0000000000000000000000000000000000000125,EMP1124,QRCBL RKGTSF,Operations,Intern,143428,68,46,65,96,83,95,5,Yes,5,71.6,Yes,11,3,0xbbb91fb60f9ba0d6cbc21c046c73fcdd39bb6db0,0x27fb75f9a58bacbbc559dadb38fe326de3cc8c8e,No,2026,True,125,zkproof_0125_hash,HR_SIGN_0125
0x0000000000000000000000000000000000000126,EMP1125,RNAZT UCTAEJ,Operations,Coordinator,136121,68,47,20,45,56,97,10,Yes,8,49.1,No,0,1,0x6ca99b797159820d3f0c98636e391df0bc9ca443,0x5b985a62938c373c0a7a60f27f39cef46cb66a8a,No,2026,False,126,zkproof_0126_hash,HR_SIGN_0126
0x0000000000000000000000000000000000000127,EMP1126,TQEXV UWCGRA,R&D,Intern,47445,68,41,77,45,70,91,9,Yes,5,72.6,Yes,9,0,0xd2114e8227f3236825b5596bcf401f2ca59e3800,0xd0e17322c42d98fa8e097dbdc0b17c87cebdaa41,No,2026,True,127,zkproof_0127_hash,HR_SIGN_0127
0x0000000000000000000000000000000000000128,EMP1127,THILL TJSMFH,Operations,Developer,110435,84,52,65,72,58,55,0,Yes,7,54.8,No,0,3,0xa8a01acb03ec728d415f134625e82d6944a10288,0x340e0789da0fe80aebb281bca8d0213bf502d492,No,2026,True,128,zkproof_0128_hash,HR_SIGN_0128
0x0000000000000000000000000000000000000129,EMP1128,RTFNQ HNMZUJ,R&D,Intern,36912,88,58,57,54,57,65,19,No,6,54.3,No,0,4,0x0c969ece22ce1465900978c3b8a7785ef16751a0,0xd7a45811b8acbb3f0e84fecc16a3272e158521ae,No,2026,True,129,zkproof_0129_hash,HR_SIGN_0129
0x0000000000000000000000000000000000000130,EMP1129,JJIZZ RZQOBG,Finance,Analyst,50633,97,49,6,57,89,81,19,No,7,45.2,No,0,2,0xece457ebf2225037af7e18d20d0b28cba32babfd,0x3aeec522297ff94868dcfd3d5b22d2d220dae9c6,No,2026,False,130,zkproof_0130_hash,HR_SIGN_0130
0x0000000000000000000000000000000000000131,EMP1130,MYEMX GLTBPF,Operations,Coordinator,138609,79,47,4,66,89,73,15,Yes,0,41.3,No,0,2,0xa17b8acd3615b7e4f805d9576d72609c138a3487,0x214149e3163f8171975a4f9aff0b025ced098c71,No,2026,False,131,zkproof_0131_hash,HR_SIGN_0131
0x0000000000000000000000000000000000000132,EMP1131,JNLKI JFZZIF,IT,Engineer,108599,98,59,73,71,55,58,10,No,3,57.9,No,0,0,0x3711d01c8e66a19f26037652ccacb67d34bbd6fc,0x60a9a3da39a074ebe245f19c39f990d5dd53e460,No,2026,True,132,zkproof_0132_hash,HR_SIGN_0132
0x0000000000000000000000000000000000000133,EMP1132,WHJSH ZXUYNB,IT,Manager,106836,62,59,56,43,92,50,10,Yes,9,56.7,No,0,0,0x333d4a41b11eec9754064e86ca039ef3ee8fe22c,0x895a38435ae3e268faba23cf1b9abeb9bd6d0240,No,2026,True,133,zkproof_0133_hash,HR_SIGN_0133
0x0000000000000000000000000000000000000134,EMP1133,BEAAA NBYFUV,HR,Analyst,127855,69,44,42,64,70,45,1,No,6,44.9,No,0,0,0x03dd6df87362000c4dae3a9d30ed0522fc420c99,0xb4095d0077069fe1532afa47231659760b5c4c4e,No,2026,False,134,zkproof_0134_hash,HR_SIGN_0134
0x0000000000000000000000000000000000000135,EMP1134,FMOMI PCPCDO,Finance,Intern,57065,92,41,0,96,61,66,4,No,9,32.9,No,0,1,0xadfe8cbe5631d2518f86326de4266af2f8665ff3,0x6e3c62e286fcae0960850e139d3002efb6628ec2,No,2026,False,135,zkproof_0135_hash,HR_SIGN_0135
0x0000000000000000000000000000000000000136,EMP1135,PGLQA YJGFTN,Finance,Engineer,82398,97,32,79,77,60,75,3,No,5,66.6,No,0,2,0x53e3f85e4b14b7f85b77f07ca1e89171a130a5c3,0x25678a874401a063ca5aa633dd68c2ed486fdb02,No,2026,True,136,zkproof_0136_hash,HR_SIGN_0136
0x0000000000000000000000000000000000000137,EMP1136,YODZG SMURWM,Engineering,Coordinator,132588,73,44,37,87,95,64,22,No,3,53.3,No,0,2,0x66c6fde988fa039f15f1114e1ecf37fbe9fac3ab,0x922133fe2ec3b8c386a79a6eb8538c6e50d4b96c,No,2026,False,137,zkproof_0137_hash,HR_SIGN_0137
0x0000000000000000000000000000000000000138,EMP1137,AZSVC NFQPMU,Marketing,Coordinator,76118,72,52,5,79,84,52,13,No,5,34.9,No,0,4,0xa96d7ea7e4c18f086ea575aab1064c0c1123c933,0x59372c8fba716f6acdc22c4c1eeb10d563e5d330,No,2026,False,138,zkproof_0138_hash,HR_SIGN_0138
0x0000000000000000000000000000000000000139,EMP1138,OUBAT IGEZAJ,Operations,Manager,83208,66,47,15,61,87,81,16,No,4,48.1,No,0,4,0x256e0e41e0d91cac90fc2e203fc970dba8bc6fcd,0x00d9b0b5d00b0ca96f1eca735ab2e38aa35e203e,No,2026,False,139,zkproof_0139_hash,HR_SIGN_0139
0x0000000000000000000000000000000000000140,EMP1139,WRRVV LNJEKQ,HR,Analyst,79717,62,32,49,95,60,94,7,No,4,60.2,No,0,3,0x501bfe6440fa4a7b9aed9d698189f6637cd67a00,0x2864a6e49fe8998e991d07a20298fa0f26f09c68,No,2026,True,140,zkproof_0140_hash,HR_SIGN_0140
0x0000000000000000000000000000000000000141,EMP1140,ILESI ZDWAFR,Finance,Lead,149996,86,38,1,89,59,84,6,No,8,38.2,No,0,0,0xc000904168406c2669d6080a2be4afc1d8f39a77,0x00402e9ee9fa6255e6b90b32f594029066bb1451,No,2026,False,141,zkproof_0141_hash,HR_SIGN_0141
0x0000000000000000000000000000000000000142,EMP1141,HSOEM GBRNOS,Finance,Manager,54602,61,44,5,90,71,51,6,Yes,5,32.0,No,0,1,0x81142cf1aff2004d5a91cf89443824b4ea03dbd2,0x891009cd6da1baa1242740ff3ea8740c48957797,No,2026,False,142,zkproof_0142_hash,HR_SIGN_0142
0x0000000000000000000000000000000000000143,EMP1142,BKGDT SKPXTC,Finance,Lead,115103,95,42,33,44,60,81,5,Yes,6,50.1,No,0,3,0x9df920946e55d70fc2e81884676385f62c7a6251,0xecc6428dc6fdfecc064c138d1db64bcac601070a,No,2026,False,143,zkproof_0143_hash,HR_SIGN_0143
0x0000000000000000000000000000000000000144,EMP1143,RNYAR YPBQRW,R&D,Manager,142148,74,56,81,45,70,82,1,No,7,71.7,Yes,6,1,0x02f4fd8fc44d79c89490104b906295dd979b87c3,0xd09f4100e05f2cae6a2f05a06081d1f9aa876aad,No,2026,True,144,zkproof_0144_hash,HR_SIGN_0144
0x0000000000000000000000000000000000000145,EMP1144,LCDKZ MMESSD,IT,Developer,110198,68,50,33,84,91,99,17,Yes,1,61.2,No,0,0,0x17aac4faaa8083d75b15688b636d085367a5b2d8,0x879da5b27b90594ee79b653206bea6bd0dfb38bf,No,2026,False,145,zkproof_0145_hash,HR_SIGN_0145
0x0000000000000000000000000000000000000146,EMP1145,IKIAH XYHFKQ,R&D,Analyst,70538,82,40,33,67,82,99,20,Yes,7,60.0,No,0,3,0xfb507e1e1382b6acf6d202c26229d35ebf5e2b3f,0x1e1c2d9268d0a8af05b80fd11b3aa9805814f97c,No,2026,False,146,zkproof_0146_hash,HR_SIGN_0146
0x0000000000000000000000000000000000000147,EMP1146,RTPON SEFOVN,Engineering,Lead,111545,78,38,96,83,77,84,13,No,8,79.8,Yes,4,0,0x87d330fac1de298f2f9f560929c0c3e1060b154e,0x5cfd28461956a9e8bebb545df0fef5e4e779a846,Yes,2026,True,147,zkproof_0147_hash,HR_SIGN_0147
0x0000000000000000000000000000000000000148,EMP1147,BNJUS NIQKID,Finance,Coordinator,57785,69,33,24,44,73,42,10,Yes,6,37.4,No,0,1,0xcb1966f18a7c99184d9e3afa6c7d271047abedf2,0x0fa31cbbd0efd98bc84f58ec5d1e31cd0f4b6a19,No,2026,False,148,zkproof_0148_hash,HR_SIGN_0148
0x0000000000000000000000000000000000000149,EMP1148,PUAOH UGTSJA,HR,Intern,75161,82,55,1,75,91,54,8,No,4,35.2,No,0,4,0x0f57269119dd794c06020a46d69b514d306d8cb0,0xa20b4bd810ffccedbfd4ced45aac85ff10f1168c,No,2026,False,149,zkproof_0149_hash,HR_SIGN_0149
0x0000000000000000000000000000000000000150,EMP1149,SFRZL EXEXBQ,Marketing,Intern,149772,82,55,71,43,68,54,7,Yes,7,58.9,No,0,3,0x94ff394bdf59538afa954f41c0e47a094c6d48d0,0x979c0f548832a679ea18c68280b638120e63f967,No,2026,True,150,zkproof_0150_hash,HR_SIGN_0150
0x0000000000000000000000000000000000000151,EMP1150,UPZDO SEOTEO,Finance,Engineer,125943,97,59,14,66,92,83,22,Yes,1,49.0,No,0,2,0x643c958293df1e3d9b2413e5dc84dc88d57c6e86,0x0f32f4dc87e25c4d8398269604e3b4a5680d3ef8,No,2026,False,151,zkproof_0151_hash,HR_SIGN_0151
0x0000000000000000000000000000000000000152,EMP1151,LGWDE PDKVCC,IT,Lead,119030,96,36,4,66,68,50,14,No,2,30.4,No,0,1,0x0259ddc94b6144e92dbbe62984d4786224704cf8,0x8375eb1a5afd5fa4f294ab8f90716a1a67fd9184,No,2026,False,152,zkproof_0152_hash,HR_SIGN_0152
0x0000000000000000000000000000000000000153,EMP1152,BKGFN XAMZQM,R&D,Coordinator,132067,84,49,68,89,71,71,18,Yes,0,62.7,No,0,0,0x3db9b130671a9a6ab4b6ae27c3dd6c4ebdfa1c8f,0xc7130b3e12ca8e7e0bfaa0c1d2e02e121f6db95e,No,2026,True,153,zkproof_0153_hash,HR_SIGN_0153
0x0000000000000000000000000000000000000154,EMP1153,PPPMV MMESAN,Finance,Analyst,81755,64,53,97,93,94,60,16,Yes,7,76.3,Yes,13,1,0x4b264495a88db1bb04ac51efc57c57e700668b23,0x813ff89a14b52ec564c8790ee31d46e409c9ca49,Yes,2026,True,154,zkproof_0154_hash,HR_SIGN_0154
0x0000000000000000000000000000000000000155,EMP1154,LEXBQ GLUTKU,Marketing,Analyst,76736,74,45,84,41,61,91,0,No,3,73.4,Yes,9,1,0x75590e16812ca416a312ceaaeadcbfc5883b4605,0x888e33d6d4010e29ec1a8194e08ae14f361628f8,No,2026,True,155,zkproof_0155_hash,HR_SIGN_0155
0x0000000000000000000000000000000000000156,EMP1155,CEIVA XBWSAV,R&D,Developer,59675,92,55,36,86,94,41,12,No,0,45.5,No,0,0,0x18f6d3d59657832c9529fd4c58db4abca67d1e42,0x53640eec02ab0960afc6128f7fa3aefe0ea86810,No,2026,False,156,zkproof_0156_hash,HR_SIGN_0156
0x0000000000000000000000000000000000000157,EMP1156,CECPN JLOOEJ,Finance,Analyst,31727,69,40,81,54,87,58,22,Yes,2,67.4,No,0,1,0x1ce90bc9cee586fb2d497c9b9ca46a926340486f,0x0cba7cc38eefa75e3bc93a970edb9043b006c553,No,2026,True,157,zkproof_0157_hash,HR_SIGN_0157
0x0000000000000000000000000000000000000158,EMP1157,VMJTJ WKAVJT,HR,Lead,53659,67,52,68,68,57,93,7,Yes,6,67.1,No,0,0,0x499d6c5a872864e1e659796107a346f94b4c4e96,0x4e5810e5328c2a995bc5802e4bbbefb35dfde1d8,No,2026,True,158,zkproof_0158_hash,HR_SIGN_0158
0x0000000000000000000000000000000000000159,EMP1158,AWHLA RPXLTV,HR,Manager,51763,69,52,85,71,66,86,10,Yes,5,73.5,Yes,3,2,0x0ccd5b018163eb3eccc0b3b303fe39e8bf22c2f1,0xc38228bcdbc132be29e5b1936c36a08866a2d3a4,No,2026,True,159,zkproof_0159_hash,HR_SIGN_0159
0x0000000000000000000000000000000000000160,EMP1159,TMYSX YLCBJG,Engineering,Engineer,134580,71,44,13,78,92,42,19,No,5,36.7,No,0,4,0xfd20078ba49f4ac4b4cbf21e7c003ee980d353d1,0x6fb7faa9d8987e5b322b6f8d6d456215b13697a0,No,2026,False,160,zkproof_0160_hash,HR_SIGN_0160
0x0000000000000000000000000000000000000161,EMP1160,NCUGP NNGWJZ,Engineering,Lead,141498,61,50,21,89,81,93,4,Yes,2,52.7,No,0,1,0x1914ebfd6965721675be527f425a6da228e8ad76,0x0874b13e5553a194772499cec3c412ee58eb68cc,No,2026,False,161,zkproof_0161_hash,HR_SIGN_0161
0x0000000000000000000000000000000000000162,EMP1161,IXDKT AMFWSP,IT,Intern,59161,73,38,78,67,86,78,12,No,3,72.1,Yes,3,1,0x55fce149b92a77c26bbd15b050be9d4c0a74f1e7,0xa2bd8ed9d4d6f1d25fc1fe342231321fdb15d358,No,2026,True,162,zkproof_0162_hash,HR_SIGN_0162
0x0000000000000000000000000000000000000163,EMP1162,GWCBK CPFEQF,IT,Engineer,83898,96,30,35,43,60,60,22,Yes,9,44.9,No,0,3,0x8d25c2cf034b95d9aaafa26f856230ec4ca145e2,0xe3868db0e597c2909136fc3c10c53034c716257b,No,2026,False,163,zkproof_0163_hash,HR_SIGN_0163
0x0000000000000000000000000000000000000164,EMP1163,AGSQC CHFDFB,Marketing,Lead,141032,87,52,94,95,96,77,12,Yes,6,80.5,Yes,14,0,0x8b0386c44591280d108d5256ea91a29857c477bf,0xf29a3844c56559fd2706ac4a28933b4510aa7895,Yes,2026,True,164,zkproof_0164_hash,HR_SIGN_0164
0x0000000000000000000000000000000000000165,EMP1164,YKIAS HNUPDQ,HR,Coordinator,110250,95,34,39,96,51,45,22,Yes,3,39.6,No,0,4,0xb31d8a8361883874230fcb408f62273ab2510bd0,0x40ada241add12c59d240889efe66003e0d98cedd,No,2026,False,165,zkproof_0165_hash,HR_SIGN_0165
0x0000000000000000000000000000000000000166,EMP1165,VWTKL ZREPLS,Operations,Lead,120083,71,50,34,67,74,72,1,No,9,50.9,No,0,2,0xa24ff4700759a14f5d046d78954dc2c0368ae4a2,0x86590c36e1c11b4312dcbaacaefe9c20724663c1,No,2026,False,166,zkproof_0166_hash,HR_SIGN_0166
0x0000000000000000000000000000000000000167,EMP1166,UCWIQ HEPYTZ,HR,Analyst,105433,69,30,32,64,65,69,7,Yes,1,46.6,No,0,2,0x80e186e364dbd911b963fd5589cdd2f74aad7e9a,0xd1cb021ba84a759164adfe2e97528bbc24b98c9d,No,2026,False,167,zkproof_0167_hash,HR_SIGN_0167
0x0000000000000000000000000000000000000168,EMP1167,FBCOO CHGMUA,Operations,Developer,56759,63,57,96,50,83,92,5,No,2,82.8,Yes,5,3,0xefeac7cdb4591715d60e1687f990401e2fc37606,0x819c2e24e4ac31e14cea5aec1d8b47b4b14ac641,Yes,2026,True,168,zkproof_0168_hash,HR_SIGN_0168
0x0000000000000000000000000000000000000169,EMP1168,HFGDO XGFMNZ,Marketing,Lead,66443,86,36,27,63,52,94,18,Yes,4,49.8,No,0,2,0x2e09f208b1e7eaa6ce1ab6ec1fe6669e6898518d,0x78c99ff2f01bda33203912c6f4840f794f15e58d,No,2026,False,169,zkproof_0169_hash,HR_SIGN_0169
0x0000000000000000000000000000000000000170,EMP1169,FVTPF QAVMZL,R&D,Manager,70160,96,30,84,45,88,68,22,Yes,6,72.2,Yes,15,1,0xf6c8c253adc56d444d3a6fd945e869e805e343fe,0x78c6c96af93af0680ede3e0c569d196f95068192,No,2026,True,170,zkproof_0170_hash,HR_SIGN_0170
0x0000000000000000000000000000000000000171,EMP1170,RFIAQ GDZYAP,R&D,Coordinator,57937,60,47,35,68,86,95,21,Yes,9,60.6,No,0,0,0x50b0f6e7ae0f17ec8dc22708e7396566ca6442fa,0x887a0b9799bc4e2367fe4b2d0dfaab711f30cd76,No,2026,False,171,zkproof_0171_hash,HR_SIGN_0171
0x0000000000000000000000000000000000000172,EMP1171,JTBEI BPUSKW,Marketing,Engineer,36347,93,41,27,65,83,81,8,Yes,9,52.6,No,0,4,0x59b953bbadc5f0d2b6e38218e7b6c4bcb026f702,0x72d6f9366fab460293f1985979da70ece458a109,No,2026,False,172,zkproof_0172_hash,HR_SIGN_0172
0x0000000000000000000000000000000000000173,EMP1172,LFYCF KLFTSW,Finance,Manager,53845,79,45,49,47,85,95,12,No,2,65.3,No,0,4,0x9905276c973857a99756be90a92ba22de8246daa,0xf91e1d4a7cd68d24a7bd6117fd1e254c43e25ac3,No,2026,True,173,zkproof_0173_hash,HR_SIGN_0173
0x0000000000000000000000000000000000000174,EMP1173,CUKXA HBVBKA,IT,Coordinator,113799,87,33,22,76,61,58,4,Yes,0,38.4,No,0,0,0xa3bc0b7a221d686a8f9fa1cdce705a01cf1762ef,0xd263ee87d0cec355e8048411afb379c5e2a8b50d,No,2026,False,174,zkproof_0174_hash,HR_SIGN_0174
0x0000000000000000000000000000000000000175,EMP1174,TNPIH TBZAIU,IT,Manager,42975,60,45,12,91,87,76,0,Yes,5,45.5,No,0,2,0x551c7555eab00f610770262d19755e6b85ae91c3,0x9bda0094f71e5089ded956a865261e600cbdf113,No,2026,False,175,zkproof_0175_hash,HR_SIGN_0175
0x0000000000000000000000000000000000000176,EMP1175,XBHYV XLWQYQ,IT,Analyst,79020,65,44,25,66,66,82,3,Yes,6,48.4,No,0,2,0x547bce7f33fbb7496d90d7656ae5023d8334e1d1,0x1b3dfdae17d6f464ee924d54c38910b052febc8d,No,2026,False,176,zkproof_0176_hash,HR_SIGN_0176
0x0000000000000000000000000000000000000177,EMP1176,VHLYN XRMNFF,Operations,Lead,78435,74,48,43,91,85,49,10,No,9,49.8,No,0,0,0x16972d3c21673488836b42ddf0446292d666e449,0x8bba215bec22dc83d1ff56c3c6a5d23fd8fa67c2,No,2026,False,177,zkproof_0177_hash,HR_SIGN_0177
0x0000000000000000000000000000000000000178,EMP1177,JVJVW UIEXPO,Marketing,Lead,102450,82,38,68,45,90,98,2,No,2,74.8,Yes,2,2,0x926bd282715b5b5c580badb98cd439a04566cb72,0x85ff5dbb92cecbab29c090c567adea39f59e9194,No,2026,True,178,zkproof_0178_hash,HR_SIGN_0178
0x0000000000000000000000000000000000000179,EMP1178,RAOUE VRDPVX,HR,Analyst,125564,88,47,61,44,62,85,14,Yes,3,62.6,No,0,0,0xd749186eaf90be9877d04bb446663dbfb8ff219c,0x118eb098d75c1e5035902a0b82b70b43545ade58,No,2026,True,179,zkproof_0179_hash,HR_SIGN_0179
0x0000000000000000000000000000000000000180,EMP1179,UDMZG HWKRAQ,Marketing,Analyst,67208,71,50,67,98,79,61,23,Yes,2,61.1,No,0,0,0xe2929f150d0e9d56ab05659cdc4569c9d30974d1,0x155e74bd9326b0baf83defcdd6430191841603af,No,2026,True,180,zkproof_0180_hash,HR_SIGN_0180
0x0000000000000000000000000000000000000181,EMP1180,DCDVQ NGKHFX,R&D,Developer,140453,94,38,28,50,94,45,20,No,6,44.1,No,0,4,0x9a07f569ee6d11fe220b5bc7e2e33ea8d4e75e32,0xbe47c91173bc986a969960dc21fe665262991517,No,2026,False,181,zkproof_0181_hash,HR_SIGN_0181
0x0000000000000000000000000000000000000182,EMP1181,WSGPD JQVEPG,Engineering,Manager,139797,99,53,19,92,61,53,6,No,1,35.8,No,0,2,0x72347966f99d28d93fdd7cb07dcb98ca04dc714c,0xa99c8f0bd7295991002cef33ef44a9f87591bb59,No,2026,False,182,zkproof_0182_hash,HR_SIGN_0182
0x0000000000000000000000000000000000000183,EMP1182,DAMDT ZALBZY,Engineering,Analyst,134374,86,41,68,80,82,56,9,Yes,4,60.8,No,0,3,0x7ad980fbc73f683785421d548834c3068c7b9a61,0xd45ee5b526b646813996ad5bb957d60b8eaebdf2,No,2026,True,183,zkproof_0183_hash,HR_SIGN_0183
0x0000000000000000000000000000000000000184,EMP1183,AAROG KIDVMC,HR,Engineer,59162,79,54,37,96,85,79,9,Yes,2,55.7,No,0,0,0xae3ede6a493d199a6996eed85f563d54552e58e3,0x1a147f27076f9cf3a06c4f8f42c063a4122f774f,No,2026,False,184,zkproof_0184_hash,HR_SIGN_0184
0x0000000000000000000000000000000000000185,EMP1184,ZXTFK TZAOFI,Finance,Coordinator,66883,92,41,92,76,58,53,14,Yes,6,64.9,No,0,0,0x2b88d5ff16c54252985347da68502413b9f6c647,0x398df95a32d72fd5192e5e9d888e6c350610b596,No,2026,True,185,zkproof_0185_hash,HR_SIGN_0185
0x0000000000000000000000000000000000000186,EMP1185,CMQSJ DEQGDG,Finance,Manager,54634,73,53,34,61,89,44,23,No,7,45.3,No,0,3,0xc52486f6085988ce78fb74653224807c6668933b,0x869b7a33af306b6b1f0f597685e5753dbcbf59fb,No,2026,False,186,zkproof_0186_hash,HR_SIGN_0186
0x0000000000000000000000000000000000000187,EMP1186,OVUGJ PPBJBF,R&D,Intern,47937,97,52,22,50,96,92,17,Yes,1,55.7,No,0,4,0xb355073e2b12a86662b7dc4e1baeb00ceaea60ee,0x4066ff28e00eb2435d847e650c1a6206697fe40d,No,2026,False,187,zkproof_0187_hash,HR_SIGN_0187
0x0000000000000000000000000000000000000188,EMP1187,MUEYQ OBXACW,Engineering,Lead,51210,69,33,39,80,56,93,24,Yes,0,54.7,No,0,2,0xfadf4bb2f67de970863c14daaeed89e674ee11b4,0x03fb035aaeefbd785488b60e04045efd3129af2a,No,2026,False,188,zkproof_0188_hash,HR_SIGN_0188
0x0000000000000000000000000000000000000189,EMP1188,FFWCP WHYPKQ,HR,Developer,33191,91,42,29,80,53,56,18,Yes,5,39.5,No,0,2,0xe8aac6f1f309dbfe90e7e7d5dc08ed8ac303d990,0x0ebfc399476d729c07163e1375870896e57148a4,No,2026,False,189,zkproof_0189_hash,HR_SIGN_0189
0x0000000000000000000000000000000000000190,EMP1189,UWIHC ZXZRER,HR,Developer,119260,97,53,49,43,96,58,3,Yes,6,56.8,No,0,4,0x44f9df03f2554ada71e5a797fbd61d5a40ddef66,0xad83d1cb92e1f6a881f1b4e9d804e7b5807bcbe6,No,2026,True,190,zkproof_0190_hash,HR_SIGN_0190
0x0000000000000000000000000000000000000191,EMP1190,LCQJW WUBLCH,Finance,Coordinator,81941,85,42,5,75,88,47,14,Yes,7,34.4,No,0,4,0x4f1792997e64d93ea2c27cc9898c1d51d727706e,0x6ef589ed15c9f9af57654082eba9a65071977600,No,2026,False,191,zkproof_0191_hash,HR_SIGN_0191
0x0000000000000000000000000000000000000192,EMP1191,IBVWD EMIMIX,Finance,Manager,43253,84,59,90,50,84,95,22,No,9,82.2,Yes,11,3,0xf79feecd591fac1f59f41d0c1c862f372ce7c81c,0xeab19bde4bf452ddc8772ba31d08225fa58f176b,Yes,2026,True,192,zkproof_0192_hash,HR_SIGN_0192
0x0000000000000000000000000000000000000193,EMP1192,RLLGR WWTCEN,HR,Engineer,48348,79,45,37,53,62,57,15,No,3,44.6,No,0,2,0xe0d47cddacadbe96a049d465ae6e4fd59697bfbf,0x1850c066fc0243f03889c4d2a53c3a4cd09a2a22,No,2026,False,193,zkproof_0193_hash,HR_SIGN_0193
0x0000000000000000000000000000000000000194,EMP1193,KBHUO CDDIAR,Finance,Lead,63889,61,40,24,40,67,50,5,No,7,38.7,No,0,0,0x692aaad30e45e34c630d7e463523ec290c74ca3c,0xb9f42e063ab032bded8147e20321a93335a50bb4,No,2026,False,194,zkproof_0194_hash,HR_SIGN_0194
0x0000000000000000000000000000000000000195,EMP1194,BDUFK SYDBZL,R&D,Lead,46183,60,48,18,63,90,73,18,No,7,47.8,No,0,0,0x982c6299cdcfc41b0493c781689120edc1b046a8,0x1302ac52ec8d83ff2111908850beeea18a708e87,No,2026,False,195,zkproof_0195_hash,HR_SIGN_0195
0x0000000000000000000000000000000000000196,EMP1195,GMQYH XPPOCG,IT,Coordinator,49267,60,57,83,65,56,99,22,No,4,74.5,Yes,5,2,0x15a190c10e0c8bada1a15559872e2894fbac32ee,0xc4709b7edb7f2619d510be51544cae57d28d2337,No,2026,True,196,zkproof_0196_hash,HR_SIGN_0196
0x0000000000000000000000000000000000000197,EMP1196,WMWOF IUEZBW,IT,Engineer,71742,86,45,20,68,75,87,19,Yes,4,49.5,No,0,4,0x51a38e2d557fc44ce6a88de8712f69afecb8b93a,0xde0712a3b266ee1436586204d43c9cf086326fa6,No,2026,False,197,zkproof_0197_hash,HR_SIGN_0197
0x0000000000000000000000000000000000000198,EMP1197,GEDCV EBWGMG,R&D,Developer,145890,77,45,53,44,84,64,16,Yes,9,58.1,No,0,2,0xfb646103819460cdb3d3bb55cfa376a3ed14b6a9,0xca8e94e6669e2a41cc32d6dbdb402d2afbf52e78,No,2026,True,198,zkproof_0198_hash,HR_SIGN_0198
0x0000000000000000000000000000000000000199,EMP1198,BEVKE RAWFJP,Engineering,Engineer,137034,82,30,53,68,69,85,1,Yes,6,61.1,No,0,0,0x598d2ba51f9a1f418af7099c8d9dee576625f4d7,0x362527838bd52f4f0d9074b31117051a282e6e5a,No,2026,True,199,zkproof_0199_hash,HR_SIGN_0199
0x0000000000000000000000000000000000000200,EMP1199,CXSQU YPVZNV,Marketing,Developer,125682,89,44,99,58,84,56,13,No,1,73.3,Yes,2,3,0x818f47dc42d46be0c7f040aa086dd359ba84af38,0x15daa408134e6bb469df9783b4146954a1d00110,No,2026,True,200,zkproof_0200_hash,HR_SIGN_0200
0x0000000000000000000000000000000000000201,EMP1200,RMYJY BLQLKK,HR,Developer,145369,63,37,28,79,70,80,1,Yes,3,49.5,No,0,4,0x2ff7f6dee079807cf9222e26dc4f7e9fde356e65,0x6f4d002e407ccf5e412ea6ce713faf52b39ab54a,No,2026,False,201,zkproof_0201_hash,HR_SIGN_0201
0x0000000000000000000000000000000000000202,EMP1201,SXUOX EVASDJ,Engineering,Lead,33609,70,48,73,75,63,66,3,Yes,6,62.2,No,0,0,0x4ae556a77c4f1918c555e9de436fce4604bbdb9c,0x1e456e929986945ef26bc5aec6e41f3c4c25f66b,No,2026,True,202,zkproof_0202_hash,HR_SIGN_0202
0x0000000000000000000000000000000000000203,EMP1202,CBRMH VTMVRT,Engineering,Engineer,140896,60,36,15,60,98,55,23,Yes,8,42.9,No,0,0,0xe23a22df26f9583cfe62ae6b5a04e5615e3ea225,0x733265abfc3ec8d59159b80f9f9e640cb09ba1f1,No,2026,False,203,zkproof_0203_hash,HR_SIGN_0203
0x0000000000000000000000000000000000000204,EMP1203,VVASS UDHRLA,Engineering,Analyst,72854,95,42,89,42,92,92,18,No,6,82.2,Yes,15,2,0x91d234f2502ec479e5ffd4a508fe2772b682d4ca,0x6a0cfbe908c1d305cb06ab35dc3b43974b44c7ca,Yes,2026,True,204,zkproof_0204_hash,HR_SIGN_0204
0x0000000000000000000000000000000000000205,EMP1204,VBZVB SNJLTB,Engineering,Manager,36606,78,39,66,62,93,75,10,Yes,2,67.7,No,0,4,0x8ce0ccad673daae224e43aeedaa31ef8b17b7a0e,0xa5601c84487ad496ec78f4b62bc06a63d935c465,No,2026,True,205,zkproof_0205_hash,HR_SIGN_0205
0x0000000000000000000000000000000000000206,EMP1205,WGHTB ZJYUGM,Engineering,Coordinator,82348,92,50,68,79,61,55,13,No,3,56.2,No,0,0,0x8f3f5929527ddb007de90e81cc7c05ed10346862,0x9b204c899f7c75ed0dfcc00049b3a5daa8faffc9,No,2026,True,206,zkproof_0206_hash,HR_SIGN_0206
0x0000000000000000000000000000000000000207,EMP1206,VSZPU LPXWKI,Marketing,Engineer,136891,77,34,43,52,72,91,19,Yes,0,58.9,No,0,1,0x9e78389965ac30934b1b64879fefa9ce04dbbda6,0x90dfff58d1b1c9bd18d9d2c18fa72739eae21bf3,No,2026,False,207,zkproof_0207_hash,HR_SIGN_0207
0x0000000000000000000000000000000000000208,EMP1207,SXKNR LMSDBY,R&D,Analyst,121925,86,33,96,48,74,48,20,No,2,67.8,No,0,4,0xe7c6b336cb44a3f45e73fdcbc89bc30de3c4192a,0xd69a2f2eeaa5f4a567e879ca5d66a950768fff04,No,2026,True,208,zkproof_0208_hash,HR_SIGN_0208
0x0000000000000000000000000000000000000209,EMP1208,WJJTO UPJYEM,Engineering,Analyst,31434,65,46,42,68,88,52,18,No,3,50.3,No,0,4,0x131729543d6b1fc4796b729ae4a258079cd1f627,0x17e9c8130cfdf612d7f6a6de34aacd9ccda1684e,No,2026,False,209,zkproof_0209_hash,HR_SIGN_0209
0x0000000000000000000000000000000000000210,EMP1209,KRTCW XWVUXT,HR,Manager,138907,96,56,60,84,55,79,14,Yes,0,58.7,No,0,4,0x8d4097e749ca7e524444e210b1b56e8d8c75f836,0x072fa2d7304a3b161e460ec57903800d66c1077a,No,2026,True,210,zkproof_0210_hash,HR_SIGN_0210
0x0000000000000000000000000000000000000211,EMP1210,VPMYM VVIINQ,IT,Engineer,87821,79,38,69,47,97,55,9,No,3,63.8,No,0,4,0x7b601b824686532a434eb52dcdccfab580349a3f,0xfb65ef0eefd0e45c492fec38383a2c8bcb77a7ad,No,2026,True,211,zkproof_0211_hash,HR_SIGN_0211
0x0000000000000000000000000000000000000212,EMP1211,MEJOE WIQFMB,HR,Intern,31502,67,51,57,95,66,70,23,Yes,5,57.5,No,0,3,0x95daf28a32dc6ab06ad5f8962d8d9d63a4fb7b3f,0x59bdb6c4c78143d65e1f91bbc6522e3273a848e8,No,2026,True,212,zkproof_0212_hash,HR_SIGN_0212
0x0000000000000000000000000000000000000213,EMP1212,IOEQP UWMYSW,HR,Analyst,39245,94,38,72,48,55,54,4,No,7,56.7,No,0,4,0xb6db5a106334281e642a0152a6b65ab4c36457cd,0x32e13be9ff251a81373be69ed77bce0dc149ff76,No,2026,True,213,zkproof_0213_hash,HR_SIGN_0213
0x0000000000000000000000000000000000000214,EMP1213,LGSAE HITPHR,Finance,Engineer,79895,96,58,38,42,60,55,17,No,8,44.5,No,0,4,0x088af5094669c0a04bbb7056c75025ee985eaf90,0x041358557f4c9917a0e827b1c8dfbcc2a6305515,No,2026,False,214,zkproof_0214_hash,HR_SIGN_0214
0x0000000000000000000000000000000000000215,EMP1214,HZEQX ASVIGD,Operations,Lead,51887,91,34,34,50,82,64,23,Yes,4,49.6,No,0,2,0xf341846650289614a49b12393584d70e2300e485,0x21520a41cb0ea8fca4b01940db756071db5801ca,No,2026,False,215,zkproof_0215_hash,HR_SIGN_0215
0x0000000000000000000000000000000000000216,EMP1215,GJZLC SOXWLL,Marketing,Lead,128612,98,34,36,61,67,97,12,Yes,8,57.7,No,0,4,0x69aeeb65e674ba96653051e7d893fe30a2e6d0a8,0x16ac522263615298dc8acd65fbd5c6bbbe4d50d7,No,2026,False,216,zkproof_0216_hash,HR_SIGN_0216
0x0000000000000000000000000000000000000217,EMP1216,LSHSX NMHOOP,Finance,Lead,53391,95,44,20,50,50,46,20,Yes,9,32.7,No,0,3,0xf1714decdb69fc82f3758def368ad2d58acddc5f,0xfbcda39c0f1722f21d479f71b697c36ede7f7344,No,2026,False,217,zkproof_0217_hash,HR_SIGN_0217
0x0000000000000000000000000000000000000218,EMP1217,XAFZT BWNIHT,Operations,Engineer,93673,98,39,26,63,52,94,6,Yes,7,49.7,No,0,2,0xcb12aebe20bd33567b5b77d8a5c3c41713dd2c7e,0xf1193e837d20ed7ccf601bd253babddb37df568f,No,2026,False,218,zkproof_0218_hash,HR_SIGN_0218
0x0000000000000000000000000000000000000219,EMP1218,WCBBJ QQZGOL,R&D,Manager,95406,99,37,22,46,53,53,24,No,3,35.6,No,0,2,0xea964dc4e34a58069f5beaeb067d501fe0448a2b,0x575ff6042c2929acf9273ccd3f891dccb1727386,No,2026,False,219,zkproof_0219_hash,HR_SIGN_0219
0x0000000000000000000000000000000000000220,EMP1219,EKIMS YVTLSY,Operations,Coordinator,96924,83,32,4,93,53,71,12,Yes,8,34.3,No,0,2,0xb230ca949a2a6dc948efb8a3199da319d49e153e,0x52e28f4c0bbd19a96b8297c0b8b97537ed6535cf,No,2026,False,220,zkproof_0220_hash,HR_SIGN_0220
0x0000000000000000000000000000000000000221,EMP1220,VOJBP IHFTLT,Operations,Engineer,107575,65,38,12,47,81,47,6,No,4,35.5,No,0,4,0x32ff39d53ebd7fe7ea3e34f79f87da24b92abe8d,0x3004848d449b387b51fa8ad9611ab7a1c4b646ed,No,2026,False,221,zkproof_0221_hash,HR_SIGN_0221
0x0000000000000000000000000000000000000222,EMP1221,PUINA CQGWOQ,IT,Analyst,77756,97,53,40,86,67,75,14,Yes,6,52.5,No,0,0,0xe4500d41de473ca2882c441fc3eaa6f0b6479d87,0x556546fb593fee1891fc5aca262a55ddfba8b3a1,No,2026,False,222,zkproof_0222_hash,HR_SIGN_0222
0x0000000000000000000000000000000000000223,EMP1222,KHZZJ DFZTFH,Marketing,Coordinator,104770,75,42,30,78,99,97,16,No,4,61.3,No,0,3,0x9d1f14ec9c19f1f86525efb20e7d7fd179802bd2,0x2e878f77f158fed5e1d9d2fb49ccebdd2d14b2b2,No,2026,False,223,zkproof_0223_hash,HR_SIGN_0223
0x0000000000000000000000000000000000000224,EMP1223,QASVH NTRVOI,HR,Engineer,78752,66,59,36,51,81,68,1,Yes,1,51.1,No,0,2,0x501f2520cb6e714776a50ef4a8ed8034ec02b8ab,0xb20aa281ed4acac3d644ea92c3d6c6375d9826cc,No,2026,False,224,zkproof_0224_hash,HR_SIGN_0224
0x0000000000000000000000000000000000000225,EMP1224,CCRTL BUFXLY,Marketing,Manager,43599,60,46,72,56,56,63,7,No,5,59.4,No,0,2,0x70768da69fe29012a5c644f8c3b7911e113d5e84,0x73a23387ca65fc744a5b327596457151f470cb52,No,2026,True,225,zkproof_0225_hash,HR_SIGN_0225
0x0000000000000000000000000000000000000226,EMP1225,ZWTJT JABQRF,Engineering,Manager,128853,72,54,20,64,50,70,23,No,6,39.6,No,0,2,0x48c6d7266ef70cbcd780566b9f16d6cc06c28332,0x225e5bf5ee1a3a79e451f4b1998345b54c1b2b40,No,2026,False,226,zkproof_0226_hash,HR_SIGN_0226
0x0000000000000000000000000000000000000227,EMP1226,DMAZA WOFPIP,Marketing,Engineer,50183,99,55,74,83,69,99,2,Yes,5,73.6,Yes,9,0,0xad190d419b675296299ebdfa5f0ebacb0f5c955f,0xf1763350d85b3c80b597efd2ba1ae5068b190cd9,No,2026,True,227,zkproof_0227_hash,HR_SIGN_0227
0x0000000000000000000000000000000000000228,EMP1227,LPAXL VGNLRT,R&D,Intern,78812,94,55,90,73,63,41,11,No,6,61.5,No,0,0,0x5be0a38a46e609d24fa6049af436af6f9192995b,0xca885bb3de6e071b1e9c0ae25722bafd0aef1f6f,No,2026,True,228,zkproof_0228_hash,HR_SIGN_0228
0x0000000000000000000000000000000000000229,EMP1228,TMDEG TMUTOZ,Engineering,Lead,117469,87,41,69,91,61,63,13,Yes,9,59.6,No,0,4,0x272beee6baba90ae797bddbd5de4d9712fe9aa47,0xd072240fc15a5c3b4001d30b9d99e85cf346fc81,No,2026,True,229,zkproof_0229_hash,HR_SIGN_0229
0x0000000000000000000000000000000000000230,EMP1229,SYHUM ZPOMQJ,IT,Manager,122048,98,54,74,48,95,72,0,No,8,71.0,Yes,13,1,0x5aa789a8ce2767e16ab160ee555565481f2177cc,0x0089a3ae3906ae28faed354c00bdfc69570bfced,No,2026,True,230,zkproof_0230_hash,HR_SIGN_0230
0x0000000000000000000000000000000000000231,EMP1230,PKRHM VYSAOX,Marketing,Engineer,139132,83,54,27,76,93,57,5,No,2,46.7,No,0,1,0x0fc452839fa52ae8cdefd2e9112bb4001836aa16,0xfd728330253908ee88b0c310ae0217f1a67e56b2,No,2026,False,231,zkproof_0231_hash,HR_SIGN_0231
0x0000000000000000000000000000000000000232,EMP1231,HKPEP SNLCDC,Operations,Engineer,107837,77,51,67,73,99,78,12,Yes,4,70.4,Yes,10,4,0x4f284ebeae753f871b7c6e69230c269f1f379918,0x6c126904a74d48641f69ceccf0506da0efe2e10a,No,2026,True,232,zkproof_0232_hash,HR_SIGN_0232
0x0000000000000000000000000000000000000233,EMP1232,ONFZW RHDMZQ,Engineering,Engineer,60889,89,53,61,46,56,54,2,No,1,51.9,No,0,3,0xaceb3c4ae8476d61e1a9c8263229bdaa7ea6cf9c,0xeb6c0540b90395924dd2751a6ce84d34cb6b1f00,No,2026,True,233,zkproof_0233_hash,HR_SIGN_0233
0x0000000000000000000000000000000000000234,EMP1233,FDIUS SKVPOZ,R&D,Engineer,90753,97,55,3,89,64,70,17,No,5,35.5,No,0,3,0x8662a8e2fdfc78156c1ba71a5835a3a5823458bb,0x33b8753f3b811cef22524629c38601683db1378e,No,2026,False,234,zkproof_0234_hash,HR_SIGN_0234
0x0000000000000000000000000000000000000235,EMP1234,TWXRC DVCAUC,Engineering,Analyst,81863,90,46,63,59,85,68,17,Yes,9,63.5,No,0,4,0xf3b9e1305bcb49525d8080358b71e53feb16b7d6,0x56f63651af561498738117fd235a83722eef40fa,No,2026,True,235,zkproof_0235_hash,HR_SIGN_0235
0x0000000000000000000000000000000000000236,EMP1235,SBHIQ HFNCTX,Operations,Developer,81521,89,52,21,58,99,51,22,No,4,43.9,No,0,2,0xcf8d4b639171d75d72afb5f267453f45d9d876af,0x64645ab0cc47d1370a2e865a56623805b07d169b,No,2026,False,236,zkproof_0236_hash,HR_SIGN_0236
0x0000000000000000000000000000000000000237,EMP1236,NSMIT WIXEVR,HR,Engineer,104072,87,54,43,62,53,60,4,Yes,8,46.6,No,0,1,0xb13b6f10c5344be828c8c7d86a4d379577f8d2ee,0x5c1dd708dd32c92d2bbf15d8121ff531e8cfd0f5,No,2026,False,237,zkproof_0237_hash,HR_SIGN_0237
0x0000000000000000000000000000000000000238,EMP1237,SKGHY NBVZMX,IT,Coordinator,53494,70,40,57,64,87,76,8,Yes,9,63.9,No,0,0,0xce98386258a8e270f8ab78b329bc56decd9ee398,0xbb84a5391485c239dc799cdab69b1b6e61384ae5,No,2026,True,238,zkproof_0238_hash,HR_SIGN_0238
0x0000000000000000000000000000000000000239,EMP1238,XIWKW WLYOLL,R&D,Engineer,76911,60,35,54,61,66,45,8,Yes,9,49.2,No,0,0,0x744b41a1236c6f2a456b68368c2efec166c85ad2,0x2b7608aab386909ca4ea653b39a08e4e7c6d5b99,No,2026,True,239,zkproof_0239_hash,HR_SIGN_0239
0x0000000000000000000000000000000000000240,EMP1239,NTDGQ AKHKCW,IT,Analyst,113167,65,37,26,72,62,62,20,No,2,41.6,No,0,1,0x0b82b9e29a644b130fc5c33933ba1771e7287fc3,0x72d22d728bb8aae1aaf5aa49d33e3c992e295751,No,2026,False,240,zkproof_0240_hash,HR_SIGN_0240
0x0000000000000000000000000000000000000241,EMP1240,XDWZE CMLHAT,IT,Engineer,33680,82,38,61,96,76,46,16,No,1,53.5,No,0,1,0x375a300d0c9e0d8e0741d48541d37499d48ed31d,0xa7eaa34abc75ef5af687770aab3f45cdb0c068ac,No,2026,True,241,zkproof_0241_hash,HR_SIGN_0241
0x0000000000000000000000000000000000000242,EMP1241,EJGGR ESETLU,R&D,Engineer,110070,88,45,43,90,99,60,7,Yes,4,55.4,No,0,0,0x8d302c17e22a889d3d6785ce66553c5e79006b89,0xadfc539742bbd1d08664c80951a41c4f2a9da466,No,2026,False,242,zkproof_0242_hash,HR_SIGN_0242
0x0000000000000000000000000000000000000243,EMP1242,PNWQH IQDMGQ,HR,Analyst,74300,92,56,39,67,84,80,11,No,3,56.7,No,0,4,0x9833b16ca9a9c4084cedb074a6b48467c6320b80,0x6203655db4fce629696cbd8336596e9516032626,No,2026,False,243,zkproof_0243_hash,HR_SIGN_0243
0x0000000000000000000000000000000000000244,EMP1243,NRQZY ZWCDSN,IT,Lead,33068,81,38,35,47,92,65,17,No,5,52.4,No,0,0,0x0631ca0b9b9851cc05209c6749be841480b85412,0x0fe3f7c5a5677a7545114d9181cce560d52dffdb,No,2026,False,244,zkproof_0244_hash,HR_SIGN_0244
0x0000000000000000000000000000000000000245,EMP1244,BHSVT WCBZHW,HR,Intern,133304,91,35,64,65,84,71,19,No,0,63.7,No,0,0,0x5fadcdcf12e0ac0022a4b36605404306f6b06af6,0xae2fd5e87b1e53d0272bfa7895f59f30108d02a5,No,2026,True,245,zkproof_0245_hash,HR_SIGN_0245
0x0000000000000000000000000000000000000246,EMP1245,BOXNG SBVCFE,Marketing,Manager,89882,88,34,98,70,93,65,9,No,8,78.1,Yes,2,4,0xf40ae90dded3586f6ce2cee87ef4d123b6c580ed,0xfd079045933ea90a8c0c26f633d85eef38d83d7a,Yes,2026,True,246,zkproof_0246_hash,HR_SIGN_0246
0x0000000000000000000000000000000000000247,EMP1246,PIGRD SVGTCU,Marketing,Intern,89011,77,47,23,47,57,49,24,Yes,7,36.0,No,0,2,0x93697227686ea6001d5de0a83c450897d73bdca9,0xaa0fe8f382f9c009c25f16a6cc352335ec00691d,No,2026,False,247,zkproof_0247_hash,HR_SIGN_0247
0x0000000000000000000000000000000000000248,EMP1247,ZOSGE WJRZTF,R&D,Manager,137172,82,44,76,87,99,62,18,No,9,69.7,No,0,3,0xea2ae21a0ed6cc4bbdb1d7d6afc5a4a61e8c6f4f,0x22348e859232f438d7845d590d7902cb3f4fd9ea,No,2026,True,248,zkproof_0248_hash,HR_SIGN_0248
0x0000000000000000000000000000000000000249,EMP1248,YGDHI OUYQZY,Engineering,Analyst,101332,80,54,78,95,65,80,15,No,9,69.1,No,0,2,0x0d90de470239f442c1d20506f27eaa6fb99d8753,0xd0ddb07dc2407718f6c3c8bdcb72e27d85dd396f,No,2026,True,249,zkproof_0249_hash,HR_SIGN_0249
0x0000000000000000000000000000000000000250,EMP1249,KXURJ CVNRKW,IT,Manager,59362,63,54,99,56,55,70,19,No,4,72.0,Yes,2,1,0x14a31b8335c3b8853272d2cc3e9db26eba01158e,0xfbf3fb36f7c3c1ae2127ab23cd99b1fc2e687e69,No,2026,True,250,zkproof_0250_hash,HR_SIGN_0250
0x0000000000000000000000000000000000000251,EMP1250,UJQVG QARKWB,HR,Coordinator,101428,69,53,41,40,90,82,0,Yes,2,59.2,No,0,1,0xec4bc691ec7efc00dfa326bad6546d6e0a6a29ea,0x1d1ba900112a03a8fcb3679e0b53afd0f5800222,No,2026,False,251,zkproof_0251_hash,HR_SIGN_0251
0x0000000000000000000000000000000000000252,EMP1251,OQOEH JQKIGC,Marketing,Coordinator,149500,81,55,97,84,65,67,19,Yes,2,72.1,Yes,8,4,0x1045007e271a5b197b542e277ddc38f389763e90,0xa888058ba41c9467049b406b230c0db346842372,No,2026,True,252,zkproof_0252_hash,HR_SIGN_0252
0x0000000000000000000000000000000000000253,EMP1252,SNKOS OIVWRY,Marketing,Engineer,52998,76,37,4,42,99,69,8,No,5,42.6,No,0,1,0xa37fd708f0ce7783508a0ddc7e12f72f604ecb5e,0x61c977ed12f55cf1223e56033f3f442e3e53a94f,No,2026,False,253,zkproof_0253_hash,HR_SIGN_0253
0x0000000000000000000000000000000000000254,EMP1253,NWCHB FMINWA,R&D,Developer,101057,70,58,9,75,82,98,20,No,5,49.9,No,0,3,0x06e8f21224b9ca480c74d728273b7831346f2562,0x65a6283c69192864547eb674311d05453e4d4a03,No,2026,False,254,zkproof_0254_hash,HR_SIGN_0254
0x0000000000000000000000000000000000000255,EMP1254,TAQPV EPOUHC,Marketing,Developer,45366,98,58,91,87,53,66,5,No,5,67.3,No,0,3,0x79ab3962acdeacd2b1cd214d2dd2bbb5c40e14ab,0xb16db673e9c0a4f18d19cc18332f0aea61d00adb,No,2026,True,255,zkproof_0255_hash,HR_SIGN_0255
0x0000000000000000000000000000000000000256,EMP1255,GEEEQ CSWDBE,IT,Coordinator,110713,82,55,7,97,72,57,19,No,8,35.1,No,0,0,0xc0155a71c8237a28896f9321c5fbf8cf8bac1a7d,0x2d4a178398f84d7b275444ee2843ac45a5435dcb,No,2026,False,256,zkproof_0256_hash,HR_SIGN_0256
0x0000000000000000000000000000000000000257,EMP1256,OSSHU FNTBJJ,IT,Intern,111465,98,41,1,73,71,56,2,No,8,32.2,No,0,1,0xbcadc89a776cc13843c781506aee24182f64fe6b,0xb56e78deb4f4aab46c0f8428512fbf0b3dda80e2,No,2026,False,257,zkproof_0257_hash,HR_SIGN_0257
0x0000000000000000000000000000000000000258,EMP1257,FNBKG UFLFLB,Operations,Manager,85478,70,59,84,49,75,78,12,No,3,72.3,Yes,11,0,0x7cf88752c711142ad40136491b4ccba88653818f,0x2ce595ec93de0f365668f32b690e4b64aeb38a01,No,2026,True,258,zkproof_0258_hash,HR_SIGN_0258
0x0000000000000000000000000000000000000259,EMP1258,KOLYH XACRUO,Engineering,Intern,121088,90,59,2,90,51,61,8,Yes,9,30.2,No,0,0,0x06f424d3c2f0d672aa93bdad16c50f2bf8c0926d,0xddf04baae0284ff91379db3b235e55cb9a23a8d7,No,2026,False,259,zkproof_0259_hash,HR_SIGN_0259
0x0000000000000000000000000000000000000260,EMP1259,GTHJF ISSTNK,Engineering,Coordinator,60251,69,55,7,80,53,99,21,Yes,6,43.7,No,0,0,0x51bec137c711ce81ab23625193e04de020ee9527,0xe4ec84a6598691474cf289fd3e5a39578f7ab4d2,No,2026,False,260,zkproof_0260_hash,HR_SIGN_0260
0x0000000000000000000000000000000000000261,EMP1260,BPMOF AMRHYE,IT,Coordinator,81617,93,47,67,63,74,46,21,No,2,55.6,No,0,0,0x10d482a49d0038368359a0683518abed0d38636b,0xdad67927cb90c60d9ccbfce40b41dcd0c0e94893,No,2026,True,261,zkproof_0261_hash,HR_SIGN_0261
0x0000000000000000000000000000000000000262,EMP1261,LDODS HGWBQY,R&D,Intern,140370,78,40,37,96,94,48,9,Yes,4,48.4,No,0,4,0xda1f6e76788ed7423958b26c2d4737a47031ad5b,0x4b6aa818312c3d932eb8dd5689a99cc10630f279,No,2026,False,262,zkproof_0262_hash,HR_SIGN_0262
0x0000000000000000000000000000000000000263,EMP1262,KECHO SOPNRN,Engineering,Analyst,143530,62,53,46,81,95,53,9,Yes,9,54.2,No,0,4,0x9eb0e848fc1f355fa0857a98ecd4135b4a6bc6a6,0x93a2bda92fb17ea8db36a33c823c76ac2919a091,No,2026,False,263,zkproof_0263_hash,HR_SIGN_0263
0x0000000000000000000000000000000000000264,EMP1263,ITAYI ABFJMH,Operations,Intern,35592,82,40,59,80,61,71,12,No,6,57.7,No,0,0,0xd458bd805050c0e040b6348b27db3b2d399101f2,0xd4884a38eb077d8e77d767d209a21ef298f45eb3,No,2026,True,264,zkproof_0264_hash,HR_SIGN_0264
0x0000000000000000000000000000000000000265,EMP1264,MSDGC PTMGTA,Finance,Coordinator,68240,71,47,65,63,60,85,24,Yes,4,63.9,No,0,3,0x8bcc59cdefb5579be50d9fc46cbe8bc22eee757b,0x180504f72bb6477c48a196c1e4fbd74450353e58,No,2026,True,265,zkproof_0265_hash,HR_SIGN_0265
0x0000000000000000000000000000000000000266,EMP1265,ZOZGX PKMRKB,IT,Intern,77627,81,46,92,86,79,53,13,No,5,69.0,No,0,2,0xe9e41eb07f49424ed11e058cd9d2c09669bde03c,0x85945e4486b2ea0fa4d071166c54ec61cef11b2e,No,2026,True,266,zkproof_0266_hash,HR_SIGN_0266
0x0000000000000000000000000000000000000267,EMP1266,JEJGR UXKSSW,IT,Lead,98849,93,50,70,40,70,50,2,No,7,57.7,No,0,4,0xd87d241d50d63c3ccd2b435d8af66d175b883efd,0xf8ae1c87d022be4068d05f84130cfd80f2304c69,No,2026,True,267,zkproof_0267_hash,HR_SIGN_0267
0x0000000000000000000000000000000000000268,EMP1267,WMFQW RLULMS,HR,Intern,146937,65,55,22,55,83,50,12,Yes,8,41.2,No,0,3,0xf605389c9891def1d887a31791569b221dc167a6,0xaecffec2fb8dfc1d46ffc9fb8294443d7761b0e7,No,2026,False,268,zkproof_0268_hash,HR_SIGN_0268
0x0000000000000000000000000000000000000269,EMP1268,PHTXX IXVDGB,Engineering,Analyst,84781,84,50,71,72,69,42,5,No,3,55.1,No,0,2,0x067689e9194af221968a2cabdeaa0e3455a1f864,0x00c5798607d70ce6f111f8bf8af9b21545adfdca,No,2026,True,269,zkproof_0269_hash,HR_SIGN_0269
0x0000000000000000000000000000000000000270,EMP1269,IAQRG RTTOPK,R&D,Coordinator,73492,88,46,48,69,57,51,17,Yes,9,46.8,No,0,4,0x012fa36012b5c89ff9273583e69dfa7061f4a782,0x7bb828e599f079cbc43256957247371abfd2e6cd,No,2026,True,270,zkproof_0270_hash,HR_SIGN_0270
0x0000000000000000000000000000000000000271,EMP1270,GZKBE WKAECO,Marketing,Coordinator,60582,77,47,98,78,64,55,24,Yes,3,68.8,No,0,3,0xe85deb7ac97a6c52bc8767ca474ac558c550edff,0x5c56abf6107a9384a4f83548b6e238478b94a5e7,No,2026,True,271,zkproof_0271_hash,HR_SIGN_0271
0x0000000000000000000000000000000000000272,EMP1271,JHHSK YILLAH,Marketing,Developer,98569,65,59,64,85,84,74,11,No,2,64.8,No,0,2,0x3005d635dbda833bbf8a5d0211e89be67b51fbad,0x6f1df7ce9797fe23c6335640b04525e3f217437c,No,2026,True,272,zkproof_0272_hash,HR_SIGN_0272
0x0000000000000000000000000000000000000273,EMP1272,CPEIG GEPLBG,R&D,Coordinator,96135,89,31,0,43,63,55,6,No,6,29.7,No,0,4,0x4f4b020aa026af76e03d6fdef62db5add150802a,0xb271a2d9d38c065126336a42b20004299612de5b,No,2026,False,273,zkproof_0273_hash,HR_SIGN_0273
0x0000000000000000000000000000000000000274,EMP1273,FCAGD XOGSXC,Operations,Analyst,94318,72,59,20,94,74,82,19,No,4,47.8,No,0,1,0x3bc0b60f1730aed1629e061758ae0b3024b1ae64,0xf70fafca89fa3e6d028ff5ec607851be2f15c976,No,2026,False,274,zkproof_0274_hash,HR_SIGN_0274
0x0000000000000000000000000000000000000275,EMP1274,SGFYJ NFDWWC,HR,Engineer,110139,91,49,8,76,82,84,9,Yes,1,44.9,No,0,1,0x446dee32481d5b39002abc6d41985e8fafe6cc60,0x6ec3a400ed54226e9e65bf12721959fd150015de,No,2026,False,275,zkproof_0275_hash,HR_SIGN_0275
0x0000000000000000000000000000000000000276,EMP1275,QWLNX YDSZKB,IT,Manager,94437,89,47,87,65,98,54,21,No,8,71.4,Yes,9,1,0xf936a63d9c90731994a3b79dd3f32e72a56a7107,0x2a03d1b414bf13fb68c585f2effd7139f8d9e668,No,2026,True,276,zkproof_0276_hash,HR_SIGN_0276
0x0000000000000000000000000000000000000277,EMP1276,UFYGR IVACPY,Marketing,Intern,48375,65,46,20,49,86,93,18,No,9,54.0,No,0,4,0xf49b80f5891a7d0e9c1e5db89a25658311a0d1be,0xd2f27b897db1579d528b249c328b9192d253d01f,No,2026,False,277,zkproof_0277_hash,HR_SIGN_0277
0x0000000000000000000000000000000000000278,EMP1277,IDBIA OXBJLA,IT,Engineer,134399,98,59,79,40,90,53,2,Yes,4,65.9,No,0,2,0x75946a9562293b4b6e0d23e2b5afacb656bd73aa,0x6d43e5443e219f58146df9292115170b8c0bcd1b,No,2026,True,278,zkproof_0278_hash,HR_SIGN_0278
0x0000000000000000000000000000000000000279,EMP1278,FODAP ZZHVDR,R&D,Lead,42934,69,31,66,73,87,85,22,Yes,4,69.7,No,0,0,0x4a9214cee09b99c955650b086cab6956d25d3f9d,0xbc8f083785733a548f1d321172602800aa99324a,No,2026,True,279,zkproof_0279_hash,HR_SIGN_0279
0x0000000000000000000000000000000000000280,EMP1279,ZKZJO XETJEE,Operations,Intern,84885,62,30,97,78,55,40,16,Yes,7,62.5,No,0,1,0x22261d21cb30afda452b8421b87a990884f97505,0xc976ef6d801d8c85121ccb5a483bc4cf2fd53448,No,2026,True,280,zkproof_0280_hash,HR_SIGN_0280
0x0000000000000000000000000000000000000281,EMP1280,EILIZ DEJOYX,Operations,Analyst,45654,61,35,28,58,81,76,6,Yes,1,50.3,No,0,0,0xaf0d2de7142a9ac3b82ca7d493ceacb64ca96328,0x2855f56b43efbf59f147fdea1b80c910f6f14605,No,2026,False,281,zkproof_0281_hash,HR_SIGN_0281
0x0000000000000000000000000000000000000282,EMP1281,YWIER GXCIYJ,HR,Analyst,55772,97,59,52,87,74,58,8,No,4,53.4,No,0,2,0x7a19be2ef4e3272229030db19522f3717e1b47a9,0x7aa6d66a2665a51f1cb75a8cd55152403f2fc9fa,No,2026,True,282,zkproof_0282_hash,HR_SIGN_0282
0x0000000000000000000000000000000000000283,EMP1282,BDOTG PWLRLN,IT,Analyst,95175,90,58,42,93,79,89,10,Yes,3,59.6,No,0,4,0x1039c4cfc652b5a3407631f5263d89dadcec38ab,0xf1a017a7f91c52e313608a2f507f2d0d480d36db,No,2026,False,283,zkproof_0283_hash,HR_SIGN_0283
0x0000000000000000000000000000000000000284,EMP1283,WXTVP UZNJPV,Operations,Developer,42709,68,34,77,92,73,92,24,No,7,73.7,Yes,5,0,0xc7f674b9860476a1e0aee8fbbfdb0e7f24675d65,0xf6b97ccd7ea830de966bb37f62fdbf99c0ec9c1d,No,2026,True,284,zkproof_0284_hash,HR_SIGN_0284
0x0000000000000000000000000000000000000285,EMP1284,MRVGE FVLRWB,HR,Analyst,121841,92,40,46,63,71,77,15,Yes,6,56.3,No,0,2,0xf2e50535515709aca1b611ff665d73a9d1d9f202,0xea4a0d3a35e87352ac33835f772cbadddf131cd7,No,2026,False,285,zkproof_0285_hash,HR_SIGN_0285
0x0000000000000000000000000000000000000286,EMP1285,NFWDF GQVRNM,Engineering,Lead,142979,98,34,62,66,56,71,2,Yes,0,57.3,No,0,1,0x8e99e4910fb63ba549303cd102461e8b8a65f79e,0xc62132e9df8fa1579c661fdbe81e01060e9d20ae,No,2026,True,286,zkproof_0286_hash,HR_SIGN_0286
0x0000000000000000000000000000000000000287,EMP1286,PXXLP XXRKJY,R&D,Lead,52472,60,34,24,59,95,52,19,Yes,5,44.7,No,0,2,0x32d5400c403b84334ca4ad09b9ad2c6ff7b879ac,0x30b7fe63d2479477d4d3a4005f45c0d02b93bd1b,No,2026,False,287,zkproof_0287_hash,HR_SIGN_0287
0x0000000000000000000000000000000000000288,EMP1287,QEPEZ YSEYKK,IT,Lead,76933,78,38,99,59,97,98,14,No,0,88.4,Yes,14,3,0x93d6f7ae9cb9b99db680f099a37a1330faafd38f,0x1953db83bb68d234c95a981108237a17283f75f5,Yes,2026,True,288,zkproof_0288_hash,HR_SIGN_0288
0x0000000000000000000000000000000000000289,EMP1288,RBGHN EMKEUG,IT,Lead,36833,97,35,49,59,92,46,16,Yes,9,52.7,No,0,3,0x87787356bb6cc2d75dedbfd7c71eba1b01bb4314,0x1e70f1b18e165b8cbd34ea517290757fb93e5d98,No,2026,True,289,zkproof_0289_hash,HR_SIGN_0289
0x0000000000000000000000000000000000000290,EMP1289,MNKBG XAUQEV,HR,Developer,139323,78,42,39,58,86,52,4,Yes,2,48.6,No,0,0,0x11f241377a2f862bba605388fda2b145dcdb180a,0x61f961d66b912185cf174040158db3799d661de2,No,2026,False,290,zkproof_0290_hash,HR_SIGN_0290
0x0000000000000000000000000000000000000291,EMP1290,VKQXG YKZBRJ,Operations,Developer,75244,69,59,64,89,98,54,24,No,6,62.0,No,0,4,0x72107ab1ba185ea75ae6e1e33dc4037d04cb0033,0x8afd3b56342c7a5e95ca14623d8322462800156c,No,2026,True,291,zkproof_0291_hash,HR_SIGN_0291
0x0000000000000000000000000000000000000292,EMP1291,UIDXO QESNGX,HR,Analyst,55510,76,52,27,64,62,70,1,No,8,45.0,No,0,0,0x10a22bc2e5d2f1feddfa779b8e6870ed9af4c056,0x9223882f72e4306b597991392c650e6900d70437,No,2026,False,292,zkproof_0292_hash,HR_SIGN_0292
0x0000000000000000000000000000000000000293,EMP1292,YDXPP XEKVOB,Finance,Developer,129719,63,48,17,43,93,40,22,Yes,5,37.9,No,0,4,0xf6f10380de33cbccca6edfb15e7d28d2f75a4221,0x892947e1f89cfc3fc38f52887e8cf27422e372f4,No,2026,False,293,zkproof_0293_hash,HR_SIGN_0293
0x0000000000000000000000000000000000000294,EMP1293,HQSZT SPKRKN,Engineering,Engineer,34333,66,32,57,92,70,75,8,Yes,6,59.9,No,0,3,0x0f8e20fa8f3e4e1745746bee4e3ae7dea3933367,0xc502d8091d04cf41976876ccde73a032ae3498a8,No,2026,True,294,zkproof_0294_hash,HR_SIGN_0294
0x0000000000000000000000000000000000000295,EMP1294,XSKPM FSMRUT,Engineering,Analyst,69281,96,40,15,63,59,97,10,Yes,6,47.5,No,0,2,0x2671cc437f5660ac226358842ef8ab8e9c54582d,0x015fa45900789674b57c3f5fb5f35cb3dd981743,No,2026,False,295,zkproof_0295_hash,HR_SIGN_0295
0x0000000000000000000000000000000000000296,EMP1295,OUMVL PIDDCP,R&D,Analyst,55971,90,36,51,55,62,60,5,Yes,5,51.3,No,0,1,0x41442b2de6016cd9981f13cd1168d0677b4cbd30,0x2a6d383da92eafd1715da74212153be2cb0cde34,No,2026,True,296,zkproof_0296_hash,HR_SIGN_0296
0x0000000000000000000000000000000000000297,EMP1296,QDZQF LBZJUH,Engineering,Lead,149585,92,48,10,60,50,93,15,Yes,4,42.3,No,0,2,0x39b959ace278c90afcd938311591833b09208831,0xbd04503cd893aebc399da5aff6131a62fe951325,No,2026,False,297,zkproof_0297_hash,HR_SIGN_0297
0x0000000000000000000000000000000000000298,EMP1297,XKQVM XZAJNN,IT,Lead,141380,65,33,63,67,84,91,3,Yes,2,69.5,No,0,1,0xb940ac8ca4914a87a8038a31085f0987bd6fc677,0xf6f720fcda80f5d407db4209d23ab7123a9e3227,No,2026,True,298,zkproof_0298_hash,HR_SIGN_0298
0x0000000000000000000000000000000000000299,EMP1298,LDUEA FMLNZJ,IT,Developer,96286,68,53,59,55,54,99,20,No,6,64.7,No,0,1,0xeb056c8b5298d11cd00f478c334af2c3fe319760,0x8263d0fc8db8c0e90df7746421eb047c82055ad4,No,2026,True,299,zkproof_0299_hash,HR_SIGN_0299
0x0000000000000000000000000000000000000300,EMP1299,WLBZH FNELVF,Marketing,Developer,66338,94,49,53,69,80,41,13,No,7,50.2,No,0,3,0xbd651b032cb7ffe41e72a3bb86c9321d6608f54c,0xc687670c7e404a57a189a151840ff3e1ea312926,No,2026,True,300,zkproof_0300_hash,HR_SIGN_0300
0x0000000000000000000000000000000000000301,EMP1300,PSMWW YJOKJX,Marketing,Developer,96025,80,32,95,55,59,46,20,No,7,64.3,No,0,3,0x01d6728821c57d9438ea80ecf2820511a930d9f8,0x6e1e7dffafef7032956a37765a8f82467054f800,No,2026,True,301,zkproof_0301_hash,HR_SIGN_0301
0x0000000000000000000000000000000000000302,EMP1301,MQDWL FROCPV,Operations,Developer,107562,66,58,76,89,65,96,1,Yes,7,72.9,Yes,13,0,0x89d2e87193d3c6ecb333189e4656f312fd9f42ad,0x3cfff80130065e8ee73325fccdc3a622a5d20f48,No,2026,True,302,zkproof_0302_hash,HR_SIGN_0302
0x0000000000000000000000000000000000000303,EMP1302,WAVTM SCDUWM,R&D,Coordinator,35302,89,58,40,70,99,90,21,No,4,63.2,No,0,2,0xf607c8665770703a4f1204c3a15518b88b92be97,0x8af06fc6524df189640ad604f5c0a694614662c4,No,2026,False,303,zkproof_0303_hash,HR_SIGN_0303
0x0000000000000000000000000000000000000304,EMP1303,DLMWA KQEJOG,IT,Manager,64888,62,54,73,47,57,76,2,Yes,7,64.1,No,0,2,0xc71e343ec25d97779c0bf2dd6b9aee8046364a2d,0x05ea11b274a34b28d12da94b2b363bf868ccda57,No,2026,True,304,zkproof_0304_hash,HR_SIGN_0304
0x0000000000000000000000000000000000000305,EMP1304,NJRSQ JBSTEY,IT,Intern,78545,60,41,99,74,75,86,15,No,2,80.6,Yes,12,0,0x51cdca2bf0495254bfd0e897245d20b6351b548f,0x94c0e9c5868f9453c2848f408d88deb5a91126cd,Yes,2026,True,305,zkproof_0305_hash,HR_SIGN_0305
0x0000000000000000000000000000000000000306,EMP1305,WSQGH RKCVFK,Engineering,Developer,70734,85,50,91,41,81,83,13,No,0,77.5,Yes,13,1,0x52ad86e5d85ea43bfb26a4d52b4daaa2b2df7430,0x1711d0f998c2b7e383833d7cea69b12ad4bfc068,Yes,2026,True,306,zkproof_0306_hash,HR_SIGN_0306
0x0000000000000000000000000000000000000307,EMP1306,HIWYP YZAZHX,R&D,Lead,61886,78,32,58,67,62,55,7,Yes,2,52.3,No,0,2,0x0844f993993091c39d84f0a3b8a7235b055eaf9c,0x11c1f218c5aeaceae27e9785fcc5dfb269644ddd,No,2026,True,307,zkproof_0307_hash,HR_SIGN_0307
0x0000000000000000000000000000000000000308,EMP1307,BQJQI FONACA,R&D,Manager,64983,69,30,7,48,89,59,16,No,7,39.0,No,0,2,0x67fddec024ffb2799f8b37704f6380dd727c5d7a,0x66461d06f95b78ef6ec77e813106c049109d8b3b,No,2026,False,308,zkproof_0308_hash,HR_SIGN_0308
0x0000000000000000000000000000000000000309,EMP1308,HOJJZ MAUHSN,Marketing,Engineer,101897,98,57,7,48,83,65,19,No,2,39.1,No,0,0,0x6013b16378c13e849684bb602bdf1769a3c29318,0x17dc95aa44ea70b5aa5a8ecba2f613cb01e385d2,No,2026,False,309,zkproof_0309_hash,HR_SIGN_0309
0x0000000000000000000000000000000000000310,EMP1309,MEWGR BLAZOW,HR,Intern,120394,78,41,49,54,51,51,3,No,2,45.3,No,0,2,0x18afe7f6c34842ed831d09ac8d7a5dee311b5d9d,0x0a4a276c3c3b39383f7d94958b16922c795ab7fc,No,2026,True,310,zkproof_0310_hash,HR_SIGN_0310
0x0000000000000000000000000000000000000311,EMP1310,PBIUY YUIPDP,Operations,Coordinator,42903,95,33,3,53,57,86,23,Yes,9,39.3,No,0,0,0x5d40c7e3cb61bd88524cea811da00d26be180020,0xab3e5fded7958477adc8117ffb49a9f8f9ebab16,No,2026,False,311,zkproof_0311_hash,HR_SIGN_0311
0x0000000000000000000000000000000000000312,EMP1311,KMFII SEGEAJ,Operations,Developer,52338,80,48,87,75,83,41,3,No,1,63.8,No,0,1,0x0637e2d9a47bdd53c151f0eb56dcd9ea45d5a9b2,0x205da8983e33529b26eb0f264bd07d8450be4ba0,No,2026,True,312,zkproof_0312_hash,HR_SIGN_0312
0x0000000000000000000000000000000000000313,EMP1312,RBLXA INSDMZ,Finance,Engineer,39589,95,48,50,47,90,66,18,Yes,1,57.9,No,0,4,0x6d48c1e82cec10b37c71cea65b31cf5809ac7cf2,0xccbc17c721b46eff4bbedb21206705a9544fae6c,No,2026,True,313,zkproof_0313_hash,HR_SIGN_0313
0x0000000000000000000000000000000000000314,EMP1313,PVWSK RSODZT,Finance,Lead,93065,97,38,26,85,54,53,8,No,8,37.9,No,0,0,0x9b2607e6d4a1a587eba44de2bcb760e6e56deff3,0xe320570961688e63ea939537b255fc380c81c22d,No,2026,False,314,zkproof_0314_hash,HR_SIGN_0314
0x0000000000000000000000000000000000000315,EMP1314,OLOBF RLZINI,Operations,Coordinator,140342,63,50,93,94,90,81,6,No,5,80.0,Yes,2,2,0x0911e0f7f7cfe37168800b28a564289f59b4b399,0x59cc29ada8bf333631823d963a600511dd764b50,Yes,2026,True,315,zkproof_0315_hash,HR_SIGN_0315
0x0000000000000000000000000000000000000316,EMP1315,LXIXY OGHQYP,HR,Developer,114788,84,40,86,47,79,41,5,No,4,62.9,No,0,4,0x2ff751decd10dc1415827932efcd46d12d86492f,0xf48d338833d016a91e7159b6a2135982d97a5b8f,No,2026,True,316,zkproof_0316_hash,HR_SIGN_0316
0x0000000000000000000000000000000000000317,EMP1316,KUMQD HVRNUJ,Finance,Coordinator,93182,84,44,27,49,81,68,8,No,4,47.8,No,0,4,0x9a206cd598a24b56de187618a4ad9f8cae268608,0x1fca2a53b2d6d3b0aab54d3fa6db9aa2ca580cba,No,2026,False,317,zkproof_0317_hash,HR_SIGN_0317
0x0000000000000000000000000000000000000318,EMP1317,JVYFF FIMIZZ,IT,Developer,50572,75,31,20,45,73,48,14,Yes,2,37.2,No,0,4,0xf486cc6d0f4a7a531c5d12ec338d766c9d58ef53,0x487401b1e8f805a1d415d37d8ed029191476614e,No,2026,False,318,zkproof_0318_hash,HR_SIGN_0318
0x0000000000000000000000000000000000000319,EMP1318,QZKFL ZRKWNZ,Operations,Lead,71200,87,53,87,59,75,95,4,Yes,7,79.0,Yes,10,2,0xe6510288e3537130baac9ae3aad0e03522ebd1cb,0x04816817b90ab3cd043ec48450f365b1a6f3dc5e,Yes,2026,True,319,zkproof_0319_hash,HR_SIGN_0319
0x0000000000000000000000000000000000000320,EMP1319,MIADJ GZMNUW,Finance,Lead,102570,95,35,91,67,50,69,24,No,0,67.1,No,0,4,0xdb0ecc63ac06328e4ddd6f74d252a92c962bd8c7,0xb492bb5c04f0306476c181d36db23c3931fba0d3,No,2026,True,320,zkproof_0320_hash,HR_SIGN_0320
0x0000000000000000000000000000000000000321,EMP1320,DDFHU BSNOPN,IT,Engineer,77896,64,34,11,44,86,64,7,No,5,41.3,No,0,0,0x2806dd08936c75d4d71409eb1a82a771cfaaffba,0xa9c5adae4fd4a88e86b531a85e8d55dd7692450c,No,2026,False,321,zkproof_0321_hash,HR_SIGN_0321
0x0000000000000000000000000000000000000322,EMP1321,ZHOIW GIKZPT,R&D,Manager,101748,82,52,85,41,66,78,0,Yes,7,71.3,Yes,8,2,0xbe26786e7416135b7fb542a30390e519fed0c18a,0xba119f8e5f52878f30ca21704f0bce689db89632,No,2026,True,322,zkproof_0322_hash,HR_SIGN_0322
0x0000000000000000000000000000000000000323,EMP1322,ADYQE CSUOAY,Operations,Coordinator,58163,97,30,5,92,98,46,1,Yes,3,35.7,No,0,0,0x0d48164877b67cb9c93b3db54a061e6ba9f08704,0x6b68106ad542b2aa8a4f3c413ab86dc21001f896,No,2026,False,323,zkproof_0323_hash,HR_SIGN_0323
0x0000000000000000000000000000000000000324,EMP1323,ZMZUJ HVEQPF,Finance,Manager,137696,87,47,12,51,95,54,18,No,6,40.6,No,0,3,0xfe877e98329f29ffb34995c7a47e75311b36d185,0x9a1e7215ceb7f2b1aa78419c3876cf5e1bbca320,No,2026,False,324,zkproof_0324_hash,HR_SIGN_0324
0x0000000000000000000000000000000000000325,EMP1324,QPDQF EKQNUQ,R&D,Lead,82570,90,43,34,49,59,42,21,No,7,38.7,No,0,4,0x2dc500edf1802d157cbd9716bcfb51ee19a2c1d3,0x43af6d3d4d1cb49e748d461bf84a150f4a69c3ab,No,2026,False,325,zkproof_0325_hash,HR_SIGN_0325
0x0000000000000000000000000000000000000326,EMP1325,SWIGJ KOOUKU,HR,Developer,58949,79,45,92,60,99,91,11,Yes,9,84.8,Yes,11,3,0x30fe10cd9a8bf06dff080e1cee93d1f0921cd5db,0xe70c9e5835e1ae768915326063f1227f1e3e4aa4,Yes,2026,True,326,zkproof_0326_hash,HR_SIGN_0326
0x0000000000000000000000000000000000000327,EMP1326,XNUAL HWIWSU,R&D,Lead,47762,97,56,0,99,50,57,23,Yes,3,27.4,No,0,2,0xfa40a5fb492fe45961712dae99ef6a49e99b4cc7,0x3f458998049ad6016172d145bf1cfb443ba725d7,No,2026,False,327,zkproof_0327_hash,HR_SIGN_0327
0x0000000000000000000000000000000000000328,EMP1327,QTLRU OBPCIJ,Operations,Developer,57718,64,35,43,55,69,60,15,No,8,49.8,No,0,1,0x736977e0fde9de6bee208ac305741a496143f718,0xc23831f34d8a9006cfd3d4f6b9ec1796a8c09596,No,2026,False,328,zkproof_0328_hash,HR_SIGN_0328
0x0000000000000000000000000000000000000329,EMP1328,XTJEC AAHEGA,HR,Manager,101927,74,34,77,93,79,40,14,No,4,59.0,No,0,3,0xfe849080b58155989cfe7e12553ff551ba7b30f9,0xa97cb356fa7b8eddcf77e17ee382f800f9add330,No,2026,True,329,zkproof_0329_hash,HR_SIGN_0329
0x0000000000000000000000000000000000000330,EMP1329,VZPAV PJLFWS,Marketing,Developer,34630,97,58,10,45,60,52,1,Yes,8,32.4,No,0,0,0x6d41234e7a86f33918af4d57697803e5682bfae3,0x583df36331d6a75f37ddc7460c2f0a40d361abae,No,2026,False,330,zkproof_0330_hash,HR_SIGN_0330
0x0000000000000000000000000000000000000331,EMP1330,PQJVE XEPAKG,IT,Manager,86923,65,30,16,75,99,90,10,No,8,54.0,No,0,0,0xfbc921463cdc8a94437434dc8db29be86f975aad,0x9d592b006dc99b2ad9c89de7a053e767b2ee32d0,No,2026,False,331,zkproof_0331_hash,HR_SIGN_0331
0x0000000000000000000000000000000000000332,EMP1331,BQKTU ANNWQO,HR,Lead,96379,61,39,19,72,67,60,7,No,0,39.0,No,0,1,0x08e5eab72a69b2565022d9c5f1481a3976ed5e1b,0x9e8dea9a1d4f95025a0ee0efcf8861de58607920,No,2026,False,332,zkproof_0332_hash,HR_SIGN_0332
0x0000000000000000000000000000000000000333,EMP1332,SUQBY TBQAET,R&D,Coordinator,73452,66,30,28,73,67,93,18,Yes,5,53.0,No,0,2,0x5ad16dbf95d45c8d6a34ca4c9716a10d916d83b2,0x70091043a8c78f8549c2caee84fe6252308b2efa,No,2026,False,333,zkproof_0333_hash,HR_SIGN_0333
0x0000000000000000000000000000000000000334,EMP1333,NHIRY TGMCZE,Finance,Manager,46376,82,38,20,92,71,43,9,Yes,6,35.7,No,0,2,0x63845b6e63b007994433b3766603dd5eb30b47e8,0x89b1ba9ece087aa563240a50fda700cf434f5f9e,No,2026,False,334,zkproof_0334_hash,HR_SIGN_0334
0x0000000000000000000000000000000000000335,EMP1334,RHNRI EZZOPR,Operations,Intern,112240,72,56,39,98,74,82,14,No,7,55.7,No,0,1,0x36ec9ec48de80c80f969094e19e9e8e5573e669e,0xe5f6ef36faf8d2b6a0b349dd9982232987867a28,No,2026,False,335,zkproof_0335_hash,HR_SIGN_0335
0x0000000000000000000000000000000000000336,EMP1335,RYHIY WHNMQK,Operations,Developer,134055,68,35,52,86,61,93,7,No,4,61.3,No,0,0,0x0753bc39ba6faf36b16f6ef3f14644da68c6d5b2,0xef4356faa3ca451511239d2ac73c83b906f1d6cd,No,2026,True,336,zkproof_0336_hash,HR_SIGN_0336
0x0000000000000000000000000000000000000337,EMP1336,OOIME VAEIEQ,Finance,Manager,85275,72,51,15,43,92,46,2,Yes,9,39.1,No,0,0,0x6b3b886aed0075d445b3b2285e08a0f838e4e0b5,0xfa9041ae4b0165daf9abded3d22f114b3b1eadc6,No,2026,False,337,zkproof_0337_hash,HR_SIGN_0337
0x0000000000000000000000000000000000000338,EMP1337,NRQQW ULCWRF,Engineering,Developer,129121,69,41,90,61,94,68,12,Yes,9,76.1,Yes,15,1,0x649e12053bef805f8c84e6a1cddd750801665924,0x76ab23c82b2a21d8d0eb0d124cbe63f286a07091,Yes,2026,True,338,zkproof_0338_hash,HR_SIGN_0338
0x0000000000000000000000000000000000000339,EMP1338,BVENK DQFPAT,IT,Engineer,98192,83,42,69,42,59,58,21,No,9,57.7,No,0,1,0x7cf396f6c49b7fe643525edcb0c1ddcbef6453e2,0x32fc026c12dd1a01055fd4f99fc8273c88c57909,No,2026,True,339,zkproof_0339_hash,HR_SIGN_0339
0x0000000000000000000000000000000000000340,EMP1339,EMJWK VLQGOR,HR,Coordinator,58754,70,51,83,46,94,97,20,No,4,81.5,Yes,3,3,0xb169abef47ebf9b0c2bb5b335e2504d8e9d2385b,0x80a18a445d30b465d95a526133424a2c0f82799f,Yes,2026,True,340,zkproof_0340_hash,HR_SIGN_0340
0x0000000000000000000000000000000000000341,EMP1340,BISBI COPYCD,Engineering,Intern,130636,95,35,4,67,75,91,7,Yes,9,44.8,No,0,1,0xd1bae68d0e54f993e0980bda295b74360f824d8a,0xd74c7d91d2db3dd46b8518005d410b917a27dd0d,No,2026,False,341,zkproof_0341_hash,HR_SIGN_0341
0x0000000000000000000000000000000000000342,EMP1341,UTMZC XTIZAX,R&D,Coordinator,89753,78,44,46,97,50,64,14,No,2,47.8,No,0,3,0xa0d350c7da109776474dff7735c036846cb2f84a,0xe127e9fb06156bc6edb029be782cd1dde565302d,No,2026,False,342,zkproof_0342_hash,HR_SIGN_0342
0x0000000000000000000000000000000000000343,EMP1342,XVWBM GKEKRQ,Engineering,Developer,32994,79,44,7,72,90,95,13,Yes,0,49.3,No,0,4,0xdf4b57f781b027a202a43023366c67b3bee06471,0x6a0f00b0c88b9f5f30979762632290da2a4f5306,No,2026,False,343,zkproof_0343_hash,HR_SIGN_0343
0x0000000000000000000000000000000000000344,EMP1343,UXXEX IZTTST,Marketing,Intern,95166,94,45,28,53,85,52,10,Yes,1,43.9,No,0,4,0x7c188346ce43a7d89a7af5bcfaeb94ad099016a2,0xa6b1b9c54b82510223f6be5776ce0b58065de199,No,2026,False,344,zkproof_0344_hash,HR_SIGN_0344
0x0000000000000000000000000000000000000345,EMP1344,IXBGS ITEWHG,Operations,Engineer,117403,79,48,71,96,86,97,18,No,4,75.1,Yes,15,4,0xc6bba5ebddd2dada018f1c15ec367d8f8d96ebda,0x195965a6ef3070a3424b33dc59f2bf551bb1af88,Yes,2026,True,345,zkproof_0345_hash,HR_SIGN_0345
0x0000000000000000000000000000000000000346,EMP1345,OYLAL AVHPTK,Marketing,Analyst,99026,61,30,27,78,66,44,21,No,7,37.9,No,0,2,0x32603e0db7e24d5b0d8c09610795fa110dd31561,0xbe419346aa14b8d00180cedfd3e0254b4ae159c2,No,2026,False,346,zkproof_0346_hash,HR_SIGN_0346
0x0000000000000000000000000000000000000347,EMP1346,VKMJP NUQXQW,R&D,Intern,57600,83,57,45,51,50,60,14,No,2,46.2,No,0,0,0xc44364c8062ef2b328343f23ab4d76ef2155308d,0xda5405d3c7959b474c790cfbdf2afd0b3dde25fc,No,2026,False,347,zkproof_0347_hash,HR_SIGN_0347
0x0000000000000000000000000000000000000348,EMP1347,FRQDS TPXMSN,Finance,Intern,73660,71,54,57,51,84,52,4,Yes,8,56.0,No,0,1,0x07b5fc0a84797afbdc7a43a23cb99d512ec4d43f,0x48c28487acd4b95df993f83e089d6e5e7c4db747,No,2026,True,348,zkproof_0348_hash,HR_SIGN_0348
0x0000000000000000000000000000000000000349,EMP1348,HNCPV BKBCNL,HR,Engineer,82737,97,31,89,71,85,74,3,No,1,74.9,Yes,12,0,0x1893ff18e5b9426d84741429be44768413a6438c,0x84e8aeb796fedf36322c91c870ad144edf62136d,No,2026,True,349,zkproof_0349_hash,HR_SIGN_0349
0x0000000000000000000000000000000000000350,EMP1349,ECSWJ IFRAXI,Finance,Engineer,53980,97,51,79,56,70,48,16,Yes,9,60.9,No,0,2,0x2fd226d4cd1ae394c9883d230bbb840a1b8bd627,0x6bf6a89f8f897bf2a47d3d34bdc7fdf835e0e306,No,2026,True,350,zkproof_0350_hash,HR_SIGN_0350
0x0000000000000000000000000000000000000351,EMP1350,LHNTS MLDUNF,Engineering,Engineer,100673,61,31,60,76,67,56,2,No,3,54.5,No,0,1,0xe551b66b4fe1e2e301e9728641fc36a624ff6d3e,0x90896882efb2ea4804c5fa8163b2b46ee15a99a6,No,2026,True,351,zkproof_0351_hash,HR_SIGN_0351
0x0000000000000000000000000000000000000352,EMP1351,DUUXB QZYNON,Operations,Lead,92125,83,35,18,48,89,76,8,No,2,48.0,No,0,2,0xccb1693823267263f29b80d63af384db2a7202e2,0x2a7856054af061656b1e32db6d390355e9b6a44e,No,2026,False,352,zkproof_0352_hash,HR_SIGN_0352
0x0000000000000000000000000000000000000353,EMP1352,CLJEJ PBRUYW,HR,Analyst,102486,79,30,50,47,89,83,14,Yes,2,62.9,No,0,1,0xadb27a741a1c309f1160f35d0f2248f82de440b7,0xb2b094a02469901efd903030b0e35cdec1665877,No,2026,True,353,zkproof_0353_hash,HR_SIGN_0353
0x0000000000000000000000000000000000000354,EMP1353,XVTYO KSIAHL,IT,Manager,103743,64,39,88,91,91,97,23,Yes,8,83.3,Yes,2,3,0xd98e0d5b8f5fef854ed71499e4a5c6da08f3815e,0x247c4940e8f757e0ed58e53f5446e169595862ca,Yes,2026,True,354,zkproof_0354_hash,HR_SIGN_0354
0x0000000000000000000000000000000000000355,EMP1354,OTEBL WDBYRO,HR,Intern,76542,82,39,67,81,62,42,6,Yes,2,52.0,No,0,1,0x898c9d6f4c4a1d7dbbe7d40325540612c0c8677a,0xc4b3d9cdac82d808b91b16853248d554da9714c9,No,2026,True,355,zkproof_0355_hash,HR_SIGN_0355
0x0000000000000000000000000000000000000356,EMP1355,XAHRU SYNDMZ,HR,Intern,145089,86,44,3,90,60,46,23,Yes,3,27.3,No,0,3,0xeb9a2d1996d14f4553bbfdab23d16751d3c96213,0xd19ab7127e880421a439445964f131f481f35257,No,2026,False,356,zkproof_0356_hash,HR_SIGN_0356
0x0000000000000000000000000000000000000357,EMP1356,OESXL IOXZTR,IT,Manager,134534,67,36,88,99,57,70,14,Yes,5,68.1,No,0,0,0x5d81a7d33081d175f742f7f7aa00630a4b7a22db,0x50166fc1cb935118452e8c7e2383990a93c6c819,No,2026,True,357,zkproof_0357_hash,HR_SIGN_0357
0x0000000000000000000000000000000000000358,EMP1357,AEBFQ XHGDDX,Marketing,Lead,31728,77,36,3,76,64,58,21,No,8,32.2,No,0,4,0x4a81f6c7dc1a86a2ef0dd8108f241275b8cb6ea5,0x91b6fbcdb0808f3b4018b804bf2d22a7ddc5a67d,No,2026,False,358,zkproof_0358_hash,HR_SIGN_0358
0x0000000000000000000000000000000000000359,EMP1358,XBXAP TNNMYZ,Finance,Analyst,112416,83,50,19,42,52,40,1,No,2,30.2,No,0,0,0xb193534499812657cfcd9c9ad72376b755322e8e,0x3bfe379446f8b543617326ff1d6001a6d1cf532a,No,2026,False,359,zkproof_0359_hash,HR_SIGN_0359
0x0000000000000000000000000000000000000360,EMP1359,YOUUK SZMWSJ,Engineering,Manager,139631,63,33,80,65,65,76,22,Yes,1,67.9,No,0,3,0x9fd88440c712eef46bb8309da7d23ed89d72392e,0x1dcb87b80a72b2fb2164a0deedfe291fd707a254,No,2026,True,360,zkproof_0360_hash,HR_SIGN_0360
0x0000000000000000000000000000000000000361,EMP1360,PRNMR PCITXZ,HR,Intern,30551,82,48,50,85,54,49,10,No,7,46.2,No,0,1,0x51500bc0b68c44e9cfe347d07506b6cb47606396,0xacb80ba284e77fcd8497a0774492b4b216d6fd6b,No,2026,True,361,zkproof_0361_hash,HR_SIGN_0361
0x0000000000000000000000000000000000000362,EMP1361,JJLLT PPGNOV,Marketing,Engineer,99361,75,46,41,43,99,80,13,No,5,60.7,No,0,1,0x4f2d265eafe5b3bec8d2299ee7754d89e60ad3ac,0x29449537e5f2c75ad1cbb9acad2d083b34bae7cc,No,2026,False,362,zkproof_0362_hash,HR_SIGN_0362
0x0000000000000000000000000000000000000363,EMP1362,GJMZC LUTNMN,IT,Lead,62191,84,58,18,75,51,67,4,No,4,37.9,No,0,1,0x33a75eef132e6ddf5a73579bc2002e0bb5edb069,0x106eb59961a18d5599031eaa67c7d2e388c5620a,No,2026,False,363,zkproof_0363_hash,HR_SIGN_0363
0x0000000000000000000000000000000000000364,EMP1363,TLCOK XURKEH,IT,Manager,46699,81,48,86,62,77,65,19,No,2,69.5,No,0,4,0x7dc3bee4ad889ee6208c5a7e5f934cd4d390f319,0x7f12bd356bb653c62d949f04949c6901d47b4947,No,2026,True,364,zkproof_0364_hash,HR_SIGN_0364
0x0000000000000000000000000000000000000365,EMP1364,FDFKO VMRKMX,IT,Coordinator,129239,64,57,97,53,92,68,0,Yes,4,78.0,Yes,9,2,0xcb0fa9b0cbd5c75743035dda182d59db30bbd412,0x2aa04147ca9190c2e39ccfff373e45057757d515,Yes,2026,True,365,zkproof_0365_hash,HR_SIGN_0365
0x0000000000000000000000000000000000000366,EMP1365,URTXU LWMIFB,Operations,Coordinator,93884,65,45,82,98,85,89,14,Yes,2,76.7,Yes,11,3,0x97ffc7294d44c281cb6d36458b7812b72ad37d90,0xa62178db8583739fe632b355db9f6d1e3ea7234c,Yes,2026,True,366,zkproof_0366_hash,HR_SIGN_0366
0x0000000000000000000000000000000000000367,EMP1366,LTHBJ UNVVNT,Engineering,Lead,35169,67,42,59,64,56,64,0,No,6,54.6,No,0,0,0xee3c9d0108a3288ca9022345fc9dd15f4d919171,0x8bd2ec0c8f3f5c4a467d2341bd1e9217604deb25,No,2026,True,367,zkproof_0367_hash,HR_SIGN_0367
0x0000000000000000000000000000000000000368,EMP1367,OSMIP ZGNXYV,IT,Engineer,127801,75,56,16,82,58,91,13,Yes,4,45.7,No,0,2,0x288f76fedbb39bcdeb20f8f64d6bf3bee85cb7a7,0x8f404765a9eaf0076f480017646f4e1326e5f2b6,No,2026,False,368,zkproof_0368_hash,HR_SIGN_0368
0x0000000000000000000000000000000000000369,EMP1368,FGLKD KGBQPZ,Engineering,Engineer,144355,91,37,15,86,66,76,0,Yes,4,42.4,No,0,0,0x4f69940c6b7ae21a91efb60cd82427b91b2284e2,0x6a2ae1888e7656f505a8aad9092ef828bb5a8186,No,2026,False,369,zkproof_0369_hash,HR_SIGN_0369
0x0000000000000000000000000000000000000370,EMP1369,UPKQH GBPVUW,Engineering,Engineer,123450,97,50,87,89,50,56,2,Yes,2,61.8,No,0,2,0xa763bcb7aa0554114fb34b431d1daef801ecce84,0x2a37d8780cca7da1bbd5912ce24012e64abcea68,No,2026,True,370,zkproof_0370_hash,HR_SIGN_0370
0x0000000000000000000000000000000000000371,EMP1370,ERBOV PBXVAN,HR,Coordinator,141711,89,41,9,69,66,91,21,No,2,44.3,No,0,1,0x8f2b4541b1af8168e22b36d1e83d539e567b6482,0xdfa1c5e71b2bfed4570334fe30163fdce158a3c0,No,2026,False,371,zkproof_0371_hash,HR_SIGN_0371
0x0000000000000000000000000000000000000372,EMP1371,LHNUR HDQPTP,Engineering,Engineer,71929,60,44,2,56,60,73,0,No,1,34.8,No,0,4,0x4a917f795ed6f033c5c2fd631f6a5233f7aecdc6,0xd1a85b08142490dbd158e1a459386e26d620ce94,No,2026,False,372,zkproof_0372_hash,HR_SIGN_0372
0x0000000000000000000000000000000000000373,EMP1372,RKRLZ IEMCGU,Marketing,Manager,46178,95,44,90,94,68,61,19,No,5,68.4,No,0,4,0xfa938ad86868985d0fb5f3ce949b0e07c92a3801,0x0056e422061f88baa698839324f2e707fb2d8fc6,No,2026,True,373,zkproof_0373_hash,HR_SIGN_0373
0x0000000000000000000000000000000000000374,EMP1373,WSYYN SMWGQP,Finance,Coordinator,62461,95,36,96,94,60,45,6,No,4,64.3,No,0,1,0x8a1b6de95fdacae1b4611ebc87a1fa0b9cb457af,0xef48b8ff51ea36de132266b29c4165b3df3ec90f,No,2026,True,374,zkproof_0374_hash,HR_SIGN_0374
0x0000000000000000000000000000000000000375,EMP1374,AZOYZ SHJRRF,R&D,Lead,149464,86,37,2,84,51,45,1,Yes,8,25.3,No,0,2,0x26e21cf789e8821eca5a4fdc16bb4462cbf80663,0x3eaa1b5b3ecdbbdd8cb65c94574ad8e146055d36,No,2026,False,375,zkproof_0375_hash,HR_SIGN_0375
0x0000000000000000000000000000000000000376,EMP1375,IOFFR AUHXUT,HR,Analyst,141631,87,55,11,78,71,44,16,No,0,31.8,No,0,0,0xee4f91f7a8010945ec77ecbfe7f2dba5401c7dd4,0x5b7fb24d72217e5554352c4e0664027600c334fc,No,2026,False,376,zkproof_0376_hash,HR_SIGN_0376
0x0000000000000000000000000000000000000377,EMP1376,OFAOC HDTDGZ,IT,Intern,107956,98,33,95,94,99,95,5,Yes,6,86.9,Yes,3,4,0xa9476f99cd4ff7981d935e2f680c9c6086e9c570,0x14584c1d44799dfd67a015f85ea39e13c0a0f016,Yes,2026,True,377,zkproof_0377_hash,HR_SIGN_0377
0x0000000000000000000000000000000000000378,EMP1377,AJXEQ OJRPCO,Marketing,Intern,139231,89,44,16,87,82,69,5,No,3,43.8,No,0,2,0x59f37fb5a13754d252605cb0d44c694cd55c53f8,0x294d4e2cbac0b647ec62bd3ff491589060e7d28d,No,2026,False,378,zkproof_0378_hash,HR_SIGN_0378
0x0000000000000000000000000000000000000379,EMP1378,JVUTR PYOCQN,Operations,Lead,67061,97,35,32,89,98,56,22,No,2,49.4,No,0,2,0x55019ebc5903a89b20c57f3e3e40d5a1509c1f5a,0x12a90f0eb3ff83d7eebe7719c5b21354abfa4879,No,2026,False,379,zkproof_0379_hash,HR_SIGN_0379
0x0000000000000000000000000000000000000380,EMP1379,PSOBC HLYUZT,IT,Manager,33541,74,44,29,42,88,80,24,No,4,53.6,No,0,2,0x408f24ec29f6476852f771f3ec555f0b2d88c1b7,0x641965c610b8b96453638a60b96f0622c8dd839b,No,2026,False,380,zkproof_0380_hash,HR_SIGN_0380
0x0000000000000000000000000000000000000381,EMP1380,MTSYG FICCAR,HR,Lead,50152,78,45,83,96,57,79,9,No,8,69.1,No,0,4,0x6911346e883ef6796ffc4e9c6fb18a0a1a1c3e48,0x973ff04ec22482be5b38c13cda64cea16512c7c6,No,2026,True,381,zkproof_0381_hash,HR_SIGN_0381
0x0000000000000000000000000000000000000382,EMP1381,VIBLY EKSRKO,Engineering,Analyst,90025,76,49,88,52,92,82,17,Yes,2,78.4,Yes,2,0,0xf730079208814f1185dfe6cbfeac0968d3ad1671,0x76484dce58d0833108508c683de482ee65c780a3,Yes,2026,True,382,zkproof_0382_hash,HR_SIGN_0382
0x0000000000000000000000000000000000000383,EMP1382,QLVGG DNMBSO,IT,Coordinator,90484,99,35,67,72,79,93,22,No,1,70.6,Yes,9,1,0x07e64f6038302c8448287d207b120f0b7225db44,0xc453386084730fe2082b4d6a4d842688aa044025,No,2026,True,383,zkproof_0383_hash,HR_SIGN_0383
0x0000000000000000000000000000000000000384,EMP1383,ALZWD IKZGHQ,R&D,Manager,66613,78,42,87,46,82,59,22,Yes,7,69.6,No,0,2,0xb0eed4b3c2ed6b2b853ae44b7e025b0ed45aa8b2,0xdab7e529507452ab0fedf7771462d7b15f5c64c4,No,2026,True,384,zkproof_0384_hash,HR_SIGN_0384
0x0000000000000000000000000000000000000385,EMP1384,IENOA HCPBNH,IT,Lead,37165,92,51,24,76,99,43,6,No,6,42.9,No,0,0,0xef36e33ee630793c6f11df2c088bdc52fe123dc1,0xa58eec0edb460be2bd6df3969147263e23ca7a82,No,2026,False,385,zkproof_0385_hash,HR_SIGN_0385
0x0000000000000000000000000000000000000386,EMP1385,CYTKE LEIEVI,Engineering,Intern,125568,72,40,13,91,77,49,0,No,1,35.4,No,0,0,0x253ef0029f24f25c1bd93dfb4ff764ba7b1f0d9f,0x1907abd2680b0de7c7f5656bcf32b3ad3020d7fd,No,2026,False,386,zkproof_0386_hash,HR_SIGN_0386
0x0000000000000000000000000000000000000387,EMP1386,KFUTV FJXBAE,Operations,Analyst,128516,85,46,21,51,73,69,14,Yes,7,44.4,No,0,1,0xed31c5a964befd37934d09e37acbbd36a6c6b9f2,0xa9a6275eb827585131a403b30081d34ba3e19e49,No,2026,False,387,zkproof_0387_hash,HR_SIGN_0387
0x0000000000000000000000000000000000000388,EMP1387,LYYTI UBMTWS,Engineering,Manager,58773,86,46,67,70,81,80,9,No,6,67.6,No,0,1,0x7e00f2e696f709d059dc4081a21ba22c3ab5d294,0x8d568e6d6b373db06770b490b8be4d8e7569a9a1,No,2026,True,388,zkproof_0388_hash,HR_SIGN_0388
0x0000000000000000000000000000000000000389,EMP1388,UGDKB RREGMA,R&D,Developer,116384,89,55,87,53,95,98,1,Yes,2,83.4,Yes,10,1,0x1cb2179b000571393212d4bd332ec91fab5c139f,0x3486da72e4aa27ca6baab9f776fba6a93be2a713,Yes,2026,True,389,zkproof_0389_hash,HR_SIGN_0389
0x0000000000000000000000000000000000000390,EMP1389,SMOXB GWZGWX,R&D,Lead,96519,67,45,38,72,98,56,13,Yes,6,52.2,No,0,3,0x1bddcfb3b0fcebab819050044b928b7708b3a6ae,0x923d588f3f17866488933c7aa34223e9576245c3,No,2026,False,390,zkproof_0390_hash,HR_SIGN_0390
0x0000000000000000000000000000000000000391,EMP1390,KXSYE VAZOLY,Marketing,Engineer,40919,99,45,12,57,69,57,5,No,0,35.7,No,0,1,0x6b863d6ff4cfdf872c3dd41da0df2666c8b60561,0x318b45991827530dad9925d84c0cf0199e95b9a4,No,2026,False,391,zkproof_0391_hash,HR_SIGN_0391
0x0000000000000000000000000000000000000392,EMP1391,KITXI MTMGHL,Finance,Intern,90495,87,31,72,40,94,56,18,No,8,65.2,No,0,3,0x2d3d345770c5d0f75302eccbda7feedbbd03247a,0x666dfddd53438051f8bb5e4e013579d1d43c4522,No,2026,True,392,zkproof_0392_hash,HR_SIGN_0392
0x0000000000000000000000000000000000000393,EMP1392,TTKBE XHWMLJ,R&D,Analyst,128745,67,51,95,98,70,47,16,Yes,3,66.4,No,0,0,0xacc69b5fadd426fd5e7e919ccab75c75811d11bd,0x893358c33e9e6a81d439e8c9f96c020762160383,No,2026,True,393,zkproof_0393_hash,HR_SIGN_0393
0x0000000000000000000000000000000000000394,EMP1393,YTDXQ CNKFCT,IT,Intern,89269,68,59,43,40,94,64,0,No,1,55.3,No,0,0,0x9b20d77a259c2377b3d69b2ee82696342f5a48bd,0x68fe9c77ba955bcf5a213943d60c489a7077c34e,No,2026,False,394,zkproof_0394_hash,HR_SIGN_0394
0x0000000000000000000000000000000000000395,EMP1394,GBRIY NLSMZA,Engineering,Manager,71780,72,51,96,46,51,80,16,No,5,73.1,Yes,8,2,0x24641ef75ee5c7dce7c0ede8810a504b5b87031c,0x89156a2500e6981f8f4cfb35da73a21ec1609a3e,No,2026,True,395,zkproof_0395_hash,HR_SIGN_0395
0x0000000000000000000000000000000000000396,EMP1395,JHSSD LNUQSW,Marketing,Developer,120712,85,52,79,41,68,94,21,No,4,73.8,Yes,10,1,0xfe3f98fef28e7b69354206f528eab2e5be44f65c,0x1d3ea666b5bbe36799b084978596fee787fbbd5a,No,2026,True,396,zkproof_0396_hash,HR_SIGN_0396
0x0000000000000000000000000000000000000397,EMP1396,GTCLQ YMQIAF,Operations,Engineer,114582,86,47,73,96,70,96,6,No,3,72.3,Yes,13,1,0x9e9088978021502a4acd2908dd432678af4c218f,0x2b827a39ef2cada7c1fe42ffa8b1e67a2918f0be,No,2026,True,397,zkproof_0397_hash,HR_SIGN_0397
0x0000000000000000000000000000000000000398,EMP1397,KPKVZ VZIDPI,Marketing,Intern,102256,99,33,48,50,89,87,24,No,0,63.1,No,0,4,0x595d77c19270103e4358854c7c36770760a37738,0x419f00f6fc66ad756bc651e990e126f8ed13a069,No,2026,True,398,zkproof_0398_hash,HR_SIGN_0398
0x0000000000000000000000000000000000000399,EMP1398,ZINLB DUGHYN,IT,Developer,81168,63,40,10,49,90,58,14,Yes,9,40.3,No,0,4,0x1d5a05bc889cc071b639e6ab46066b5a051c78f2,0x5e25e6b2241476fd092dc3cf4b39257da73da953,No,2026,False,399,zkproof_0399_hash,HR_SIGN_0399
0x0000000000000000000000000000000000000400,EMP1399,BMPSH HYRWQZ,R&D,Lead,76905,80,43,22,58,80,80,17,No,2,49.0,No,0,1,0x6e109d4eed76156a76349fe7184460cf03757670,0x5ab4b282330313a4737170eee27feb8e442e8b8d,No,2026,False,400,zkproof_0400_hash,HR_SIGN_0400
0x0000000000000000000000000000000000000401,EMP1400,PEOZI JMCGGY,IT,Engineer,110702,93,33,67,68,61,56,6,Yes,2,56.0,No,0,1,0x312819deacda3038b1cc22ea1db6e867a4f2deff,0xadc2efe3aeef59fc4e089753e30eee4d21dd3c24,No,2026,True,401,zkproof_0401_hash,HR_SIGN_0401
0x0000000000000000000000000000000000000402,EMP1401,PVNPT DLJJGT,Finance,Intern,82088,79,50,81,89,70,85,9,Yes,9,72.8,Yes,14,4,0xe3d79ed060f6493b5b1109a7b25477b23e3a85b1,0x3a8b8df6dfbde489a291a23a24a8ab6090f84abe,No,2026,True,402,zkproof_0402_hash,HR_SIGN_0402
0x0000000000000000000000000000000000000403,EMP1402,PZLXM TSLGCO,Engineering,Coordinator,53549,76,40,97,55,80,58,13,Yes,0,72.2,Yes,8,2,0xc8a6df5681957a80ebfe8bb3080dceafd558a98f,0x7841724d5b51437093f2e8aa08fc324fb85700b4,No,2026,True,403,zkproof_0403_hash,HR_SIGN_0403
0x0000000000000000000000000000000000000404,EMP1403,MIBMB NCPIAN,Engineering,Manager,116909,87,37,41,65,90,79,6,No,6,58.7,No,0,2,0x2b9b977e4f78e35ea4b76ddcb37997f2db305ee3,0x9cc32432ac54a6b06cf53d3e06f5e253465dba7e,No,2026,False,404,zkproof_0404_hash,HR_SIGN_0404
0x0000000000000000000000000000000000000405,EMP1404,TIOPZ BYISNN,Engineering,Coordinator,143422,81,47,18,86,58,45,16,Yes,5,32.8,No,0,1,0x9c5cd3f7fc3b01589a2350e5b639a30e61253345,0x9ded66a47ee1f27cf6dca91aa4d7985a2706a294,No,2026,False,405,zkproof_0405_hash,HR_SIGN_0405
0x0000000000000000000000000000000000000406,EMP1405,PBDQR DEHPBC,Operations,Engineer,149049,96,38,71,55,79,90,2,No,7,71.9,Yes,10,4,0x3851749a96b867d6a01ed51a29cf9a66d10d6119,0x69902d1f201f49bf9114941c910f0d2c0f2412ec,No,2026,True,406,zkproof_0406_hash,HR_SIGN_0406
0x0000000000000000000000000000000000000407,EMP1406,HWJMI MFQTUQ,HR,Manager,93151,94,39,51,75,73,89,13,No,1,61.8,No,0,2,0x80dc621a4d652fa220bcd88d8994b85197e6bc5b,0x68ced9ed2ac72ef68ff0b60ddaf93ed97bd64cf0,No,2026,True,407,zkproof_0407_hash,HR_SIGN_0407
0x0000000000000000000000000000000000000408,EMP1407,VOOER MZYJOO,Engineering,Developer,71556,67,37,1,46,54,45,11,No,1,24.8,No,0,4,0x89abe69ff7d85204cd3097a7387963369a1f9e6a,0x465742d611cc42a3dcd488ff8b87a1dd72e40a67,No,2026,False,408,zkproof_0408_hash,HR_SIGN_0408
0x0000000000000000000000000000000000000409,EMP1408,IVXKM OOKFZL,Engineering,Intern,56665,75,58,82,92,83,51,7,Yes,1,64.8,No,0,1,0xccc14551ae0976f19d98db0dc08de7e66577665d,0xf44c77e3d02ca0f2f41ee55cbe0bcf4a14671a07,No,2026,True,409,zkproof_0409_hash,HR_SIGN_0409
0x0000000000000000000000000000000000000410,EMP1409,IXLYW DOEELO,R&D,Developer,61013,65,33,93,89,91,56,20,Yes,0,72.2,Yes,4,3,0xa450f4daaeec3325daa8443403dc627e5edba3c9,0xc9e2fcb540a88c3ab2bc62064109aff81d416bc6,No,2026,True,410,zkproof_0410_hash,HR_SIGN_0410
0x0000000000000000000000000000000000000411,EMP1410,JWVAV ASSXME,Finance,Engineer,68749,89,45,96,99,74,41,4,No,0,65.5,No,0,1,0xf30b4f8e6ffe5a16aedf8928eb69252c17aa3aad,0x3aafe186a8c62bbb4f23b9bc7c76c9f83215c799,No,2026,True,411,zkproof_0411_hash,HR_SIGN_0411
0x0000000000000000000000000000000000000412,EMP1411,RZFCP UKNMHF,R&D,Analyst,59602,72,31,36,82,67,82,17,No,5,52.9,No,0,1,0xdbaa69f9db594e7fcb8bb041a0b50a81e3ad73a8,0x91c7da473fa3dc50692cdcfd8d97d1b24b738224,No,2026,False,412,zkproof_0412_hash,HR_SIGN_0412
0x0000000000000000000000000000000000000413,EMP1412,BQPBY EWCBMA,Operations,Developer,35308,82,41,84,64,51,54,21,No,6,60.6,No,0,0,0x59dceed95394ba5b341aa036d8bbad0ae941e919,0x6bb1a00c221c12ef9d36337d4c795592289de0eb,No,2026,True,413,zkproof_0413_hash,HR_SIGN_0413
0x0000000000000000000000000000000000000414,EMP1413,PGHKU RUEUOH,HR,Engineer,124296,70,37,44,78,78,88,7,No,4,60.0,No,0,2,0x017a6bf3b2e29e5ee9566c92bb8c781150801d46,0x945c003d1ce3bce635bbdbaed73b38d1892c0300,No,2026,False,414,zkproof_0414_hash,HR_SIGN_0414
0x0000000000000000000000000000000000000415,EMP1414,OORPW CINMWW,R&D,Lead,57488,99,37,78,99,74,66,13,Yes,0,65.8,No,0,3,0x9d4ab8611faf9a7eb595f6bd9230de9b48b4d1e0,0x6d857ed60b9e4d81bbdc1ac56b69724794aa879c,No,2026,True,415,zkproof_0415_hash,HR_SIGN_0415
0x0000000000000000000000000000000000000416,EMP1415,APQUH NVSTHJ,Operations,Analyst,92355,88,59,57,52,95,56,23,No,8,59.4,No,0,0,0xb2e567622fba2e1ddc57e46718e3c57a4a146a35,0x5e3bd3df47bb7f9740ada5754cfc88d3d02ce086,No,2026,True,416,zkproof_0416_hash,HR_SIGN_0416
0x0000000000000000000000000000000000000417,EMP1416,WHMWP SZRPGQ,Engineering,Manager,72348,97,46,22,60,70,86,10,Yes,0,48.6,No,0,0,0x0fa6a8e4a4af4ab5b1305c50ef4d3412affd3264,0xabb358e2115a4ae42242b76d6cb0381f72d7b309,No,2026,False,417,zkproof_0417_hash,HR_SIGN_0417
0x0000000000000000000000000000000000000418,EMP1417,CGKYG DJUILS,Operations,Intern,102784,62,33,54,88,76,80,24,No,7,61.5,No,0,0,0x38b2f0174d13d2494ef2d06fd21fcc4702b537a4,0xdd21be56125b5416c36989a61dc1199c999aff24,No,2026,True,418,zkproof_0418_hash,HR_SIGN_0418
0x0000000000000000000000000000000000000419,EMP1418,ULBEK TYBDTX,Engineering,Developer,51828,72,55,96,42,96,46,11,Yes,1,71.5,Yes,14,2,0x60b2463b12f557028aa635176fb6e2405fc4ef30,0xdeed0d90d7e0b347237fab84668a9434155a2fae,No,2026,True,419,zkproof_0419_hash,HR_SIGN_0419
0x0000000000000000000000000000000000000420,EMP1419,YORDN WWVFCV,Operations,Developer,33525,94,44,4,72,55,96,14,Yes,1,41.5,No,0,1,0x6b73fe8a7264ad82e037c84f3ee16ff84a8cc44f,0x0aa36f7c4c400881dadf58002920872e72e3fcd5,No,2026,False,420,zkproof_0420_hash,HR_SIGN_0420
0x0000000000000000000000000000000000000421,EMP1420,LBAVM YUONDQ,R&D,Intern,128354,86,54,94,59,80,69,6,Yes,3,74.6,Yes,3,0,0xed20e14c3f7dbdae357f6231845b2581532f6879,0x77f758221db9aac340f1d75dbddb017148f69cfb,No,2026,True,421,zkproof_0421_hash,HR_SIGN_0421
0x0000000000000000000000000000000000000422,EMP1421,ATYMM UIYICI,Operations,Engineer,72635,69,41,16,56,79,43,0,No,1,35.2,No,0,4,0xe3cab78613800d8363cbc7a02b4d81455fc2279f,0x3028555b9b26af02f9be309700104e23152147b2,No,2026,False,422,zkproof_0422_hash,HR_SIGN_0422
0x0000000000000000000000000000000000000423,EMP1422,FMUWM NJUDFX,Engineering,Coordinator,147275,97,54,0,94,95,49,14,Yes,5,34.2,No,0,0,0x78debb96c462d037346e72d38582e61c86508384,0x6f51d43910193f7575e8748de2426041b95a6756,No,2026,False,423,zkproof_0423_hash,HR_SIGN_0423
0x0000000000000000000000000000000000000424,EMP1423,MELBK CRYKOS,Operations,Analyst,146903,89,40,94,49,61,44,18,Yes,7,63.7,No,0,0,0xcba8800608e4e4caa5d760e6a3942495caee365e,0x4b7c9ed3af0aa49eccdadcdf4c808d30622205d3,No,2026,True,424,zkproof_0424_hash,HR_SIGN_0424
0x0000000000000000000000000000000000000425,EMP1424,IXVEN BAPDJA,HR,Engineer,75565,60,39,29,84,56,88,18,Yes,4,49.6,No,0,4,0xe7ea14601672c652a5d6f2ba27892d15f865e261,0xe5a6481152e277c75c147cac7be93e340c1e3bb5,No,2026,False,425,zkproof_0425_hash,HR_SIGN_0425
0x0000000000000000000000000000000000000426,EMP1425,GWDNH EYXXUK,Engineering,Manager,69176,66,58,71,96,57,99,21,Yes,0,69.5,No,0,3,0xcf240af9e6484478a4cd800c28d31deab4cb26bd,0xe028bc8c5f492411e93daa5fc49123af31b15e86,No,2026,True,426,zkproof_0426_hash,HR_SIGN_0426
0x0000000000000000000000000000000000000427,EMP1426,IOZIX AMFTIS,HR,Analyst,80582,93,52,84,48,73,41,4,Yes,3,60.8,No,0,4,0x359f4aa073e2d8f6525b552932c1f86735a0ab9a,0x0d9e862f8d03f2dd346179a567bedef0fc401d15,No,2026,True,427,zkproof_0427_hash,HR_SIGN_0427
0x0000000000000000000000000000000000000428,EMP1427,ZGZFY LNMSIO,IT,Developer,136758,77,41,45,95,58,47,1,No,5,44.2,No,0,0,0x4d51931192f09f9b2868ddddae6f4b6d90930b58,0x2748a5859f98bc64e05a8f7866ab8e89903c07b8,No,2026,False,428,zkproof_0428_hash,HR_SIGN_0428
0x0000000000000000000000000000000000000429,EMP1428,ZZEJP PYPOGB,HR,Developer,113230,87,38,99,54,93,79,8,Yes,4,82.3,Yes,7,1,0xe1d2ba61d5dfe9ad4df329fd141af9e58bceecd3,0x95e6cb8f4e6fbdc5fd5cc098b3d85e202c7e5428,Yes,2026,True,429,zkproof_0429_hash,HR_SIGN_0429
0x0000000000000000000000000000000000000430,EMP1429,AJBCV SWVQTJ,Engineering,Developer,30075,84,51,20,42,68,80,18,Yes,2,45.8,No,0,1,0x4215ee95fe5dad207afadfba42cf01f13524ca53,0x13d5d91eacb6415cd711233b0bff0eadf4e106d3,No,2026,False,430,zkproof_0430_hash,HR_SIGN_0430
0x0000000000000000000000000000000000000431,EMP1430,RTMIP TPDBJB,R&D,Lead,41652,77,35,70,52,70,53,18,Yes,3,58.2,No,0,1,0x7fe7fd5aaf1a9c4957c569b7e6cc5b66bf2c0a85,0xb49f739778c5739e29ab2903ed4724cbe39450f0,No,2026,True,431,zkproof_0431_hash,HR_SIGN_0431
0x0000000000000000000000000000000000000432,EMP1431,HWBFO PYQBAV,Marketing,Coordinator,106520,87,39,69,54,70,97,14,No,6,71.3,Yes,6,2,0x30294e4358ade2360403d5b9eea1746c5a81efbd,0x9effe748da75eff77a11e3ac8f2ca9bdb17619b6,No,2026,True,432,zkproof_0432_hash,HR_SIGN_0432
0x0000000000000000000000000000000000000433,EMP1432,CFPLU NIMYYE,Operations,Manager,90197,99,34,97,63,78,88,24,No,6,81.4,Yes,7,3,0x5ec312d225f9b96a64a80e75120a24ef4ad3ecf5,0xade9e10a5b1638d490cd7c0a325a7f85916ce07c,Yes,2026,True,433,zkproof_0433_hash,HR_SIGN_0433
0x0000000000000000000000000000000000000434,EMP1433,JQYSK XMRAFP,Marketing,Coordinator,123306,73,49,27,57,81,44,21,Yes,9,41.1,No,0,2,0xd8f28c9bc2cc9c09c1defda34658187ca802bffb,0x32eff39d2e53c15da4b19d89814005ebe545f7a4,No,2026,False,434,zkproof_0434_hash,HR_SIGN_0434
0x0000000000000000000000000000000000000435,EMP1434,YDHCL VKQBIY,R&D,Engineer,114888,80,37,34,90,68,80,19,Yes,3,51.5,No,0,4,0x99aab9588ca6f1f6d470c3b09195c81b0145be23,0x8831b1d969d235b716e2182f4c9f9181a8bdffcd,No,2026,False,435,zkproof_0435_hash,HR_SIGN_0435
0x0000000000000000000000000000000000000436,EMP1435,FCJJH TMGMWI,R&D,Coordinator,31691,90,32,96,97,52,88,9,Yes,1,75.3,Yes,5,0,0x9200a379abe8b25dd9cc6928a54e1a416484d5b4,0xb310f7ad5fc5287630d296a46d8363991c1a2282,Yes,2026,True,436,zkproof_0436_hash,HR_SIGN_0436
0x0000000000000000000000000000000000000437,EMP1436,QKEWQ UWFVSS,R&D,Developer,121429,72,58,30,45,63,83,19,Yes,4,49.9,No,0,0,0x5ce754308a8ff02a73daa0379d645a1c5223f161,0xa87261d86a185d427cc943aafd3babb3a8d8a6a2,No,2026,False,437,zkproof_0437_hash,HR_SIGN_0437
0x0000000000000000000000000000000000000438,EMP1437,MROQE RCDNRK,Operations,Analyst,96224,60,47,2,77,80,80,2,Yes,0,40.8,No,0,4,0x2c659e301990a1f4c8aa5f5ad8761d59e872686d,0xe756af16f475fdc5f7bcf5e4ad9f9adbbcbac2f4,No,2026,False,438,zkproof_0438_hash,HR_SIGN_0438
0x0000000000000000000000000000000000000439,EMP1438,EGWPS SWIGBF,Finance,Intern,97748,76,38,82,68,53,52,10,Yes,4,59.4,No,0,1,0x915fd098cda2549c4d9bb8474a356b5ba32713d7,0xca4ede5921c292d328a3c4cbc6bce37cbccea904,No,2026,True,439,zkproof_0439_hash,HR_SIGN_0439
0x0000000000000000000000000000000000000440,EMP1439,PPLJZ UUOOIN,Engineering,Manager,133385,93,44,9,42,90,79,14,Yes,6,45.9,No,0,2,0xf0b5751ff1f1ceac536abc8b7988c4326ac665dc,0x7ebf1a7232272836bf05c4cc037739fecfa759f8,No,2026,False,440,zkproof_0440_hash,HR_SIGN_0440
0x0000000000000000000000000000000000000441,EMP1440,RIUTP VLHEZP,IT,Engineer,55345,77,56,45,59,62,40,24,Yes,1,42.5,No,0,1,0xc1cb3e3ef1eb6539c6586d7b2934f0169b2ff65f,0xd0f5885d81267c7ed44e53ed2b73271908fc0f88,No,2026,False,441,zkproof_0441_hash,HR_SIGN_0441
0x0000000000000000000000000000000000000442,EMP1441,PIVLU TWVTFL,R&D,Intern,55086,79,32,58,48,97,44,11,Yes,9,56.7,No,0,4,0xe23e352e465ccf4089ef602e66fa5a069f787a07,0xdb1cf524bc6dc8d68cd581620a3ca9ad0873c1db,No,2026,True,442,zkproof_0442_hash,HR_SIGN_0442
0x0000000000000000000000000000000000000443,EMP1442,PBAFS XNSYKH,HR,Developer,65042,80,38,71,75,78,50,9,No,3,59.3,No,0,4,0x16025605e0a46bdafe3d0d0b735dd79cdec16343,0x49a06c1d0b2a5a0bdddca5026f4ca7a63208a26a,No,2026,True,443,zkproof_0443_hash,HR_SIGN_0443
0x0000000000000000000000000000000000000444,EMP1443,DHEZH KXCJOT,Finance,Intern,38434,77,51,1,94,90,50,24,No,7,34.1,No,0,1,0x2992b32754e4d9b3a0fd8db0b7d56f1e5a2dd895,0x718a47d6a83f4a1bc866bf9e322ce41ebf51cf5a,No,2026,False,444,zkproof_0444_hash,HR_SIGN_0444
0x0000000000000000000000000000000000000445,EMP1444,EFLDX AOHEVQ,R&D,Developer,128181,80,44,90,76,59,82,5,No,6,73.0,Yes,13,1,0x57287716443bbafc0fe4a2e39d6e5a7d667e83a2,0x63b9feeb0194134bd56dbca4f075ac75f8796327,No,2026,True,445,zkproof_0445_hash,HR_SIGN_0445
0x0000000000000000000000000000000000000446,EMP1445,RHZPY BGCTRL,Engineering,Coordinator,84760,80,39,95,52,62,55,16,No,6,67.5,No,0,2,0x4bbe680e25e53776160e91ed3af148455d84432c,0xf16ee30410e029a64473ebb94afd8cb6c28f1ab9,No,2026,True,446,zkproof_0446_hash,HR_SIGN_0446
0x0000000000000000000000000000000000000447,EMP1446,LVOUE EYDMXY,Operations,Coordinator,68520,70,48,45,57,92,43,4,No,9,50.2,No,0,2,0x3a7a026a22e5b2915bdca81a13a9e0ea2a992b8f,0xb8bb5d73f1e565d813e961b908f834f61d59d15e,No,2026,False,447,zkproof_0447_hash,HR_SIGN_0447
0x0000000000000000000000000000000000000448,EMP1447,TYDXI POXKGW,HR,Manager,123249,81,39,30,78,65,83,23,No,6,50.5,No,0,0,0x02c10505e9e069361bc87783698ca8135b8365af,0xbf636622b519cdfcf8569171d9de6332d743e896,No,2026,False,448,zkproof_0448_hash,HR_SIGN_0448
0x0000000000000000000000000000000000000449,EMP1448,UTEHG UJFUTO,HR,Analyst,148378,85,35,1,43,67,46,4,No,8,28.4,No,0,3,0x1267d637ec7b3ca26429cac3ff4139031dda799a,0x8eaa4ccf778f85fc11c1d6ac6deca9a2671eb0c4,No,2026,False,449,zkproof_0449_hash,HR_SIGN_0449
0x0000000000000000000000000000000000000450,EMP1449,TLIFX BINWUF,Marketing,Analyst,108390,74,59,20,99,65,57,23,No,7,38.8,No,0,0,0x547e503ae85d217dce78cd97a7ed3fb9e752c78b,0xb173e1e43c21e95568b8fa679f6661d9bded55c9,No,2026,False,450,zkproof_0450_hash,HR_SIGN_0450
0x0000000000000000000000000000000000000451,EMP1450,RLGMO WXEJPW,HR,Engineer,109750,60,56,45,47,88,76,16,No,8,59.2,No,0,0,0xf60711ad5015f6276a757f8107e136f5f6787c44,0x2f6424bbd30f222a54ceb25a4895f7190078350b,No,2026,False,451,zkproof_0451_hash,HR_SIGN_0451
0x0000000000000000000000000000000000000452,EMP1451,STZHP NAMVYS,Operations,Developer,117244,75,51,87,91,96,63,18,Yes,7,73.6,Yes,5,4,0xa14779cbb8e37b2b70cd8dc1dc4fd82e7faab808,0x3b06e95006b5ad8121cc05964a1d358fe89d956c,No,2026,True,452,zkproof_0452_hash,HR_SIGN_0452
0x0000000000000000000000000000000000000453,EMP1452,GQHKB FXHVOH,Finance,Intern,34155,89,45,54,45,58,40,2,Yes,0,45.2,No,0,2,0x37d4ad55e0fadc2eccc677260cee221d1eb020f5,0xdafc15e2223c4a01a216b8f007b15a97e6cf2a30,No,2026,True,453,zkproof_0453_hash,HR_SIGN_0453
0x0000000000000000000000000000000000000454,EMP1453,DHTFU GGLNZV,Marketing,Developer,88741,77,56,26,84,68,58,21,No,4,41.8,No,0,2,0x6e1e388c3a888baf631d1490b5541a378ad911d6,0x2d7af3e02f3f56283e004c7fba253b2cbd6e9125,No,2026,False,454,zkproof_0454_hash,HR_SIGN_0454
0x0000000000000000000000000000000000000455,EMP1454,VHFHM YOBPGM,Marketing,Intern,112172,91,37,65,65,93,62,13,No,3,63.5,No,0,2,0x966765920fca9b25df258ad3f30c989c11c23c9e,0x9273528ea6c0022c355d768c80cf45b2482bdbad,No,2026,True,455,zkproof_0455_hash,HR_SIGN_0455
0x0000000000000000000000000000000000000456,EMP1455,UTXZF AUZZTY,IT,Analyst,85874,94,42,44,55,82,64,24,No,7,53.9,No,0,0,0xea78481ca9833a0cf5578de09f15fa0bed638e7c,0xacf6c5596472526aad662d58b3541be6b61161cc,No,2026,False,456,zkproof_0456_hash,HR_SIGN_0456
0x0000000000000000000000000000000000000457,EMP1456,GHDFB WKPGBF,HR,Developer,68938,79,43,27,69,73,74,11,Yes,6,48.2,No,0,0,0x22c12114af8da6114ff09d345bd3ba59cc218c8d,0x85845cfbc3166835ba08a913f0a27e1668d9145f,No,2026,False,457,zkproof_0457_hash,HR_SIGN_0457
0x0000000000000000000000000000000000000458,EMP1457,NTEFK FGLKBI,Operations,Intern,118042,76,56,49,82,71,92,4,Yes,3,61.7,No,0,0,0xd329cdbc80420a50c65f99f6e3562d98ee413eff,0xf712f4b4ca0f22efc12f6aa976a36b75b5d41c07,No,2026,True,458,zkproof_0458_hash,HR_SIGN_0458
0x0000000000000000000000000000000000000459,EMP1458,HYDVL RDUGOO,HR,Manager,141456,89,47,90,44,77,44,23,No,1,64.7,No,0,1,0x9fe013d38d56eb7af2b42005ec7dac1be9fb283f,0x63899020a2cbeec4ad3c98b520a1087adde10017,No,2026,True,459,zkproof_0459_hash,HR_SIGN_0459
0x0000000000000000000000000000000000000460,EMP1459,QFRZD LNSDYU,IT,Intern,139794,82,49,49,69,86,91,18,Yes,2,64.3,No,0,0,0xfc94159ffc8a42a254040603fa2afa6c006cc847,0x3451351ea11e61430ef13cbb6f15ae0d5db9a973,No,2026,True,460,zkproof_0460_hash,HR_SIGN_0460
0x0000000000000000000000000000000000000461,EMP1460,IPMMI NOJEAQ,R&D,Analyst,124818,91,38,67,50,71,79,1,No,6,65.3,No,0,1,0xf3015357721cb933c0f749759a5e3f1b123b2012,0x2232193900a44542791d326b1615adedf0b4b3e3,No,2026,True,461,zkproof_0461_hash,HR_SIGN_0461
0x0000000000000000000000000000000000000462,EMP1461,ZXEML EYJUDR,HR,Manager,69800,60,59,47,79,57,98,5,Yes,5,60.1,No,0,1,0x4db84e4f13b82afb9c4b3e3d96c5213b72e65b39,0x10708075e28d50ad73db6835342e4ae56f037e56,No,2026,False,462,zkproof_0462_hash,HR_SIGN_0462
0x0000000000000000000000000000000000000463,EMP1462,ZTFDA TFJLMN,Finance,Engineer,126127,75,50,50,49,86,81,4,Yes,7,62.2,No,0,1,0xe268b85a89997d775d3115ae4847cfc67970333e,0x6e7f64aa017db7dcc50b0bba04913e80d4f62424,No,2026,True,463,zkproof_0463_hash,HR_SIGN_0463
0x0000000000000000000000000000000000000464,EMP1463,ELBUU GPKFUE,HR,Lead,100352,99,59,89,65,70,94,12,Yes,0,77.8,Yes,6,3,0x57a0430f8c494fe89394d227da301e74e12baeb0,0x7cfdd6dc8327d652ad7d7cb9b3bdfab7681dca1b,Yes,2026,True,464,zkproof_0464_hash,HR_SIGN_0464
0x0000000000000000000000000000000000000465,EMP1464,LECNI VVNUFK,R&D,Intern,78877,92,55,62,69,76,75,20,Yes,7,63.2,No,0,3,0x8371a84ceea9037db2bf45ebcac19436a734bf80,0x5649bcebf41a822429d0e04ffb15a7f0de94d02a,No,2026,True,465,zkproof_0465_hash,HR_SIGN_0465
0x0000000000000000000000000000000000000466,EMP1465,OSCOS XWHLIB,IT,Coordinator,49609,94,37,52,77,61,46,10,No,6,47.4,No,0,3,0x7d1a23f31bd43364ce7c4174f8f98f863022d139,0xf0a0be13236f83b3d16092fa74058473185c34f8,No,2026,True,466,zkproof_0466_hash,HR_SIGN_0466
0x0000000000000000000000000000000000000467,EMP1466,NHWWL BRFKRT,IT,Intern,69899,65,35,61,61,93,42,21,Yes,3,55.9,No,0,0,0x7ef0355457fc563c93895a48ccbc2e75d6b4107f,0xac5a1d0ca9bdf419e6519e26b8e2fd86d90dac28,No,2026,True,467,zkproof_0467_hash,HR_SIGN_0467
0x0000000000000000000000000000000000000468,EMP1467,OFQYA XRGONK,R&D,Lead,83037,75,32,48,57,66,73,5,No,1,54.4,No,0,0,0xa42086115fb961b05f2d861351b67c5332fee999,0xa674a0f1dfdd7d625ae6ab29dad32b3ed4e564f3,No,2026,True,468,zkproof_0468_hash,HR_SIGN_0468
0x0000000000000000000000000000000000000469,EMP1468,IWOVN PVIEIP,Operations,Engineer,120476,81,47,60,92,53,90,18,No,3,61.9,No,0,3,0x8cc0f4baf56bc99e6b89c0c9191a761f59c8c70b,0x85c489f69903035d186e15cd73a3cf73a19eb8e6,No,2026,True,469,zkproof_0469_hash,HR_SIGN_0469
0x0000000000000000000000000000000000000470,EMP1469,LZZNQ DMLUKW,R&D,Analyst,32956,98,42,35,64,65,79,14,Yes,4,51.1,No,0,4,0xd165e8672b18073b49820c65365a0fcec43cdd0b,0xca4ab4140406a8f5374df240890069e9b4265a7f,No,2026,False,470,zkproof_0470_hash,HR_SIGN_0470
0x0000000000000000000000000000000000000471,EMP1470,JOCEK GQRZJL,Operations,Intern,34537,87,41,52,46,71,63,22,Yes,9,54.8,No,0,2,0x441a0e5ff74e132309e92b8db291459c701d617d,0x192ebbf9ebcaeb7490b8e4e9aae2adc47ceb0785,No,2026,True,471,zkproof_0471_hash,HR_SIGN_0471
0x0000000000000000000000000000000000000472,EMP1471,ZRGMA KGRPWT,Finance,Intern,84920,90,47,97,68,70,67,11,Yes,4,73.3,Yes,11,0,0xb18ec9055e7dcabaae7129d16f9174ceaae74396,0x3f2875b4dd7df75c75a809288a64d73fbe1c611e,No,2026,True,472,zkproof_0472_hash,HR_SIGN_0472
0x0000000000000000000000000000000000000473,EMP1472,BIMTJ ONXWFF,Marketing,Coordinator,31377,97,58,48,92,83,40,11,Yes,6,48.4,No,0,2,0x3dfbc20f87e5892c877dbd277943543248b4928a,0x09709fad82b7c0ca4fe2e18c874a4eb0c898b4dd,No,2026,True,473,zkproof_0473_hash,HR_SIGN_0473
0x0000000000000000000000000000000000000474,EMP1473,KLJAD DRPDPE,R&D,Coordinator,148758,83,47,46,56,68,98,22,Yes,7,62.1,No,0,0,0xb369d5da48e7fe7bf66d288664b19e1182e6b8d8,0x30b497142166768be5236fbc35e26d02da386652,No,2026,False,474,zkproof_0474_hash,HR_SIGN_0474
0x0000000000000000000000000000000000000475,EMP1474,NNIWA NURYQX,Finance,Analyst,136084,79,59,58,79,86,72,13,Yes,7,62.7,No,0,4,0x88d2cf487ba3264a8a28354b20e6d3a5afb544f3,0x563e184aa89a7ac7d7a44441921106af5c616890,No,2026,True,475,zkproof_0475_hash,HR_SIGN_0475
0x0000000000000000000000000000000000000476,EMP1475,XKVDU TDVLVP,Engineering,Analyst,127845,75,30,28,55,53,40,7,Yes,1,33.9,No,0,0,0x1cfbf5a4c2e634791b949fe229e566e884a5d6c2,0x224195e47fb5870cb1048b801f113aef4d6d0e11,No,2026,False,476,zkproof_0476_hash,HR_SIGN_0476
0x0000000000000000000000000000000000000477,EMP1476,KJUPL NTXIQH,IT,Developer,70348,65,30,18,83,76,96,19,Yes,0,51.2,No,0,4,0xe99c176cb27038af975a18a3f79eb6e77e6fb19b,0x85e2df03cc7373a67e8042acac5a241c52bb8440,No,2026,False,477,zkproof_0477_hash,HR_SIGN_0477
0x0000000000000000000000000000000000000478,EMP1477,JTUYH NUCMXQ,Finance,Engineer,84181,68,45,19,80,51,55,21,No,7,35.0,No,0,3,0x8f3095288aac834936b9b65e67dc9a70c1e9cd43,0x8b10f3b44dfaa931c2f24db3f03863141ea19bad,No,2026,False,478,zkproof_0478_hash,HR_SIGN_0478
0x0000000000000000000000000000000000000479,EMP1478,CUZTR OINWNQ,Marketing,Developer,114018,73,35,50,95,66,85,13,Yes,4,59.1,No,0,0,0xc291bac1785fb7e401f152adec74ac73bbb46ec2,0x1a73cf82c90ee2eeceaf96211cef6cfe4b4b8d9b,No,2026,True,479,zkproof_0479_hash,HR_SIGN_0479
0x0000000000000000000000000000000000000480,EMP1479,VZSDS ROUKBE,Marketing,Intern,103751,67,33,74,55,67,96,3,Yes,5,72.3,Yes,10,4,0x011dcd534ecd66d07689d73f2901d337bd880fc7,0x33e4b0f3bd818f839c2aea716cdee5cf084fca95,No,2026,True,480,zkproof_0480_hash,HR_SIGN_0480
0x0000000000000000000000000000000000000481,EMP1480,ABKRR JBDIMQ,IT,Developer,42524,66,47,81,73,80,71,18,No,7,70.4,Yes,11,0,0x27942ab4d0cb722b9ffeb762d80b2ac91c8abc74,0xce518004647fa1863a4ab3cb28343182ddc2bb55,No,2026,True,481,zkproof_0481_hash,HR_SIGN_0481
0x0000000000000000000000000000000000000482,EMP1481,PGHGC QWLUQI,Marketing,Coordinator,50706,78,49,36,82,65,49,23,No,0,42.1,No,0,1,0xb20bbc82735edfbf593ab0287d1f421ccd47ca14,0x1cf61f0bc76da827ae5ff3bc2d4e6094775748b2,No,2026,False,482,zkproof_0482_hash,HR_SIGN_0482
0x0000000000000000000000000000000000000483,EMP1482,VPMKM TYQPFZ,HR,Developer,81054,60,47,64,86,89,56,14,No,4,60.6,No,0,0,0x0805b1d8e571d04937517f2932134cc8a4b5f9cf,0x5d50b71b8c129b312a9d6374c592c3fca0125e00,No,2026,True,483,zkproof_0483_hash,HR_SIGN_0483
0x0000000000000000000000000000000000000484,EMP1483,ECLUB BUJKLS,IT,Analyst,131512,65,54,99,58,61,75,2,Yes,9,75.2,Yes,3,0,0xcc9e29b9279d5ea834c072a86c9f63e548c9026f,0xa423325b0cb040121ab47ebb2b5f026efc306297,Yes,2026,True,484,zkproof_0484_hash,HR_SIGN_0484
0x0000000000000000000000000000000000000485,EMP1484,HNCZS NMVXXM,Marketing,Engineer,41914,92,33,88,48,54,64,8,Yes,1,65.3,No,0,0,0xc7a95e9af858f7ebc3ae8bbf43dc2ab58e3fb449,0x4516ce8d15eabe3089a1ef8b7920f74f36b69b7f,No,2026,True,485,zkproof_0485_hash,HR_SIGN_0485
0x0000000000000000000000000000000000000486,EMP1485,QXFHR OGHRAN,R&D,Engineer,99310,82,32,4,64,93,63,14,Yes,0,39.1,No,0,2,0x7825a68bb70c9a52e8599b9a88f691c78554f64f,0xe58869445ae80f5e8ae2da6db40d0666e43db245,No,2026,False,486,zkproof_0486_hash,HR_SIGN_0486
0x0000000000000000000000000000000000000487,EMP1486,LCJRJ ZDKUHL,Marketing,Manager,56625,91,45,63,81,76,72,11,Yes,1,62.1,No,0,0,0x50fa06161904f40bb3d15ec770cc17f9997615c0,0x824c2c5f668c646013f8252f20d02dcf355a3d0d,No,2026,True,487,zkproof_0487_hash,HR_SIGN_0487
0x0000000000000000000000000000000000000488,EMP1487,XHBPC KWMYRC,Marketing,Coordinator,138643,97,47,6,97,94,54,15,No,6,38.0,No,0,3,0xf7be366c8c1fc89bf62a6e3f763c5cd95608b71d,0xcd376a64bf6cf3f5f69d5e50a6e6aee955990df2,No,2026,False,488,zkproof_0488_hash,HR_SIGN_0488
0x0000000000000000000000000000000000000489,EMP1488,MUSSF VFLEKS,Finance,Analyst,41380,95,48,57,84,58,46,12,No,4,48.6,No,0,0,0x7b65540e955915e686e9a0322dc706f3ff5be47f,0x489604e0f4c7ea4c1ab173d80a4e89994f36992b,No,2026,True,489,zkproof_0489_hash,HR_SIGN_0489
0x0000000000000000000000000000000000000490,EMP1489,ONSDC RICMXS,Operations,Analyst,134171,91,31,49,42,69,58,24,Yes,2,51.0,No,0,1,0x5fbf133d54516c06f859eefb8bf42f0e1799f93c,0x3ef87e14fe4e73974d8102ebff55098d6ee6c8d2,No,2026,True,490,zkproof_0490_hash,HR_SIGN_0490
0x0000000000000000000000000000000000000491,EMP1490,DAVDS MZKDFM,IT,Engineer,61812,71,31,48,43,90,47,3,No,7,52.0,No,0,0,0xa07ce9d5a1ceab025334d03f937fa76c5700678a,0xb82854d9f1bff5b83ab6080a106c73a9242d5a33,No,2026,True,491,zkproof_0491_hash,HR_SIGN_0491
0x0000000000000000000000000000000000000492,EMP1491,OZPUM RXDVGX,Finance,Coordinator,102888,77,57,82,76,77,53,11,No,1,64.2,No,0,3,0x15f547690bb44a2a5b93f94ca9b2db9b59b2407e,0x9986aa7985e4a82a1a7396490313649f761c8112,No,2026,True,492,zkproof_0492_hash,HR_SIGN_0492
0x0000000000000000000000000000000000000493,EMP1492,DWTFI YRZXGW,Marketing,Developer,123817,94,36,1,40,82,84,3,No,7,42.7,No,0,1,0x0a60cd6148d628ed4c4e36a56cc199d71aa870c1,0x5b24e6b36e7b6573d0e592dc3b5ae1c9ed8d27a1,No,2026,False,493,zkproof_0493_hash,HR_SIGN_0493
0x0000000000000000000000000000000000000494,EMP1493,IBFXW BFEXCJ,Marketing,Lead,145784,66,58,54,56,83,58,6,No,8,56.4,No,0,1,0xcb65187f55697e6eeec7ecfc1f0ab459cc0c0742,0xecace8230cf330575d0f8a5aece0f7417355da92,No,2026,True,494,zkproof_0494_hash,HR_SIGN_0494
0x0000000000000000000000000000000000000495,EMP1494,JFDTJ IAKEEH,IT,Coordinator,106607,82,54,0,85,51,45,14,Yes,6,24.3,No,0,1,0x983ca4807b209eb04cd5c1ab32df8bf18c3538a5,0x591934b210edab05160d72547478957f7f5c6617,No,2026,False,495,zkproof_0495_hash,HR_SIGN_0495
0x0000000000000000000000000000000000000496,EMP1495,YANWH UYDUHJ,Marketing,Lead,45584,77,53,53,87,64,90,3,Yes,4,61.4,No,0,2,0xf88024c3890e30388e1788ddda4e2201f5cc01a2,0x81cc857edf1b2ccb5c3895002f7376a492ca04a7,No,2026,True,496,zkproof_0496_hash,HR_SIGN_0496
0x0000000000000000000000000000000000000497,EMP1496,LRZJH FAPWON,Finance,Analyst,134028,86,38,73,60,74,81,9,Yes,9,69.2,No,0,2,0x4202da01296925424a294698d269bb81f28c95d3,0x778a7110ee328ac4bb1d6e30125b1498fa0da740,No,2026,True,497,zkproof_0497_hash,HR_SIGN_0497
0x0000000000000000000000000000000000000498,EMP1497,ZRGNV BKDFUZ,HR,Intern,75650,73,43,50,94,67,65,22,No,9,53.8,No,0,0,0x85027d15fa1cc6322e44b7b0cee7658f685945c0,0xd6a12c64ac64bed126c14b200b64367a99ffdb45,No,2026,True,498,zkproof_0498_hash,HR_SIGN_0498
0x0000000000000000000000000000000000000499,EMP1498,RZKCM KTHWGU,Engineering,Developer,64132,63,46,2,93,52,83,14,No,9,37.0,No,0,1,0x42c5f1215ba14ba3e701754c8fb8696c3d2de545,0xf9c02a809fa1858b97aa0cda16ff79b682905c8a,No,2026,False,499,zkproof_0499_hash,HR_SIGN_0499
0x0000000000000000000000000000000000000500,EMP1499,WRQVB TVHRDZ,R&D,Analyst,97784,76,41,60,82,87,88,2,No,3,68.1,No,0,4,0x6c8e548284c2109e992003a5f41bd61dd95517e7,0xdead0a0f5f490a3b4e13ecb9fff8abd340953860,No,2026,True,500,zkproof_0500_hash,HR_SIGN_0500
0x0000000000000000000000000000000000000501,EMP1500,WSELP RXCOKG,R&D,Engineer,39407,68,32,41,66,51,66,14,No,6,47.0,No,0,1,0xf70c92de724aa62cbfe2333880fb61314d2c3d69,0x5c5f3a97020829a85cbf31c0d6588b09fe15456a,No,2026,False,501,zkproof_0501_hash,HR_SIGN_0501
0x0000000000000000000000000000000000000502,EMP1501,JTCYP YUUWVT,IT,Manager,141252,94,35,43,99,90,79,10,Yes,3,59.2,No,0,3,0xe7f8587639b42620fb1166da29dc076f3a16d638,0x80cf1c7995317681ece0c2841e7a4e3f89adccff,No,2026,False,502,zkproof_0502_hash,HR_SIGN_0502
0x0000000000000000000000000000000000000503,EMP1502,JWPDH LJAEVP,Marketing,Intern,89228,78,32,85,44,89,43,8,Yes,8,65.5,No,0,1,0xca8b93505b5b96d00d13f68a4c132285e2857d6f,0x207870353c1a39c7b91329569fa704b7cbd56a16,No,2026,True,503,zkproof_0503_hash,HR_SIGN_0503
0x0000000000000000000000000000000000000504,EMP1503,FBSYO OUXAFF,R&D,Lead,47289,89,30,52,41,91,91,22,No,8,67.1,No,0,3,0x9774d9dc5b0ba12dffc697ccadce85c0b5bb062d,0x14a083972aafb12ff2190f3204e63980d92a64c2,No,2026,True,504,zkproof_0504_hash,HR_SIGN_0504
0x0000000000000000000000000000000000000505,EMP1504,DGXBC ILNCRW,IT,Engineer,140127,80,43,29,57,59,65,9,Yes,2,43.1,No,0,0,0x7520daa91b973aab2ed59a9acf9ddb1bf9d00734,0x923b573eb4242cc15459928606bcba9b1ebf9312,No,2026,False,505,zkproof_0505_hash,HR_SIGN_0505
0x0000000000000000000000000000000000000506,EMP1505,BHHKI WBZPSB,Marketing,Lead,147038,98,49,87,69,81,51,12,No,8,67.1,No,0,4,0x0093f238ad7b357c0d1ef677e10cb5bc79100201,0xa186b05f97a358d5bad39c46af7955178242fda3,No,2026,True,506,zkproof_0506_hash,HR_SIGN_0506
0x0000000000000000000000000000000000000507,EMP1506,VRKMX LSPONC,Operations,Engineer,133731,89,56,18,93,62,92,24,Yes,4,47.6,No,0,0,0xdb402afd7ae6be22141552452d0d181326156223,0x5ead2074a565bbf72de2607c7dbfb8027101e4a5,No,2026,False,507,zkproof_0507_hash,HR_SIGN_0507
0x0000000000000000000000000000000000000508,EMP1507,SFQLP AZXKEL,Marketing,Engineer,100716,67,38,97,50,99,86,10,No,6,85.0,Yes,12,0,0xf25ab52e19f57441fe22b3f8bf53c14fafe9a357,0x3dcf67d83206bc47477dc1c16888b7a26ed88187,Yes,2026,True,508,zkproof_0508_hash,HR_SIGN_0508
0x0000000000000000000000000000000000000509,EMP1508,PXXTJ IGINSM,IT,Intern,73645,60,32,25,53,54,60,21,No,4,39.2,No,0,0,0xa4567e8c60393a10d951b16c7287bb6aa3ef3bc5,0xcebff355cbf54f6a1c995792fa42deb89b3c36a1,No,2026,False,509,zkproof_0509_hash,HR_SIGN_0509
0x0000000000000000000000000000000000000510,EMP1509,XKLTJ LSKVPT,Marketing,Intern,109084,78,36,98,49,97,49,8,No,0,73.3,Yes,15,4,0xe6f09beb78eb241f6d448302219338de85f63e3d,0xda8101824c77e7fbca9dfaaa078c8dbfc29436cc,No,2026,True,510,zkproof_0510_hash,HR_SIGN_0510
0x0000000000000000000000000000000000000511,EMP1510,OJHHL SYZWWX,Engineering,Analyst,30486,62,35,92,80,69,76,11,Yes,6,74.0,Yes,2,0,0xf12f64673912fa6be4f7080c635310071b83b7df,0x8520b0463c9db8b52203d1662166f0898467ec48,No,2026,True,511,zkproof_0511_hash,HR_SIGN_0511
0x0000000000000000000000000000000000000512,EMP1511,UMHTK TCWXPD,Finance,Manager,103339,91,41,75,76,72,41,3,No,6,57.3,No,0,4,0x62a70a32ec53621578d8194fcffd9699bafc5a37,0x87d56664ec986dba3550844c729e5e6c2c692487,No,2026,True,512,zkproof_0512_hash,HR_SIGN_0512
0x0000000000000000000000000000000000000513,EMP1512,LNPLQ LSVSXB,Engineering,Manager,113433,64,56,63,60,55,79,8,No,5,60.4,No,0,3,0x92ccceffcfc2740a835547ff3c5fa58404b4bba4,0x9d1f2fc9bd2fe6345b642aec3c865cbf395fdd4f,No,2026,True,513,zkproof_0513_hash,HR_SIGN_0513
0x0000000000000000000000000000000000000514,EMP1513,LZFIX OSKWBJ,R&D,Developer,133891,76,30,28,74,68,62,13,Yes,9,44.3,No,0,4,0xbb82eb609b23748daa38799f82de64ce8977da4d,0x7716248af6c225e2bce0200079d1a70c6f10dba3,No,2026,False,514,zkproof_0514_hash,HR_SIGN_0514
0x0000000000000000000000000000000000000515,EMP1514,WUKJU QOOBTS,Operations,Manager,43283,79,56,76,68,65,60,4,No,4,61.8,No,0,4,0xf574cde64acf15e714e0a79c4ede3396bd020753,0xd1a094ca21c50503066c202044b25e03a1d07f48,No,2026,True,515,zkproof_0515_hash,HR_SIGN_0515
0x0000000000000000000000000000000000000516,EMP1515,ERTWT SOWKIF,HR,Lead,84230,91,53,65,56,68,77,8,No,5,63.2,No,0,0,0x0e0c76bd845fb403d008e5e78e332d277ddf76e2,0x55d0b2978c877bd181cde3c8002fc0b90132a76d,No,2026,True,516,zkproof_0516_hash,HR_SIGN_0516
0x0000000000000000000000000000000000000517,EMP1516,OEWUA BKRVMD,R&D,Engineer,65310,88,42,47,47,75,60,6,Yes,1,51.9,No,0,1,0xb06aff9178c349fdfca399098e29d663a2f80883,0x4657c01aad5c6b116adb1b2fc789bf11dfd3129f,No,2026,False,517,zkproof_0517_hash,HR_SIGN_0517
0x0000000000000000000000000000000000000518,EMP1517,OBGNL ZFBYPA,Marketing,Analyst,37156,62,46,59,74,82,41,19,Yes,0,52.3,No,0,1,0x29337ee7caa2f91e139b57fd4b794706686f3fc3,0x10836611022c6ebf5a010f39a6b251b834f398e8,No,2026,True,518,zkproof_0518_hash,HR_SIGN_0518
0x0000000000000000000000000000000000000519,EMP1518,GBCFR ZCVWXH,IT,Engineer,74832,65,54,64,76,57,76,13,Yes,8,60.6,No,0,3,0xedf0acafcab825659f69fb0ec138db12f890795f,0xd7be25bf152639526c9dd750f3ea658a183b5c01,No,2026,True,519,zkproof_0519_hash,HR_SIGN_0519
0x0000000000000000000000000000000000000520,EMP1519,MGCFH VAIVRR,Finance,Developer,83199,70,33,68,48,52,87,14,Yes,2,63.9,No,0,0,0xfc03bf3a558e800fd63ba96a9ce2a3bf6323a56a,0xd083807747ff5739b1829a8dbe0a6eb88dfcae4d,No,2026,True,520,zkproof_0520_hash,HR_SIGN_0520
0x0000000000000000000000000000000000000521,EMP1520,XZGPW HRZUYF,R&D,Intern,57165,83,49,90,65,93,98,19,No,1,84.1,Yes,4,2,0x2c6d2f48ff6fbf8d304060227309789a13d91416,0xb5cf13437a082841127a568fcd42be7dc66436a4,Yes,2026,True,521,zkproof_0521_hash,HR_SIGN_0521
0x0000000000000000000000000000000000000522,EMP1521,GMCAF MBHVLG,IT,Coordinator,133871,83,49,62,55,64,83,11,No,1,62.6,No,0,0,0x874ad1b15c7bdca8729659869a0f55ef96276194,0xdf60519a88e6ee2bec50fde5daa12468557465b7,No,2026,True,522,zkproof_0522_hash,HR_SIGN_0522
0x0000000000000000000000000000000000000523,EMP1522,LOGIG AKBROP,IT,Engineer,122261,85,37,27,52,94,46,15,Yes,4,43.8,No,0,0,0x7bcacaff716b8a0255da2b2bb2a1a02adc9695b4,0x90e3e55426adb65c174fea835f0c0c3cb44c79e5,No,2026,False,523,zkproof_0523_hash,HR_SIGN_0523
0x0000000000000000000000000000000000000524,EMP1523,KGDID GBFHBP,R&D,Analyst,50844,96,31,86,46,84,47,7,No,4,65.7,No,0,3,0xeb6124b9e3e78f5f2c5102a7e78ba089505e4be4,0xc4c4b562f8d2bd58440f3c45c05a8c1b36681bc5,No,2026,True,524,zkproof_0524_hash,HR_SIGN_0524
0x0000000000000000000000000000000000000525,EMP1524,MZKCI PBNIUA,Finance,Coordinator,36412,81,33,78,44,94,70,11,No,3,71.3,Yes,3,1,0x7621c772498da859a1c8a486cd1ad143c6fc5354,0xdb4fc3db6f0da75e1978afe144841ae6b39c6b45,No,2026,True,525,zkproof_0525_hash,HR_SIGN_0525
0x0000000000000000000000000000000000000526,EMP1525,IITOJ TNWPUP,R&D,Developer,146551,78,41,94,95,66,43,22,Yes,8,64.5,No,0,0,0x8279cb049356391c21bc94005d9d18001ffba8e3,0x5200bdd864e0697cefc16720a5ef9e04b212cc3b,No,2026,True,526,zkproof_0526_hash,HR_SIGN_0526
0x0000000000000000000000000000000000000527,EMP1526,SJQPX BPWDLZ,Marketing,Lead,51355,67,34,79,88,65,62,15,Yes,1,63.3,No,0,4,0xd3a7ff37210b9921af3c9ec082246b50b3d85a6c,0x7898afe8db2cb69a04ed40e50f8ebc29264647f1,No,2026,True,527,zkproof_0527_hash,HR_SIGN_0527
0x0000000000000000000000000000000000000528,EMP1527,WRLWS BEKZGS,Engineering,Coordinator,30351,99,51,22,74,79,45,14,Yes,0,38.1,No,0,2,0xb45ced5074d3b413fefd2e938f8cf2e745be775a,0x12a151de78a1230bb7c57c39397eda717aa904ac,No,2026,False,528,zkproof_0528_hash,HR_SIGN_0528
0x0000000000000000000000000000000000000529,EMP1528,QZETZ XVHXSE,Marketing,Coordinator,68521,97,54,17,84,62,51,20,No,1,34.6,No,0,4,0x70be3dea65311208dbf87f8e704649b256fe372c,0x1f6e474d31fe53f1d494de05f4b388e82851756c,No,2026,False,529,zkproof_0529_hash,HR_SIGN_0529
0x0000000000000000000000000000000000000530,EMP1529,FGNKO JNFSON,HR,Coordinator,98684,69,30,56,91,95,43,0,No,5,54.8,No,0,3,0x45cebb2a00009ffcc2e4d80f60f7ab59bc625497,0x1ab38f76d8bee4f145bed1ee8605916cf9259392,No,2026,True,530,zkproof_0530_hash,HR_SIGN_0530
0x0000000000000000000000000000000000000531,EMP1530,HZIBE MMBEUV,R&D,Analyst,96198,99,38,12,79,84,58,7,Yes,9,39.9,No,0,3,0xb4ff1ccbfb5f81ee38272095d2df2ffa385aa70e,0x318bfa3c787de67c2029278783caf645b5b597bc,No,2026,False,531,zkproof_0531_hash,HR_SIGN_0531
0x0000000000000000000000000000000000000532,EMP1531,RJDJB OBWTOB,Operations,Analyst,51713,78,40,31,80,55,66,18,Yes,8,44.0,No,0,0,0xd9be6bee0c59d2b23b51e18d022b0302bc974142,0xf8c910590803d06042d1fb59e2619518c875a9c5,No,2026,False,532,zkproof_0532_hash,HR_SIGN_0532
0x0000000000000000000000000000000000000533,EMP1532,DYDOE DUORUC,IT,Coordinator,146029,92,48,72,58,72,49,10,Yes,0,57.9,No,0,2,0x0d3bbe97c6daa8216ac5454746cb73447a331c47,0xd892566f06488967c1222044aa8173608141ace9,No,2026,True,533,zkproof_0533_hash,HR_SIGN_0533
0x0000000000000000000000000000000000000534,EMP1533,KKJZD HYOPHG,HR,Manager,133321,65,50,4,83,77,80,20,Yes,7,41.7,No,0,1,0xbe4e4af0ecd1acf4f3f41a636e698dc0a277d4d0,0xea8434c14aa0088a2b5bb2663033ef8742d85730,No,2026,False,534,zkproof_0534_hash,HR_SIGN_0534
0x0000000000000000000000000000000000000535,EMP1534,AUXOT UJTSOY,Marketing,Manager,113724,69,43,10,66,55,59,17,No,1,32.8,No,0,0,0x9ca11590ebf9e2bc478e2140064c3c938c8300b2,0xd09632b5ba26a486d0d2336f0aef064cc40e3700,No,2026,False,535,zkproof_0535_hash,HR_SIGN_0535
0x0000000000000000000000000000000000000536,EMP1535,NKYPE OMDQJV,Finance,Developer,120113,84,36,61,55,94,82,5,Yes,3,68.1,No,0,3,0xbcb5e297c5f67e8c626991d8fecf3dec38938c4b,0x0821e2750bdd34b271a25a6ce35df5a114ddc171,No,2026,True,536,zkproof_0536_hash,HR_SIGN_0536
0x0000000000000000000000000000000000000537,EMP1536,DGQGX CBVBMX,IT,Analyst,123635,95,43,7,45,64,42,10,No,8,29.0,No,0,3,0xfb7013bfad36bee779fca065ea328a9039e2451b,0x61fd59d5e1ad0ee7645f0637f0a2d254317773db,No,2026,False,537,zkproof_0537_hash,HR_SIGN_0537
0x0000000000000000000000000000000000000538,EMP1537,BEQMM VABRHN,Engineering,Lead,64091,76,57,62,89,93,59,20,No,9,62.0,No,0,1,0x6d2e3eaac09c8c62a95e47c337547e070671e258,0x41d06ddbc38a1ea9d26d412b0ad3deecdec40147,No,2026,True,538,zkproof_0538_hash,HR_SIGN_0538
0x0000000000000000000000000000000000000539,EMP1538,PBUEC PFUXOC,R&D,Lead,73859,86,47,96,99,62,58,11,No,8,69.0,No,0,4,0x5edb217a6d606c9c03ac5e48875a5c0d3d233f84,0xc16126158eb735654fa670a644c63d27157ed25d,No,2026,True,539,zkproof_0539_hash,HR_SIGN_0539
0x0000000000000000000000000000000000000540,EMP1539,HSADT LHYSOC,IT,Analyst,127493,62,41,6,94,61,61,22,No,0,32.9,No,0,0,0x2cb3efe523a21ef4b5f22e5db4ca9cef11f396e5,0xbc42a6ffaba53de9a35a46bc95902d4c3ea25944,No,2026,False,540,zkproof_0540_hash,HR_SIGN_0540
0x0000000000000000000000000000000000000541,EMP1540,FKBOM WABCEW,Operations,Coordinator,80648,71,50,7,56,90,75,24,No,9,44.2,No,0,3,0x8901bcce979bc05342ed825cd9aa750106c905f8,0xa1a6f53138381875ff80d0ed8b81d7b420a2d335,No,2026,False,541,zkproof_0541_hash,HR_SIGN_0541
0x0000000000000000000000000000000000000542,EMP1541,UJWYP JDEOOD,HR,Engineer,36238,91,33,65,56,69,81,20,No,8,64.9,No,0,4,0x75acfb74074beac93a62445d0a0d48595a31ffa2,0x27bc45329204bc0aee7f932201fa572b6bfe23a1,No,2026,True,542,zkproof_0542_hash,HR_SIGN_0542
0x0000000000000000000000000000000000000543,EMP1542,VKQSW TULWHP,Finance,Coordinator,89672,88,57,66,73,56,60,13,No,3,55.9,No,0,3,0x06b9d0171f85e11eced9c78b8aa0093ef01d4dd8,0xc286ecf5083f31410a7ff1de21c723802371a06c,No,2026,True,543,zkproof_0543_hash,HR_SIGN_0543
0x0000000000000000000000000000000000000544,EMP1543,VREFL JXRJMN,Operations,Engineer,78498,73,42,83,74,67,84,15,Yes,2,72.0,Yes,2,0,0x125116d4c04c5b47bf121ad0ade414f44c9641fd,0x56652c47778a73da5aa5b9f8a6666174aeb15eca,No,2026,True,544,zkproof_0544_hash,HR_SIGN_0544
0x0000000000000000000000000000000000000545,EMP1544,JIPWG QNBDCT,R&D,Engineer,34458,84,51,25,61,90,97,0,No,0,57.1,No,0,4,0x9dfe669d1b5e5477a1102d734cd4d0af5e4fb6e2,0x580f49a334ce144c55256ff2e16e4312599d0698,No,2026,False,545,zkproof_0545_hash,HR_SIGN_0545
0x0000000000000000000000000000000000000546,EMP1545,RCAYJ FAZKSJ,Engineering,Analyst,144819,82,53,44,46,74,49,15,No,7,47.8,No,0,4,0xe29a9fbc63aed4b8e502f8d4490e5fb97e828584,0x70c83ed826f6c89b76f7ba56254dc91affcbbd4c,No,2026,False,546,zkproof_0546_hash,HR_SIGN_0546
0x0000000000000000000000000000000000000547,EMP1546,GJXBX AHKMZI,HR,Intern,128571,61,52,79,68,86,48,3,No,3,63.5,No,0,0,0x32ec2e7bc86f9df1a45fe2f2ed85d24380a2709e,0x434343461b442d004d288d4964237398b7b24737,No,2026,True,547,zkproof_0547_hash,HR_SIGN_0547
0x0000000000000000000000000000000000000548,EMP1547,VZFXS LKJMYV,R&D,Coordinator,53579,80,33,27,82,94,74,13,Yes,2,52.0,No,0,0,0x27295e01d60897f41b2f6b86def1f168a85805b2,0xac278043878e52bd8295d61cadca73af21f00b81,No,2026,False,548,zkproof_0548_hash,HR_SIGN_0548
0x0000000000000000000000000000000000000549,EMP1548,BEEGN MCRCWE,Finance,Manager,57194,98,37,81,43,67,53,8,No,8,62.5,No,0,2,0x57df90308ec7769acd7091a4ab8b2b743cfeb8fc,0x4e30c5f48b958175663aa0a43109fd8e3b01d54d,No,2026,True,549,zkproof_0549_hash,HR_SIGN_0549
0x0000000000000000000000000000000000000550,EMP1549,YYPVQ HUEPZR,Finance,Developer,92615,84,39,49,58,69,81,21,Yes,9,58.6,No,0,3,0xb65eb7991f016854893ba86e01b10f814a93d643,0x9b624d45fcc9cd2f65074767354b39d6ab2bbe68,No,2026,True,550,zkproof_0550_hash,HR_SIGN_0550
0x0000000000000000000000000000000000000551,EMP1550,JBUBK URQJUX,Engineering,Manager,34904,79,47,10,51,75,43,7,Yes,8,32.7,No,0,1,0x546229f8fd9d98e6a8fb60a1f8d8a4e51242efe1,0x537b4d34886fc3f297711771afd948d7a5b3713e,No,2026,False,551,zkproof_0551_hash,HR_SIGN_0551
0x0000000000000000000000000000000000000552,EMP1551,SEHCY PUXWYM,Finance,Lead,126152,64,46,29,44,56,99,22,No,7,53.2,No,0,0,0x947ac6e9947d4ed88587c6e0d1d04c0133488b33,0x215ca52765fa7bf1e035a09052afd0b9d4c757fb,No,2026,False,552,zkproof_0552_hash,HR_SIGN_0552
0x0000000000000000000000000000000000000553,EMP1552,TCEEL QEXISC,Marketing,Manager,116100,87,47,7,81,83,43,1,No,5,32.8,No,0,2,0x7d911a12549006e420b02ed22a967c97dcc7ddda,0x659956407dd203592c0daf0dfa914558d015987f,No,2026,False,553,zkproof_0553_hash,HR_SIGN_0553
0x0000000000000000000000000000000000000554,EMP1553,ATNAB NHVGQX,Operations,Developer,66872,63,48,25,78,72,85,22,No,4,50.3,No,0,0,0x79a78c8abba132615fad7bc98ac8dd06572df1ba,0x2ecaa124add6b70f14fb107e3643efcb7940291e,No,2026,False,554,zkproof_0554_hash,HR_SIGN_0554
0x0000000000000000000000000000000000000555,EMP1554,SKFVS XFRAXY,Engineering,Coordinator,34642,84,39,31,84,82,62,15,No,6,48.0,No,0,2,0xefbc65e8df30968d4ffa6c15cf3f7c57637c04bc,0x0550c20a97721975c179940a733c0405359f5785,No,2026,False,555,zkproof_0555_hash,HR_SIGN_0555
0x0000000000000000000000000000000000000556,EMP1555,ZGKXM PJHTQE,HR,Manager,119476,70,49,52,67,87,41,10,Yes,3,50.8,No,0,3,0x31d4fec20939a490d44e86af5032428e361f439a,0x2d020dc12bfd27f52e70ecc80153eb07e0d18f00,No,2026,True,556,zkproof_0556_hash,HR_SIGN_0556
0x0000000000000000000000000000000000000557,EMP1556,NQUAY LMSCLV,HR,Lead,131759,94,47,5,62,75,63,16,Yes,5,36.4,No,0,4,0x8681cbd9b20c21e819b1a3bf54e2aeb71736f557,0xe842c3ca944d866f061afc3a243f1bb53b7edcea,No,2026,False,557,zkproof_0557_hash,HR_SIGN_0557
0x0000000000000000000000000000000000000558,EMP1557,JSCXT TZWFMZ,R&D,Intern,42935,93,42,37,94,71,71,16,No,0,50.3,No,0,0,0xbea8c8fe459591b056c1f1e307731d283823d956,0x94427f8127038ef84100be00baa0f4c9d617d1d0,No,2026,False,558,zkproof_0558_hash,HR_SIGN_0558
0x0000000000000000000000000000000000000559,EMP1558,MWCMM EGZLSH,Finance,Lead,61619,82,37,95,84,55,90,10,Yes,3,76.3,Yes,3,1,0xf7ee1e1719cb8499904d998003fbec4f0d7649f0,0xac29d3006c836987c905adae493c8ea9f501bde2,Yes,2026,True,559,zkproof_0559_hash,HR_SIGN_0559
0x0000000000000000000000000000000000000560,EMP1559,HBAZJ WXQRTB,IT,Engineer,41242,86,45,69,54,76,92,19,No,5,70.9,Yes,6,0,0xec3a26627d61bfe861220b656b3d654bdf97413d,0xf67d5e505b39bb7c81230a5c1605ad9fa90b1004,No,2026,True,560,zkproof_0560_hash,HR_SIGN_0560
0x0000000000000000000000000000000000000561,EMP1560,RRBAY IOIIYE,Finance,Manager,112036,91,49,66,46,70,61,18,No,6,59.3,No,0,0,0xc1c78747a2dc2eb401d81436a93442678e9b4a8a,0xd37b30555f9d72c6a032b29c214cff6569306668,No,2026,True,561,zkproof_0561_hash,HR_SIGN_0561
0x0000000000000000000000000000000000000562,EMP1561,BWGML JWYPMA,IT,Developer,129677,61,43,58,84,80,70,3,Yes,7,60.9,No,0,4,0x8c25736d409950e403a9022a9c5f3030f64c85f7,0xea2a87717d60a050221f3f6f5643fbda41ef5617,No,2026,True,562,zkproof_0562_hash,HR_SIGN_0562
0x0000000000000000000000000000000000000563,EMP1562,UDIXH OGEMIL,Operations,Developer,68909,78,35,50,83,68,83,8,Yes,0,58.5,No,0,0,0x0d2ea51bc16e4abba898eeb431a1d59891a9d8c8,0xdf41f91c88049b4fe98402d5af0a066f9ffef463,No,2026,True,563,zkproof_0563_hash,HR_SIGN_0563
0x0000000000000000000000000000000000000564,EMP1563,UMBCD LFSCKG,HR,Developer,60464,63,37,46,97,66,50,15,No,1,46.7,No,0,0,0x929db147a9ffaab9fafcfe8325b7b8833429cbf5,0x39a30addc3a519f8bec04f7fd9ceec3898f62267,No,2026,False,564,zkproof_0564_hash,HR_SIGN_0564
0x0000000000000000000000000000000000000565,EMP1564,WLPAA PEVTRY,IT,Manager,52859,70,40,84,43,70,73,20,Yes,9,70.4,Yes,15,4,0xe48f43c447eb716234c7888153497748a8e9f8d4,0xecf9cbfc5b631aecd0278d99b281490dff81227d,No,2026,True,565,zkproof_0565_hash,HR_SIGN_0565
0x0000000000000000000000000000000000000566,EMP1565,AMABT DBAMBL,Marketing,Analyst,89872,87,34,61,41,82,89,20,Yes,6,68.1,No,0,4,0x48a46b5b1b6ec84e0555e0160568488bd8ae1182,0x31f3e8b7e1762a0a265fad0e675f2b267a4ff6fc,No,2026,True,566,zkproof_0566_hash,HR_SIGN_0566
0x0000000000000000000000000000000000000567,EMP1566,UIPKL DJTQBF,HR,Coordinator,135718,89,45,13,52,54,80,16,Yes,6,40.6,No,0,3,0x2071f379be1a35fd07aaada113eec4ea3f1cebd8,0x31ae94bd4f7ac57c2413eb5c1038b281e454342e,No,2026,False,567,zkproof_0567_hash,HR_SIGN_0567
0x0000000000000000000000000000000000000568,EMP1567,MMNTF SORMFX,R&D,Lead,42815,60,40,92,72,53,44,15,No,0,60.6,No,0,3,0x836b61ad608deac1401243fbccf1e4a8f58543aa,0x620f819be82f7a465098eaf500bc7e242f8e7d17,No,2026,True,568,zkproof_0568_hash,HR_SIGN_0568
0x0000000000000000000000000000000000000569,EMP1568,GFNTT GRFNVF,Marketing,Engineer,57835,99,41,30,79,52,63,0,Yes,1,41.4,No,0,1,0x74186a32d6ac72bdff0e9db9d56f3211fdc62d5c,0xb364faa144dfd93849a4f69b1f20ac96741ce428,No,2026,False,569,zkproof_0569_hash,HR_SIGN_0569
0x0000000000000000000000000000000000000570,EMP1569,FLOWC TRMSCX,Operations,Developer,95504,75,54,13,81,91,95,21,No,5,52.4,No,0,2,0x1685f83a16feef07239ffaab63fdb107318e36b4,0x353b13e619bb62315bb020daf5bf460bb0a95371,No,2026,False,570,zkproof_0570_hash,HR_SIGN_0570
0x0000000000000000000000000000000000000571,EMP1570,MBSXO XWXOZI,R&D,Lead,79868,91,43,22,74,95,47,15,No,0,41.9,No,0,0,0x4b71fe4771e122e10cdebe48939423f1f36ee063,0xd8f58b26b6a23a9efd496875e171cb390115f8b1,No,2026,False,571,zkproof_0571_hash,HR_SIGN_0571
0x0000000000000000000000000000000000000572,EMP1571,IKQNZ YIBVKZ,HR,Lead,83570,94,59,65,82,91,81,3,No,7,69.2,No,0,3,0x039db222494f6857d602108b594a60d0402308fd,0xaf140c663df082f399eaa2e1c6f7f3232fa32e2e,No,2026,True,572,zkproof_0572_hash,HR_SIGN_0572
0x0000000000000000000000000000000000000573,EMP1572,WWFCF UPJRLP,IT,Coordinator,49477,84,58,95,69,86,86,22,No,0,81.0,Yes,13,3,0xd464ac4fa87da85e449fbde64c3105ce475629d8,0xf347c10dfd0c67b62affe25b6589a25c1d85a350,Yes,2026,True,573,zkproof_0573_hash,HR_SIGN_0573
0x0000000000000000000000000000000000000574,EMP1573,OYCWM GGNKHL,Engineering,Coordinator,68111,89,34,18,64,67,96,5,Yes,7,50.1,No,0,4,0xaa844cdb87597f2f5d69f92c9d67141f7da79252,0x57b7204563c6254e8715f5022ff62c499e94a4c8,No,2026,False,574,zkproof_0574_hash,HR_SIGN_0574
0x0000000000000000000000000000000000000575,EMP1574,RAPXJ CUACDI,Engineering,Manager,66604,68,44,75,58,59,59,13,No,3,59.8,No,0,2,0x5e0ad84d68ea1e3ccd0ffce76867c8b4bddf15b7,0x1e003060d2fb6572ce5e9a709d95549e3e6eb30d,No,2026,True,575,zkproof_0575_hash,HR_SIGN_0575
0x0000000000000000000000000000000000000576,EMP1575,JIRVG QAANQC,Marketing,Coordinator,71207,98,34,33,52,86,55,4,Yes,1,47.0,No,0,4,0xa58100bb82e80d98ab3b0e718395c6c25d4006fa,0x4091ec39ef188c15d27d28d8bfb64de8f84accca,No,2026,False,576,zkproof_0576_hash,HR_SIGN_0576
0x0000000000000000000000000000000000000577,EMP1576,RQYYO WKCMZA,HR,Developer,107005,98,38,34,95,80,47,3,Yes,6,44.3,No,0,0,0xf6a447bc74da9b27edfa392681aebc97b88a8492,0xc956a83d83429e7cee65f6118427a057a298905f,No,2026,False,577,zkproof_0577_hash,HR_SIGN_0577
0x0000000000000000000000000000000000000578,EMP1577,IRGIS XURKZX,IT,Developer,51102,87,58,68,68,65,71,19,No,0,61.5,No,0,2,0x77a61e97da2b0d2c6d6c9379ad635eb0580c72b4,0x3d8479a3863e92f1920f95b27170c8124f51d75c,No,2026,True,578,zkproof_0578_hash,HR_SIGN_0578
0x0000000000000000000000000000000000000579,EMP1578,RDSWK MMXLNE,Finance,Intern,123708,92,32,23,44,65,85,23,Yes,8,48.5,No,0,3,0xb1e930137646d52cc42870a3e6a66ccdc9cf78d8,0xf26541917d0b3dc57da52c13e0ef762f5d23b2c9,No,2026,False,579,zkproof_0579_hash,HR_SIGN_0579
0x0000000000000000000000000000000000000580,EMP1579,ZQFGA AEMMXT,Engineering,Coordinator,43311,70,53,65,87,84,72,3,No,0,64.4,No,0,1,0x05088d9217537336afe5bc6ab2f27d4e52eee118,0x991ca451fb4cf8b635bfe0d4c36ddbf6c9c62d1e,No,2026,True,580,zkproof_0580_hash,HR_SIGN_0580
0x0000000000000000000000000000000000000581,EMP1580,QZOXZ HDUFLI,Finance,Developer,134231,65,49,33,66,81,42,6,Yes,2,42.2,No,0,3,0xd61a5a6b4162311b53b6f7eeafe2f91190adcdef,0xf4e2fe9c459c4cf20ed365d7b13e9db051a3233b,No,2026,False,581,zkproof_0581_hash,HR_SIGN_0581
0x0000000000000000000000000000000000000582,EMP1581,TARIJ YVNBRV,Marketing,Analyst,124408,85,46,16,68,93,96,9,Yes,8,54.6,No,0,3,0x7843705bed9f3fd7671e2e27f3d9a496ab67adce,0x4978b63b440b63f9fe882584c9ecf3552886ef7d,No,2026,False,582,zkproof_0582_hash,HR_SIGN_0582
0x0000000000000000000000000000000000000583,EMP1582,CCWUH EZLPSG,HR,Engineer,120838,91,38,19,67,59,71,4,Yes,2,40.9,No,0,0,0x96e63ea99686964458b639787492f19d205cfc7a,0x36fe5c5ebe7779e8120bc090c7256ec37011dcef,No,2026,False,583,zkproof_0583_hash,HR_SIGN_0583
0x0000000000000000000000000000000000000584,EMP1583,HLKMT LCFFZG,Engineering,Coordinator,116753,93,55,52,73,73,94,8,Yes,9,64.5,No,0,0,0xf355c2cd0203894a979225beb9a62121bc126c77,0x4b65d5b356261065ad94aba9623450c0f7ad81ef,No,2026,True,584,zkproof_0584_hash,HR_SIGN_0584
0x0000000000000000000000000000000000000585,EMP1584,QZWBC BSBFLM,Finance,Manager,121339,65,37,76,53,57,71,24,Yes,5,63.6,No,0,3,0xf02e3c592a8823c51fbe842a19b3a2668e310fcf,0x389ae601d0b5ff4d556cd50827e15a4208cdb680,No,2026,True,585,zkproof_0585_hash,HR_SIGN_0585
0x0000000000000000000000000000000000000586,EMP1585,ICQZS VTYFXH,Engineering,Manager,137102,68,59,86,81,85,43,5,Yes,1,64.4,No,0,0,0x80935afc892aa9d34a5c44961041fc9eae1ede79,0x5a5c5aa203c08189ab8b77f9918be01351787da5,No,2026,True,586,zkproof_0586_hash,HR_SIGN_0586
0x0000000000000000000000000000000000000587,EMP1586,CAZBR SPYRTF,Marketing,Engineer,139155,82,30,73,63,56,98,17,No,8,70.6,Yes,4,4,0x152f0f6e20f5d633e93b013ed1f6178304260ca0,0x7fad5b92a2e3bd02b8220cfd2c994069a8860690,No,2026,True,587,zkproof_0587_hash,HR_SIGN_0587
0x0000000000000000000000000000000000000588,EMP1587,OYLEY QQNOTO,Operations,Lead,130582,78,58,42,67,91,74,3,No,5,57.7,No,0,2,0xd161a78619dce4d6db35ed7b383312dd2af0083a,0x7e306b5252cbf0ada788e67c65f117ebddd9e2df,No,2026,False,588,zkproof_0588_hash,HR_SIGN_0588
0x0000000000000000000000000000000000000589,EMP1588,HQUKI XOEOOJ,IT,Developer,81246,70,30,20,54,61,50,10,Yes,5,35.7,No,0,4,0xe74fa3e133e44f1a4731b4983fbdc3b79fe66c9d,0x1b72077ade61970972a3d1dbbd57868bd44a6149,No,2026,False,589,zkproof_0589_hash,HR_SIGN_0589
0x0000000000000000000000000000000000000590,EMP1589,CXXHQ VUNLJX,Finance,Lead,71322,90,56,27,44,98,41,1,No,5,43.2,No,0,4,0xaf1a2dc6a6b0e56dd7b807b9540fa22dddce3a4e,0x5e6f7ea1e6d9eb2b9ae20ab9380440889c1ed994,No,2026,False,590,zkproof_0590_hash,HR_SIGN_0590
0x0000000000000000000000000000000000000591,EMP1590,KGRWH SBONZE,R&D,Coordinator,139499,70,46,31,69,69,66,14,No,5,46.5,No,0,3,0x9381e07d144dd72855118e337c7741a809f729e7,0xee358549c401b8dc964a6f48a8831a6a78846558,No,2026,False,591,zkproof_0591_hash,HR_SIGN_0591
0x0000000000000000000000000000000000000592,EMP1591,NXDAU AVOWKR,Finance,Coordinator,108167,82,32,66,53,96,94,5,No,3,74.1,Yes,11,4,0xafd636ddf7be26a8e7bbd19c8ea7ea252126ea77,0x64f8313134c6ba0fd62fd2850c9e01f587e78fb5,No,2026,True,592,zkproof_0592_hash,HR_SIGN_0592
0x0000000000000000000000000000000000000593,EMP1592,DDDAE SIUBNJ,Marketing,Developer,72176,92,47,77,42,88,76,4,No,8,72.0,Yes,14,0,0x617c71e0950d8d95fda3e3b76eafe70abecc9803,0x15b484a767f21a3b26dac5e88f42aa5b1281facd,No,2026,True,593,zkproof_0593_hash,HR_SIGN_0593
0x0000000000000000000000000000000000000594,EMP1593,TYYJZ YQYPZV,Engineering,Intern,108283,87,48,9,82,53,57,22,No,7,32.0,No,0,3,0x70d12aaef871d83d969425d10a3ae0dac2d4a518,0xb066dfb034083b6cc074153b2631f09d01d81d03,No,2026,False,594,zkproof_0594_hash,HR_SIGN_0594
0x0000000000000000000000000000000000000595,EMP1594,AGPOE KYERUW,HR,Coordinator,80055,87,48,9,71,61,82,23,No,9,41.3,No,0,2,0x1d811982566006826105b68de54a16273536f3d6,0x11b55ee1b9fa3a1b1da3ee52452de29861f62bf0,No,2026,False,595,zkproof_0595_hash,HR_SIGN_0595
0x0000000000000000000000000000000000000596,EMP1595,BAQHS ZHQHAY,Marketing,Coordinator,59465,82,50,10,73,98,51,7,Yes,2,39.1,No,0,0,0x39cfd5c68db4fc0902a2517b9f29509634e72a06,0x0bd9c8753e1736cde1f21c287e80b12a0df967e5,No,2026,False,596,zkproof_0596_hash,HR_SIGN_0596
0x0000000000000000000000000000000000000597,EMP1596,XZNBZ CEKXMS,Marketing,Lead,141661,61,52,20,55,96,49,20,No,7,42.6,No,0,2,0x6cd2ef07f45526740984e4d48998367454b6aa97,0x2e4ca2c88077a187a20bb72248f361d26adbc95e,No,2026,False,597,zkproof_0597_hash,HR_SIGN_0597
0x0000000000000000000000000000000000000598,EMP1597,YWQNR ZWEMNG,Finance,Manager,119771,86,38,87,72,54,59,23,No,2,63.5,No,0,4,0x6905323f651aca93c22173e64f6c59ac01a76d9e,0x339c52f89626deb0475d6709605105427219fc33,No,2026,True,598,zkproof_0598_hash,HR_SIGN_0598
0x0000000000000000000000000000000000000599,EMP1598,RUPIM LZZCHY,Marketing,Analyst,65025,96,40,36,64,85,55,9,Yes,0,47.9,No,0,0,0xd3a1877f1699ae382528430aa23bbc3c7e7bb979,0x175dae8ef269a8ec394e2d98bf2667bfcd4e3da3,No,2026,False,599,zkproof_0599_hash,HR_SIGN_0599
0x0000000000000000000000000000000000000600,EMP1599,KXQZY TYUHKO,Engineering,Intern,89878,90,52,35,97,70,96,20,Yes,5,57.3,No,0,0,0x0e55c4e807be6a4bf63fd885fd754df5607f02e7,0x1041f8a86ecc7c42cca8517fd37a6e5dceddb4f5,No,2026,False,600,zkproof_0600_hash,HR_SIGN_0600
0x0000000000000000000000000000000000000601,EMP1600,SNWBP XKHZHX,Finance,Coordinator,107591,72,33,19,49,89,99,16,Yes,9,56.0,No,0,3,0xe749b36b7f453f756eb9a25a7bc344bbe80fc1a1,0xb60af962a30568c537c68487c5e5861f77973d44,No,2026,False,601,zkproof_0601_hash,HR_SIGN_0601
0x0000000000000000000000000000000000000602,EMP1601,ECXLD IYFPFY,R&D,Lead,89525,86,30,53,40,64,93,0,No,6,62.5,No,0,0,0xccc8e4bc0c51e7f8003841675f5f69270c17a0f8,0xfb55ec11d01f269cbda45632cdf48036cecc19f3,No,2026,True,602,zkproof_0602_hash,HR_SIGN_0602
0x0000000000000000000000000000000000000603,EMP1602,LHTGB KAKHIS,HR,Engineer,107267,92,53,99,63,65,68,3,No,6,73.6,Yes,14,1,0x62727ecf225f5e85b999ba8ba4cd43b2687509dc,0x4649374383b8734a8c89e639e943ae7819c3c8cf,No,2026,True,603,zkproof_0603_hash,HR_SIGN_0603
0x0000000000000000000000000000000000000604,EMP1603,HFMPG WQHPXQ,HR,Engineer,119729,72,38,23,75,96,82,23,No,4,53.4,No,0,2,0x3079b8379822303b61c7945084124ce8fc05dc05,0x09cc79d480eaad4fc964258ae45e50a18d8abc00,No,2026,False,604,zkproof_0604_hash,HR_SIGN_0604
0x0000000000000000000000000000000000000605,EMP1604,JCIWN NWNFLS,Marketing,Coordinator,84927,68,53,22,74,81,56,5,Yes,6,42.4,No,0,1,0xa2649d64c8ff768f9ff2c4c896fee943d18ed34f,0x545056bfa58307435a7c1297430c1fe2a9862b37,No,2026,False,605,zkproof_0605_hash,HR_SIGN_0605
0x0000000000000000000000000000000000000606,EMP1605,GXUAP MPKMHM,Finance,Intern,93203,79,31,90,75,59,46,13,No,1,61.7,No,0,2,0x84a376ad9de9467562888adf300e79ee19d991c4,0x67c78b934abd0629689b0ae9a8daffd34cfbe5c1,No,2026,True,606,zkproof_0606_hash,HR_SIGN_0606
0x0000000000000000000000000000000000000607,EMP1606,FWUTW KKWGFZ,Marketing,Engineer,42644,73,36,11,99,52,82,15,No,7,40.1,No,0,3,0x15308f529252942892b67de79d6bd3ee137d89e1,0x5c0bc8c97b961166170e27989c80177c49bd8326,No,2026,False,607,zkproof_0607_hash,HR_SIGN_0607
0x0000000000000000000000000000000000000608,EMP1607,ZQFPZ BYGNZO,Marketing,Manager,127944,77,46,44,62,99,40,7,Yes,8,50.2,No,0,2,0xc29d7c8286816b9d70550eabf607b20d32291c37,0x6af3c56f1f161756e0cc359789ed72583cf1ceb2,No,2026,False,608,zkproof_0608_hash,HR_SIGN_0608
0x0000000000000000000000000000000000000609,EMP1608,CYUTP QFSSDS,Finance,Coordinator,93362,85,44,97,83,97,52,9,Yes,8,74.6,Yes,5,2,0xbbfbe8493b40c3304c626a7447a662b1b84a48e6,0x523e7471292a911b10483a5ec25bac4f4797edc2,No,2026,True,609,zkproof_0609_hash,HR_SIGN_0609
0x0000000000000000000000000000000000000610,EMP1609,PWUAF HBYHOS,IT,Developer,76031,88,32,19,64,93,92,7,No,5,54.3,No,0,3,0xd7d6c9d209b869aa95ddd0ea82846390116d6091,0x0e7ab3a69de86c7c215d5488ce04a21298dd6be9,No,2026,False,610,zkproof_0610_hash,HR_SIGN_0610
0x0000000000000000000000000000000000000611,EMP1610,XVMCG SXEXNV,R&D,Developer,101451,93,34,54,49,65,65,1,Yes,6,54.7,No,0,4,0x08089ed944588ce616b06857f5bc0e9bb0747d40,0x2d1af1313f871e5a106eae3a3b714526b2948271,No,2026,True,611,zkproof_0611_hash,HR_SIGN_0611
0x0000000000000000000000000000000000000612,EMP1611,QTQVT JQGGWX,HR,Developer,76195,71,55,51,57,89,93,18,No,4,66.5,No,0,4,0xbb7cde1c39377fd600b3059ebb2ddb9fcca6485c,0x82e9674d8793f411d7da03d7a045a47bb2775cb7,No,2026,True,612,zkproof_0612_hash,HR_SIGN_0612
0x0000000000000000000000000000000000000613,EMP1612,CDFFN FKGNWG,IT,Developer,147271,69,49,7,75,57,77,15,No,0,37.3,No,0,2,0x0945daa9faec8200276d1122ef56bc27b5aa5aed,0x2c2ef3046ebfc83c629fe421a7b0402a997cd9c7,No,2026,False,613,zkproof_0613_hash,HR_SIGN_0613
0x0000000000000000000000000000000000000614,EMP1613,CLIQH HCWTRB,Finance,Lead,125871,69,43,39,53,55,73,8,Yes,6,49.1,No,0,1,0x0f03cb12111b8ee9abb0aeddedede223e78462f3,0x605ad2b8c73e7c75e578f2a7c0e6e23e73e75dd9,No,2026,False,614,zkproof_0614_hash,HR_SIGN_0614
0x0000000000000000000000000000000000000615,EMP1614,ZOFDN ZHSTPL,HR,Developer,90180,66,57,94,57,65,84,5,Yes,5,76.3,Yes,4,0,0xdd4b9e56774f5618ede96c0a89d7a6273dd45ebf,0xb4d37b32ae8e43d426cbcda01220e78dbb74b2ed,Yes,2026,True,615,zkproof_0615_hash,HR_SIGN_0615
0x0000000000000000000000000000000000000616,EMP1615,FHOGZ CVCCKV,IT,Manager,33816,98,53,32,80,88,80,24,No,9,55.3,No,0,1,0xc6cccd1d650aba8ad756f546e36eace4d6596186,0x964b9acc1c7b806f55c041287a6ebbd65fb4e6e1,No,2026,False,616,zkproof_0616_hash,HR_SIGN_0616
0x0000000000000000000000000000000000000617,EMP1616,TLDGQ PCEYRK,Finance,Coordinator,57710,77,39,0,88,65,71,12,No,0,34.3,No,0,0,0xe8a29e98d3fb5d0bbb32c3990ec521f871d32ef3,0xc49f003151fc1555135fa1ee8c6c328bbd74c2ee,No,2026,False,617,zkproof_0617_hash,HR_SIGN_0617
0x0000000000000000000000000000000000000618,EMP1617,YUDWG CPSMIN,Marketing,Developer,32486,71,41,61,93,80,49,16,No,2,55.3,No,0,4,0x5a1b9283acbde453e5eba4bd0e4699c14e26e414,0x28dc708d7ea5be5976c1b524ca8c207c062d41a5,No,2026,True,618,zkproof_0618_hash,HR_SIGN_0618
0x0000000000000000000000000000000000000619,EMP1618,NNHZT IBVRXA,Operations,Analyst,32804,93,54,65,47,74,82,5,Yes,5,65.9,No,0,0,0xd4f862d54069e41047eb6ab83bfe7b7fcfb81ba6,0x7828955bca6d8bc9dd359cdda5f2c5da36402a66,No,2026,True,619,zkproof_0619_hash,HR_SIGN_0619
0x0000000000000000000000000000000000000620,EMP1619,BDEED JRQAEL,HR,Developer,98164,85,31,22,88,99,52,12,Yes,8,45.0,No,0,3,0x5ecf351ae41cdd14415a11552f06a2286b27fb8f,0x9eb0ca1e4932b8b51e86597b9ddc471b136befa2,No,2026,False,620,zkproof_0620_hash,HR_SIGN_0620
0x0000000000000000000000000000000000000621,EMP1620,VVCRU UCAKSY,R&D,Manager,110552,96,44,18,94,59,68,20,Yes,8,40.2,No,0,2,0xc23cca5be33a45f64599fdcad27be8d207a114ab,0xf047e15e9d68da1c8c1700f77ecedf931f6fbf4a,No,2026,False,621,zkproof_0621_hash,HR_SIGN_0621
0x0000000000000000000000000000000000000622,EMP1621,PRQAS JUYZAK,R&D,Manager,72716,90,56,86,56,61,79,14,Yes,8,71.1,Yes,2,0,0xfa94359298cf76c13de4a96d2cce17d7543451a1,0x0e2ebaa634fee7a94cbaf4897af41b78e1f1f4cf,No,2026,True,622,zkproof_0622_hash,HR_SIGN_0622
0x0000000000000000000000000000000000000623,EMP1622,ZOADN VYJBMT,R&D,Analyst,108381,76,57,87,61,84,84,6,Yes,7,77.5,Yes,7,4,0x159e7652cfabbcb35efb79372311254e805c4c2c,0xa46ae58bfbdc675a1f84b18349a2ad9866d06be6,Yes,2026,True,623,zkproof_0623_hash,HR_SIGN_0623
0x0000000000000000000000000000000000000624,EMP1623,CTZWY SPDYIK,HR,Analyst,33490,89,32,36,74,72,42,0,No,6,42.0,No,0,0,0x64c95b619319622bb8ab8c364d57ef7a4de48a9a,0x392f1fc80212501f5826b510f7059590cd3bb1e0,No,2026,False,624,zkproof_0624_hash,HR_SIGN_0624
0x0000000000000000000000000000000000000625,EMP1624,MKMLH XBLYRB,Engineering,Analyst,141863,83,56,80,93,59,59,17,Yes,1,61.6,No,0,1,0x6d29c770d173c443676e14f63569263b94ac94fc,0x636c654bb4e5f682970b481e39ad79cd2c16c066,No,2026,True,625,zkproof_0625_hash,HR_SIGN_0625
0x0000000000000000000000000000000000000626,EMP1625,MGYXU ESBTZR,Finance,Intern,51283,67,43,15,64,93,89,19,Yes,2,51.5,No,0,4,0x3e2baa60489e26b60389cb74a21226c51986fe53,0xa3a1b97208fedd25e39b605d1b4f939185b04dd3,No,2026,False,626,zkproof_0626_hash,HR_SIGN_0626
0x0000000000000000000000000000000000000627,EMP1626,VRUDT MRTSYI,Engineering,Coordinator,46248,80,34,24,64,89,47,0,Yes,1,41.6,No,0,2,0xce269707cbd123a5547af0e9d1ec02a3d00f30a2,0x506938393df79001dfb7d42cf48f99e3deb3d581,No,2026,False,627,zkproof_0627_hash,HR_SIGN_0627
0x0000000000000000000000000000000000000628,EMP1627,CEPBO ITVCJU,Finance,Engineer,57621,76,49,12,61,50,93,20,Yes,7,43.4,No,0,1,0xa75cc86328673ee087067bdd8f05bd417326fd42,0xb81d7e7a33eda22a38280edaee5ba6366be979ce,No,2026,False,628,zkproof_0628_hash,HR_SIGN_0628
0x0000000000000000000000000000000000000629,EMP1628,RFVZS FAOLLY,HR,Intern,66173,77,59,76,44,70,98,6,Yes,5,74.3,Yes,15,4,0xf29945e9016945fcc680d052d9fe2dad92575485,0xb2c53441384af1fc1a0a6d56e82de2fe10d3a600,No,2026,True,629,zkproof_0629_hash,HR_SIGN_0629
0x0000000000000000000000000000000000000630,EMP1629,AXNGO MHOGAG,R&D,Coordinator,140009,74,35,28,57,64,67,21,No,2,44.3,No,0,0,0xb6701c2262aab09672e255950f7ac9dbe296a812,0xec4a55a9b6acb4f53e937900dda26e80c81c8e0e,No,2026,False,630,zkproof_0630_hash,HR_SIGN_0630
0x0000000000000000000000000000000000000631,EMP1630,LCKHE JBXZSS,R&D,Engineer,122954,69,49,54,97,63,81,16,No,0,58.5,No,0,0,0xb23fbc590bc1e3c7c752f01274ceb84f30dab5c4,0x6eceb012b6210191bc6cf1287ecd53bf645879e6,No,2026,True,631,zkproof_0631_hash,HR_SIGN_0631
0x0000000000000000000000000000000000000632,EMP1631,YHRUM CRJJGZ,Operations,Analyst,138261,85,30,63,50,52,70,9,No,2,56.8,No,0,0,0x10db0ed2ca542b7e5bc599e9f62e582be9df6862,0x885dce1d6ead989cbbb93749d0e82defce150554,No,2026,True,632,zkproof_0632_hash,HR_SIGN_0632
0x0000000000000000000000000000000000000633,EMP1632,LAUTC KGWZSF,Engineering,Lead,82722,73,38,73,62,92,59,16,No,9,66.2,No,0,0,0x7ba057c2862676f96d170e2a4e17aa43c0e6da85,0xf92b5c6e21e17861557098165102cbd4f7a9f702,No,2026,True,633,zkproof_0633_hash,HR_SIGN_0633
0x0000000000000000000000000000000000000634,EMP1633,HGYDX RWOCOO,Operations,Coordinator,145821,66,54,33,45,54,83,19,Yes,7,49.6,No,0,1,0x566c15365e6fee11d232d80febcb09633c0d07b3,0xb0b920375bbae37d832ccd042e8aa0c645cbda3a,No,2026,False,634,zkproof_0634_hash,HR_SIGN_0634
0x0000000000000000000000000000000000000635,EMP1634,ENGVR CJJIQU,IT,Manager,138112,69,33,88,48,63,79,11,No,8,72.3,Yes,6,3,0x60684343270649360417b25d6bacbb3730719b01,0x3a74273c39667e72d0a4066432c6833994a27953,No,2026,True,635,zkproof_0635_hash,HR_SIGN_0635
0x0000000000000000000000000000000000000636,EMP1635,HRTJF OZNROT,HR,Manager,61904,94,40,68,65,84,86,23,Yes,2,70.0,No,0,2,0xdf082a605dddb20581bb5f873a6f57d488a286c9,0xf7f4526dd41a32ed20dc65a6abe857ac8f3c383e,No,2026,True,636,zkproof_0636_hash,HR_SIGN_0636
0x0000000000000000000000000000000000000637,EMP1636,UDAWV LMXDST,Finance,Developer,57484,79,49,31,88,72,81,14,No,4,51.5,No,0,3,0xd41733be26ebac714d3194e0a6a887b7f6c623c9,0x90ce3951055085a6ad8236c298dee3dee636e5c8,No,2026,False,637,zkproof_0637_hash,HR_SIGN_0637
0x0000000000000000000000000000000000000638,EMP1637,FHVSN VMRSJN,Engineering,Coordinator,148788,99,39,64,41,57,84,6,No,2,62.4,No,0,2,0x106a862e81688c1b75edf89a6c6cf8ba401d4635,0x210630f70a08df021c02e106d2dcf37cbf8ebc4b,No,2026,True,638,zkproof_0638_hash,HR_SIGN_0638
0x0000000000000000000000000000000000000639,EMP1638,LSRBT YGTJZV,R&D,Manager,56439,73,39,22,80,55,61,20,No,6,38.7,No,0,4,0x684a6e908690392a605207efd27b4d17ec38404c,0x0d9d826d12e753adfc4937b65b1ace870a39126f,No,2026,False,639,zkproof_0639_hash,HR_SIGN_0639
0x0000000000000000000000000000000000000640,EMP1639,FNRNA LONMWK,Engineering,Manager,33207,68,36,18,42,72,82,4,Yes,5,46.7,No,0,3,0x31db36768ff8bbfd5ad00a217d1aca5e4c4a8a8f,0xbb2ab7359a04f5dc84b6ba47a9613346164e27d5,No,2026,False,640,zkproof_0640_hash,HR_SIGN_0640
0x0000000000000000000000000000000000000641,EMP1640,VITRJ FGCBCN,R&D,Analyst,80714,70,55,26,84,63,90,8,Yes,0,50.0,No,0,3,0xa5560deba525324a975d8631e0a7e377bec74d9d,0x0801ef922eaf4e5c401dc880fd0132d62f3d4358,No,2026,False,641,zkproof_0641_hash,HR_SIGN_0641
0x0000000000000000000000000000000000000642,EMP1641,UKNCJ JZCLWY,Engineering,Manager,89734,96,50,30,52,91,61,2,No,0,48.5,No,0,0,0xda7510ab8e42bdbacb0d96cc91ec39241484f5d9,0x4d641775cd5e9ab8f4d803d8d435380fa6664020,No,2026,False,642,zkproof_0642_hash,HR_SIGN_0642
0x0000000000000000000000000000000000000643,EMP1642,YXVRT NFCLQX,Finance,Intern,66032,84,41,94,75,92,75,4,No,2,78.7,Yes,2,3,0xbcab93c6f1bc7992a5ae3ef5b3ef602a8dba2aa7,0x09b50a6f25be274a770c050c2514a046682858df,Yes,2026,True,643,zkproof_0643_hash,HR_SIGN_0643
0x0000000000000000000000000000000000000644,EMP1643,EWBKW RZHFGS,Operations,Lead,113062,73,32,98,60,83,44,12,No,4,69.4,No,0,1,0xda5ecdcf060429e9c47c70a46e92bf378da8d7e5,0x25ad2fd2de36c0313d0ae1c1ee452156b143d6aa,No,2026,True,644,zkproof_0644_hash,HR_SIGN_0644
0x0000000000000000000000000000000000000645,EMP1644,ALGFN NUFYEQ,Engineering,Coordinator,52114,74,48,0,62,78,52,10,Yes,7,31.9,No,0,3,0xa774c4e8cff1735a054e35471a95dd79c9f83cea,0x26a33be3fc9d7f9b3b9031806f98c15c99bb5cca,No,2026,False,645,zkproof_0645_hash,HR_SIGN_0645
0x0000000000000000000000000000000000000646,EMP1645,YNROH RCOCGN,HR,Analyst,107579,64,38,69,71,80,92,3,Yes,9,72.1,Yes,11,4,0x98ffd439dbb12c887316174558e6512c0144154e,0x7045a8ac9e8f054dd336e4508b6a4de8b94abff5,No,2026,True,646,zkproof_0646_hash,HR_SIGN_0646
0x0000000000000000000000000000000000000647,EMP1646,MEOHU CEOMVR,Finance,Analyst,95737,93,32,57,50,66,41,13,No,8,49.1,No,0,1,0xb7f741a780371f9c0e29d4db97413bbc313409be,0x7fc8ca5d43a0542bbd83271a6d6ae7c4d9687145,No,2026,True,647,zkproof_0647_hash,HR_SIGN_0647
0x0000000000000000000000000000000000000648,EMP1647,PETWE GLCHNW,Operations,Engineer,38062,67,39,36,75,79,43,3,No,5,43.6,No,0,0,0x9a5facd7908ad05484ddbf9fc2e514356ae915ca,0xb077028b78fe0a311df32d871ceb3d3075d4f542,No,2026,False,648,zkproof_0648_hash,HR_SIGN_0648
0x0000000000000000000000000000000000000649,EMP1648,VLUZW LFFPLA,Marketing,Manager,80539,97,43,79,90,56,93,3,No,0,70.7,Yes,15,3,0x62fd33cee9f279641ee0cddb69b6cded9e980f8b,0x8f309dcb6e8fbbe140df55a4bc8ebf7d8e05605a,No,2026,True,649,zkproof_0649_hash,HR_SIGN_0649
0x0000000000000000000000000000000000000650,EMP1649,SJEZZ TMRPNQ,Finance,Analyst,138152,84,41,58,85,82,58,20,No,0,57.0,No,0,4,0x55fa4a12aa496ac5f7cbf18b08129dc4bf87d755,0x8d8e9e2e8366c6c8a68af51fade1e7e48225a785,No,2026,True,650,zkproof_0650_hash,HR_SIGN_0650
0x0000000000000000000000000000000000000651,EMP1650,LXIHC BQRJEQ,Engineering,Manager,49565,95,55,61,43,78,58,18,Yes,8,58.2,No,0,3,0x7709e7082c3951e5995e5fb2f9db797b5fc4e3b3,0x312fef222b74591fbaf5f8f0fafe5215b436b69b,No,2026,True,651,zkproof_0651_hash,HR_SIGN_0651
0x0000000000000000000000000000000000000652,EMP1651,SKEIV AJFQEM,Finance,Analyst,116386,72,53,70,54,77,64,4,Yes,0,62.6,No,0,0,0x783b3c97bd5ed5d130c1ebea409cd6be22d42900,0xfaf4fe488b1b2184c8527c169bd96f7935a4a71a,No,2026,True,652,zkproof_0652_hash,HR_SIGN_0652
0x0000000000000000000000000000000000000653,EMP1652,CDLNO BSKZDA,Operations,Coordinator,82518,73,38,8,77,60,68,13,No,6,36.2,No,0,3,0x3bfa8f6105440327c4dddc5e4abfdd901dacddb5,0x5e00b03b90e9fbb7cab1a5f5c300f1fae3b67348,No,2026,False,653,zkproof_0653_hash,HR_SIGN_0653
0x0000000000000000000000000000000000000654,EMP1653,YLZKH ALYJNC,IT,Engineer,123183,92,36,3,67,56,47,21,Yes,3,26.8,No,0,0,0xff3686a3d30da47617ccd1bdd465b07c52f842fb,0x09247ad6e4b8bcb4e866652825b825620d3d95dd,No,2026,False,654,zkproof_0654_hash,HR_SIGN_0654
0x0000000000000000000000000000000000000655,EMP1654,CVQIQ JTUJRP,IT,Analyst,41675,75,40,8,77,67,63,15,Yes,0,35.5,No,0,0,0x4b4e24784963e56d64f99ef439233c35cd273e64,0x27e7c8244303569677da40c9ea4b45c84a2bcf0c,No,2026,False,655,zkproof_0655_hash,HR_SIGN_0655
0x0000000000000000000000000000000000000656,EMP1655,SUUEY MYZPEL,IT,Engineer,86527,75,34,38,84,90,67,22,Yes,6,53.9,No,0,1,0x07a08945c3769bcbd32d1855b74ea2f4b65bd958,0x8071a6daf80ef982e69bc6291e5e5157ca8b080d,No,2026,False,656,zkproof_0656_hash,HR_SIGN_0656
0x0000000000000000000000000000000000000657,EMP1656,DMLYV UFSBDQ,Operations,Manager,33781,69,52,65,75,75,98,14,No,2,70.6,Yes,3,1,0xf687a624b23279e379e6ea1da2a7d3e74be0cd6b,0x9e1f8730ae686d841acda57ccd5f42139be997a1,No,2026,True,657,zkproof_0657_hash,HR_SIGN_0657
0x0000000000000000000000000000000000000658,EMP1657,UDXGT ZDHUGH,Operations,Manager,88171,65,37,21,41,67,62,1,Yes,7,41.1,No,0,3,0x2f96eb2f3aaadccc44fa240eef97bcd4220ffb37,0xccf01203bccc0028b7fb4e57df104284fa0281b3,No,2026,False,658,zkproof_0658_hash,HR_SIGN_0658
0x0000000000000000000000000000000000000659,EMP1658,DUVAW HGCQQJ,R&D,Analyst,68397,92,40,69,43,60,61,10,Yes,4,58.3,No,0,2,0x6172ba856dd36931131ec5e7ae948248e4575e74,0x70cfa7956c090952b3bc1231c363b95e01dad6c1,No,2026,True,659,zkproof_0659_hash,HR_SIGN_0659
0x0000000000000000000000000000000000000660,EMP1659,FWKWP HBSCCH,Marketing,Intern,72139,83,47,79,46,64,64,17,Yes,2,63.8,No,0,1,0xa9e3fe7c3403cfc0a10b8d54e8eef3f48300d2c4,0x20bef69013586179ba3fd8b148aebdc838ac81d4,No,2026,True,660,zkproof_0660_hash,HR_SIGN_0660
0x0000000000000000000000000000000000000661,EMP1660,VRVUJ SKPAVP,Finance,Lead,145039,80,52,69,64,67,95,17,No,2,69.7,No,0,3,0x88ee48b397ab6cb503e050a2268292a7cf5189ae,0x9269cd69fb3b024137b98437371daff14d783e6a,No,2026,True,661,zkproof_0661_hash,HR_SIGN_0661
0x0000000000000000000000000000000000000662,EMP1661,NZMFJ OWWLCG,Operations,Lead,35466,69,49,89,58,61,47,2,No,4,62.3,No,0,2,0x4d82086d7373c262ca02ec6b58682cd69c774490,0xf177bec7cf1b23a3401aefa9090473d7d4527d31,No,2026,True,662,zkproof_0662_hash,HR_SIGN_0662
0x0000000000000000000000000000000000000663,EMP1662,UFZGI CPARPG,R&D,Intern,90432,71,47,86,98,90,69,23,Yes,4,73.5,Yes,4,0,0xe716bd31e57ded6287de31374399e40cb7d24865,0x4be09561bcf7ac4d270b0a8dd194e6c497c38583,No,2026,True,663,zkproof_0663_hash,HR_SIGN_0663
0x0000000000000000000000000000000000000664,EMP1663,BSDNM GZYNWN,Engineering,Manager,126482,79,34,0,63,74,55,22,Yes,7,32.0,No,0,3,0x7a0284a309ff9bc525a9edb7683e851a1e4d91c0,0xbf2e6e57b69e3cea924baab3970824e941ce9397,No,2026,False,664,zkproof_0664_hash,HR_SIGN_0664
0x0000000000000000000000000000000000000665,EMP1664,YUEXV PNQFJC,IT,Analyst,136395,76,37,70,60,85,55,16,No,6,62.1,No,0,2,0x72ed0021d5262a2721c0bf2f5d61d02ef934c568,0x4a22593ebd2c2433ad1605845db3fe924ca36ddc,No,2026,True,665,zkproof_0665_hash,HR_SIGN_0665
0x0000000000000000000000000000000000000666,EMP1665,OKKGG EFAOIF,IT,Intern,149979,99,54,81,43,89,60,2,No,1,68.3,No,0,4,0x464fdb5df0199c989e9e21eccd91e2782d08b209,0x52840288aff164e6b22d8477d04034c24a45ef77,No,2026,True,666,zkproof_0666_hash,HR_SIGN_0666
0x0000000000000000000000000000000000000667,EMP1666,ZVGIJ QEFMXO,Operations,Coordinator,43071,71,35,29,40,80,57,18,Yes,1,44.8,No,0,1,0x44e45c9c0b133944192cf5ecda55b23b3ff90a0f,0x87e516aeca9879e601f947ba422e48c36c5cbd13,No,2026,False,667,zkproof_0667_hash,HR_SIGN_0667
0x0000000000000000000000000000000000000668,EMP1667,DUKUS VXULMY,Engineering,Lead,110778,91,31,61,93,81,86,22,Yes,5,66.9,No,0,1,0x0211449121415dba079781483ea133eee7ad5704,0xfe9f6e9f9a8c928fe49c6ea276cbf4d0723f326a,No,2026,True,668,zkproof_0668_hash,HR_SIGN_0668
0x0000000000000000000000000000000000000669,EMP1668,NHAIO OGNEFJ,HR,Analyst,42329,61,37,37,46,74,73,20,Yes,7,52.2,No,0,4,0xb468f342be1ae5d828283384ae42119020c4d327,0xcd331cd8c8da349776477e13b430dd431dc4f557,No,2026,False,669,zkproof_0669_hash,HR_SIGN_0669
0x0000000000000000000000000000000000000670,EMP1669,LKKNE MSSWHV,Finance,Developer,75085,94,58,9,63,91,68,23,No,7,42.9,No,0,1,0xca992b1afb282e682e3be9bceed74f7672292e01,0x0d1bbc751df3c736b65079ca2e920a5c3122b8c4,No,2026,False,670,zkproof_0670_hash,HR_SIGN_0670
0x0000000000000000000000000000000000000671,EMP1670,RZSBC SZUQOU,HR,Manager,58885,70,57,2,54,65,51,4,Yes,5,29.6,No,0,1,0x1064fd765dbd1957814dbc81a5446deaa98adcae,0xa35e1dde22fd2630e096b78c0ec56af7b360b8a9,No,2026,False,671,zkproof_0671_hash,HR_SIGN_0671
0x0000000000000000000000000000000000000672,EMP1671,QRXXL TIIFGU,Operations,Developer,43692,83,46,70,64,53,41,21,Yes,2,51.1,No,0,2,0x0365e5c451a24a480e111c00c390fad3ea714bc1,0x720ca2d1fd37ee0323672a3f9f6b11e93b00dd13,No,2026,True,672,zkproof_0672_hash,HR_SIGN_0672
0x0000000000000000000000000000000000000673,EMP1672,ATUIM CWGONT,Operations,Manager,125444,85,30,20,47,64,97,10,No,1,50.0,No,0,1,0x8b7bd85839e24886d8eac774fcfc80a0ca14f263,0x2a804e50a5fb2259ca9550e50fa47ffa5624fdc9,No,2026,False,673,zkproof_0673_hash,HR_SIGN_0673
0x0000000000000000000000000000000000000674,EMP1673,LKTEC HAKHMH,HR,Engineer,121393,96,39,54,65,76,86,2,Yes,2,62.8,No,0,1,0xa5e5b6c67b7bd7bd956d0d87f2dba6553e4ea505,0x614381bd38dcfcfc5605c09a272069dfcc173c6d,No,2026,True,674,zkproof_0674_hash,HR_SIGN_0674
0x0000000000000000000000000000000000000675,EMP1674,WRVUA IXZZEK,Operations,Lead,120104,66,51,36,80,55,79,10,Yes,8,49.9,No,0,1,0xbfc546f1fae6df9cb38c3bb33feae8ec320ef6a3,0x3f4f43a1a1dcd185c61a96806f2b826c2e3935e6,No,2026,False,675,zkproof_0675_hash,HR_SIGN_0675
0x0000000000000000000000000000000000000676,EMP1675,GTWJG IRFIIX,Finance,Coordinator,121661,69,47,15,96,98,41,7,Yes,1,38.0,No,0,0,0x66d2f13f4dc1074d0f116e2e2a3fa9c4b32e1c15,0x273da8d2c8d905af845d391e42b9638913801f76,No,2026,False,676,zkproof_0676_hash,HR_SIGN_0676
0x0000000000000000000000000000000000000677,EMP1676,MANVE RBONAY,Marketing,Manager,98351,95,52,93,98,68,70,19,Yes,2,72.0,Yes,5,4,0x7eea4792620ad8c96a3a4734dc3042835a6813c7,0xe2a6bd8c1422c47fe74e848587f97a378ce89713,No,2026,True,677,zkproof_0677_hash,HR_SIGN_0677
0x0000000000000000000000000000000000000678,EMP1677,AVBVU RQTWIB,Operations,Intern,148035,60,43,98,46,74,46,3,No,5,68.3,No,0,4,0x1beefdd018c36797bd078e5ca8246fa597f73665,0x7358c0673e2f846f433ec9ba264a531e7108a229,No,2026,True,678,zkproof_0678_hash,HR_SIGN_0678
0x0000000000000000000000000000000000000679,EMP1678,WWETM IEYVSI,Finance,Engineer,30196,71,48,25,89,62,81,5,Yes,7,47.4,No,0,2,0xec6086656d81fe5d2bf0caa4a9dac40d8f7d7b56,0xc2d28a32eabbd4e316ad90d5d0cdb0100020f3e4,No,2026,False,679,zkproof_0679_hash,HR_SIGN_0679
0x0000000000000000000000000000000000000680,EMP1679,QKOMQ KUBNIK,Marketing,Analyst,59042,80,53,69,44,52,55,10,No,3,54.8,No,0,4,0x721601055a88ec135ba226ae961d4b2eeab17681,0x461c77b2ac04184349701ec522e100f0d73c4609,No,2026,True,680,zkproof_0680_hash,HR_SIGN_0680
0x0000000000000000000000000000000000000681,EMP1680,ECBFK XRUWKD,Operations,Developer,68203,82,46,67,59,93,86,22,No,8,72.0,Yes,3,4,0x515520391ca3c78bc665dc044fdebe9a7015d77b,0x402651b5726cc04179ec397347381fab56f08b5b,No,2026,True,681,zkproof_0681_hash,HR_SIGN_0681
0x0000000000000000000000000000000000000682,EMP1681,YMEUL NCJPUA,Marketing,Developer,79277,96,56,23,68,78,50,9,Yes,6,40.4,No,0,4,0x90c3352cff149e8d2b59ffa34bb9c15f4da87d4a,0xd7548487c16a32109797cf54e54cd3cb8e582864,No,2026,False,682,zkproof_0682_hash,HR_SIGN_0682
0x0000000000000000000000000000000000000683,EMP1682,CEDXI BTVEFY,Marketing,Engineer,52861,82,48,68,48,70,50,20,No,0,56.2,No,0,2,0x6fbdce49248a6eadd3973c65ee41fc23cf603047,0x924cc029001f640c2a78c645e294cc5f2836baf4,No,2026,True,683,zkproof_0683_hash,HR_SIGN_0683
0x0000000000000000000000000000000000000684,EMP1683,ZPOSA VFHNFH,Operations,Lead,42183,80,55,1,41,73,60,5,No,1,33.1,No,0,2,0x6660d9a959723e1476489a208121470decb7cd2f,0xe58677e2fe551c1588e001bf3ea3fa8e9ef939e3,No,2026,False,684,zkproof_0684_hash,HR_SIGN_0684
0x0000000000000000000000000000000000000685,EMP1684,CIDAO LJZUTG,Marketing,Intern,100254,90,41,88,68,80,65,8,Yes,5,71.2,Yes,14,4,0xf0950c357dc05b7153802ffa7bd971671e385b8d,0xb1d5673910204d982a6811b8c9575dbf39b49caf,No,2026,True,685,zkproof_0685_hash,HR_SIGN_0685
0x0000000000000000000000000000000000000686,EMP1685,HJUKW XSXQAR,HR,Coordinator,117020,71,55,7,81,79,56,16,Yes,8,36.2,No,0,0,0xe82dee34174fdb7735f751caa7d6bbbeec7a14f6,0x26741abb4c7b23ed125fac04a45bfadae4a4c2eb,No,2026,False,686,zkproof_0686_hash,HR_SIGN_0686
0x0000000000000000000000000000000000000687,EMP1686,QTDTI UDDZNI,Engineering,Developer,47794,75,36,86,61,83,70,7,No,1,72.1,Yes,7,2,0x1be5522eaeaecf1044e2d9c0761f54be147b7370,0xc4551bc11582f8a570ecb4e324aed34f2e7f739f,No,2026,True,687,zkproof_0687_hash,HR_SIGN_0687
0x0000000000000000000000000000000000000688,EMP1687,CBMTZ KQWWJD,R&D,Engineer,77063,79,51,46,93,78,80,4,Yes,9,58.9,No,0,2,0x411d267052b2970ba61b456bdc9bd1bda4b96ae4,0x66f86a9e7083e01554efe997f73c3f08962f422a,No,2026,False,688,zkproof_0688_hash,HR_SIGN_0688
0x0000000000000000000000000000000000000689,EMP1688,TAAPJ CNDXGF,R&D,Developer,43878,91,54,47,66,78,64,23,No,2,53.8,No,0,4,0x75341f5b8d72aaca2789927c646e9580f038ddc5,0x665d7495098f22308192696d6131c66101a3d9c8,No,2026,False,689,zkproof_0689_hash,HR_SIGN_0689
0x0000000000000000000000000000000000000690,EMP1689,KSTWX WRWULW,Marketing,Analyst,122597,96,54,13,74,97,76,24,No,0,47.4,No,0,2,0x1993a2c30997011a55682182306b6ef7e0f1ecd1,0x5af10a90a6a2d6bd58f6adb6843d351381f6c09e,No,2026,False,690,zkproof_0690_hash,HR_SIGN_0690
0x0000000000000000000000000000000000000691,EMP1690,YVHIK AJGLOV,Finance,Developer,62419,85,48,86,90,78,84,15,No,8,76.0,Yes,4,4,0x1b55d3a5e57adb7e7e475d43ce653736e3c776f6,0x6253175d9cf7d8e7cbc0ba28de0490daf08e91f6,Yes,2026,True,691,zkproof_0691_hash,HR_SIGN_0691
0x0000000000000000000000000000000000000692,EMP1691,KMMCS YTGKIL,IT,Intern,63584,77,48,99,86,96,60,4,No,8,77.6,Yes,6,0,0x9349529a6397aa20837308869d53c5ac9bc95918,0xfd4921db6974f4a8467376f4ed9e1eb5b4bac53f,Yes,2026,True,692,zkproof_0692_hash,HR_SIGN_0692
0x0000000000000000000000000000000000000693,EMP1692,SPVLX IKAJCI,Operations,Coordinator,109546,74,55,88,80,76,65,9,Yes,3,70.2,Yes,13,3,0xb7fb09eb74a3720b2a1e42ba3d9871dfe37acc2f,0x813959df51753ba5662493766373f8d2500d48cd,No,2026,True,693,zkproof_0693_hash,HR_SIGN_0693
0x0000000000000000000000000000000000000694,EMP1693,PHECV GGWNCQ,Engineering,Analyst,125855,64,53,7,53,54,79,9,Yes,7,38.0,No,0,1,0xf1d3480aa49334f79c845f158be23c6a483e3ab8,0x052ce9fa430edef9aa7426b75b346d944547ad54,No,2026,False,694,zkproof_0694_hash,HR_SIGN_0694
0x0000000000000000000000000000000000000695,EMP1694,HDKIP ZUKMID,HR,Lead,91367,81,47,95,41,74,57,2,Yes,1,70.0,No,0,4,0x8dea5db1da6272e9c1ea8e74bf3630f7c9137369,0x9a18d1d87d827516658ac628274382ac0ee93c40,No,2026,True,695,zkproof_0695_hash,HR_SIGN_0695
0x0000000000000000000000000000000000000696,EMP1695,RNEJF DTBAVF,Engineering,Engineer,91701,95,32,30,44,67,68,2,No,6,46.4,No,0,3,0x8e2e6a2e0b4dab97cfafbb01cf4fa3a251792c2a,0x0257f7fa2f17a2e98c8501d6d640cf742a7bede6,No,2026,False,696,zkproof_0696_hash,HR_SIGN_0696
0x0000000000000000000000000000000000000697,EMP1696,HWMZM MAORIK,Engineering,Developer,87640,69,37,71,78,63,73,22,No,1,63.0,No,0,2,0xf440410f4f119effb00c056c10130db6bf02a058,0xf6f485738b5bbadf2dc96e92b13c7385f573991e,No,2026,True,697,zkproof_0697_hash,HR_SIGN_0697
0x0000000000000000000000000000000000000698,EMP1697,BPKEP RPJRWB,Engineering,Analyst,130650,94,51,11,45,67,49,1,No,8,33.3,No,0,0,0xc2e787ed4114bee29e0b63f1c487818d794de483,0xdba283487d14b3ebc056a556437016763abc49df,No,2026,False,698,zkproof_0698_hash,HR_SIGN_0698
0x0000000000000000000000000000000000000699,EMP1698,VNURQ WJOXJW,Marketing,Intern,58489,97,59,20,42,76,86,6,No,7,49.7,No,0,1,0xe21e62977a304351c31234100ca2c26eec6a00d0,0xf194140031ff588659a259dbd3c2c9e4796205df,No,2026,False,699,zkproof_0699_hash,HR_SIGN_0699
0x0000000000000000000000000000000000000700,EMP1699,OBICQ JDOTQI,Marketing,Developer,138320,84,41,38,98,74,65,14,Yes,2,49.7,No,0,4,0xe797caa42cbbd1e799303b5750c1a639c3fa6906,0xb7179eb2a820b3158255f5b1a6406128842f2289,No,2026,False,700,zkproof_0700_hash,HR_SIGN_0700
0x0000000000000000000000000000000000000701,EMP1700,CKDZL WEMVPF,Operations,Manager,57379,77,32,4,84,94,43,22,No,7,34.0,No,0,1,0x05e0d329c3e611731c51700080e969dbd212f1b1,0x158105f1784fe4bc0ebb7c8ab7740f9c8b0d31bd,No,2026,False,701,zkproof_0701_hash,HR_SIGN_0701
0x0000000000000000000000000000000000000702,EMP1701,CIXHE HCDTSS,Operations,Analyst,61812,90,31,6,46,69,62,14,No,8,35.6,No,0,0,0x037722fad7b43e488f21ebe14756aff85338404b,0x010a66701a0e282ffd081a67412875695d27d097,No,2026,False,702,zkproof_0702_hash,HR_SIGN_0702
0x0000000000000000000000000000000000000703,EMP1702,MDMBU KEDZKK,Marketing,Engineer,68588,75,56,44,81,78,51,3,No,5,49.0,No,0,3,0xd044c52e02e09529b39e0120e41c40f0465c5fef,0xf23af9c194debb7d2f13829a15dc63bdbd83a349,No,2026,False,703,zkproof_0703_hash,HR_SIGN_0703
0x0000000000000000000000000000000000000704,EMP1703,YXYUT IQTXJQ,Marketing,Engineer,121737,62,40,77,64,54,43,11,Yes,8,55.3,No,0,4,0x4eb28fb589c0871fbdb6cc7e937e700d14308776,0x07af98f4f78d70cddb836922d060434c1686c76f,No,2026,True,704,zkproof_0704_hash,HR_SIGN_0704
0x0000000000000000000000000000000000000705,EMP1704,GVTQJ SEWRXQ,Engineering,Lead,133245,99,51,37,40,76,81,6,No,4,54.7,No,0,4,0xa1f95a5aa0bbdde3f70bf8dc826eb5d1c328c1dc,0x9f427873c0193691b968313c08233a4f472154fa,No,2026,False,705,zkproof_0705_hash,HR_SIGN_0705
0x0000000000000000000000000000000000000706,EMP1705,WOYXP ETWAKN,Marketing,Developer,30346,70,53,29,65,75,42,10,Yes,3,39.5,No,0,1,0xe362dac6a48f1e38a17e7fc7ec974d7ffe815ad4,0x0bd9018cb3221a46bd0a5641d806cc0dfae50de6,No,2026,False,706,zkproof_0706_hash,HR_SIGN_0706
0x0000000000000000000000000000000000000707,EMP1706,PUMTA FSDUXM,R&D,Intern,40046,93,47,2,90,71,60,0,Yes,2,33.2,No,0,3,0x712a9e2a5d9532c6d3d74217098b90ca7d62caf1,0x846bfd7758428b46d0aef16a0c9719790d77c0ab,No,2026,False,707,zkproof_0707_hash,HR_SIGN_0707
0x0000000000000000000000000000000000000708,EMP1707,NPFMA YXDWJE,Marketing,Lead,133121,83,31,35,99,84,41,22,No,4,43.5,No,0,3,0xcc3c7c017e76c5d7d549a69329ba1450ef40bcd1,0xd40f2fe107a1b5c27d07e257ab1df02c04c511c4,No,2026,False,708,zkproof_0708_hash,HR_SIGN_0708
0x0000000000000000000000000000000000000709,EMP1708,CHFFP XEAOGB,Marketing,Lead,113845,97,46,81,82,68,85,6,Yes,4,71.9,Yes,4,4,0x94af8b52e603b0f2ee0b1d435a0fa1fcb58ce4c7,0x0db0a40622fcbd96e79fee692e3ba4172a4e6ad0,No,2026,True,709,zkproof_0709_hash,HR_SIGN_0709
0x0000000000000000000000000000000000000710,EMP1709,OSBST HZRWMB,Engineering,Manager,125735,78,41,27,76,57,61,23,Yes,2,40.7,No,0,4,0xe38916820602caee4ec4bf71089f67b9356ced7c,0x400c26765c76fdfe4757c69114c026f61cf71bb5,No,2026,False,710,zkproof_0710_hash,HR_SIGN_0710
0x0000000000000000000000000000000000000711,EMP1710,PTSEC OXMGQD,Operations,Engineer,68651,87,32,81,69,76,96,23,Yes,0,76.4,Yes,4,4,0x7017ddfced98b2bb6ba650433ec1a4ddb7775f81,0xdd6abd21cc9d94a88cae207c865788b7fd5a33c7,Yes,2026,True,711,zkproof_0711_hash,HR_SIGN_0711
0x0000000000000000000000000000000000000712,EMP1711,TNBHL GITFIR,Marketing,Analyst,120322,90,46,83,40,54,67,6,Yes,9,65.0,No,0,4,0x3686db21fb8bb5bd426f21c28af2f023c8bee478,0x40f643d32be4d2ba8929c71bef12e0a07ff19885,No,2026,True,712,zkproof_0712_hash,HR_SIGN_0712
0x0000000000000000000000000000000000000713,EMP1712,KPCGY PNTTIG,Engineering,Intern,76261,96,55,25,75,63,50,11,Yes,9,38.5,No,0,3,0x82897cdc2712bad3e4c694fc2d72654728fc42bc,0xbeefc50c92fff1f9841c4f536d796fb64fba738b,No,2026,False,713,zkproof_0713_hash,HR_SIGN_0713
0x0000000000000000000000000000000000000714,EMP1713,RAPBG MCSGMU,Operations,Developer,126707,76,45,62,78,84,83,16,No,6,67.1,No,0,3,0x6aa80605c5a552dcfe25fc920ca8ba1129a842c8,0xc2d50e28672d209e12d5902ee2a949cc11d97243,No,2026,True,714,zkproof_0714_hash,HR_SIGN_0714
0x0000000000000000000000000000000000000715,EMP1714,BZHBK YIGGOC,Operations,Manager,46391,71,44,86,52,64,79,24,Yes,8,71.7,Yes,3,2,0xf4264e91b5778aa6bb408a0622bf8912833e31d1,0xf4527b33f1c83d78737e48c7b21aef4d1c11c37c,No,2026,True,715,zkproof_0715_hash,HR_SIGN_0715
0x0000000000000000000000000000000000000716,EMP1715,DZUAF LCACMT,R&D,Developer,62108,77,50,52,93,96,85,9,No,8,66.3,No,0,1,0xd2c89624819ef0c4ed0fa669a0680b4edc929b2b,0xeb649567c86bf2609612a78ca24807eb22b46b87,No,2026,True,716,zkproof_0716_hash,HR_SIGN_0716
0x0000000000000000000000000000000000000717,EMP1716,NRSPD WYYJBB,Marketing,Coordinator,146231,95,47,99,52,76,64,9,Yes,7,74.7,Yes,15,4,0x1c65e90500450517c88b3e12a057dc3912fca9bd,0x4c3e1a533995bc0647a1e3ecd39380988f8440be,No,2026,True,717,zkproof_0717_hash,HR_SIGN_0717
0x0000000000000000000000000000000000000718,EMP1717,ETXAA JDROSI,R&D,Coordinator,57352,82,47,26,89,53,96,8,No,9,50.7,No,0,3,0xb7f7d1bc7a23072848fa1f574585253a4f35dd34,0x61d570dddb8d0e82ea34c0794197e33bd6bfeb4e,No,2026,False,718,zkproof_0718_hash,HR_SIGN_0718
0x0000000000000000000000000000000000000719,EMP1718,XREXD ZEIEDY,R&D,Lead,89806,87,48,60,81,56,70,9,No,8,57.0,No,0,0,0x62ede8fdb374e42634919538274e7d054acad1ba,0xd0588d4c3a914ff02d1b0798b3df9c2d7e595c2a,No,2026,True,719,zkproof_0719_hash,HR_SIGN_0719
0x0000000000000000000000000000000000000720,EMP1719,SNHAC TQYLZZ,Engineering,Manager,36989,64,45,5,78,62,71,21,Yes,3,36.0,No,0,0,0xe9c79207179a035ae5267c7635980344a5fddced,0x1224d21012f588975d1b9c177c1981cb404e5a02,No,2026,False,720,zkproof_0720_hash,HR_SIGN_0720
0x0000000000000000000000000000000000000721,EMP1720,CNRLD FRHFCC,Operations,Analyst,103832,88,34,92,83,76,58,18,Yes,5,69.9,No,0,4,0x4970f4ff2a4321760fa1bee228afb67f2b568e60,0x4b24fce52b9d55f832bca0183ae34ba75b1f8355,No,2026,True,721,zkproof_0721_hash,HR_SIGN_0721
0x0000000000000000000000000000000000000722,EMP1721,NWMQX UMSJPX,Marketing,Analyst,131844,82,40,8,48,54,64,8,No,7,33.9,No,0,0,0xcf2e12ef92bb79adde92d87e94120c5d5672ad70,0x8bed0f36c7ca4256108c730545da5c0335f35db0,No,2026,False,722,zkproof_0722_hash,HR_SIGN_0722
0x0000000000000000000000000000000000000723,EMP1722,PUBXU YTIBKB,Finance,Coordinator,60083,70,59,19,92,92,74,8,Yes,5,48.7,No,0,2,0x8e3ad930aefd6cfcfd071d96fcd2ab4fb6d1cc6f,0x9f5d92301d560f7578cd6568b194ea46a3ef0a93,No,2026,False,723,zkproof_0723_hash,HR_SIGN_0723
0x0000000000000000000000000000000000000724,EMP1723,FLDPU GEDBIN,IT,Manager,126349,80,33,78,50,78,53,12,Yes,3,63.0,No,0,2,0x61d9988b06c99312ae07f4bbffba24eb32445900,0x79fd5c182485ba68517c57c0f6f947b99f04c5bf,No,2026,True,724,zkproof_0724_hash,HR_SIGN_0724
0x0000000000000000000000000000000000000725,EMP1724,GXRAE HTSKLD,Operations,Lead,93368,75,49,79,62,52,90,10,No,2,69.2,No,0,3,0x8bd18324fcf6bbf004e74cd31a9f66e5ee6989d0,0xb52a01665ef948e263d671c54e88210d385f5082,No,2026,True,725,zkproof_0725_hash,HR_SIGN_0725
0x0000000000000000000000000000000000000726,EMP1725,LOMCJ PLHXKQ,R&D,Lead,102397,74,49,5,76,85,46,0,No,2,33.0,No,0,2,0x050586a38233ade47abf35282f2ccbf215fb963e,0xe082d5c22b8ed4862a0114d6d81587de672bddbd,No,2026,False,726,zkproof_0726_hash,HR_SIGN_0726
0x0000000000000000000000000000000000000727,EMP1726,SEIEJ VBXXUP,IT,Developer,69950,63,43,73,44,50,85,21,No,2,64.9,No,0,4,0x4dd9570a8b932fbf74d584c6b56e32a17cffb14e,0xf89787f173b8a37705df02ba76427d0cb8d2cb01,No,2026,True,727,zkproof_0727_hash,HR_SIGN_0727
0x0000000000000000000000000000000000000728,EMP1727,SJZJZ GNPRYL,Finance,Lead,106638,87,39,66,62,52,83,13,No,4,62.1,No,0,3,0x229d8c25c92f2a7511b4383ca157bb93dc58e9cb,0x6e629703c0c4c8ddc1ae34c5bb28c2d1ccb7f73d,No,2026,True,728,zkproof_0728_hash,HR_SIGN_0728
0x0000000000000000000000000000000000000729,EMP1728,TWOMX GLPYEN,IT,Manager,36602,85,52,91,84,72,78,20,Yes,1,74.3,Yes,14,1,0xaee85618d54df1c9f89672acd931717b13aa418f,0x25e85176836df58e24002ac585d5caeaa1c98875,No,2026,True,729,zkproof_0729_hash,HR_SIGN_0729
0x0000000000000000000000000000000000000730,EMP1729,ATNFT SBWTWN,Operations,Manager,99227,63,48,56,63,65,69,8,Yes,0,56.1,No,0,4,0xa54cf62676b39d143bc36b701b4ab8d4915c0f07,0x1b06bdbf93ea3aac6f3641168bbfb1d828e96511,No,2026,True,730,zkproof_0730_hash,HR_SIGN_0730
0x0000000000000000000000000000000000000731,EMP1730,DIHWK VIXEJH,Operations,Analyst,93398,91,53,41,67,54,51,6,No,7,43.2,No,0,2,0xbfb09177724f325bb2eb83ed478a99a3f4c77385,0x87099d87d4848b917d420015a0082522937fabb4,No,2026,False,731,zkproof_0731_hash,HR_SIGN_0731
0x0000000000000000000000000000000000000732,EMP1731,INHEU SXJEZA,IT,Engineer,63374,69,49,10,61,95,76,10,No,9,46.7,No,0,0,0xe2050af69711f0aed2662fab9dbcca27a8c499dc,0x6e5073ade0018429df47e6719af03aca0a9f2f6b,No,2026,False,732,zkproof_0732_hash,HR_SIGN_0732
0x0000000000000000000000000000000000000733,EMP1732,KWVBH EZECQG,R&D,Developer,34362,71,45,58,99,95,56,20,No,0,59.0,No,0,3,0xd8938ecd5935103aaa5133285cedd47aae64f264,0x309a42c0c82a250d21b26770c8d125c0958eed11,No,2026,True,733,zkproof_0733_hash,HR_SIGN_0733
0x0000000000000000000000000000000000000734,EMP1733,GLQOG NMECLI,Engineering,Analyst,76726,75,40,64,76,63,87,5,No,8,65.1,No,0,3,0x2439f5a8f134dd53625e4c426f456dac7cd4384d,0x342f7b997a0670161317ce1181d3095fddbe0271,No,2026,True,734,zkproof_0734_hash,HR_SIGN_0734
0x0000000000000000000000000000000000000735,EMP1734,JFGXN FQKGHG,R&D,Intern,61103,74,35,90,50,78,65,5,Yes,5,71.6,Yes,14,1,0xe2250312a47c3a80f985f2892ee0762d78179fb0,0x71b53f9717fe1f82143a5c79dc9890681960a54b,No,2026,True,735,zkproof_0735_hash,HR_SIGN_0735
0x0000000000000000000000000000000000000736,EMP1735,NXFQA TJQNZG,Marketing,Developer,143769,70,41,44,87,75,86,5,Yes,0,58.4,No,0,3,0xb237fdf14e16ff441e9352b640b5769f53e6ad50,0xb7370095ba8f5424c0dab7849328ec61a6086352,No,2026,False,736,zkproof_0736_hash,HR_SIGN_0736
0x0000000000000000000000000000000000000737,EMP1736,PFGDY EWDTPB,IT,Developer,132603,74,43,28,55,77,76,9,Yes,1,49.5,No,0,4,0xcb1d06446f022b6f0c1f067c607ea4533d8d7289,0xe806336c2cfb1b476f62e8cc6edf26bdb0ee2256,No,2026,False,737,zkproof_0737_hash,HR_SIGN_0737
0x0000000000000000000000000000000000000738,EMP1737,IOZNN NDRKKA,R&D,Analyst,96639,72,30,82,71,86,75,11,Yes,3,72.8,Yes,13,2,0xed7e977df02b8f56dab426bb1aa5c8702826c64f,0x2052ad3d883799ae55dba038d9185e845090bd36,No,2026,True,738,zkproof_0738_hash,HR_SIGN_0738
0x0000000000000000000000000000000000000739,EMP1738,FSZME SFAMRZ,Engineering,Manager,72193,77,34,0,46,70,86,13,No,1,39.9,No,0,0,0x992136b979b86023f71e986f10b773e480a89196,0x5aaa6de0c574aa566978d610061693b77f2996a3,No,2026,False,739,zkproof_0739_hash,HR_SIGN_0739
0x0000000000000000000000000000000000000740,EMP1739,CGLAE IAWVYV,HR,Intern,130848,98,35,8,44,97,91,15,Yes,2,50.1,No,0,2,0x375d0447c15e462d8b788f067b8bedf8521e47d0,0xcdb16310a9b78b9d4a7fb5f9eb53eb78d7431134,No,2026,False,740,zkproof_0740_hash,HR_SIGN_0740
0x0000000000000000000000000000000000000741,EMP1740,ZXOLA SXKIXT,Marketing,Intern,135509,66,52,67,96,60,70,24,Yes,0,59.8,No,0,2,0x7bed99e9199543a31e33eb5c8428166b74e09933,0xd9ba8d9c41c3ef11490784b9136bfaf3ba96ba55,No,2026,True,741,zkproof_0741_hash,HR_SIGN_0741
0x0000000000000000000000000000000000000742,EMP1741,LFHRV GFWFEW,R&D,Lead,121661,63,31,51,43,51,72,23,Yes,5,52.7,No,0,1,0x25777d16d9d44ad9d5e3ebf7a0babd574c2f324f,0xea47b2fd8f7768feb89f726da3f81d86345e91ee,No,2026,True,742,zkproof_0742_hash,HR_SIGN_0742
0x0000000000000000000000000000000000000743,EMP1742,KMVBZ FERYNX,Operations,Coordinator,31957,74,32,42,54,87,60,13,Yes,3,52.5,No,0,4,0xfab7c1d6a90d42b2c23b38a7f23be51ed7ee9c56,0xf29b0beeb53fa24e50e3c5673b93a07a9d3f8274,No,2026,False,743,zkproof_0743_hash,HR_SIGN_0743
0x0000000000000000000000000000000000000744,EMP1743,SJERU LSDKYI,R&D,Lead,119728,77,31,54,64,88,99,10,Yes,8,69.7,No,0,0,0x67c582be403e866ca84ac5ae0a7c405635858d4a,0xba684a88364e1a01a6a78378de9e8405864fa6e2,No,2026,True,744,zkproof_0744_hash,HR_SIGN_0744
0x0000000000000000000000000000000000000745,EMP1744,STIIJ JGEPOW,Engineering,Developer,102266,65,51,91,97,99,43,2,Yes,9,70.0,No,0,0,0xa8c077ea8cd5aaf3bbf2917e29e80897a0a270bf,0xa25463b8c91d610867418c0d2c2d6758927304c7,No,2026,True,745,zkproof_0745_hash,HR_SIGN_0745
0x0000000000000000000000000000000000000746,EMP1745,UNVHM RFZHBA,Engineering,Manager,96655,78,32,77,74,73,95,9,No,5,74.4,Yes,4,3,0x2f1f1360250194f583ef2717e883f6749b73c9f8,0x8b90d432b0cc83d94fe182f2126505dfc9253759,No,2026,True,746,zkproof_0746_hash,HR_SIGN_0746
0x0000000000000000000000000000000000000747,EMP1746,LWHJE KWJDHA,Marketing,Engineer,112247,83,32,38,77,63,80,4,No,2,52.0,No,0,0,0x9ee080352b44ef0743e73b0ea265acc81152fb78,0x9af8c517559da895d57639b5247a5d2030205aa6,No,2026,False,747,zkproof_0747_hash,HR_SIGN_0747
0x0000000000000000000000000000000000000748,EMP1747,CRDSV IMQWYH,HR,Coordinator,133301,83,45,1,68,66,57,23,No,0,30.7,No,0,0,0xde5d1322b46862f6c614f63711040c7782071740,0xfe642f2c18dbce5b251dd19373de2e1e823bf272,No,2026,False,748,zkproof_0748_hash,HR_SIGN_0748
0x0000000000000000000000000000000000000749,EMP1748,IJKTA FUPQTE,Finance,Analyst,101361,91,36,79,72,77,82,24,Yes,3,71.9,Yes,3,1,0xf42597df8794d4e9015ddfcfc1c830b30b1b772b,0xe682a89e0b820a03e56de54bd087dfd1ff8ebef9,No,2026,True,749,zkproof_0749_hash,HR_SIGN_0749
0x0000000000000000000000000000000000000750,EMP1749,MLGGX PXBRLI,Finance,Lead,93329,83,36,61,99,52,42,7,Yes,4,47.8,No,0,0,0x77e7f9bc5b1da9da5eb307b6695dfcd1a4012788,0x55947aa29dbb706821458b427361614c0b00e638,No,2026,True,750,zkproof_0750_hash,HR_SIGN_0750
0x0000000000000000000000000000000000000751,EMP1750,MMTEE MICIAW,Operations,Manager,137859,64,48,65,42,79,86,6,Yes,2,67.8,No,0,0,0xad6b1e172ac34bd1d1f04df25481f86302efe17f,0x43e335f169ed73a479352641e80f718a6a7b5eae,No,2026,True,751,zkproof_0751_hash,HR_SIGN_0751
0x0000000000000000000000000000000000000752,EMP1751,GDBVI PKRAKR,R&D,Coordinator,44331,69,46,92,64,58,40,22,Yes,3,60.7,No,0,0,0x0dbcd909be4295892860133be28a0e331064cfc2,0x3a1a303a3a00aa69d9fb88acab703d94721516a1,No,2026,True,752,zkproof_0752_hash,HR_SIGN_0752
0x0000000000000000000000000000000000000753,EMP1752,LTTZM QMBGAR,IT,Intern,107542,83,36,2,96,54,74,1,Yes,9,34.7,No,0,0,0x76f3f6de803d0de941e844a00487a541b8da3f3f,0x884248f23485727387d0291bd5e4eaa91261fe10,No,2026,False,753,zkproof_0753_hash,HR_SIGN_0753
0x0000000000000000000000000000000000000754,EMP1753,KYPYE VWINZW,Marketing,Intern,69138,91,43,69,89,88,93,2,Yes,6,73.7,Yes,5,4,0xf38c2a53bccbf85ab9a81c8c87e2b039fd38f4b6,0x9a4bd1b5ec1fb6e4701c9084813564cdce79c38a,No,2026,True,754,zkproof_0754_hash,HR_SIGN_0754
0x0000000000000000000000000000000000000755,EMP1754,UHGTF YZITUL,Finance,Developer,108356,84,40,61,60,77,52,6,No,7,56.1,No,0,3,0x5800ed530f1587ca46239fb23dec8f39c94f42f4,0xc25c0c2cfb1a1c5210477342929fc0af2d9c548d,No,2026,True,755,zkproof_0755_hash,HR_SIGN_0755
0x0000000000000000000000000000000000000756,EMP1755,ARKXA LZMPNM,Marketing,Lead,78564,96,58,46,76,78,57,11,No,4,51.5,No,0,1,0xbef8fc473e81379a1e0a6cfdf63368571fcb6f9f,0xe5699e9df4aa9e9292ca7fcd686ebf4abf0f19aa,No,2026,False,756,zkproof_0756_hash,HR_SIGN_0756
0x0000000000000000000000000000000000000757,EMP1756,UEEBE RZCCVY,HR,Coordinator,70842,61,43,10,98,78,94,13,No,7,48.5,No,0,4,0x124b6ce7ef64646b1e850798a8594d5101a6f550,0xfe00b3439dbef459cab4fdf82007fef1b43682b0,No,2026,False,757,zkproof_0757_hash,HR_SIGN_0757
0x0000000000000000000000000000000000000758,EMP1757,UNGNK FQDBJY,Engineering,Engineer,137627,73,54,60,77,72,64,5,No,1,57.7,No,0,3,0xc7d6fa3e0cb608ac49fc98bb3688e1af57917ee1,0x27b9a3f784ceffa02e5c2ffaa122b101c0d55d17,No,2026,True,758,zkproof_0758_hash,HR_SIGN_0758
0x0000000000000000000000000000000000000759,EMP1758,HQGBW CKNKGN,IT,Developer,77485,65,36,48,77,65,41,20,Yes,0,44.5,No,0,0,0x24dc644b8e6a12fecdceea04018f6e7647a442cd,0x1a2ff2f47e973e5b903343563e0117e5b9a628db,No,2026,True,759,zkproof_0759_hash,HR_SIGN_0759
0x0000000000000000000000000000000000000760,EMP1759,BRWXC WYKNMY,Engineering,Coordinator,107794,87,56,19,42,98,44,24,Yes,7,41.1,No,0,2,0xaf45ab87f36812d82e45e6e8244547abc7465dda,0x46212a14c1813c0e0481674d8cb1beac52b96ae5,No,2026,False,760,zkproof_0760_hash,HR_SIGN_0760
0x0000000000000000000000000000000000000761,EMP1760,YWJTZ IMZSXI,R&D,Intern,109189,74,58,4,89,85,79,17,Yes,4,42.7,No,0,2,0x76e5463b9f8202efdaf537c99e4f90becdb56e44,0x5e3804e775e90d9ae567d9cf9816dbcbda415820,No,2026,False,761,zkproof_0761_hash,HR_SIGN_0761
0x0000000000000000000000000000000000000762,EMP1761,WQIIC HFHEOD,Operations,Lead,50214,89,40,43,73,61,58,12,Yes,9,47.7,No,0,4,0xa78f8e54e740d2e4cd7e594502f5ecd75a31972c,0x5fd64b7a7303077ceea66e5fe1ed3f2b88d8b18e,No,2026,False,762,zkproof_0762_hash,HR_SIGN_0762
0x0000000000000000000000000000000000000763,EMP1762,QRMDQ TWMGQI,Operations,Lead,48052,69,33,44,67,97,82,22,No,2,61.8,No,0,1,0x54f609491d790e4b4e68868c9cfd6894645f6c70,0x92bbfccc51608dbd868e523bd192eade766d373e,No,2026,False,763,zkproof_0763_hash,HR_SIGN_0763
0x0000000000000000000000000000000000000764,EMP1763,VWGFJ MPOVMM,Operations,Manager,66033,76,59,47,40,60,87,7,Yes,8,57.7,No,0,0,0xe12da336810cd7a25be6846bab7e4726c48978e6,0xc9d0ff8b72a8764f0f23d299d9dd294fae37e92b,No,2026,False,764,zkproof_0764_hash,HR_SIGN_0764
0x0000000000000000000000000000000000000765,EMP1764,YBJNT EBQUCB,HR,Coordinator,148329,98,55,76,77,68,72,21,Yes,0,65.6,No,0,4,0xed75017ba0e1fa2c05ba935b366cdfddd1ba4ada,0x8bd68dd834cfdd146998c328b0b4858991c27b26,No,2026,True,765,zkproof_0765_hash,HR_SIGN_0765
0x0000000000000000000000000000000000000766,EMP1765,BDXIZ YCNZMA,Finance,Analyst,104574,79,47,65,94,91,69,2,No,2,65.1,No,0,0,0x3c7eda7ad914e3dd007419b966aa90b69f123c27,0x2c36f1623e36856c1c9e3620dff9feae8d9c4620,No,2026,True,766,zkproof_0766_hash,HR_SIGN_0766
0x0000000000000000000000000000000000000767,EMP1766,BRQYC KNIDTW,Finance,Manager,57445,69,38,62,99,60,90,13,No,2,64.0,No,0,1,0xcdb522ce86e451b6f208aab80f5f3b50965f1159,0x4fcb871d46ba80c495c8d855b8240ef9c75ea795,No,2026,True,767,zkproof_0767_hash,HR_SIGN_0767
0x0000000000000000000000000000000000000768,EMP1767,SVCNX LFSYDB,HR,Engineer,120979,85,48,45,71,58,89,21,No,2,56.5,No,0,2,0x9f1c0dea5431624f7f339a762917d1c49899872e,0x2eb1063094a1b61603f2b8fb05173282aa4f6894,No,2026,False,768,zkproof_0768_hash,HR_SIGN_0768
0x0000000000000000000000000000000000000769,EMP1768,PVAGT NKBZVY,IT,Engineer,104013,65,54,9,64,68,72,11,Yes,0,38.8,No,0,2,0x1b6b8c827057f2def079185704769d13143d3d92,0x31a9e1bf6cc4786e6a93e61e00410f8a1c2be136,No,2026,False,769,zkproof_0769_hash,HR_SIGN_0769
0x0000000000000000000000000000000000000770,EMP1769,LIMOD QNDGLR,HR,Manager,101148,89,58,13,57,77,79,20,No,5,44.8,No,0,4,0xe153d099f60a2765439ebfa3b0db90a4c6c87f83,0x02f2c831531a9884fcf6b16bf1b6f78b4d1f5417,No,2026,False,770,zkproof_0770_hash,HR_SIGN_0770
0x0000000000000000000000000000000000000771,EMP1770,DOUQW KQSZTW,R&D,Developer,141053,84,33,39,63,78,53,15,Yes,2,47.3,No,0,2,0xd1991a9ba659a683e1c548963ab9c06abe86d19a,0xa6e12afaeb410cb23c8a31c022da718c305e519b,No,2026,False,771,zkproof_0771_hash,HR_SIGN_0771
0x0000000000000000000000000000000000000772,EMP1771,ZBXPS DCNADB,Marketing,Manager,110806,75,46,59,68,72,78,8,No,8,62.2,No,0,1,0x4b0a0a71f5f6729af974e23a7828650708c4f861,0xe5a5774007016b162d054083113aba1c7123bc6d,No,2026,True,772,zkproof_0772_hash,HR_SIGN_0772
0x0000000000000000000000000000000000000773,EMP1772,IQYMC KXWXFE,HR,Developer,60307,61,58,41,74,59,69,5,Yes,5,49.4,No,0,0,0xf8105c2aa0fb6d4c809343f09cb2399ef45e58e1,0x158a23a8cc895b25e44d80a82f051726297f6237,No,2026,False,773,zkproof_0773_hash,HR_SIGN_0773
0x0000000000000000000000000000000000000774,EMP1773,CNNNA AVNMAQ,Marketing,Manager,107161,77,58,57,66,69,67,4,Yes,3,57.0,No,0,4,0x410070a2ecb985ced5ff07ae24ea1bac12a8b2bb,0x1c8481b07293103286bc3b42d0e7528d98f9c776,No,2026,True,774,zkproof_0774_hash,HR_SIGN_0774
0x0000000000000000000000000000000000000775,EMP1774,XSNZP DQGYPP,Engineering,Manager,52395,66,42,49,70,58,79,2,Yes,4,55.3,No,0,4,0x6a222347aaa5a514b98117afe09b4ad610a65b8b,0xb68bcea72cf53e80dc961f0907e34792995cedd8,No,2026,True,775,zkproof_0775_hash,HR_SIGN_0775
0x0000000000000000000000000000000000000776,EMP1775,WBVEN EZNNYY,HR,Intern,110405,67,58,47,62,89,80,3,Yes,5,61.1,No,0,0,0x7f9c7e4a50d4e97ec31eac5fb0d8ca679b19831b,0x380ba14f544a67e3b9ee661525a5511e2a5baf4b,No,2026,False,776,zkproof_0776_hash,HR_SIGN_0776
0x0000000000000000000000000000000000000777,EMP1776,RTMUR SDJUNN,Finance,Developer,118956,80,51,69,87,64,95,14,No,3,69.2,No,0,4,0x2c950f9d19aefe294048b1b7d9538cf56d833e1d,0xc68bb9a1a3e5818bfb7a97657588d7e4f2d134f2,No,2026,True,777,zkproof_0777_hash,HR_SIGN_0777
0x0000000000000000000000000000000000000778,EMP1777,YILFY VGNXPZ,Operations,Engineer,74026,88,37,24,92,87,60,2,Yes,2,45.2,No,0,4,0xd6d55fc5e5c56baf6fd870b8abf4177e8eff73eb,0x479f4c7e7e75d2f388fa4a1be207bcdc6a6b82b8,No,2026,False,778,zkproof_0778_hash,HR_SIGN_0778
0x0000000000000000000000000000000000000779,EMP1778,ZYRWH DTMMCD,IT,Developer,126261,67,42,43,74,56,73,6,Yes,1,50.4,No,0,2,0x51a8b20c4f60c2f75c7a3b133a38a686c991340d,0x2b14379996367843e510921793e786d683ec06ba,No,2026,False,779,zkproof_0779_hash,HR_SIGN_0779
0x0000000000000000000000000000000000000780,EMP1779,PTTFR HHFQHC,Finance,Coordinator,44561,87,49,30,50,67,96,24,Yes,2,54.4,No,0,2,0x18942aadbb8df2167c3c24516c6726752149a9cf,0x334cc0504742a7b880837be96135bcf260e1ec1a,No,2026,False,780,zkproof_0780_hash,HR_SIGN_0780
0x0000000000000000000000000000000000000781,EMP1780,AKJQU POFZKQ,HR,Coordinator,141540,80,52,46,46,64,79,19,No,3,55.2,No,0,4,0xeabef30fa3f528c9e0329aab1637dfc081ff46ad,0x7218cc77b186b57baf67c3a3ec3e3b820a8e3da3,No,2026,False,781,zkproof_0781_hash,HR_SIGN_0781
0x0000000000000000000000000000000000000782,EMP1781,TPGCU UDEPLO,HR,Intern,39455,79,42,86,46,75,56,13,Yes,4,66.6,No,0,1,0x40f00f89bdbf9d503b7f72c59e175548dab9a489,0x0dfd74baa6942b9adf380c430a9b37a9e2adabbf,No,2026,True,782,zkproof_0782_hash,HR_SIGN_0782
0x0000000000000000000000000000000000000783,EMP1782,AIFWQ HPJELR,HR,Intern,63920,60,44,40,88,78,80,8,No,9,56.5,No,0,0,0xdcfd6d723157071b4a7eb40f7adcb70e9a868682,0x7152d35d722657026d0d5febaaa938009635be0f,No,2026,False,783,zkproof_0783_hash,HR_SIGN_0783
0x0000000000000000000000000000000000000784,EMP1783,GLDZC PMYZTK,R&D,Manager,70521,87,36,12,46,50,54,18,Yes,5,31.5,No,0,2,0x034e5c2b127db0533a17297df4e7971b4f1f2d89,0xa6582296b5e1e866e48c1fcbf2be645d50898600,No,2026,False,784,zkproof_0784_hash,HR_SIGN_0784
0x0000000000000000000000000000000000000785,EMP1784,ISPOU UYZDAF,HR,Analyst,49710,85,38,30,41,53,68,1,No,0,43.0,No,0,0,0xe6eb7e6869bda4a9851e4091a21649309805c625,0xecf04c67f3f188618a79706ba9de1db36c1ce01c,No,2026,False,785,zkproof_0785_hash,HR_SIGN_0785
0x0000000000000000000000000000000000000786,EMP1785,JKWPC ZJOLPM,R&D,Analyst,124335,82,39,25,53,94,83,0,No,9,54.6,No,0,1,0xc038a937aabe7f1d395c82c2c38d99bfeff65f25,0xb421c3134eb16b61e1eb4149b94d2759b15a9318,No,2026,False,786,zkproof_0786_hash,HR_SIGN_0786
0x0000000000000000000000000000000000000787,EMP1786,ZEFSD DKKOXS,Operations,Manager,99126,60,33,57,66,52,46,11,No,2,47.2,No,0,0,0x3fabe7c931e7f65348678217a25be66884ec4397,0x52fd59109ca288ba891cd5f0c294b732c7180d19,No,2026,True,787,zkproof_0787_hash,HR_SIGN_0787
0x0000000000000000000000000000000000000788,EMP1787,ILSRT TSSZYT,R&D,Engineer,148416,89,46,48,43,65,70,9,No,4,53.6,No,0,1,0x36f9bcdd21490c0297073f691283e9e655873de5,0x6a56c468a11f6758a71d41e5f55d488de36b91eb,No,2026,True,788,zkproof_0788_hash,HR_SIGN_0788
0x0000000000000000000000000000000000000789,EMP1788,XXWOC IAAGJM,Marketing,Manager,89999,70,40,71,41,50,41,12,Yes,2,50.9,No,0,4,0x354f2b29297f1fcf59dc22734713ef37b2bc6af6,0x036158426b3789dc9120850dbe430b0558eb2026,No,2026,True,789,zkproof_0789_hash,HR_SIGN_0789
0x0000000000000000000000000000000000000790,EMP1789,SHDFC ZQIULO,IT,Lead,131899,95,30,23,95,58,77,5,No,5,44.4,No,0,3,0xb7897770e57a7e4a8cef235ddcce6d10a0512d9c,0x299b8655350a93bfddc133f2833de950ddeaa079,No,2026,False,790,zkproof_0790_hash,HR_SIGN_0790
0x0000000000000000000000000000000000000791,EMP1790,QYPRV IASQNG,Engineering,Lead,123482,63,32,46,56,67,85,16,Yes,4,57.7,No,0,4,0xb895596b59924854e27777d12c0a33c59bdf0aad,0x5b87bd58dc69e46c4c41ed6a03254347deeb0659,No,2026,False,791,zkproof_0791_hash,HR_SIGN_0791
0x0000000000000000000000000000000000000792,EMP1791,UGPWZ AJTZPN,R&D,Lead,82359,61,53,89,75,53,66,17,No,1,66.1,No,0,0,0x457d8dd1b34227bad15a200191e959d48645cc8d,0xac9187e8dfb8a92fd15d72700ebdb4cac7f3c001,No,2026,True,792,zkproof_0792_hash,HR_SIGN_0792
0x0000000000000000000000000000000000000793,EMP1792,ZOVTT BBORWQ,Operations,Engineer,108687,82,48,63,94,86,50,4,No,0,57.4,No,0,2,0x8e5aef9a0dfb111636d64736ce015ecea94297fd,0xff83a2e469498334420e7cc0a409e77b19d5d6ea,No,2026,True,793,zkproof_0793_hash,HR_SIGN_0793
0x0000000000000000000000000000000000000794,EMP1793,GZCYC DHMDDL,R&D,Developer,60257,62,56,37,54,89,81,15,No,7,57.6,No,0,2,0x2a54b9222cb4e68f604719966f1324b8bfa19388,0x1df5cada5c664d6cc19159f29f1f60a02918e6ea,No,2026,False,794,zkproof_0794_hash,HR_SIGN_0794
0x0000000000000000000000000000000000000795,EMP1794,TPVEE CLZMNG,Engineering,Intern,42159,76,51,51,45,50,56,21,Yes,1,47.3,No,0,2,0xa01679c7d474f6694acebda5bc24b18019571e1d,0x35fccbad1e93868b7afb60fd0a47180cf449840f,No,2026,True,795,zkproof_0795_hash,HR_SIGN_0795
0x0000000000000000000000000000000000000796,EMP1795,INNKJ CERZYM,Marketing,Analyst,43339,60,40,65,65,57,64,15,Yes,5,57.1,No,0,4,0xf8144015e2f0ef11576d5283bd284c7700c3d3fa,0x2effd078525261804e53048d1c7d4444725d5379,No,2026,True,796,zkproof_0796_hash,HR_SIGN_0796
0x0000000000000000000000000000000000000797,EMP1796,ZKAUB ZHWKXI,Finance,Developer,49251,84,42,78,73,77,73,5,No,3,68.8,No,0,3,0x4476ea54e9145a161d24663f8bf3286fcedbec12,0xecc1f6110ab35c3fcd67470065db3e9446c5dd6d,No,2026,True,797,zkproof_0797_hash,HR_SIGN_0797
0x0000000000000000000000000000000000000798,EMP1797,PBBQU NCZRIP,Engineering,Analyst,79446,74,36,9,97,53,60,22,Yes,8,33.0,No,0,3,0x5b8c8c5569cce8df4a00313e5133184db7bc513d,0xd1f1f49aaefb4b0e7e429513fe33d5594a3c0cac,No,2026,False,798,zkproof_0798_hash,HR_SIGN_0798
0x0000000000000000000000000000000000000799,EMP1798,EGZPS NZGHVW,Engineering,Lead,137319,62,33,63,43,99,69,21,Yes,7,66.4,No,0,2,0xe4e8008e96610b8f1ca7a9442716fcf6c026a8f1,0x8c4929bac99309311ff07fdd6149d38ac649d26e,No,2026,True,799,zkproof_0799_hash,HR_SIGN_0799
0x0000000000000000000000000000000000000800,EMP1799,APBSM TJGHLH,IT,Lead,67848,63,56,38,42,91,95,2,Yes,9,62.8,No,0,4,0x5e3404e8a5a275a198b510271044facfa73314f4,0x7d12d7ff3f9e453cdd1874614b6547aeb2416ff3,No,2026,False,800,zkproof_0800_hash,HR_SIGN_0800
0x0000000000000000000000000000000000000801,EMP1800,VBNBB DGACKB,Marketing,Developer,140667,75,35,23,54,98,57,9,No,0,45.9,No,0,4,0x841a931a9ba87cc3b7cbb2ef66cdc4dabb892a7f,0x79f0a45476124eb75e3ce5095253229feaa5588f,No,2026,False,801,zkproof_0801_hash,HR_SIGN_0801
0x0000000000000000000000000000000000000802,EMP1801,FBPCL EJHBBQ,Finance,Manager,110763,95,59,2,58,60,88,23,Yes,5,39.7,No,0,4,0x39e33fc70a9415a28243910411e6672decee18d3,0xad37eaa804af08a23487e46e9fea2cc78b7bc2de,No,2026,False,802,zkproof_0802_hash,HR_SIGN_0802
0x0000000000000000000000000000000000000803,EMP1802,QJJGO HKEMJH,IT,Intern,77496,74,45,65,56,70,88,24,Yes,3,66.7,No,0,0,0x1ae727d7ad2b043958c0ed16239b11a24b0573fb,0x2c132552724bbcd153d48032a7d07d6d6e6cb7c2,No,2026,True,803,zkproof_0803_hash,HR_SIGN_0803
0x0000000000000000000000000000000000000804,EMP1803,ZZUEI PKCQHW,Engineering,Analyst,34857,83,31,8,70,98,89,0,No,8,50.3,No,0,0,0x86d529bac442f924f9384e606604de6285a42534,0x7b8726a0d126915d248f7cb8685491ecb76c622e,No,2026,False,804,zkproof_0804_hash,HR_SIGN_0804
0x0000000000000000000000000000000000000805,EMP1804,JHXLG AKUTNP,Engineering,Lead,123349,83,30,72,64,65,48,0,No,4,56.6,No,0,1,0x2ab248ecdf25bfbd9ce3952fe856a3e918d8f176,0xca322bf250ba1821b2e7b009d1116999c6d643e6,No,2026,True,805,zkproof_0805_hash,HR_SIGN_0805
0x0000000000000000000000000000000000000806,EMP1805,JWQFB GSNLTK,HR,Coordinator,65003,70,45,43,74,84,61,7,Yes,7,53.0,No,0,1,0xf026248c031f5a72d9caf402f9f8fe33bc6880d7,0xa82dcfb73f5e76e6ca256151b32c020dc5a39c45,No,2026,False,806,zkproof_0806_hash,HR_SIGN_0806
0x0000000000000000000000000000000000000807,EMP1806,BSVSH ENWKBN,R&D,Engineer,40292,80,39,18,99,79,48,21,Yes,8,38.2,No,0,3,0x01dfc12dfdd8ff858ddc4f87e845e7dd433b8979,0x37eb3f43de43e1352a7c61a4c78d5d34e467cc61,No,2026,False,807,zkproof_0807_hash,HR_SIGN_0807
0x0000000000000000000000000000000000000808,EMP1807,NKBVM LPHBQU,Finance,Manager,110806,81,52,9,57,61,55,16,No,3,32.6,No,0,1,0xf6c8fc929cfae8d1dad027943a3e51edd7619b70,0x48adfa8baedcc31cb6efa206dd17eb25938d4e0e,No,2026,False,808,zkproof_0808_hash,HR_SIGN_0808
0x0000000000000000000000000000000000000809,EMP1808,YRESH KQBBRP,Marketing,Engineer,132887,69,55,80,50,55,63,24,Yes,2,62.1,No,0,3,0x74708ec5e8cdd54bb1d331fd164a6cbf8b07a6e8,0x3cbc3d7a39754713a5884d3f6335a61f91a1503a,No,2026,True,809,zkproof_0809_hash,HR_SIGN_0809
0x0000000000000000000000000000000000000810,EMP1809,PIHIE XJQFAF,IT,Lead,73248,89,30,18,67,92,79,8,Yes,9,50.2,No,0,4,0x7d5169f5ee5906732ae853050eab64f1522fac3a,0xd3a45dbcd535465281c1298ed7b1e90667ce9340,No,2026,False,810,zkproof_0810_hash,HR_SIGN_0810
0x0000000000000000000000000000000000000811,EMP1810,ERDUF GDWAIR,Engineering,Manager,113450,89,54,3,75,70,44,13,No,5,28.9,No,0,4,0xe6d4077e0f9524ea421adcef2aeca5a493a7b70f,0x41fa41a020793c411ee633f212fcf0c207715266,No,2026,False,811,zkproof_0811_hash,HR_SIGN_0811
0x0000000000000000000000000000000000000812,EMP1811,UNQLM MTRHQO,HR,Intern,47272,73,35,68,80,52,82,0,No,3,62.5,No,0,0,0x38112dc01a6bb2159fa65efff015951f719cb6f9,0xaf419f52802fca547be51a62aecaf5c422393203,No,2026,True,812,zkproof_0812_hash,HR_SIGN_0812
0x0000000000000000000000000000000000000813,EMP1812,QIGDQ XIZGWD,Marketing,Manager,118580,85,57,17,89,86,59,10,Yes,0,41.7,No,0,2,0x3c6a47accc6ae13933f992600c206bba990e729c,0x2e74e3e95cf1e1a28e1df5d2ec89eaca92da072b,No,2026,False,813,zkproof_0813_hash,HR_SIGN_0813
0x0000000000000000000000000000000000000814,EMP1813,BDXWV EVFMMI,R&D,Lead,134108,60,52,92,73,53,84,24,No,2,72.8,Yes,10,4,0x19de7c1a9e6714300e1a72099c783fe9c7b117cb,0xa2ecae6900cdd1b377411447415f0a622e3ed9b5,No,2026,True,814,zkproof_0814_hash,HR_SIGN_0814
0x0000000000000000000000000000000000000815,EMP1814,FSUHK EWNAWY,Engineering,Engineer,135137,96,55,72,61,65,71,17,No,7,63.8,No,0,3,0x1fd5c8ad54271427eeea884b34277141e237b68d,0xff79af89cfa67302a9b81fa22723cf2df5885e1f,No,2026,True,815,zkproof_0815_hash,HR_SIGN_0815
0x0000000000000000000000000000000000000816,EMP1815,AMMWS JXDRKR,Engineering,Analyst,88094,92,37,35,89,81,66,0,Yes,7,50.7,No,0,4,0x0fa14ab3789e05c058f7ab67eac1714c29352efe,0xf470fdaaf41981c4769b9ecc9fb599d3c1036aef,No,2026,False,816,zkproof_0816_hash,HR_SIGN_0816
0x0000000000000000000000000000000000000817,EMP1816,NPLQL RPMLEC,Operations,Manager,55236,77,31,88,47,70,40,23,No,7,61.9,No,0,2,0x57c015fc8cd3dc4dcd9e51940275c19dc1bb2ff0,0x852fb8a59fcd0ee514cf05a481e1d0663583a164,No,2026,True,817,zkproof_0817_hash,HR_SIGN_0817
0x0000000000000000000000000000000000000818,EMP1817,FPJFO FQNHKB,IT,Coordinator,142639,96,30,67,81,84,60,15,Yes,6,62.2,No,0,3,0x0a1c49f221770a062a6a08f1810c27d61261b49a,0x2ce9236b6684520a1afa6625cafeaa343ccc2ee1,No,2026,True,818,zkproof_0818_hash,HR_SIGN_0818
0x0000000000000000000000000000000000000819,EMP1818,GWQLJ FZFTOR,R&D,Lead,62427,82,35,11,53,68,43,14,Yes,6,31.5,No,0,4,0xa5c25aa06cc6c9ac17eb2ac0681b07a0d920f259,0xaf95a24fb268b7dc8b458a23699e6d6d9580adda,No,2026,False,819,zkproof_0819_hash,HR_SIGN_0819
0x0000000000000000000000000000000000000820,EMP1819,CYWON LDJYTN,Finance,Lead,145592,62,42,87,48,68,68,4,Yes,1,68.9,No,0,0,0x55353837b9f38babf98bd2a32282aaa2d76e992a,0x28a356a48f15e39d6d457c07746f5ff00652c3e9,No,2026,True,820,zkproof_0820_hash,HR_SIGN_0820
0x0000000000000000000000000000000000000821,EMP1820,JSUZK VUQSZJ,Finance,Lead,132423,73,56,23,80,93,96,10,Yes,6,57.2,No,0,1,0xac6217289cbb6bae6e89e4d553fe48f65c3083cb,0x8653d5a6879103a8c124f0927f901e20f8809635,No,2026,False,821,zkproof_0821_hash,HR_SIGN_0821
0x0000000000000000000000000000000000000822,EMP1821,WTNJV AUVYVS,Engineering,Developer,30250,84,53,84,51,85,64,5,Yes,2,70.0,No,0,0,0x34eb9a56d038d2e61252d36e0bdab33fc21b1119,0x0c7b01ee0c20a9b6b07be25753ecb73f439728ac,No,2026,True,822,zkproof_0822_hash,HR_SIGN_0822
0x0000000000000000000000000000000000000823,EMP1822,SPERI CEQMBV,Engineering,Analyst,38494,75,38,29,74,68,57,15,No,0,42.3,No,0,2,0x74751658c49dc8b1230255dac64d0d12de5fe0ac,0xa9669ea48f9f47337c7af5dabf1c86ed5c1f7a0b,No,2026,False,823,zkproof_0823_hash,HR_SIGN_0823
0x0000000000000000000000000000000000000824,EMP1823,LUXMG WEMSUL,Marketing,Lead,38452,83,56,98,91,53,60,9,No,1,67.9,No,0,0,0x56c11ec702a06a59a84a49e70b42b383c7ece64d,0xc208ef0231d42aaea3b5921bbec39957a1784f1e,No,2026,True,824,zkproof_0824_hash,HR_SIGN_0824
0x0000000000000000000000000000000000000825,EMP1824,TICKC BBMXLQ,Operations,Developer,111816,79,44,58,85,77,75,13,No,9,62.0,No,0,2,0xea5dd104893b1f61af98904a1fa07e42f6dfa9d9,0x2c83fecd1e67a49ac356b62035f1cb0ad674b7f5,No,2026,True,825,zkproof_0825_hash,HR_SIGN_0825
0x0000000000000000000000000000000000000826,EMP1825,DTJPQ WOMCXN,Marketing,Engineer,73259,88,57,88,91,52,99,5,Yes,5,75.8,Yes,14,1,0xf82157957865a3135e4e47006f05e61b9944ee53,0x3f96fdd2027757dabea3e3363a6c1467192ff59d,Yes,2026,True,826,zkproof_0826_hash,HR_SIGN_0826
0x0000000000000000000000000000000000000827,EMP1826,KATNO XQDLDO,IT,Engineer,92715,76,33,65,85,84,43,8,Yes,5,56.2,No,0,0,0xd6e6e8a30109c6980c6b20adaaf613f0eb5a8324,0x650015adc78fa707b0f36c8a28469b7a93c7ffe1,No,2026,True,827,zkproof_0827_hash,HR_SIGN_0827
0x0000000000000000000000000000000000000828,EMP1827,HLOUZ CZJMHO,Operations,Lead,101155,98,48,50,53,93,41,4,No,0,50.9,No,0,2,0x4aa2a0da8e3428f9a6b81fbbd65ff97f71546fc9,0x1f03c9ab2614861a41db9dbb4c880aa5b508764e,No,2026,True,828,zkproof_0828_hash,HR_SIGN_0828
0x0000000000000000000000000000000000000829,EMP1828,EHHWK OCBJDT,Engineering,Developer,92057,77,31,45,40,90,64,24,Yes,3,55.5,No,0,1,0xc93c39e0be18df556a1d6d4fe98350e71e55f45f,0x498b8d362b5c188290892e494229035d99a598df,No,2026,False,829,zkproof_0829_hash,HR_SIGN_0829
0x0000000000000000000000000000000000000830,EMP1829,YCDFM SADHSJ,IT,Engineer,43551,89,30,68,68,99,88,22,No,7,74.1,Yes,4,1,0x6dc0f433407192ca6c0ccab0fc91713a6cc3b2ac,0xe7c92296d3205dc2fb50717c69ce8a47ef837d09,No,2026,True,830,zkproof_0830_hash,HR_SIGN_0830
0x0000000000000000000000000000000000000831,EMP1830,WVQXM JYGGBZ,Finance,Engineer,71281,65,39,13,49,79,61,8,No,0,39.3,No,0,0,0x37fddaa1e598a30952b7382f9dcb99e1f13c5954,0xc972f276cdcd4652347384e015952f90693327c9,No,2026,False,831,zkproof_0831_hash,HR_SIGN_0831
0x0000000000000000000000000000000000000832,EMP1831,ZIMNS IYRQYX,Marketing,Developer,79510,82,37,94,47,77,70,1,Yes,9,74.9,Yes,13,4,0xebac5579cc19fbd938fb7e55766af6c6776f27d5,0x33fefa8f3a9e852c27085bc1e0187220eba64745,No,2026,True,832,zkproof_0832_hash,HR_SIGN_0832
0x0000000000000000000000000000000000000833,EMP1832,DBIJU ISQKRI,Engineering,Developer,121244,82,49,2,41,67,60,7,No,7,32.9,No,0,0,0xa55a4c3e64e6e0059d0fb4c5deec975a105e57fa,0xbb04ca0c87ad25b232b9a13bd5860c0864354b9c,No,2026,False,833,zkproof_0833_hash,HR_SIGN_0833
0x0000000000000000000000000000000000000834,EMP1833,MCXHZ CJQRFI,HR,Engineer,103861,79,33,96,43,56,98,17,No,1,79.1,Yes,6,4,0x8af5b731962a2586eabf26e212c916cc538def1c,0xa3ba07481cad8a0ca08305dcce1cad3094a4639c,Yes,2026,True,834,zkproof_0834_hash,HR_SIGN_0834
0x0000000000000000000000000000000000000835,EMP1834,UBNMZ ADIUHI,HR,Coordinator,142577,61,31,31,45,50,77,22,No,6,46.1,No,0,2,0x816708d24b553c7f7ada026f5edbe11c1e1340f8,0x4e782ee32bc0b50aaab5407a7011f27fd7fd6ca9,No,2026,False,835,zkproof_0835_hash,HR_SIGN_0835
0x0000000000000000000000000000000000000836,EMP1835,BCZGC SATTYK,Finance,Coordinator,121892,75,41,75,79,87,63,21,No,9,67.2,No,0,2,0xd979e7b8ec5ce1274d804e4c247c2e27dee25756,0x0ed943f0df0a9ee40f69caa7d6ada18d2a0f7683,No,2026,True,836,zkproof_0836_hash,HR_SIGN_0836
0x0000000000000000000000000000000000000837,EMP1836,BDAFD KYJRCB,Finance,Lead,60791,94,55,18,61,80,40,11,No,2,35.4,No,0,1,0x549ea83f66b262b07f5aadf991d5ae71db4469c9,0x26bb5621768477cc87107e4b0ceceafd81ded214,No,2026,False,837,zkproof_0837_hash,HR_SIGN_0837
0x0000000000000000000000000000000000000838,EMP1837,RGMJR JKCAZG,Finance,Engineer,141453,75,57,9,74,70,63,7,No,4,36.9,No,0,2,0x9ea98bae611e2d312ec93b692b46134a6b7c1a81,0xff72039cab45eb2d2ba9b64af23d5a9b5cabdd89,No,2026,False,838,zkproof_0838_hash,HR_SIGN_0838
0x0000000000000000000000000000000000000839,EMP1838,FOUOF AMXMTW,Operations,Intern,40644,99,37,48,44,64,46,15,Yes,7,46.5,No,0,1,0xcfe89233b65b70a2275177acb28c9b236f3d2b3e,0x4a32acc5521596de210758ab1b382073eae67498,No,2026,True,839,zkproof_0839_hash,HR_SIGN_0839
0x0000000000000000000000000000000000000840,EMP1839,XCRFQ LZYMIC,HR,Intern,130018,80,51,55,66,95,47,5,No,5,55.6,No,0,3,0x060c54d26af092a7215895a9da15f1815291cc4f,0x4a380b0be3ccd094b12e9e77f8573bb233d3503c,No,2026,True,840,zkproof_0840_hash,HR_SIGN_0840
0x0000000000000000000000000000000000000841,EMP1840,DKHJU JWGFKR,Finance,Lead,89754,90,47,36,47,52,76,21,Yes,4,48.0,No,0,1,0x76d5de5250159280d8a9112a742d0ad2d492d5dc,0x0f502b2b0d0996ac6b8aad8b865b225ecdf6f6b2,No,2026,False,841,zkproof_0841_hash,HR_SIGN_0841
0x0000000000000000000000000000000000000842,EMP1841,BKIKA MRVHVJ,Engineering,Analyst,93619,71,45,86,58,93,84,13,Yes,4,78.6,Yes,4,4,0x11cdb06309d2500f9dcc3a10e60ed47c5c0ee4c5,0xc7668e3728d54c3aa72da0ea9abc1a2be06311fd,Yes,2026,True,842,zkproof_0842_hash,HR_SIGN_0842
0x0000000000000000000000000000000000000843,EMP1842,YNCGA QFVNWU,Operations,Engineer,93911,69,30,10,99,83,72,0,Yes,7,42.9,No,0,4,0xd4ede285e60f89b45873abb539bdefb6d5345589,0x3e433500a691e6c000699d49e7deeadacac9bcc5,No,2026,False,843,zkproof_0843_hash,HR_SIGN_0843
0x0000000000000000000000000000000000000844,EMP1843,WUURU KEKPPV,Finance,Coordinator,70563,77,38,98,50,63,50,7,No,2,67.0,No,0,2,0x66f499f6de0da3b4938736083f5d85a0c61be2ac,0x7bafd83f27b273f5f4f9fae3c5dd735c5041318d,No,2026,True,844,zkproof_0844_hash,HR_SIGN_0844
0x0000000000000000000000000000000000000845,EMP1844,AAXBL FNBTDX,HR,Developer,105734,62,36,73,71,72,69,11,No,4,64.7,No,0,2,0x817ce4d55e2f54774e2ac50a9904a8fd4c68fe3e,0x9dc7fc02018c85e986c2d70e32344dbfc4ce7a72,No,2026,True,845,zkproof_0845_hash,HR_SIGN_0845
0x0000000000000000000000000000000000000846,EMP1845,NGZNX NYGGEF,Marketing,Coordinator,109367,87,54,56,77,70,99,12,No,8,66.9,No,0,4,0x6e6babc26651a72e1dc686fc11be1700a3098390,0x5bd7413df98f1291d61efe63a9e07782a966fbc2,No,2026,True,846,zkproof_0846_hash,HR_SIGN_0846
0x0000000000000000000000000000000000000847,EMP1846,TXAZS AZNJVN,Engineering,Coordinator,96456,78,31,95,47,57,74,11,Yes,0,71.6,Yes,2,4,0xf48f44abe984a38ff99a6bb6fb7d134df954f95f,0x455dde4d0d53e018c2994c1346e88a0bb2c987a9,No,2026,True,847,zkproof_0847_hash,HR_SIGN_0847
0x0000000000000000000000000000000000000848,EMP1847,TBCPA JQQFJV,R&D,Developer,63546,68,32,98,53,69,64,20,No,5,72.7,Yes,10,2,0x13ae891bb875baf1e555cdd0ef05a2fe967c70bb,0x1336b80e8866ec7a19fedc0753edc7d09ad0d483,No,2026,True,848,zkproof_0848_hash,HR_SIGN_0848
0x0000000000000000000000000000000000000849,EMP1848,ADVBR BZHWVF,R&D,Intern,32163,99,54,36,57,68,77,21,No,6,51.7,No,0,1,0x701012a43ba4aec122a65ced651f78e3f9494462,0x51b95f592a24e226372780fdb41934fbb78c19ea,No,2026,False,849,zkproof_0849_hash,HR_SIGN_0849
0x0000000000000000000000000000000000000850,EMP1849,YUTPM VGJTCJ,HR,Intern,58484,95,56,62,72,70,61,12,No,8,57.9,No,0,3,0xdb13c7ae49629caec69bb63e8035f072b7a28fbd,0xaba38cf9bc5d5b4a315b6c3d0eb6b0a22dae7b2c,No,2026,True,850,zkproof_0850_hash,HR_SIGN_0850
0x0000000000000000000000000000000000000851,EMP1850,FQJIJ ZGTREJ,Marketing,Intern,66886,81,30,18,51,66,89,21,Yes,6,47.7,No,0,3,0x6af2644caa8a0288d65e25f41f3551a8f8d94815,0xdbfca6b120a35bf1720c418736ed5c7ead5f5401,No,2026,False,851,zkproof_0851_hash,HR_SIGN_0851
0x0000000000000000000000000000000000000852,EMP1851,EKCUJ CYZQGN,R&D,Engineer,40997,93,39,8,86,66,57,16,Yes,0,33.5,No,0,0,0x8b8e94ab495d4c06e94a5d7966245f743251b9c1,0x25d5fd7d75da0c1a68835780f0e4ea8354d069d0,No,2026,False,852,zkproof_0852_hash,HR_SIGN_0852
0x0000000000000000000000000000000000000853,EMP1852,DFBNA TMXNQD,HR,Engineer,126880,82,53,70,62,77,62,12,Yes,8,62.8,No,0,1,0x670f62b6ca247361d1ac0acf0ef1e4517201c0ce,0x5fe452a4e0fdac5354e52695abfebc64ccb2c1d0,No,2026,True,853,zkproof_0853_hash,HR_SIGN_0853
0x0000000000000000000000000000000000000854,EMP1853,LZYQR TBBUHK,Operations,Developer,46942,86,41,6,68,64,81,17,No,5,40.0,No,0,2,0xc6a5fcbdb400a4148b0694092fece55fa3848c7a,0xe61536d797cf463aca4d17b537e557ae6fb0239b,No,2026,False,854,zkproof_0854_hash,HR_SIGN_0854
0x0000000000000000000000000000000000000855,EMP1854,GRUDX QCCPWV,IT,Analyst,148370,99,36,60,81,99,76,10,No,0,66.6,No,0,3,0x4df8ed0bda2e0cc5a1793120f4d625159792468a,0xf0b476a30c0df5b49a7225a3c7f9304850464fe8,No,2026,True,855,zkproof_0855_hash,HR_SIGN_0855
0x0000000000000000000000000000000000000856,EMP1855,VMMCD TXHZAB,Operations,Intern,143238,94,58,26,52,96,55,19,No,9,47.0,No,0,1,0x861f840cdc3b1dccd4ff4e4991b24e0b44997ae9,0x69e0ba4404584eb02329a2822195c9c53e644a8e,No,2026,False,856,zkproof_0856_hash,HR_SIGN_0856
0x0000000000000000000000000000000000000857,EMP1856,MOKDS DMWIJI,Operations,Intern,44333,77,46,37,62,67,70,21,Yes,7,49.9,No,0,0,0x8673f81c69f4f3b16445503ab925ca276faa8f8c,0x6b2bd1490aca80f328f3f028537a7917e23c8bb9,No,2026,False,857,zkproof_0857_hash,HR_SIGN_0857
0x0000000000000000000000000000000000000858,EMP1857,GIYMY AUNMGY,IT,Intern,85850,69,34,16,50,68,74,0,Yes,8,43.0,No,0,4,0xc00a1407074b245aa2b03dfb1356d94b2d2971a2,0x6595896af22ec6b431a5c1a5bb4ce8a4a7e5cc76,No,2026,False,858,zkproof_0858_hash,HR_SIGN_0858
0x0000000000000000000000000000000000000859,EMP1858,JNNWV OCFWHO,Finance,Coordinator,42365,75,38,36,92,65,45,8,No,3,41.2,No,0,4,0x4e86bd933eb503c8ab71b5e43bee9b3c846e44e0,0x709c8296d7d685782ff7126cc5cf396ecc238936,No,2026,False,859,zkproof_0859_hash,HR_SIGN_0859
0x0000000000000000000000000000000000000860,EMP1859,YZSRQ BXLPEW,Operations,Coordinator,46030,62,55,76,92,91,71,15,Yes,2,70.1,Yes,3,1,0x0ea36956102cd0d3a57433580bcd36bf13529b11,0xdda5ab2c4e07d1cce2578281404f348052feff06,No,2026,True,860,zkproof_0860_hash,HR_SIGN_0860
0x0000000000000000000000000000000000000861,EMP1860,FPUQH AJBWBQ,IT,Lead,74690,79,36,91,78,51,76,14,Yes,2,69.6,No,0,4,0xa2194e9b8b8674930619e8252c92121400a5df7f,0x53a38a6550ccc47025d1221f7b94fe7eae63bdd2,No,2026,True,861,zkproof_0861_hash,HR_SIGN_0861
0x0000000000000000000000000000000000000862,EMP1861,RQMEB FAWNTS,Marketing,Developer,77792,94,36,71,75,61,84,8,Yes,6,66.4,No,0,2,0x570d7178a62e20ed39368ed0cf732e3833771680,0xebdfd7ed46da9b3525a8e43a83817441d02de6e1,No,2026,True,862,zkproof_0862_hash,HR_SIGN_0862
0x0000000000000000000000000000000000000863,EMP1862,NOTQM GPEEKY,Operations,Coordinator,122700,60,46,12,47,98,71,21,Yes,2,45.9,No,0,1,0x57554e8d4aeaa383dcb8bdcff738febfcca5270a,0x9767c8f01da62c8fc30e8644494854bc351c2a02,No,2026,False,863,zkproof_0863_hash,HR_SIGN_0863
0x0000000000000000000000000000000000000864,EMP1863,TVLGO LTXBUU,IT,Analyst,133631,74,41,52,44,93,93,15,No,7,68.0,No,0,2,0x517c0e10d11ef3837b769e11c7ab7669b24711d1,0x30ed36855d4b3995b8f4ac9fac3340a4eef9b9d2,No,2026,True,864,zkproof_0864_hash,HR_SIGN_0864
0x0000000000000000000000000000000000000865,EMP1864,TTHLS KVPMNP,Finance,Intern,110310,63,44,80,64,90,53,18,No,3,66.2,No,0,0,0x1d458b1ea82630cfa483fc35df6873bff0ec98dd,0x84572449b7b5ab24e288b399dd64eb765f45ad7b,No,2026,True,865,zkproof_0865_hash,HR_SIGN_0865
0x0000000000000000000000000000000000000866,EMP1865,CBQSN QKHXYB,Engineering,Developer,72752,82,55,0,97,69,45,15,No,0,27.3,No,0,4,0x9a23930113676b603c9ab1e27897cb5c34228f40,0x276796ad66c9656df954530888dc13bd81240cfa,No,2026,False,866,zkproof_0866_hash,HR_SIGN_0866
0x0000000000000000000000000000000000000867,EMP1866,RNHKQ QJVARN,Marketing,Engineer,112488,99,57,30,74,74,98,7,Yes,8,57.0,No,0,4,0x49d60f2bcdabd3573e3855b88d777734dc2784bf,0x097795eada4d7da87ab8f01194b4acd3dc8d2e2c,No,2026,False,867,zkproof_0867_hash,HR_SIGN_0867
0x0000000000000000000000000000000000000868,EMP1867,IENTG CZAEHP,Finance,Coordinator,70381,95,35,20,50,76,96,2,No,6,52.6,No,0,0,0x161554bd3be7c6451968f41392e7bdbc2533e6b2,0x9328dbcd9d2d4bb5bf2321be2ae844773b1555f4,No,2026,False,868,zkproof_0868_hash,HR_SIGN_0868
0x0000000000000000000000000000000000000869,EMP1868,HNGYI VQWQVD,Operations,Developer,40941,77,46,77,51,89,53,12,No,6,65.1,No,0,0,0xb7105b2023fa95272e8dc2d565eb4bff62bf5672,0xe90dae7936666e13d99e5d240a5ac48b32b7a454,No,2026,True,869,zkproof_0869_hash,HR_SIGN_0869
0x0000000000000000000000000000000000000870,EMP1869,UKQWO KTSOWT,R&D,Engineer,88634,98,59,92,42,87,97,16,No,9,84.2,Yes,2,4,0x2f67583fec5592f14724743a2d1fc00e3c73ac7a,0x887aaf82a5e3a077984c67a1d3c40be45b99ae0c,Yes,2026,True,870,zkproof_0870_hash,HR_SIGN_0870
0x0000000000000000000000000000000000000871,EMP1870,UBJAP ZCHJFS,Finance,Lead,78078,92,55,45,98,64,57,12,Yes,9,48.8,No,0,3,0x95e2c1e1d66eeea9d5214ac2eb566cab327ed43a,0x5757e929965bb397c76fe5439267304d54e9dbb5,No,2026,False,871,zkproof_0871_hash,HR_SIGN_0871
0x0000000000000000000000000000000000000872,EMP1871,BEIKJ UYIUWH,IT,Intern,95931,97,55,4,75,70,69,19,No,3,36.6,No,0,2,0x84e88fb405e1eccfe3e7f6f603986a0c58ce7287,0xd223e77ad6e4f99e8495af8cc942b92ab6efe651,No,2026,False,872,zkproof_0872_hash,HR_SIGN_0872
0x0000000000000000000000000000000000000873,EMP1872,YCFWM DPRWLT,Marketing,Coordinator,130853,75,51,83,79,58,45,9,Yes,4,58.7,No,0,1,0x799bc56e1c7838afda658686e8f774bba628f52d,0x85566da7289f7a972ecd20864f946b4cd7a1dec7,No,2026,True,873,zkproof_0873_hash,HR_SIGN_0873
0x0000000000000000000000000000000000000874,EMP1873,JJDLY KADFDL,Finance,Analyst,136353,99,53,20,58,51,53,2,No,7,34.8,No,0,3,0x9d6ba32c32356f5c9e0c228fc7daa969d124b9ca,0xf48761889fce21380032d059717fdb527af85d60,No,2026,False,874,zkproof_0874_hash,HR_SIGN_0874
0x0000000000000000000000000000000000000875,EMP1874,RQCIP QCWPJD,IT,Manager,48970,99,40,82,44,66,69,0,Yes,8,67.5,No,0,0,0xc2c16975b0ab0fc6ffc38360a0f3b27849dc6524,0xd04eaf4cf51d294cf2ecd18bda36521d842a8351,No,2026,True,875,zkproof_0875_hash,HR_SIGN_0875
0x0000000000000000000000000000000000000876,EMP1875,OUSRR HUKOXK,Finance,Engineer,68442,99,55,6,77,63,94,20,Yes,9,44.1,No,0,4,0x83f96a5fd0a550e7190c8f8135a38c991d81939f,0x8d977b3eaa737a7b8a082fe7ea67d0143084d943,No,2026,False,876,zkproof_0876_hash,HR_SIGN_0876
0x0000000000000000000000000000000000000877,EMP1876,TAIVE LUCBTC,Engineering,Intern,30397,94,34,23,44,70,49,24,Yes,7,38.6,No,0,3,0xe585bfbbcfcb2c6e82f072160510c830ddf1cdf0,0x3e7fba1c00dc75b4bca61e47277abc17f369c380,No,2026,False,877,zkproof_0877_hash,HR_SIGN_0877
0x0000000000000000000000000000000000000878,EMP1877,OKTSE DMZCRL,Operations,Developer,54448,78,44,21,64,77,75,3,Yes,6,46.9,No,0,4,0x6bf82be8fc14fddb5c7877973bd6bba5801def14,0x10749c7308cab24198670f93350fb624496a7c0a,No,2026,False,878,zkproof_0878_hash,HR_SIGN_0878
0x0000000000000000000000000000000000000879,EMP1878,BRASS YFBMVL,IT,Engineer,92240,87,54,67,40,80,85,6,No,4,68.7,No,0,2,0x3683840474865e92b20f94fe41a46bf13c8eeb6f,0xfc856092ef0f10003201518e99643f4a929e0dfd,No,2026,True,879,zkproof_0879_hash,HR_SIGN_0879
0x0000000000000000000000000000000000000880,EMP1879,XHWAS NPMKFE,Marketing,Manager,55363,78,33,23,41,65,73,10,No,8,44.9,No,0,2,0xe2b2b5b085eb6758020cf0c4b6a5f3f6e3f1ff2b,0x9d057c639976b886dd893cf0fd3914a09f07b3e8,No,2026,False,880,zkproof_0880_hash,HR_SIGN_0880
0x0000000000000000000000000000000000000881,EMP1880,INBJD HIDRGP,Operations,Developer,36370,67,42,45,50,52,70,7,Yes,7,50.1,No,0,1,0x872a598313628f0f5a7ce29e92e84812d2990e56,0xdc9eb194d61d7530a85c171aac6276b941d9262d,No,2026,False,881,zkproof_0881_hash,HR_SIGN_0881
0x0000000000000000000000000000000000000882,EMP1881,MRGCF RHGKFI,R&D,Lead,67114,66,34,40,59,61,50,21,No,0,43.2,No,0,2,0xe07733c377342b32874514bd3bd1964a9b1e51a6,0x43086039dc846674fb7a5150d357a0aa0c98e8c5,No,2026,False,882,zkproof_0882_hash,HR_SIGN_0882
0x0000000000000000000000000000000000000883,EMP1882,XLMBU KOAUWR,Finance,Analyst,83649,69,56,30,88,93,45,4,No,0,44.1,No,0,2,0xce3f7b2026f1e9b422b3a8b5076e19e0aa86b017,0xe7076ca6b2071ac6b1746e953953c1ea1fcfd1d7,No,2026,False,883,zkproof_0883_hash,HR_SIGN_0883
0x0000000000000000000000000000000000000884,EMP1883,YPVDG EJJIMF,Engineering,Intern,66041,60,54,92,72,63,82,3,Yes,5,74.5,Yes,11,1,0x0407a945159cf2b69c983aac909679f05275d95d,0x38d933535ed8078e0c01b9c2cf4327131b6a4298,No,2026,True,884,zkproof_0884_hash,HR_SIGN_0884
0x0000000000000000000000000000000000000885,EMP1884,GQXHH MTPBZT,R&D,Coordinator,39903,77,47,95,43,72,40,8,No,4,64.8,No,0,1,0xa9b0fc248dd5b249c027c04496712439e1ef1be0,0x4668c0087ea78f65fab9f8eb6bf557dd69ef80fa,No,2026,True,885,zkproof_0885_hash,HR_SIGN_0885
0x0000000000000000000000000000000000000886,EMP1885,LJIPF HVRKQJ,Operations,Lead,40330,69,57,55,88,89,40,4,Yes,3,52.1,No,0,3,0xdb04a95f75785be332c5a8759980dab75935d769,0x495fccef99de3acb1f42354b3cda2247fbf87a56,No,2026,True,886,zkproof_0886_hash,HR_SIGN_0886
0x0000000000000000000000000000000000000887,EMP1886,HRMYG YEVGKM,Finance,Developer,127971,72,45,76,92,63,56,14,Yes,2,60.0,No,0,4,0x9e5bbe8b4b02b73ad155f5f4cb6f79dbc4877993,0xbb9f5fa51392d1aa8d6053a01cd156878054c277,No,2026,True,887,zkproof_0887_hash,HR_SIGN_0887
0x0000000000000000000000000000000000000888,EMP1887,EAIQJ LNNKFP,Operations,Coordinator,138257,83,38,18,96,74,93,21,Yes,4,50.3,No,0,0,0xe359a9b0f29d226431bcc29db90e3920d2e9a672,0x02d1da258a575cec8f56fe4d53e7ede5307260c6,No,2026,False,888,zkproof_0888_hash,HR_SIGN_0888
0x0000000000000000000000000000000000000889,EMP1888,MQBVU QBCNPX,Finance,Lead,64915,91,52,0,49,74,85,21,Yes,6,40.9,No,0,3,0xfa3368d4bc7d053f4e3a7bc705e3b534660cca83,0x9d5eda4a772607c86b002d0134ec135a6b019cdf,No,2026,False,889,zkproof_0889_hash,HR_SIGN_0889
0x0000000000000000000000000000000000000890,EMP1889,PQMHW RDEVSQ,Engineering,Manager,134126,65,55,39,95,87,88,9,No,1,59.5,No,0,4,0xdef54e567e78dbd7fa4a6c6d875891391fc9e056,0x1c32cd5f9ee94d054918f26faad75fef2c754243,No,2026,False,890,zkproof_0890_hash,HR_SIGN_0890
0x0000000000000000000000000000000000000891,EMP1890,ERRYD ANBPNG,IT,Coordinator,122129,98,37,98,51,58,71,7,No,1,72.2,Yes,12,3,0xfd2f055ea0c513dd53938052c0ee9bbff088fa40,0x0043821d0bf6c4dd98e84d62ad5199af2c6f7b44,No,2026,True,891,zkproof_0891_hash,HR_SIGN_0891
0x0000000000000000000000000000000000000892,EMP1891,XCHPZ UEDTPZ,Finance,Lead,38138,92,46,11,92,50,54,20,Yes,3,30.9,No,0,1,0x6b9c57b910ea3ed1614842d323225e21bfe0f8aa,0xab52a659f479c0a389dcd799fc4d677e3e1c17e5,No,2026,False,892,zkproof_0892_hash,HR_SIGN_0892
0x0000000000000000000000000000000000000893,EMP1892,CIRMU HAWAZM,HR,Coordinator,107998,99,30,9,74,85,68,17,No,6,41.6,No,0,1,0x0eec88f6652b551caf7771feddaf444102d29796,0xd54c409f11d20406d127af837b23006c152e0b15,No,2026,False,893,zkproof_0893_hash,HR_SIGN_0893
0x0000000000000000000000000000000000000894,EMP1893,XYPCZ WZAXGM,Engineering,Analyst,104732,97,56,95,47,78,89,18,Yes,3,80.6,Yes,5,0,0x82bc858a34931562432bd9096424f06e40edb2c5,0x8a0dd4b6805f37b005c936fb4b8e616e572c7bc6,Yes,2026,True,894,zkproof_0894_hash,HR_SIGN_0894
0x0000000000000000000000000000000000000895,EMP1894,MCWLF CHUYYE,Operations,Developer,51665,61,35,92,86,59,95,19,No,2,77.3,Yes,7,0,0x15266c6219a0c393490ba75e04fce55578636e48,0xa2e2309518a4f1a215a2970a20acd609a12393ad,Yes,2026,True,895,zkproof_0895_hash,HR_SIGN_0895
0x0000000000000000000000000000000000000896,EMP1895,YMGOT BJWUGH,HR,Analyst,115438,61,58,54,81,60,51,3,No,7,49.6,No,0,3,0x2a6a8dc181ee188c4a474ab8783771e50bc140cb,0xbfa3e67c1a3898184778c5d48c27ffee4ec40de2,No,2026,True,896,zkproof_0896_hash,HR_SIGN_0896
0x0000000000000000000000000000000000000897,EMP1896,NVKQH LQYTPA,R&D,Intern,102892,66,32,25,67,69,76,17,Yes,7,47.3,No,0,0,0xaea22ebdde774bca190b7604775adf43efd2f3ba,0xcad4bdceb76cae3e7d6b9658adf4e0a7b2392011,No,2026,False,897,zkproof_0897_hash,HR_SIGN_0897
0x0000000000000000000000000000000000000898,EMP1897,XXTES BOBKZS,Operations,Developer,53232,77,54,9,81,71,77,21,No,3,41.2,No,0,1,0xda68623a657e500aef0b087141e075d6407a53d2,0x1342eec47c918ab94546fdfdc89c5a678318caec,No,2026,False,898,zkproof_0898_hash,HR_SIGN_0898
0x0000000000000000000000000000000000000899,EMP1898,ESMYS MMGPJX,R&D,Intern,58600,85,37,72,73,73,68,13,Yes,6,64.4,No,0,4,0x32a4c4a9af20924eff8131056dd68066d7d4934d,0x9785e433ca8d556c984bd4ea15e81a7b5c838c88,No,2026,True,899,zkproof_0899_hash,HR_SIGN_0899
0x0000000000000000000000000000000000000900,EMP1899,GMCDH RDFXTV,Finance,Engineer,146006,84,53,57,74,80,42,19,Yes,8,52.2,No,0,4,0x511da8f0cc9eeb75bdefe4de128c4ca366e61a39,0xd70dbd030139c589699e3f9afc880c8c7b6a3be0,No,2026,True,900,zkproof_0900_hash,HR_SIGN_0900
0x0000000000000000000000000000000000000901,EMP1900,XWIVW CNJZSR,Marketing,Coordinator,111270,91,44,66,92,97,80,2,Yes,0,69.8,No,0,4,0x657127538f120ae3b711447e22d4ca48549907a4,0xa97aff904e48cafc36b53dfe2633bac6d62b32e7,No,2026,True,901,zkproof_0901_hash,HR_SIGN_0901
0x0000000000000000000000000000000000000902,EMP1901,ESDQD ZJZGWK,Engineering,Developer,50628,69,44,26,88,90,72,15,Yes,1,50.1,No,0,3,0x25ac83d4677bfca17201006c4716e50df5fb3826,0xa16f657c12d6a346b704db188238d4c73208f03f,No,2026,False,902,zkproof_0902_hash,HR_SIGN_0902
0x0000000000000000000000000000000000000903,EMP1902,IEGYG GMLKXY,Marketing,Engineer,119058,93,43,2,92,65,92,2,No,0,41.4,No,0,0,0x5d61e3c357465acd3618eee10fd0b75b0b230aa9,0x5a6bd4ef13640193278c890519fa91ed9a068c4d,No,2026,False,903,zkproof_0903_hash,HR_SIGN_0903
0x0000000000000000000000000000000000000904,EMP1903,XFGAP FXNKLI,R&D,Analyst,30553,60,41,26,89,91,78,5,No,5,52.5,No,0,0,0xe521ed2c2a2ffdc36b5bf1413ec8c21004f878b3,0xb59efb2650b684202f3c5158b7d4747d9a1c8d54,No,2026,False,904,zkproof_0904_hash,HR_SIGN_0904
0x0000000000000000000000000000000000000905,EMP1904,NIRKJ UVFJRK,HR,Intern,66973,98,50,39,85,74,89,3,Yes,2,57.3,No,0,1,0x8aef20dacb5803b11adb6e115999db093113c1ee,0x4eec7631e4a681ff06bfaf4bd84f2604c8ebc83f,No,2026,False,905,zkproof_0905_hash,HR_SIGN_0905
0x0000000000000000000000000000000000000906,EMP1905,KEPGR GOVFIU,Marketing,Intern,50114,74,37,12,46,50,75,22,Yes,3,37.6,No,0,1,0x8ceeda7a81b7f61faec9357925d44475eee30358,0x8d246d28017d332fbaea937257bb7b10c5720ff7,No,2026,False,906,zkproof_0906_hash,HR_SIGN_0906
0x0000000000000000000000000000000000000907,EMP1906,SYVFC LSKUBC,Marketing,Manager,146674,98,54,22,97,93,42,22,No,6,40.6,No,0,1,0xfb965b4eedb5f04d25153ae1f8f063be7809fb90,0x0565ee2cc9dc5a68e2155abf9a8c0cb954ea1abd,No,2026,False,907,zkproof_0907_hash,HR_SIGN_0907
0x0000000000000000000000000000000000000908,EMP1907,POJEW MOSYMN,HR,Lead,92502,92,57,57,41,85,81,10,Yes,0,64.1,No,0,3,0x3d0e7725a43ed39128aa7005888a9e557dec994a,0x10bbf8d6797579f511cd3c263b63deeabcbe444f,No,2026,True,908,zkproof_0908_hash,HR_SIGN_0908
0x0000000000000000000000000000000000000909,EMP1908,SMLPT UJFVLG,Engineering,Developer,142961,74,37,34,44,75,95,24,Yes,1,57.2,No,0,0,0xd790d76fcabb1cba8662eb748147c10c24f97461,0xf03418212c59721082abadae4dafd096c10372d4,No,2026,False,909,zkproof_0909_hash,HR_SIGN_0909
0x0000000000000000000000000000000000000910,EMP1909,UYIVH FSDIDI,HR,Analyst,115546,76,59,40,60,83,85,8,No,4,58.5,No,0,4,0xbaced357ac5fedad29fc30cc46ddd12c14f6a18b,0xc483f68bbfa1f107578a508722c1e0ea5e739aaf,No,2026,False,910,zkproof_0910_hash,HR_SIGN_0910
0x0000000000000000000000000000000000000911,EMP1910,SSMGQ GDAGUE,HR,Developer,109456,96,32,96,99,68,63,10,No,9,71.8,Yes,10,3,0x19f3e31db0045d641f34c65cc1a90ee2fe61ac6e,0xd9ab97921d02d5bfa1467e69954fd90409d719f1,No,2026,True,911,zkproof_0911_hash,HR_SIGN_0911
0x0000000000000000000000000000000000000912,EMP1911,WSDEG HMKGPH,Marketing,Lead,134467,88,39,7,56,63,54,16,No,3,31.9,No,0,3,0x796df64a14fbd18ede4cf692ba217f221c449b1f,0x20fd5451bdff9a54f46df563ef3e0aa051535570,No,2026,False,912,zkproof_0912_hash,HR_SIGN_0912
0x0000000000000000000000000000000000000913,EMP1912,EFWYZ SAMXOL,R&D,Analyst,86412,79,42,47,62,67,53,7,No,2,48.3,No,0,1,0xc55e5ac2f95cbca73a35caead82adf841a669466,0xacb916810c0a3649727fd57265e705de2432f62f,No,2026,False,913,zkproof_0913_hash,HR_SIGN_0913
0x0000000000000000000000000000000000000914,EMP1913,DFCAB RUWLFZ,Marketing,Analyst,61108,83,45,20,41,64,81,18,Yes,1,45.2,No,0,4,0x733c8de37ada78e840fc90d8a39b145ab1bc2f02,0x8aaf2ba8b5b54f6b8dac1a1b457f85418a35b165,No,2026,False,914,zkproof_0914_hash,HR_SIGN_0914
0x0000000000000000000000000000000000000915,EMP1914,PONVC YXHOMN,Engineering,Developer,145300,77,30,59,80,99,81,22,No,8,68.5,No,0,4,0xea7de8bc72b23cb7ee13776d6d6038e76b9df6a4,0x735193afcbee336eacfe979a77d0ce9423f43460,No,2026,True,915,zkproof_0915_hash,HR_SIGN_0915
0x0000000000000000000000000000000000000916,EMP1915,FGNZK FQWBXN,R&D,Lead,91429,64,41,48,58,82,70,17,Yes,2,56.8,No,0,3,0x15100ad8c5680091ce0ee8527ce8c444db1d76b1,0x1c01e356c8be5a943acf7cbd18332a551440374e,No,2026,True,916,zkproof_0916_hash,HR_SIGN_0916
0x0000000000000000000000000000000000000917,EMP1916,PTVDB PMRSHY,Marketing,Analyst,125473,76,43,55,69,91,51,11,No,9,56.4,No,0,0,0x0dd56b562bd5d079d7689e7a58f5c327d639651e,0x3a125b87f4188a9b2089b11c6e78b54de302007a,No,2026,True,917,zkproof_0917_hash,HR_SIGN_0917
0x0000000000000000000000000000000000000918,EMP1917,DGEQP HVYLLC,Finance,Manager,47196,77,53,92,62,87,70,9,No,9,76.1,Yes,15,0,0xcfd4d38f83e1ae0319964c9a944fd8260f66847d,0x703860f4560dc7b60b50bf5e24128060abcc20a8,Yes,2026,True,918,zkproof_0918_hash,HR_SIGN_0918
0x0000000000000000000000000000000000000919,EMP1918,JISOA SHRXQC,Operations,Engineer,114627,67,43,39,59,62,96,4,No,8,57.6,No,0,2,0x261eb9a78b1b7fa8a19be4128610ef5371eeb7ba,0xb25cfcb88b27dbf1b39e6df8b5cca9a0b55c7c95,No,2026,False,919,zkproof_0919_hash,HR_SIGN_0919
0x0000000000000000000000000000000000000920,EMP1919,ZIYKG MMXNEI,Finance,Engineer,39433,78,59,80,68,84,45,23,No,4,62.7,No,0,1,0x1c9155e755b10b7b1c0b5839c1939557b852c8db,0x26e2e780629b99377089eb8014b577d214b7f949,No,2026,True,920,zkproof_0920_hash,HR_SIGN_0920
0x0000000000000000000000000000000000000921,EMP1920,LQISF LBDMBI,IT,Engineer,60706,89,42,0,45,99,90,1,No,7,47.5,No,0,1,0x346ecb3642429cda523acd356c02707ce52dab4f,0x5ae6ff56dadf2236ebf6e288d7a98a50b280956f,No,2026,False,921,zkproof_0921_hash,HR_SIGN_0921
0x0000000000000000000000000000000000000922,EMP1921,OZUNI RRUJNK,Operations,Engineer,40133,64,55,27,51,58,80,2,Yes,0,46.4,No,0,0,0x211cab1f94df0c21dacefcc053b63853da6f959a,0xb5e9f772a42d20a6b84881c631462e01d086a112,No,2026,False,922,zkproof_0922_hash,HR_SIGN_0922
0x0000000000000000000000000000000000000923,EMP1922,STSGU JCFWOU,HR,Analyst,68844,83,49,36,50,63,43,17,Yes,0,39.9,No,0,1,0xa65c62b1abbb787301328f32ea407d2ccb99f8d4,0x881358d3c02a07def4da0efc980a95e761167000,No,2026,False,923,zkproof_0923_hash,HR_SIGN_0923
0x0000000000000000000000000000000000000924,EMP1923,VRVMH JVBDZZ,Operations,Developer,31835,78,47,53,88,53,44,10,Yes,6,45.6,No,0,2,0x9f074be4fb0ab4cae43467fb5cafdf6bb96c0410,0x2a261905711fc37e4d49075abe066e41aa76759e,No,2026,True,924,zkproof_0924_hash,HR_SIGN_0924
0x0000000000000000000000000000000000000925,EMP1924,ZXXEC GQASZR,IT,Developer,77272,95,45,35,54,53,79,7,Yes,9,49.2,No,0,2,0x1d7acf7f5a6f9088bd681cf1ac3a57370629e86f,0xc0a252f6d825641780088a4ef3d55298e43d1015,No,2026,False,925,zkproof_0925_hash,HR_SIGN_0925
0x0000000000000000000000000000000000000926,EMP1925,NONFS HSKBAM,R&D,Developer,48268,96,41,55,94,85,77,23,Yes,2,62.3,No,0,1,0x6446e3543c8ae781f61b301088cc7bda7cef34f6,0xaaf29eae28b1782725c7c3d8e8a6798b7ba83eeb,No,2026,True,926,zkproof_0926_hash,HR_SIGN_0926
0x0000000000000000000000000000000000000927,EMP1926,WQJIW QEGBOK,R&D,Analyst,115573,62,31,8,86,63,65,0,No,4,35.7,No,0,1,0x376ded4a9bba89fbc44955fb9b31b84a0118b150,0x78233346541228ba4b652eb6697b31bd0d585ef9,No,2026,False,927,zkproof_0927_hash,HR_SIGN_0927
0x0000000000000000000000000000000000000928,EMP1927,MLMSP DOKUQF,Finance,Engineer,78679,81,35,30,80,75,94,10,Yes,9,56.1,No,0,2,0x6d362c4ec8678ffd2935f8a59fe27c32bece9026,0x837f8b1b694daea0b6a7ffc74a942c571cf64177,No,2026,False,928,zkproof_0928_hash,HR_SIGN_0928
0x0000000000000000000000000000000000000929,EMP1928,UOXWP BJAHKP,Finance,Intern,100615,86,49,38,72,82,99,7,No,0,61.3,No,0,2,0x6fddda5d495e89fbcd768133b19dc662e3b37d63,0xb4be61abb70a381439a4a995ff2ed5b59386320a,No,2026,False,929,zkproof_0929_hash,HR_SIGN_0929
0x0000000000000000000000000000000000000930,EMP1929,BAJFQ MUCAMZ,Finance,Intern,69440,86,39,54,83,71,78,8,Yes,5,59.7,No,0,1,0xbdec8779f68fcc2a68056088a3f8a5cca2dc906b,0x0ab3ec59f8be073805ac3a4bff769d0128bd3f7d,No,2026,True,930,zkproof_0930_hash,HR_SIGN_0930
0x0000000000000000000000000000000000000931,EMP1930,VXUZD BQPNUV,R&D,Lead,138322,83,35,61,86,88,99,11,No,9,72.6,Yes,13,2,0x4c4cf4794e3b47644dec6f9a51744ed3b44bec54,0x97cc23ec9859d1486d547eefe6fb0a9021d763ca,No,2026,True,931,zkproof_0931_hash,HR_SIGN_0931
0x0000000000000000000000000000000000000932,EMP1931,LHMHG UFJKAF,Marketing,Manager,75968,72,50,56,95,78,50,24,Yes,0,53.0,No,0,2,0x058634c63ed113ce480f4b14a307a3624c14dc86,0x84b657e07aa755834465045227e2a425cfddea01,No,2026,True,932,zkproof_0932_hash,HR_SIGN_0932
0x0000000000000000000000000000000000000933,EMP1932,TTLIJ ZOAAIL,Finance,Engineer,68737,92,56,26,96,55,70,7,Yes,5,42.9,No,0,4,0xb3ea8882769c9eb9f03e65555349da682881bba3,0xb8192c12b8fcdc33b50ac0070441dcc614fa4ac7,No,2026,False,933,zkproof_0933_hash,HR_SIGN_0933
0x0000000000000000000000000000000000000934,EMP1933,HTFUA LLOAJJ,Operations,Manager,76076,91,53,92,68,51,55,8,No,9,64.4,No,0,0,0x6ed12bd235dc4b55c983ee284f759355898cc8e9,0x54373b4bcead0802d49d39948a735a0d373275d9,No,2026,True,934,zkproof_0934_hash,HR_SIGN_0934
0x0000000000000000000000000000000000000935,EMP1934,WEXOQ IOONSK,Engineering,Intern,58067,83,33,32,72,63,59,0,No,7,43.8,No,0,3,0xc55fcbcdd38ee400ef2fb3acec15f34ff0f2a906,0xd015bb3042d132bfafd2dab9840cb88510fd5226,No,2026,False,935,zkproof_0935_hash,HR_SIGN_0935
0x0000000000000000000000000000000000000936,EMP1935,RNNRR AWELNG,HR,Manager,120382,95,47,11,79,96,91,20,No,5,51.4,No,0,4,0xd2ee40b9a5f545f56e601b3cf0af33f79086a031,0x51c943d1552e13f7585554de187e6eed460b39f1,No,2026,False,936,zkproof_0936_hash,HR_SIGN_0936
0x0000000000000000000000000000000000000937,EMP1936,WBUCE SEMGHK,Engineering,Analyst,50090,96,33,22,81,73,98,20,Yes,3,53.1,No,0,0,0x87e8312d093c884d55ff27a853732226bdeda9fc,0x15fc2b5954e568dde926b0a569dcfb0c099e743b,No,2026,False,937,zkproof_0937_hash,HR_SIGN_0937
0x0000000000000000000000000000000000000938,EMP1937,OHMPL LPNSTS,R&D,Developer,56666,88,52,20,95,81,96,23,No,9,53.9,No,0,0,0x01e8e7839d6562c91dd38fa1c196d88b9eda5200,0xbc81c26335e408a06c7c9ae21c5cbfb58dc086c8,No,2026,False,938,zkproof_0938_hash,HR_SIGN_0938
0x0000000000000000000000000000000000000939,EMP1938,HFKOH JDPFVH,Operations,Coordinator,143754,68,41,80,93,95,85,4,Yes,4,76.9,Yes,15,2,0x01d50b775d66f3380daa5eac844277924cfd00ef,0x1680f158cadd9e0fdc965cd2d0c0afe071724923,Yes,2026,True,939,zkproof_0939_hash,HR_SIGN_0939
0x0000000000000000000000000000000000000940,EMP1939,NGKEQ PJZGDH,Operations,Coordinator,140923,99,49,72,48,52,96,10,Yes,6,68.6,No,0,0,0xd1adf1c55c9aa37aa35af48e6fe7c75b8a672e4f,0x5b3b549cf490b3abb05360e449588267bfcc3904,No,2026,True,940,zkproof_0940_hash,HR_SIGN_0940
0x0000000000000000000000000000000000000941,EMP1940,GZYIQ NVQBSQ,Marketing,Analyst,133203,71,48,81,41,67,51,23,No,4,61.5,No,0,2,0x8d26993026754e009fe71825f856aedc905d679a,0x35094be399f569b7ae1378e58361cbc73147423f,No,2026,True,941,zkproof_0941_hash,HR_SIGN_0941
0x0000000000000000000000000000000000000942,EMP1941,ZDJXJ YUEIPI,HR,Manager,31372,65,38,45,74,89,97,19,No,2,65.1,No,0,4,0x74e6959abc9bd1b660ebe2d24f971cfdd0853f84,0xa2500c0ff676c90ee37460ccc0ee674d8d5ba659,No,2026,False,942,zkproof_0942_hash,HR_SIGN_0942
0x0000000000000000000000000000000000000943,EMP1942,DYYNL XQKCLV,IT,Coordinator,140258,78,41,15,44,52,89,1,Yes,8,43.9,No,0,1,0xf6e72498425a911117384d15d3c3246a809fceb7,0x44b110d7fbb896328c4482ac2166d4c8e107a0dc,No,2026,False,943,zkproof_0943_hash,HR_SIGN_0943
0x0000000000000000000000000000000000000944,EMP1943,SHUIM XOWGKY,R&D,Manager,42713,91,31,49,84,65,45,21,Yes,7,46.8,No,0,2,0x321392396138c985e8f5ccf67cea4057989075ce,0xdf3468c09bb9f98cce4725bc70cc6fbd893fedaf,No,2026,True,944,zkproof_0944_hash,HR_SIGN_0944
0x0000000000000000000000000000000000000945,EMP1944,JYAGG MFXGIV,R&D,Developer,30762,81,45,41,61,98,82,18,No,9,61.5,No,0,0,0x331b8019cc41d52edc128ca9d2e6c73dbf825bea,0x2ef5714494d90c3c89244ccc20f58f8468abf15f,No,2026,False,945,zkproof_0945_hash,HR_SIGN_0945
0x0000000000000000000000000000000000000946,EMP1945,BEHOC KMHHQC,IT,Intern,35933,65,32,57,67,87,82,20,Yes,1,64.9,No,0,2,0xc4bbbf94d79bf55abc24c427085174d17458aabc,0x4ef5fd53b30639cbe0c0fc59a215c896600694a4,No,2026,True,946,zkproof_0946_hash,HR_SIGN_0946
0x0000000000000000000000000000000000000947,EMP1946,XJTGQ DFTAEQ,R&D,Lead,36641,63,35,43,90,58,54,8,Yes,9,45.9,No,0,2,0x17ac06dc5f7278db14a44b3a40208cdf01218bdb,0x99eb88b7f88b42bc1c6e020f6a3a3e0d37ec350d,No,2026,False,947,zkproof_0947_hash,HR_SIGN_0947
0x0000000000000000000000000000000000000948,EMP1947,BHUDM ZIJFDN,R&D,Developer,78348,88,37,78,72,72,77,10,No,5,69.2,No,0,4,0x86a43def0519bf4fdbae909c4d044704d5246d1e,0xdd5988cc810a3d1464095f1f1acbdd94b79e6ca6,No,2026,True,948,zkproof_0948_hash,HR_SIGN_0948
0x0000000000000000000000000000000000000949,EMP1948,THWRP ZKHEXO,IT,Manager,56865,68,53,75,88,80,87,24,No,7,72.8,Yes,11,0,0xdba3f9327cc9817d979c84b9bfb2829481488f2f,0xa7ab6758d971f7529ebc9ce6d0a8303eb17cb7d0,No,2026,True,949,zkproof_0949_hash,HR_SIGN_0949
0x0000000000000000000000000000000000000950,EMP1949,YIZER VKBNIM,IT,Coordinator,136721,79,42,49,52,67,51,16,Yes,4,48.7,No,0,3,0xabb299a9a59cce9d9ce579ac267b79a1d05e2df4,0x5e86ee4ff58c862f96587c571e452f126dbdc719,No,2026,True,950,zkproof_0950_hash,HR_SIGN_0950
0x0000000000000000000000000000000000000951,EMP1950,HPMYM XATTBH,Marketing,Intern,47935,73,45,63,71,50,69,7,No,3,56.2,No,0,4,0x1f38b857d755ea6d751af1d2c123eb0ffd94134f,0x49585ca5b57d1a6daa1735314cf61f6b42351f99,No,2026,True,951,zkproof_0951_hash,HR_SIGN_0951
0x0000000000000000000000000000000000000952,EMP1951,QXBHZ RAVMIX,Marketing,Intern,99024,88,39,4,88,90,59,0,No,4,37.7,No,0,4,0xe56172d84c91e34c1a45b042a61a832c4552378c,0xc70d5a1356d514882b6f9089fab8cd4afb4e266e,No,2026,False,952,zkproof_0952_hash,HR_SIGN_0952
0x0000000000000000000000000000000000000953,EMP1952,FGBXH RWQTPC,Finance,Analyst,88139,69,54,2,98,96,69,10,No,3,41.0,No,0,3,0x3ec043a7982611bf4a803604e1638b0627e4b4e9,0x43172b6beca61a21aacdbca6d60855d8779b7f63,No,2026,False,953,zkproof_0953_hash,HR_SIGN_0953
0x0000000000000000000000000000000000000954,EMP1953,YVMEN GFQMHJ,Engineering,Engineer,130375,92,47,26,79,82,72,21,Yes,3,48.7,No,0,1,0x1dfb9733ba43f18db64941e9143581ff29d918be,0x53f3df5cfe019aa798e1e2d0b3a9ddacb3749de3,No,2026,False,954,zkproof_0954_hash,HR_SIGN_0954
0x0000000000000000000000000000000000000955,EMP1954,RINCM WJAQZK,R&D,Manager,134955,64,36,25,49,87,56,0,Yes,7,44.9,No,0,0,0x68cef13700b24243b392bae75be504ea26bab797,0x985dfa145f3991ccf183327048df37204f0287f5,No,2026,False,955,zkproof_0955_hash,HR_SIGN_0955
0x0000000000000000000000000000000000000956,EMP1955,QUUPC TSUSZS,Finance,Engineer,64286,64,39,90,85,83,79,3,No,4,76.7,Yes,7,0,0x6d36c49fa97424e754450603a8872aa9421e7732,0x3eb427b4af6b330540c1f06abe41fae5e10c36d3,Yes,2026,True,956,zkproof_0956_hash,HR_SIGN_0956
0x0000000000000000000000000000000000000957,EMP1956,FAOBC FJKGOK,IT,Intern,71181,99,43,14,88,72,42,6,Yes,0,32.6,No,0,3,0x673e205f20f5fa5148652d832f04d7d543a55cbc,0xa5ddb2d967c552ca9bd81f4b8f362098d99874e4,No,2026,False,957,zkproof_0957_hash,HR_SIGN_0957
0x0000000000000000000000000000000000000958,EMP1957,UKOQK QOFFQD,Operations,Engineer,32828,62,35,12,69,75,54,17,Yes,8,36.8,No,0,3,0x603e2f6e62746cadf62643c5983fab5d7637d3ef,0x363d7ca329289b2d8df99164ebfa2c85f2349455,No,2026,False,958,zkproof_0958_hash,HR_SIGN_0958
0x0000000000000000000000000000000000000959,EMP1958,NDKFZ BXQFCU,Finance,Analyst,58284,78,38,20,47,63,73,24,No,9,43.4,No,0,2,0xe7ce5cd5e88745f618b095d903641342bdc4eeb7,0x70c3042cc46681cbe2df700aa7c356bbec035dbc,No,2026,False,959,zkproof_0959_hash,HR_SIGN_0959
0x0000000000000000000000000000000000000960,EMP1959,RRNZM LRZERW,Engineering,Developer,135639,85,43,11,84,52,48,0,Yes,4,29.6,No,0,0,0x6102d5aca5a4d2b117c98ebb2f53fb81871d6581,0xe67ab8f5fa70ef2fd88d351adf474c99bb96be7a,No,2026,False,960,zkproof_0960_hash,HR_SIGN_0960
0x0000000000000000000000000000000000000961,EMP1960,ZBLSC INUYFN,Engineering,Developer,65051,85,41,2,93,86,79,8,Yes,0,41.7,No,0,3,0x49e97bf7f699666b57a1912baa524d6fa19ba865,0x0a4790d131791edeceb4840b36562ab3ae1caeb5,No,2026,False,961,zkproof_0961_hash,HR_SIGN_0961
0x0000000000000000000000000000000000000962,EMP1961,DJNZT CMFXSY,Finance,Analyst,100434,76,45,81,85,74,75,8,No,7,70.4,Yes,7,2,0x4cdac705a417df06498cd581c0ef54c366d1f38c,0xf382a7c5452ae8bdf24b4f0f0919a168847ba2a7,No,2026,True,962,zkproof_0962_hash,HR_SIGN_0962
0x0000000000000000000000000000000000000963,EMP1962,GWVAL QIXHFL,HR,Developer,32484,71,50,29,71,70,76,9,Yes,3,48.7,No,0,0,0xb953bfe7b86741bbaba24bfb3c18fbf66aeb9b85,0xc94c77e243a879c136d3ce51e562d82d44ed10aa,No,2026,False,963,zkproof_0963_hash,HR_SIGN_0963
0x0000000000000000000000000000000000000964,EMP1963,JZODR ZKNJKH,HR,Analyst,107429,84,30,81,96,78,65,11,No,7,68.2,No,0,4,0xd33dabe4e164db9857addbdcbace37fc6964f8e0,0x34251f0c2f8d30f4cd849b5eaa35ce3c89846234,No,2026,True,964,zkproof_0964_hash,HR_SIGN_0964
0x0000000000000000000000000000000000000965,EMP1964,AYNZF DQBIVO,HR,Coordinator,36307,88,41,74,68,79,63,21,No,6,64.9,No,0,4,0x92e6df5ddd0e75ac5d0c481cf017b1c5b5d679e5,0xc0d30e7d30223dce54fdbebe56a9632181d50c54,No,2026,True,965,zkproof_0965_hash,HR_SIGN_0965
0x0000000000000000000000000000000000000966,EMP1965,SPEXG DOAUUU,HR,Analyst,128426,86,33,35,91,98,93,15,No,5,62.0,No,0,4,0x1a99ba45043442b7b8a56bcceae786a08bb39765,0xd0a9f1ff425ef8be5e31a2a2ea8425311100c5ec,No,2026,False,966,zkproof_0966_hash,HR_SIGN_0966
0x0000000000000000000000000000000000000967,EMP1966,CFGOO VPITEX,IT,Analyst,105069,74,39,86,59,93,63,17,Yes,7,72.6,Yes,9,1,0x3a38d7fdb2e87edcef2aacfeff3b780be691e156,0xa3489f646808f2dca6486177f4b1adad4b6796ad,No,2026,True,967,zkproof_0967_hash,HR_SIGN_0967
0x0000000000000000000000000000000000000968,EMP1967,HXMKI THTXRV,Finance,Intern,101339,97,54,11,77,71,49,20,No,8,34.1,No,0,0,0x5a10a5ad23a9cf3272b575140f0d8935cfc8940e,0x363c4ca4bf89b42958f881b9ee1f89a78188f225,No,2026,False,968,zkproof_0968_hash,HR_SIGN_0968
0x0000000000000000000000000000000000000969,EMP1968,SWPFB BLJZSG,Finance,Manager,61474,69,50,29,66,52,44,10,Yes,9,36.1,No,0,0,0x0f69f21e91ab266077c2bd98cb9b70fb726682eb,0x70b42bcf21e14ef7d4f8417f1dc498d4eb3dc04c,No,2026,False,969,zkproof_0969_hash,HR_SIGN_0969
0x0000000000000000000000000000000000000970,EMP1969,QPHTX MXFUZT,HR,Lead,52370,67,41,51,59,88,92,5,Yes,4,66.0,No,0,4,0xa174c12d7b06703f0f93225839c21082797aa4d7,0x05f118e5a7608354e2698df66e90879f32c71e64,No,2026,True,970,zkproof_0970_hash,HR_SIGN_0970
0x0000000000000000000000000000000000000971,EMP1970,ACJBC MACCQZ,Engineering,Manager,136952,78,45,31,53,80,64,17,Yes,1,47.7,No,0,4,0x6f51cad8a9e9935f13bf420c7735c4c4363d35fb,0x64b625abc3b90d3cd93fb0dac51bc74ffd0c1dac,No,2026,False,971,zkproof_0971_hash,HR_SIGN_0971
0x0000000000000000000000000000000000000972,EMP1971,WHNEF NUJESH,Operations,Intern,133178,60,53,29,58,95,86,7,Yes,6,57.0,No,0,0,0x0bd868450c86759bd932dd6777405a0eb7a84dd3,0xad79bbc9427978da4f6f5ac7f8706422a1ab4539,No,2026,False,972,zkproof_0972_hash,HR_SIGN_0972
0x0000000000000000000000000000000000000973,EMP1972,MYBXD QXKENG,Engineering,Manager,121787,98,40,68,80,66,54,2,Yes,5,57.1,No,0,3,0x9544e4de11b0fae75a89f2c3be022e7ced81c617,0xe304e64ba44667a7d61a05f26fb192cbc8462d89,No,2026,True,973,zkproof_0973_hash,HR_SIGN_0973
0x0000000000000000000000000000000000000974,EMP1973,BXOGS CAXPPT,Operations,Lead,110560,71,48,84,62,85,75,2,No,4,73.5,Yes,12,4,0xfcfb316bcf2c05982c27ce39c57ddef216f7fea8,0xb10a2f9dde07a1eeb34768b8aeddeab03250ff08,No,2026,True,974,zkproof_0974_hash,HR_SIGN_0974
0x0000000000000000000000000000000000000975,EMP1974,GGAVC MGCUWN,HR,Manager,37458,74,44,30,49,76,46,24,No,2,41.2,No,0,1,0xae5a381065773f34e46c3b1f2139c803bbdffe2b,0x03af12cd247c937b756ac67f6a4f32e8fdbdf0c3,No,2026,False,975,zkproof_0975_hash,HR_SIGN_0975
0x0000000000000000000000000000000000000976,EMP1975,LPMTK ZBHBJT,Operations,Coordinator,69487,60,41,6,64,75,65,4,No,2,37.1,No,0,4,0xcbdd5cf29f0ab5ea9ccc053185c79f0b1cf37208,0x9c82a019f8b05fe701b56099e0a1cec164d3d731,No,2026,False,976,zkproof_0976_hash,HR_SIGN_0976
0x0000000000000000000000000000000000000977,EMP1976,EASSC OIFSWE,Marketing,Developer,75062,69,37,55,74,96,81,21,No,2,65.7,No,0,4,0x419d9482a9f0d72ebd79c7b8b6500018a2fa8d32,0xe6284a5b9a825b4bd95877a65ae02ff56c0ed619,No,2026,True,977,zkproof_0977_hash,HR_SIGN_0977
0x0000000000000000000000000000000000000978,EMP1977,TFKTW YYJOEA,R&D,Engineer,96376,83,36,95,64,86,75,21,No,7,78.4,Yes,7,4,0x9ddb5997785e6acd36d155f86504ba79dbd85681,0xc62c79466c02299b05ec20b4e2b210cb31783412,Yes,2026,True,978,zkproof_0978_hash,HR_SIGN_0978
0x0000000000000000000000000000000000000979,EMP1978,ZIEPM IKTDBW,Finance,Developer,85974,94,33,27,43,90,95,19,Yes,6,57.9,No,0,1,0xea1b88bedbe1e5486e5a388f3aefd2e2ff9c0b78,0x2ddbeedc39c3a16f974aa71c5556a510b9e132ab,No,2026,False,979,zkproof_0979_hash,HR_SIGN_0979
0x0000000000000000000000000000000000000980,EMP1979,MZDAC TUTXMN,Marketing,Intern,34222,84,36,28,84,73,53,14,Yes,9,42.6,No,0,2,0xdc5ce205ac140ce11b394741823a39bc773c56c8,0x92cc601377ae7a0a8f9644d88e11d8115f02d708,No,2026,False,980,zkproof_0980_hash,HR_SIGN_0980
0x0000000000000000000000000000000000000981,EMP1980,WPCRC BTGUDE,Operations,Engineer,114648,84,43,2,55,87,90,13,Yes,6,45.8,No,0,2,0x1b1e588822704109dc6fd3c4cde2e063f4d0d736,0x52d5500f5ec4d3ad408bf5b369e6cbcc377c5fc1,No,2026,False,981,zkproof_0981_hash,HR_SIGN_0981
0x0000000000000000000000000000000000000982,EMP1981,RDGCV GVQOLG,IT,Manager,87618,69,35,37,58,65,86,16,Yes,6,54.2,No,0,4,0x045a9da4f7d62d8c309d5aa3a7d1d699ed4f324d,0x7a2417cfdcfbddd8c83d225f3bd87a806421e934,No,2026,False,982,zkproof_0982_hash,HR_SIGN_0982
0x0000000000000000000000000000000000000983,EMP1982,WBQOV NFPXQH,Finance,Manager,39193,98,44,9,94,70,59,13,No,5,35.8,No,0,1,0xf2ef597f0f3bfc8e82ad12509b56dab6f700981d,0x40a7a1b4ba57cd5864e3d4452935db8d28354a8e,No,2026,False,983,zkproof_0983_hash,HR_SIGN_0983
0x0000000000000000000000000000000000000984,EMP1983,QVREW JUEWIM,Engineering,Manager,35573,96,57,43,86,62,86,22,No,6,56.0,No,0,3,0xc67269ec1200f2f580dbed44acce7f1be105b5bb,0xeffaae48fcb07000633e39f2d0ee3b61b815f38c,No,2026,False,984,zkproof_0984_hash,HR_SIGN_0984
0x0000000000000000000000000000000000000985,EMP1984,YWVOW OGZZQX,HR,Manager,69198,66,55,47,93,95,54,21,Yes,3,54.3,No,0,3,0x33a976cbe9deedfd3bf16eab9977861e3482b7aa,0xb59ba30804a51c7a9f8f77a0c02a04596bfbac4a,No,2026,False,985,zkproof_0985_hash,HR_SIGN_0985
0x0000000000000000000000000000000000000986,EMP1985,WDMYZ LFKGDH,Finance,Developer,85936,68,33,73,60,80,63,6,Yes,0,64.1,No,0,3,0xb9a1d0a151c96c30510f154308bf670b9ffb7f26,0x5b50dea0739c4cd55da900669f4a68e48d060390,No,2026,True,986,zkproof_0986_hash,HR_SIGN_0986
0x0000000000000000000000000000000000000987,EMP1986,AHSIZ SLEDKL,Marketing,Engineer,49667,62,33,93,82,72,50,18,No,2,66.8,No,0,2,0xefc11b53292723b753af53fb6ca7c4489766041e,0x4633313a0149204ae9d79fce1c6be20d6fded545,No,2026,True,987,zkproof_0987_hash,HR_SIGN_0987
0x0000000000000000000000000000000000000988,EMP1987,PPYBR HVXUTU,IT,Coordinator,145981,92,31,76,56,62,79,14,Yes,2,66.7,No,0,4,0x9dd17e217105875aa98d0df42ef20e703b7cdaf2,0xfb12eea3b7d028f37937c949f980b494197b4f2f,No,2026,True,988,zkproof_0988_hash,HR_SIGN_0988
0x0000000000000000000000000000000000000989,EMP1988,MCFCN RJJQIH,Operations,Analyst,102414,80,31,69,65,79,54,6,Yes,1,59.7,No,0,0,0x9f59bc539f3dcb4d91d4385c4652dac84d63797f,0x64a51dfdb094bc2fdc94b76dfd3815a7f51f5b33,No,2026,True,989,zkproof_0989_hash,HR_SIGN_0989
0x0000000000000000000000000000000000000990,EMP1989,MRLII LLBJEH,IT,Intern,43296,89,34,35,42,90,98,5,No,3,61.7,No,0,0,0x064186c49268db1289852aae69ffe50be7a2464b,0x0281592e261b415325645fa056ca0afeea55b893,No,2026,False,990,zkproof_0990_hash,HR_SIGN_0990
0x0000000000000000000000000000000000000991,EMP1990,SUCXA KBNZQM,IT,Manager,44045,65,50,77,73,83,81,4,Yes,6,72.3,Yes,3,0,0x32af5b729e553c04f48a1c8c06bcf8e7f3192c00,0x7fac52692b6cf17fb8e24820c6f6fc0fd306a9e1,No,2026,True,991,zkproof_0991_hash,HR_SIGN_0991
0x0000000000000000000000000000000000000992,EMP1991,ODTTD HYYAKT,Marketing,Developer,146386,72,46,42,73,62,77,11,No,3,52.6,No,0,1,0xaf52ef0be2ffcc4209ad93a348d06e0504ebd093,0x17ebc2e8df19865172f4c1fd999374e6ef7aa19d,No,2026,False,992,zkproof_0992_hash,HR_SIGN_0992
0x0000000000000000000000000000000000000993,EMP1992,DTREW TMYGUX,IT,Developer,131087,94,58,97,70,89,65,11,No,1,76.2,Yes,7,3,0x256e91cf360651d085d7d75218b13c18ad33e92c,0x3852875e7616be96e8edc4927972383eaa171238,Yes,2026,True,993,zkproof_0993_hash,HR_SIGN_0993
0x0000000000000000000000000000000000000994,EMP1993,INEMR BVKKRS,Finance,Coordinator,148456,90,54,35,81,85,67,14,Yes,8,51.9,No,0,0,0x4404472eff95012e739ab0eaafc39b20c59047db,0xbf3c119dadbcf75eea6256c0f083c4f0029b9dbc,No,2026,False,994,zkproof_0994_hash,HR_SIGN_0994
0x0000000000000000000000000000000000000995,EMP1994,ECQBW ESSLNM,Engineering,Lead,80740,83,31,25,80,86,63,0,No,6,46.7,No,0,1,0x00b5c8832f839e53303eff060d18aeaeb4807708,0xfa9dd62791e222063f8b00662c261278169b3079,No,2026,False,995,zkproof_0995_hash,HR_SIGN_0995
0x0000000000000000000000000000000000000996,EMP1995,AIUZF NWNVJO,Engineering,Manager,73833,93,35,63,60,77,78,12,No,5,64.5,No,0,2,0xa36cf65e86bdf9d0a9cb5f49a71e5599e4de9805,0xf7a6d04ce050fa3880c3c55a06aefd952ef6c1b3,No,2026,True,996,zkproof_0996_hash,HR_SIGN_0996
0x0000000000000000000000000000000000000997,EMP1996,ADGOJ TZUVNB,Finance,Intern,85683,84,56,53,52,68,70,24,No,3,56.1,No,0,0,0x1e571ee851d8cbe9a6f3d2cd7e38cba7fab23065,0xa66536c953362176913cd82e604d3557e519ebfe,No,2026,True,997,zkproof_0997_hash,HR_SIGN_0997
0x0000000000000000000000000000000000000998,EMP1997,KIWBD TEXPDG,R&D,Analyst,32735,87,58,99,43,84,51,7,No,4,72.1,Yes,12,4,0xe0da7cdcb26f2d197edcf8461af05d0d5ca47c79,0x6a37c136e6ed2ee79669c2cc1c27d8f9efaee8de,No,2026,True,998,zkproof_0998_hash,HR_SIGN_0998
0x0000000000000000000000000000000000000999,EMP1998,JCXKS KEAZGT,Marketing,Intern,66241,65,39,2,40,52,58,11,Yes,2,28.8,No,0,4,0xd86c08fb44bfb7d098f79d710f30cba8be840353,0x980cf1265a9799ecbb6133c3675b9874777b047b,No,2026,False,999,zkproof_0999_hash,HR_SIGN_0999
0x0000000000000000000000000000000000001000,EMP1999,HIIOO MSMRKL,Finance,Manager,96613,92,43,38,83,85,54,5,No,0,48.4,No,0,3,0x9fcda1730fa0fc4d1c5a6449806783c416b28d01,0xc6d9b3c392e3d4c4ea1c8a61fb6f4131f9c65f25,No,2026,False,1000,zkproof_1000_hash,HR_SIGN_1000
