wallet_address,EmployeeID,Name,Department,Role,Attendance (%),WorkHours (avg/week),PerformanceScore (0–100),ProjectCompletionRate (%),BehaviourScore (0–100),SkillScore (0–100),ExperienceYears,TrainingCompleted (Yes/No),CertificationsCount,ReputationScore (weighted composite),AppraisalEligibility (Yes/No),PreviousAppraisals,EmployeeWalletAddress,ReviewerWalletAddress,DAOEligible (Yes/No),appraisal_year,eligible,sbt_token_id,zk_proof_hash,hr_signature,BaseSalary_masked,ProposedSalaryIncrement (%)_masked,zk_input_commitment
0xd63d630861a3c7ad1f06a9aaecb6d8753908ae8c,EMP1001,ENKHJ SXXYOI,HR,Developer,82,50,78,57,89,66,8,No,8,69.6,No,2,0x8b8f4379852b4cf1332e995deb481a5fb4455b6e,0x15077ac55dfba9c41879eaa1d024f2629b3c454b,No,2026,True,2,zkproof_0002_hash,HR_SIGN_0002,CONFIDENTIAL,CONFIDENTIAL,1a29fb1cb3cc7e4faf6cc74a71751c132812dc65daa7ca00b8120484e18ec77b
0x0e9d2e52fb97e95051386fcb576c0bc94809d721,EMP1003,RHSCH RBBCGZ,R&D,Developer,97,58,87,67,97,42,1,No,0,66.8,No,1,0x16e708b08d981e44f73fc4809eb67c3a32b31e53,0x8647e428e8e6dcd64563972facfe64e7e35a9dd5,No,2026,True,4,zkproof_0004_hash,HR_SIGN_0004,CONFIDENTIAL,CONFIDENTIAL,c3332e628d1cfc80ae6c1ff509730aa34850e9b73802bb00c163569e5781cca1
0x80fe01a81f9d3c617ef69d9eedebd711afe8992a,EMP1005,QCNHB HHUPTZ,IT,Analyst,89,36,99,85,68,96,23,Yes,1,82.1,Yes,3,0x74a3c41965ab5fcae156437d760242d57122834b,0x5f24baf6cf2acce2160c41499d8097a260c4ac4d,Yes,2026,True,6,zkproof_0006_hash,HR_SIGN_0006,CONFIDENTIAL,CONFIDENTIAL,c4a5a8ef707693c84f4bd14c476ea4335664f353370e6005fc049427dd840a1c
0x68afdcd52ac5e783a2b0af237b31dd8f3edd98c2,EMP1006,PXMMS EJJISW,Engineering,Developer,87,36,77,75,95,52,13,Yes,8,66.2,No,0,0x81812bbd6fc7177e0a75bf19d5ea7102cfc6e522,0x1a465b2be540e215447035c76de77072a1492ae7,No,2026,True,7,zkproof_0007_hash,HR_SIGN_0007,CONFIDENTIAL,CONFIDENTIAL,a1902f6603da27a5d82e57f9ec8db4e0fdfb6256803c9a73ba5bb6de5a893224
0xadb94db88315ced47f7f67c3cbccba95c4599d07,EMP1008,MVXBT CQOALZ,Engineering,Intern,81,41,51,64,64,60,3,Yes,5,51.7,No,3,0x7d247c52176f2243975b8a8f74f98ea5235f8463,0xb432f9785b747db67dae9f0a2efed368e8cbfe93,No,2026,True,9,zkproof_0009_hash,HR_SIGN_0009,CONFIDENTIAL,CONFIDENTIAL,cf2895eca7e6fbc38fcf43ef0f6e9964b99a0df5bd2a4f1974661f90341dd9ee
0xb6716cd4f919934a2b405fd0579af53841e4e339,EMP1010,QCQYZ GIGUSN,HR,Analyst,98,39,50,89,71,84,20,No,5,59.9,No,1,0xf7f413989026e005ded4ba5e13064c90c88e9d35,0x3e4d3277a390088a390c1ea7fccfa68f4865ef85,No,2026,True,11,zkproof_0011_hash,HR_SIGN_0011,CONFIDENTIAL,CONFIDENTIAL,511dc005f1c1539bd546431958b323d69fbc06bf7d4ea70c24600aef795d3403
0xdc3c3bf52b3b53628fb90d68d81f2a4f062a3f24,EMP1011,YNGKE LOPYGK,Marketing,Engineer,63,36,65,86,55,66,17,No,6,57.4,No,4,0x8a013348bbb8fdc4cbd00e0bf7300c04c873d4a6,0x591ff2d40a1119be7090e4805eb5a6f75f9dfe6c,No,2026,True,12,zkproof_0012_hash,HR_SIGN_0012,CONFIDENTIAL,CONFIDENTIAL,0af9522cd6fda0a4acb3f4a9a356a108586f6ceda3e48d22607a591e0fe2ca40
0xe294dcb825c0b73e9ef5bb14d7647023472708ea,EMP1012,ZDLOB OGBMAP,Operations,Lead,98,53,49,74,61,69,1,No,5,53.0,No,2,0xa839a215da17a9c09263006c0b95e363c19c2580,0x0ae46e47a72a842c12d7155194136e35ac116f85,No,2026,True,13,zkproof_0013_hash,HR_SIGN_0013,CONFIDENTIAL,CONFIDENTIAL,a4a0af412d361b565cdde1d8d40bd8255593d0bc9edd2f955ed76f3b475f3bdd
0x7546d6341f672786cb7ff67870e12b867db96eaf,EMP1015,SRRQH WWQSYB,HR,Analyst,75,35,87,70,77,40,5,Yes,5,62.7,No,4,0xef577d162596932c1f2c5e5cf16a918b2c97ed50,0x190f82c0893f065b6696d3d06224a49522b504f4,No,2026,True,16,zkproof_0016_hash,HR_SIGN_0016,CONFIDENTIAL,CONFIDENTIAL,6d5bcb9606d26fad08ff8a99814d9744ce0e9a904af9724a81ddd2c3680d292c
0x89de5333ad720f9a6cb9a07bc67ba4a2f7beb814,EMP1017,MJYSJ QXAGHQ,IT,Analyst,88,49,86,89,51,77,18,Yes,3,68.0,No,4,0x5c82ec311897f28c028e3c70e9d5ec41cbf77ac3,0x8761faed6b0389d68cfff020683fd1397d285067,No,2026,True,18,zkproof_0018_hash,HR_SIGN_0018,CONFIDENTIAL,CONFIDENTIAL,d4f94184b74e1c41964312feb3cd81482d28415805b98dd63a39ff5cbb52f9d4
0x4e18499694137ca6155d51d3e43b04139bb8a4f9,EMP1018,SUCAL RWAIDS,HR,Lead,74,59,56,80,89,67,17,No,4,60.7,No,3,0x32f80516ad1505f374831c8fa21dfff68407137a,0x5361cfae3d49016c67898a3768fab8c5f56e54c8,No,2026,True,19,zkproof_0019_hash,HR_SIGN_0019,CONFIDENTIAL,CONFIDENTIAL,2202e51631da833053cf1bec991bf761c54768af6a0c555fcf9d2889e7933fd5
0x2e0810dd9e993db3ad3a9d8f5699d87f90b02d14,EMP1021,DNYWU HUABFO,Engineering,Intern,86,43,93,69,67,52,15,Yes,4,66.6,No,3,0xb27422332897b428b530da4a10bf0b1900aeb80e,0x2920b0e814207cc70ff9838b006e5bf34099abd0,No,2026,True,22,zkproof_0022_hash,HR_SIGN_0022,CONFIDENTIAL,CONFIDENTIAL,c164ac1c9698d65d02e6a819b152b1e860bdf4391dc491fdaa169010f7ea6d24
0xa9e64ba0f0949288607bde471fda35d2ec671a3f,EMP1023,QDYXR ORZYVB,Operations,Lead,65,32,52,47,85,43,15,Yes,5,51.2,No,2,0xfdcb9a8e336958dcb69ab050e2f5de09de2112b2,0x81c1bdb16b3499bc0f7f0e4740181bad5c38ae6b,No,2026,True,24,zkproof_0024_hash,HR_SIGN_0024,CONFIDENTIAL,CONFIDENTIAL,69bca9c6658efe5c18e0af6bc16f4dd64ba42b0937461b0490099fc9525c6fb9
0x4a74234878b9f10e37ba40b258636fd8d718058c,EMP1027,SPVVU UHVJBM,Finance,Coordinator,97,48,72,60,59,64,20,Yes,4,60.2,No,0,0x05fc3a99720387910ae6849d67a821da9dbfc278,0x27fb93e7848715a5ceed93130800b38e5a769f5d,No,2026,True,28,zkproof_0028_hash,HR_SIGN_0028,CONFIDENTIAL,CONFIDENTIAL,f1a93708a0dc4de4db07c860878c436c5ec438695c10ab1e47d57dc298f6c0b2
0x9694edf8f0c82fdef7c67d7e26c656230c901587,EMP1030,ZTIMW QCNJYR,Finance,Intern,65,54,61,91,77,71,17,No,4,61.5,No,3,0x149d152c283fea26409fb29bdd5a6ca6febacb5c,0x0899ce52e7c6633ed1bacad28633b0c0d8584c4f,No,2026,True,31,zkproof_0031_hash,HR_SIGN_0031,CONFIDENTIAL,CONFIDENTIAL,5f513b8dda34acfc9eee4d7d33d3bb54aa982a4a396c9ed085de33d5ce00acd8
0x6803f3df08fa5b5ab86d8ea8b30f18bce6d1c5b4,EMP1032,VUZMU FKOIBN,Finance,Analyst,80,55,90,80,92,62,24,Yes,0,73.0,Yes,1,0x38f907c49c62c76607f47aa353d4a8338822c307,0x30aaa9c028218e491033909d16a604023f61bd94,No,2026,True,33,zkproof_0033_hash,HR_SIGN_0033,CONFIDENTIAL,CONFIDENTIAL,16ace3e92eb41145d47ff8e9131ce8244b317502ed829cbda4bc392ad07ad837
0xab63f54f9378645559017e030b64f357e7d10cc0,EMP1034,QQUYX PFCSKE,HR,Engineer,79,54,74,78,55,41,24,No,7,53.6,No,3,0x56b47e44865b078a45c4767abe168edc8ce18c3e,0x314d09ed4c77866a72c495b69f38e43a7189c3d0,No,2026,True,35,zkproof_0035_hash,HR_SIGN_0035,CONFIDENTIAL,CONFIDENTIAL,2c8f851a945279abc5a89e7f4096ce5fc352b313c04dc369c5591480074efba7
0x75277eeb5de7d5fe8738fe01adcf098a4e5dca17,EMP1035,CUTEI HIGNCU,HR,Analyst,96,51,66,50,64,67,6,No,4,59.7,No,4,0x5518d1b68bf2278b16cb4279f0074fbca8c4bb73,0x6298ffc404527b32445276fc61a51d4239a9d015,No,2026,True,36,zkproof_0036_hash,HR_SIGN_0036,CONFIDENTIAL,CONFIDENTIAL,1c9969eebdb8413103f178ff0417b5025bf57774bfd577a3389e8b077a668c76
0x4448c0732f5129a390881b69b21f46c9540945fe,EMP1036,ACAJO IZOYOC,Marketing,Analyst,85,57,50,94,68,87,24,Yes,7,60.4,No,2,0xc5a2db571c399774d7d1d6be5e514109f0584f8f,0xcfb9d0c9db7cc0331110cf12afdb74424dafbc06,No,2026,True,37,zkproof_0037_hash,HR_SIGN_0037,CONFIDENTIAL,CONFIDENTIAL,b3b8100a20d07574b405ed02c275fae4b83c5c675e5e66c5088703ffec381293
0x4c21d6d7e79aa765b71f45eb29f31d4bd8e88ade,EMP1037,PBDVF TYNILF,IT,Analyst,98,31,66,87,93,82,6,Yes,4,70.0,No,3,0xf7cbc2d6e9d2e0de082deec9e69dfbca1868c53a,0x5555fe76e4ae8888076ba3ab8ff48f2b4cea2542,No,2026,True,38,zkproof_0038_hash,HR_SIGN_0038,CONFIDENTIAL,CONFIDENTIAL,a49fe5e7d4b25dfe5b6a387adc544db5bb2962251fb179101f213a8e05f260d5
0x6f36007e429266591f3a592df950cddbfcdf5183,EMP1038,GBOPQ TLAQJS,Marketing,Developer,60,59,85,86,81,65,13,Yes,0,69.7,No,2,0x6c14d7af011f77db449a29cab5300d775f3567cf,0x0858035e132027ae22d663dcfa54b347e034689c,No,2026,True,39,zkproof_0039_hash,HR_SIGN_0039,CONFIDENTIAL,CONFIDENTIAL,eda576f8bdf237a693304fbc1ceaef1f14cd0c323fa53b6432c3262569ce72b3
0x0966f3e21c912133627179b4b814b268635a92f5,EMP1039,KAQZZ LYSAFP,Finance,Manager,63,58,52,52,51,58,16,No,3,48.7,No,3,0xb84ac848c8f04137e00f44a6984e293995ab728d,0xc8d41fd806a08de6ed41f8844fef0c9e5b06ef7b,No,2026,True,40,zkproof_0040_hash,HR_SIGN_0040,CONFIDENTIAL,CONFIDENTIAL,e692d270d1fc77928e25defb6c0cff791d21128ad4728433d9a3610adb1ba75f
0x91de153a33bc057efd29c37e697e8ec94a0031c1,EMP1041,PWMJS FTHNFK,Operations,Lead,95,34,66,40,56,54,17,Yes,4,54.2,No,3,0xe9e613955a3b61faf6e421026355c5086286a384,0x7764eb26d0448668c8faa6e0818676d6543c1392,No,2026,True,42,zkproof_0042_hash,HR_SIGN_0042,CONFIDENTIAL,CONFIDENTIAL,e89c88f6c46f74906cca41790d654db67c86ceba8a7d32cc165d3d8c6b314b4b
0xeebed888c1a27b3764cac08e8b796d44c9b9bdf5,EMP1044,GRKCZ VSXZBP,R&D,Manager,93,34,91,63,58,50,0,Yes,5,63.5,No,4,0xacd40ee3a165f5c18a40b3f235d46589bad4dbec,0xefe231b694c4a76a0257266f1b18157342555bbb,No,2026,True,45,zkproof_0045_hash,HR_SIGN_0045,CONFIDENTIAL,CONFIDENTIAL,a423865c67db70729bb5a6cc953276382775ea2ae5dc382cf9124b6322a93869
0x355d59ef6017deda67744fd552cd5fbb8b969465,EMP1046,ZGEJZ TUYPHB,Engineering,Coordinator,61,53,73,64,83,46,15,No,5,60.1,No,1,0xe88991ca8964caf19502686af1c5c7e983d36cb7,0x53f8434c10d583013c7a5d801858498c3cb7d356,No,2026,True,47,zkproof_0047_hash,HR_SIGN_0047,CONFIDENTIAL,CONFIDENTIAL,3f1b38a776515bdf2b8f3075eb6395e29e0c9ffd72f9cae7850c8f55bb865d32
0xf39ed7a910335c0b7cf678aa0b04856e03ce7e2e,EMP1047,DSDPX ZGIZGT,Finance,Analyst,96,57,56,68,77,76,19,Yes,2,60.8,No,1,0x22e46168a311bfd0c02e977977f1aeff5e3b40b9,0xfbdb5815c58477544c729c825b5cec63dc0ca0c6,No,2026,True,48,zkproof_0048_hash,HR_SIGN_0048,CONFIDENTIAL,CONFIDENTIAL,89ce58e271dd54aaa078f048f015ef56e73d3a30ada8a216b8f6fe7fb3bedf5a
0xd076d981f4fd8e915d42e8bca9d8f918ae253cc2,EMP1048,CAAHI JYRTRG,HR,Intern,89,56,58,66,92,62,17,Yes,0,60.2,No,1,0x97a9c0eaeaf4f4ccdba7f8c6738a0fbf2b7fdde8,0xb60efc26191581ae7c5e02877b34f3e1f49914f7,No,2026,True,49,zkproof_0049_hash,HR_SIGN_0049,CONFIDENTIAL,CONFIDENTIAL,8c5e628b34b00d36fa75fc884b5c6606bf1f1ec784758aefcdbe847dce110506
0x724741df27f0d9ca082b6d7d899bbaf11fea4578,EMP1049,VPVOQ NQSWZZ,IT,Engineer,70,30,54,95,86,99,8,No,3,68.8,No,2,0xdc29db875b60df40045d68932ce6ec3baaf74d35,0xa92efc1df2e4102ddfa554e44cce050af07d7802,No,2026,True,50,zkproof_0050_hash,HR_SIGN_0050,CONFIDENTIAL,CONFIDENTIAL,80146cce48cf2af2b08cac53cd4fcca9b731d614a7bcecd226bc07974699b08a
0x03451f1ad85d40eeb2388fbb06a45e0d73b542e1,EMP1051,HDCVL JKBHVN,Operations,Intern,76,37,51,51,52,77,23,No,5,54.4,No,4,0xcf1d03d2e33a59ad80bca86df7e84b851555e015,0xb23f22d7263d8c1820254dbd1d634092cbcaee72,No,2026,True,52,zkproof_0052_hash,HR_SIGN_0052,CONFIDENTIAL,CONFIDENTIAL,b35ccf73f8b7aab82b7315d7ef94b794a2645414305af6a5cb41ab699b99a772
0x26f25dd11d85e5e0fab5005c04e0b5c56db1fb79,EMP1055,NJZZL YIRMIF,Marketing,Engineer,70,37,71,40,74,70,20,Yes,0,64.2,No,3,0x1b7c463836ecc4023880cb313425111721c9e886,0xf7248910c3f4163951f64e8c08e7c793e4f06f52,No,2026,True,56,zkproof_0056_hash,HR_SIGN_0056,CONFIDENTIAL,CONFIDENTIAL,b5c29bc7b6e28b9f4d1bfd1c21dcd5a96a19a99b4f155bef7be44e29900b02e0
0x48040ae84943b4513a25554ec9c46bd22e12ff57,EMP1056,XVOWK CEROQR,Operations,Lead,71,59,48,42,88,57,11,Yes,7,54.6,No,3,0x48edc5ac62bd91eb8e275fce5b527ee82f5b8608,0x78be33c7efa6528944e2ea7d1563ca1a048a9338,No,2026,True,57,zkproof_0057_hash,HR_SIGN_0057,CONFIDENTIAL,CONFIDENTIAL,fd09d1392d09be929e945693218a6546fc61c5850a25ceb6ef1be73d31fc111d
0xb3f8612ad48f779372a87cf83e053c6bec59f895,EMP1060,SZFOT AUTHDG,Operations,Analyst,70,53,64,42,87,40,13,No,5,55.5,No,3,0xfc7963c2803cc4e6375f915ace5935454324d77b,0xe5e9b178bfdcf159c1f76ffee74ad55c47f79e2d,No,2026,True,61,zkproof_0061_hash,HR_SIGN_0061,CONFIDENTIAL,CONFIDENTIAL,06c923efedd2e03dab27e9d94956441137b61636cc1ccbae0d9493b16bbe2dff
0xf7b7051793c615b982d5695f599e0ea69a851d78,EMP1061,JJTVS OPIDQW,IT,Engineer,63,39,61,41,70,69,11,No,9,60.0,No,4,0xe675de0146c9c5e131d541cab74bbe54e87e21f7,0xecd33adee66fffb194fb70bff9d4820076937b65,No,2026,True,62,zkproof_0062_hash,HR_SIGN_0062,CONFIDENTIAL,CONFIDENTIAL,516a8b0bf170e10921129b7f66cfe8fa28054c406cbcc3ef0e86aabc7a0de69b
0x6f1473074802b51d363fec03fe06ba9f9c0d10b1,EMP1062,ULMHN TEZZDP,HR,Coordinator,67,55,58,65,59,68,1,No,9,56.3,No,3,0xc88c669ce35de28da870e56e33473603339aac3f,0x5e8be7a49e231dc884198eaad778407af1a2fbbc,No,2026,True,63,zkproof_0063_hash,HR_SIGN_0063,CONFIDENTIAL,CONFIDENTIAL,17b371d8e310a18e72835ebfa32c59a6919aeb06cab33b821cd438dff574b76c
0x122e4d4d96d7fa47097538888e46dcbe68bce4a0,EMP1063,MNAYN GLLOAN,Finance,Coordinator,78,36,61,87,98,76,11,Yes,0,66.8,No,1,0x1df4b57128b390c5476465c37cb2e86f20b9cc74,0xe0b2792dfa82b8b7545f3c89966faf86f5499675,No,2026,True,64,zkproof_0064_hash,HR_SIGN_0064,CONFIDENTIAL,CONFIDENTIAL,f682bdbb6330d91e32d611cb409a7d27f43b9ce62af4653c2014a16302aa480f
0xc609d69a4b3a12c5faa5745c78e245ab665dff83,EMP1066,UPOHK UDYWPI,Engineering,Developer,67,55,91,96,62,50,3,No,7,64.5,No,0,0x5c1f54f2355211b3fb1b6ac9b307deff89834792,0xce1c63e50bd6158e5ac5c4450178fd8b53e325a2,No,2026,True,67,zkproof_0067_hash,HR_SIGN_0067,CONFIDENTIAL,CONFIDENTIAL,5778212da50bcce1bdb0113517f0facedced13bab4eba4a1a1427ba28387d1c7
0x43c079cf124915295ebf630085633699bf2161b4,EMP1067,BCXYZ ULYBBZ,Marketing,Intern,78,52,87,88,59,78,23,Yes,9,70.9,Yes,4,0xd07795b46ebd2e60b2a8f9a1cc00084867ec579d,0x60922a59a1e30ae61a6c255d5e89d7dd683fe5ba,No,2026,True,68,zkproof_0068_hash,HR_SIGN_0068,CONFIDENTIAL,CONFIDENTIAL,e4c02b745146f2da5a498b0636c61cd8c84df6fba4685d88b787ffa9f34d7d33
0xe21766720656fba84a4d10a233484c0347bf5e83,EMP1068,JAHOB PQZZVV,Finance,Intern,78,45,49,84,86,90,22,No,6,64.4,No,1,0xae495e1e5f4f55793ed3ea628483987a7236507b,0xa78877ec3379bef25f017439b653ab79c0d38a9f,No,2026,True,69,zkproof_0069_hash,HR_SIGN_0069,CONFIDENTIAL,CONFIDENTIAL,745a6ebcad689baf626dc53edde10fab392b9989d8f83ed2739488a2cd213279
0x1729cba5f46673973e036b8a7593f9f9d0e5c81a,EMP1069,DRSFW VIOTCW,Engineering,Lead,73,48,96,74,95,67,21,No,4,77.9,Yes,4,0xdeb2299dd1bf1d0b7f7bc040e1a50a465b12e0db,0xf9dbd77a301c874951ec4e512cc60d5b14f4eb40,Yes,2026,True,70,zkproof_0070_hash,HR_SIGN_0070,CONFIDENTIAL,CONFIDENTIAL,59a0c7be627094e3513d347260bf37f3281fa6f590ac4163f570bb71015b1374
0x5bffd14bf57b6ef81650db0842f508e907625066,EMP1076,KFGPD QHQJVB,Engineering,Engineer,83,34,72,55,67,70,3,No,7,63.9,No,3,0x3abc6549a74e9fc5ad3ce0f8a62901934f20aa08,0xcd420ad8ebfffc38f05cfab7a6c2b20f93c6d6bb,No,2026,True,77,zkproof_0077_hash,HR_SIGN_0077,CONFIDENTIAL,CONFIDENTIAL,cbed03678d09ddfc77cd5bf070c7d86303017fb106e9341dce7c8b4c9fd2c2b8
0x10d16c82e0a2ef29935293319a04c1c200ed4eda,EMP1079,UWJRA GQWIXO,Engineering,Lead,80,30,61,81,89,74,24,Yes,3,64.7,No,1,0x4b66415b396995a34dca2626405e4fb02ec6caf7,0x2c18f89a6ba22b5d1d9b22859d538e23fed517d6,No,2026,True,80,zkproof_0080_hash,HR_SIGN_0080,CONFIDENTIAL,CONFIDENTIAL,d47c93fd813c884653a222ab14686fff43aab137238ac3ef4895e173857367dc
0x2b1af4f908e243862f6f47fda5fbf380b55e36df,EMP1080,XBFUZ FYKRNG,R&D,Coordinator,93,53,67,61,61,92,19,No,1,66.7,No,3,0x4f4d62173febca5b74e654d1b497e1089fc6e1e1,0x3dd1c855d1ee80139a5ab827d943fe8e4ecdf811,No,2026,True,81,zkproof_0081_hash,HR_SIGN_0081,CONFIDENTIAL,CONFIDENTIAL,58646892f8f33a16feba8be85757abe374c51a8f0cb24af3318d66431e4fe651
0x78b3fb6c9c99e8fef1dde569c1321319c26e5c68,EMP1081,RQZMQ BUVPWH,HR,Developer,81,34,96,61,85,97,1,Yes,1,84.6,Yes,0,0x160e5032884de1a1fba5884b5f5b32258d16f8bf,0xaa8d221bea19c1588b87e9cf205cf61ed57bf0c8,Yes,2026,True,82,zkproof_0082_hash,HR_SIGN_0082,CONFIDENTIAL,CONFIDENTIAL,8b02f0861d1a90d80de01262090fb522f19384594c950911e17af6005275f9f8
0x866c0dad6a6aa99750906c301955ffcf39bb1fe6,EMP1083,MTUQH MEWVDT,Finance,Intern,78,45,59,94,92,98,23,Yes,6,72.0,Yes,4,0x86f71a5398566233b87105fb302710bf4475ab0b,0x3b63e3e77df1149f013966c7353194d4b936601f,No,2026,True,84,zkproof_0084_hash,HR_SIGN_0084,CONFIDENTIAL,CONFIDENTIAL,c6d76369da2d3c3251e4dee887837a9ded7497b4dcbe1f50885e83492fa2de80
0x758bddb641ffd990fd986c24b1b2fb202f57662c,EMP1086,WMPSF VSQRLE,HR,Manager,91,47,64,80,63,63,24,Yes,0,57.1,No,4,0x4ac67bba48603701c8410c395b4afffd325ed4d5,0x4d15bd09af800d47c6d5d070cbc8c1e9878d0122,No,2026,True,87,zkproof_0087_hash,HR_SIGN_0087,CONFIDENTIAL,CONFIDENTIAL,83bdfd3f9bc1998e82d1eee6ec3e0c3dc5a8a289c6b85fe97871e57d76882783
0xcd64152c995831e4f1e1c302b801e7ca4eb21539,EMP1089,ALJUW FQDLPM,Marketing,Intern,96,41,56,89,92,54,14,No,3,57.3,No,0,0xb871cc14ee0b31fbb4a9926a08307d9b72022108,0xa1a69e5832a31fc4dd8b7344d31cf55744c73e93,No,2026,True,90,zkproof_0090_hash,HR_SIGN_0090,CONFIDENTIAL,CONFIDENTIAL,81a8c1993202c8ed1dd7fe3ca98f312f8f819a0163140eda1361e49e7e24d068
0xccb348d08f84d1d3fc9057d0d98a981c9e146739,EMP1091,BEQKN MGVXFQ,Operations,Manager,92,38,62,56,76,93,10,No,4,68.3,No,2,0xec61437228a6bdbbf40644f3511caf994fba0fc1,0x3e208645fd316fa0655031e40f3c7fb93580b630,No,2026,True,92,zkproof_0092_hash,HR_SIGN_0092,CONFIDENTIAL,CONFIDENTIAL,d3c2ce129aeb3daa365f76894103bea6d16c24c1bc8a59fe4fedf6b46825e11e
0x1dfad0305c4d8596fcdacbc1ac6270dd695e627e,EMP1092,JXMDH NJOJAA,R&D,Manager,89,30,63,61,77,82,21,No,0,65.2,No,0,0xf6c644c44377a2015c5c7642da0d649b0baf5722,0x4e71e09475a9013a9ba8ec490ed02ddcb082d1c6,No,2026,True,93,zkproof_0093_hash,HR_SIGN_0093,CONFIDENTIAL,CONFIDENTIAL,f1f362a2816ef9f8e43b15c51d2697bdeb920056859123add736e8bb2ffce6ab
0x46af7320dd067d2f5c2932d8ee059d919a159935,EMP1094,YKNAN CGYMRB,HR,Lead,79,57,72,76,97,47,20,Yes,7,63.0,No,4,0x1dd09ba8b3dad90ded5aaf6c3efc184838f4e220,0x1fee88bb5fdf4d9774fc736ab41fd4699d9ac19f,No,2026,True,95,zkproof_0095_hash,HR_SIGN_0095,CONFIDENTIAL,CONFIDENTIAL,16cae8c5ab452d46bdbd5d83f2d0a890eb3b55b5fdf6bed76ef4019aacbe53a2
0x21ce4defe633080bf065c1ffc6e3baf20fcf436c,EMP1096,GVQKE OGVSQH,Finance,Lead,93,51,66,79,70,51,1,No,7,56.4,No,0,0x834021822dd5d49cacbaa2645044b58b685824e9,0xc66580d6073534de81b2222c7ffb3fdbb6bc7789,No,2026,True,97,zkproof_0097_hash,HR_SIGN_0097,CONFIDENTIAL,CONFIDENTIAL,58cdacd9da4fe9a6c3442452a0f4f02100b4da224059229f57e1cc202e9588e7
0x3ed80fdeeaa4f1f1f83a0bd2f15a70a03d9c91cd,EMP1097,ZLWMX IMNDBA,IT,Intern,82,35,84,54,55,79,23,Yes,6,68.9,No,4,0x5232e2f5ba82cade30c489093efc972bd61190b5,0xc82de9cd1ac7ba13869f9881d62fc3f4f8a3b819,No,2026,True,98,zkproof_0098_hash,HR_SIGN_0098,CONFIDENTIAL,CONFIDENTIAL,521d0803599a529f456f94c0ad016c3f5f4907e1d8c7a0c8d3c7a83618cd5063
0x55dfc38bbe94dac33c78ba8f737e080f91405371,EMP1098,YXRZH XSHGFY,Engineering,Manager,78,52,82,81,70,64,18,Yes,2,66.2,No,4,0x8a431e7fbfb3becac9dd45c929c39bd810b132e5,0x26f48e946f959efd4f44ea77bcb25631983cd819,No,2026,True,99,zkproof_0099_hash,HR_SIGN_0099,CONFIDENTIAL,CONFIDENTIAL,55479ebfcc8bbffe91e34f25e48758552022fd5d2a7d4e35b24a2445cef0c2f1
0x8b1db9c52a0bcbafd5e55226c8dda4faedf82768,EMP1100,XQVNP LBFOOT,Engineering,Developer,99,49,60,98,93,88,15,Yes,3,69.3,No,2,0x60ec16b80a76a98e751d4a1bd89565d548987653,0x78a82044c96a23e1ae5a4af7cc955992dd7bb999,No,2026,True,101,zkproof_0101_hash,HR_SIGN_0101,CONFIDENTIAL,CONFIDENTIAL,a7e43ee1529dc50f2d30946839e419929afabb5748bf7db655e63c7718de1868
0x7f660d07a7e693f51c083c142adf14739e7f3abb,EMP1101,JKDIM BWLLBM,HR,Coordinator,67,59,59,53,98,61,11,No,5,62.0,No,0,0x47ba90fb610a379bd8b92407d82c499ae1b701e7,0x58b781320aecece0f902e2387d4f3002a1c23e2e,No,2026,True,102,zkproof_0102_hash,HR_SIGN_0102,CONFIDENTIAL,CONFIDENTIAL,ad5420c0484a3382af99e78a9f18eea07938fe10d8b7ae4ba4ad63078c78ebba
0x03a596f830b1639dc4835be88caa2cc02cc051c8,EMP1104,VHLWF UMCURI,HR,Coordinator,91,58,90,89,96,94,10,No,9,84.3,Yes,0,0xe4e7b7e35381a329e73830b74d4d7e2627cf5721,0xb0993ce0e926aabeef3d5385fd5ff985e0253177,Yes,2026,True,105,zkproof_0105_hash,HR_SIGN_0105,CONFIDENTIAL,CONFIDENTIAL,9087454a526db5b3e01d780727dd58d765d0be692ff5f8d05ff40ed4909d6468
0x70d5cf03587f1dd04689d54543bb281afe1fcc14,EMP1105,NWJZN KOXQGO,Marketing,Analyst,76,37,49,47,90,90,22,Yes,1,64.7,No,3,0x760121a7c4324ab76a11c1605a00d053b9e10598,0x5d9c1eab1ed909771983b27ac11fc886ebbdb37b,No,2026,True,106,zkproof_0106_hash,HR_SIGN_0106,CONFIDENTIAL,CONFIDENTIAL,3a589c74fbcc5f1d9b85e239803a6acf7cd2a85dd8a1631520ec96816b7347fd
0x49dc038680294219e4b76d73836a848190ed7210,EMP1108,EITKQ AASCNH,Finance,Analyst,79,32,99,85,91,63,7,Yes,2,76.9,Yes,2,0x6b4657c57f8082127c848ceb4232e79c545db06b,0x96f244a03ba962877791e88f4ef5f795dcf233d4,Yes,2026,True,109,zkproof_0109_hash,HR_SIGN_0109,CONFIDENTIAL,CONFIDENTIAL,51e4242b383489d942628f2affc73afb17c2c7a0c9e93389494e1df17caf60f6
0x8932cf9338869b3b40657e119b810aae8bfae59b,EMP1110,ATRHP HSMRTH,Finance,Intern,76,34,75,67,62,62,18,No,8,61.8,No,2,0xd0fa73a1059c5a815994dd8518b2ed4294847a29,0x5058753d4f927dee7c14dbb823e69dcbc90a00e6,No,2026,True,111,zkproof_0111_hash,HR_SIGN_0111,CONFIDENTIAL,CONFIDENTIAL,5f01743f4842f492d06dcec8920fa0eab2cdeb9d10900f368df2065363c3fcd3
0x726843bffb93979e909d484583ecb3e23fde1094,EMP1111,EHXYB GTYBSY,Engineering,Analyst,74,52,57,46,89,95,20,No,0,69.1,No,2,0xc0bb6710830a69bb024e014ffac18c8df92fd7f3,0x584f0aaee563ef49ab095f7aba7a9769a167ffea,No,2026,True,112,zkproof_0112_hash,HR_SIGN_0112,CONFIDENTIAL,CONFIDENTIAL,69e5c253bae67b1b612cf47432e920fedeef895725b4549d2c39f5718b7614fc
0x193ff6b26887a52ae1c6aa2e986666e349c3ddfa,EMP1113,HOWDX ZDGFNM,Finance,Engineer,98,44,73,75,71,61,3,No,7,62.4,No,4,0x3ef41a3f9fe67be882fade1449657491a0081b6f,0x2031762a38e8e27348a239a752148dde627a5cc0,No,2026,True,114,zkproof_0114_hash,HR_SIGN_0114,CONFIDENTIAL,CONFIDENTIAL,7a914b292eca770bbddd6789896059e5b3c6f7128477901f9b7bc111afb566ca
0xbd4c267c9d411349f227ff9fbc635998f33effda,EMP1114,ZUHKX IEHLHN,HR,Coordinator,76,50,95,56,80,46,13,Yes,6,68.4,No,2,0x46124059767757aee09d56010ce1fa05790d5709,0x57188a7aff2242af49362dca0c32f4f9b06b30e9,No,2026,True,115,zkproof_0115_hash,HR_SIGN_0115,CONFIDENTIAL,CONFIDENTIAL,3b8fae7fea4038fef1fbc19cd2eaba4d134d02ae52fa50ba852441d7ed9d6042
0x2ae8f6653e38e62c80bf7ab28bb0f1fd63339f93,EMP1116,UPTNZ BCWPWZ,Engineering,Manager,82,33,61,58,51,69,12,No,7,56.0,No,2,0xdf5573f5d412768bc6f87d4bef96154a911340a7,0xb6d8a5244d0b696d48f328c194f3223c7f5e39ba,No,2026,True,117,zkproof_0117_hash,HR_SIGN_0117,CONFIDENTIAL,CONFIDENTIAL,03fb90e9ff2850e877d2e5d0cf3a15281d1480d4ef344c65d88b9e9b32711283
0x3bd134bc1a91e5d91f40c31526b4ee98f8a4a201,EMP1118,HPGMJ JVUSSU,Finance,Intern,87,36,92,62,52,60,2,No,6,65.8,No,0,0x596c55effe40ac0209855ea11cb2b82fcad1e595,0x632f3640ffd94f18f06a79492bd4cacb5e424657,No,2026,True,119,zkproof_0119_hash,HR_SIGN_0119,CONFIDENTIAL,CONFIDENTIAL,f13450fba5d5807c84e6d1aba4667156c668b828389bb446e18f6471790652eb
0x7da9fa32c2138412090ccc13a2445ed917e997cc,EMP1120,JXIVO XJKHJP,R&D,Intern,65,51,91,58,80,70,7,No,7,74.1,Yes,1,0xd36036193bc7b88d2930c44135768cdca2c6c5e0,0xce1d29320265d82491312c2cd7ec8b592b2c47ee,No,2026,True,121,zkproof_0121_hash,HR_SIGN_0121,CONFIDENTIAL,CONFIDENTIAL,7733ddad2514119063fbb5d4e0f9f28da2df0b8f8b3522326d90fbeee51e743b
0x0d8920806c4f35c83b6d14e7cee38c3f6d332268,EMP1124,QRCBL RKGTSF,Operations,Intern,68,46,65,96,83,95,5,Yes,5,71.6,Yes,3,0xbbb91fb60f9ba0d6cbc21c046c73fcdd39bb6db0,0x27fb75f9a58bacbbc559dadb38fe326de3cc8c8e,No,2026,True,125,zkproof_0125_hash,HR_SIGN_0125,CONFIDENTIAL,CONFIDENTIAL,742b91a8f7c3442c141da34446ac5c38414829c0ce064461910ddaf42583c4bc
0x5bd1cdb8061e9db87bcc8e40f8841ba4a1a336de,EMP1126,TQEXV UWCGRA,R&D,Intern,68,41,77,45,70,91,9,Yes,5,72.6,Yes,0,0xd2114e8227f3236825b5596bcf401f2ca59e3800,0xd0e17322c42d98fa8e097dbdc0b17c87cebdaa41,No,2026,True,127,zkproof_0127_hash,HR_SIGN_0127,CONFIDENTIAL,CONFIDENTIAL,7e419022afc63a80b4c5c54e92527e2ce1f2a507e0c066708d5100dadffd6ba8
0x467ed9ed183239c0372fa89de4107f6b8891df36,EMP1127,THILL TJSMFH,Operations,Developer,84,52,65,72,58,55,0,Yes,7,54.8,No,3,0xa8a01acb03ec728d415f134625e82d6944a10288,0x340e0789da0fe80aebb281bca8d0213bf502d492,No,2026,True,128,zkproof_0128_hash,HR_SIGN_0128,CONFIDENTIAL,CONFIDENTIAL,716f10773cdb97f22f5d8c1ee070c8ef3c5d8b569447af2cd1dd2b9ea7ce9eb0
0x07930cb1630d1fa7619b50ca47649598825a4bb4,EMP1128,RTFNQ HNMZUJ,R&D,Intern,88,58,57,54,57,65,19,No,6,54.3,No,4,0x0c969ece22ce1465900978c3b8a7785ef16751a0,0xd7a45811b8acbb3f0e84fecc16a3272e158521ae,No,2026,True,129,zkproof_0129_hash,HR_SIGN_0129,CONFIDENTIAL,CONFIDENTIAL,0cf73a529b9c10ea619149a6e660286738a05f50504b2ac6a219793fa94995fb
0x00dd0386ca1d9bf6aa7fd5c2f16a36169da906b6,EMP1131,JNLKI JFZZIF,IT,Engineer,98,59,73,71,55,58,10,No,3,57.9,No,0,0x3711d01c8e66a19f26037652ccacb67d34bbd6fc,0x60a9a3da39a074ebe245f19c39f990d5dd53e460,No,2026,True,132,zkproof_0132_hash,HR_SIGN_0132,CONFIDENTIAL,CONFIDENTIAL,903b00dae5e73c1a41a39c24f65b97e7d8f74fad33ec4edd2d72b0f959f0478b
0xf749619e932b659e813ebb0a18bceff50bf96df7,EMP1132,WHJSH ZXUYNB,IT,Manager,62,59,56,43,92,50,10,Yes,9,56.7,No,0,0x333d4a41b11eec9754064e86ca039ef3ee8fe22c,0x895a38435ae3e268faba23cf1b9abeb9bd6d0240,No,2026,True,133,zkproof_0133_hash,HR_SIGN_0133,CONFIDENTIAL,CONFIDENTIAL,bdbdcd35c57c178e6e43a62e2752d29834078babc2a1991ec60e8fc4f4144119
0x2a3091b1fb8ba514f9b127ec38b5f0cbb4da4979,EMP1135,PGLQA YJGFTN,Finance,Engineer,97,32,79,77,60,75,3,No,5,66.6,No,2,0x53e3f85e4b14b7f85b77f07ca1e89171a130a5c3,0x25678a874401a063ca5aa633dd68c2ed486fdb02,No,2026,True,136,zkproof_0136_hash,HR_SIGN_0136,CONFIDENTIAL,CONFIDENTIAL,11c645205f6427549e2130358386e238c43a7b0745ec481bed0b99e82dcf5367
0x7c4c8bbef6f2f1c058d15d463bf8b589858ae1e5,EMP1139,WRRVV LNJEKQ,HR,Analyst,62,32,49,95,60,94,7,No,4,60.2,No,3,0x501bfe6440fa4a7b9aed9d698189f6637cd67a00,0x2864a6e49fe8998e991d07a20298fa0f26f09c68,No,2026,True,140,zkproof_0140_hash,HR_SIGN_0140,CONFIDENTIAL,CONFIDENTIAL,9f7f7e8c5dfc84edb6a74939413bbcb42379abd49f54701cb3510a822b3c4313
0xa5b193e323f46f6683d45f9f414232e397fc210c,EMP1143,RNYAR YPBQRW,R&D,Manager,74,56,81,45,70,82,1,No,7,71.7,Yes,1,0x02f4fd8fc44d79c89490104b906295dd979b87c3,0xd09f4100e05f2cae6a2f05a06081d1f9aa876aad,No,2026,True,144,zkproof_0144_hash,HR_SIGN_0144,CONFIDENTIAL,CONFIDENTIAL,b42ec049f04149e32ebefb026635c100b5f186ef00d1fe08544b264f2b7ed2c5
0xf1732bea15abc2e8c4c45e45f2021a516ae579c2,EMP1146,RTPON SEFOVN,Engineering,Lead,78,38,96,83,77,84,13,No,8,79.8,Yes,0,0x87d330fac1de298f2f9f560929c0c3e1060b154e,0x5cfd28461956a9e8bebb545df0fef5e4e779a846,Yes,2026,True,147,zkproof_0147_hash,HR_SIGN_0147,CONFIDENTIAL,CONFIDENTIAL,ab0be4d04e7215310c6e15a1178e0182ef3b5b3623d30e474dc98746130b50f6
0x90e79a11a57ebd2196c32d0246f4e8910827c73f,EMP1149,SFRZL EXEXBQ,Marketing,Intern,82,55,71,43,68,54,7,Yes,7,58.9,No,3,0x94ff394bdf59538afa954f41c0e47a094c6d48d0,0x979c0f548832a679ea18c68280b638120e63f967,No,2026,True,150,zkproof_0150_hash,HR_SIGN_0150,CONFIDENTIAL,CONFIDENTIAL,322b9293a3bf4fb39caf77558c8aacc78e3621bf8706c91d75ab143233ae1794
0x2e857e72bd531bf5f84fab09c6206306a553cc80,EMP1152,BKGFN XAMZQM,R&D,Coordinator,84,49,68,89,71,71,18,Yes,0,62.7,No,0,0x3db9b130671a9a6ab4b6ae27c3dd6c4ebdfa1c8f,0xc7130b3e12ca8e7e0bfaa0c1d2e02e121f6db95e,No,2026,True,153,zkproof_0153_hash,HR_SIGN_0153,CONFIDENTIAL,CONFIDENTIAL,d75e98b1a0fd64157fb22d5003d6ef42d97022aeb8b899dc358fc68862d6858a
0x0f7e903226281dc7b36980b3249b9e28e7b4eaea,EMP1153,PPPMV MMESAN,Finance,Analyst,64,53,97,93,94,60,16,Yes,7,76.3,Yes,1,0x4b264495a88db1bb04ac51efc57c57e700668b23,0x813ff89a14b52ec564c8790ee31d46e409c9ca49,Yes,2026,True,154,zkproof_0154_hash,HR_SIGN_0154,CONFIDENTIAL,CONFIDENTIAL,3b31c63a351558516c076b9f6282a8784d35ea3c9a4527b6d649af070379afb4
0x0fc0316012db29a2e6b6e73311997dcfb39f080b,EMP1154,LEXBQ GLUTKU,Marketing,Analyst,74,45,84,41,61,91,0,No,3,73.4,Yes,1,0x75590e16812ca416a312ceaaeadcbfc5883b4605,0x888e33d6d4010e29ec1a8194e08ae14f361628f8,No,2026,True,155,zkproof_0155_hash,HR_SIGN_0155,CONFIDENTIAL,CONFIDENTIAL,482ca367840741fa093093c8cc8c5f46b61066b1c9bc76a46044eb701a0c2a56
0x5834f529673b89201df7ca6775c19b7737c420bd,EMP1156,CECPN JLOOEJ,Finance,Analyst,69,40,81,54,87,58,22,Yes,2,67.4,No,1,0x1ce90bc9cee586fb2d497c9b9ca46a926340486f,0x0cba7cc38eefa75e3bc93a970edb9043b006c553,No,2026,True,157,zkproof_0157_hash,HR_SIGN_0157,CONFIDENTIAL,CONFIDENTIAL,a32709d58cda19801f952e7c7ef233e6cd2b79a393045e5032959c7cb9bb17a7
0xceca4fe4b87380f8b0f6d6aa7c82d6d25b22949e,EMP1157,VMJTJ WKAVJT,HR,Lead,67,52,68,68,57,93,7,Yes,6,67.1,No,0,0x499d6c5a872864e1e659796107a346f94b4c4e96,0x4e5810e5328c2a995bc5802e4bbbefb35dfde1d8,No,2026,True,158,zkproof_0158_hash,HR_SIGN_0158,CONFIDENTIAL,CONFIDENTIAL,e15a3e211a1abd12fab9d9126004fb4832d4c7dd89023e4479cd56d66135999e
0xe6381187f42fd410ba388429f06a06fa9997d2f1,EMP1158,AWHLA RPXLTV,HR,Manager,69,52,85,71,66,86,10,Yes,5,73.5,Yes,2,0x0ccd5b018163eb3eccc0b3b303fe39e8bf22c2f1,0xc38228bcdbc132be29e5b1936c36a08866a2d3a4,No,2026,True,159,zkproof_0159_hash,HR_SIGN_0159,CONFIDENTIAL,CONFIDENTIAL,dad8f75918bf0c82fc247c4e1a884487c48065e079c7ae3d2f70e78f152e3a61
0xaa21d3736ecb49c2163ec3d300d86e010c05a5e9,EMP1161,IXDKT AMFWSP,IT,Intern,73,38,78,67,86,78,12,No,3,72.1,Yes,1,0x55fce149b92a77c26bbd15b050be9d4c0a74f1e7,0xa2bd8ed9d4d6f1d25fc1fe342231321fdb15d358,No,2026,True,162,zkproof_0162_hash,HR_SIGN_0162,CONFIDENTIAL,CONFIDENTIAL,35b7ba11ba9f35d0e9ab6089930aa9236ad633fbd62e7674dcc58ead5ce8bbd0
0xf2c064ee2643f43121908b0f943bb162dee2bfb2,EMP1163,AGSQC CHFDFB,Marketing,Lead,87,52,94,95,96,77,12,Yes,6,80.5,Yes,0,0x8b0386c44591280d108d5256ea91a29857c477bf,0xf29a3844c56559fd2706ac4a28933b4510aa7895,Yes,2026,True,164,zkproof_0164_hash,HR_SIGN_0164,CONFIDENTIAL,CONFIDENTIAL,0e9a876fc18730748b14b05de4160fbcfbc6cbc27e67508af7225a1396bb846c
0x15487c337143749f1a108852954cb9029c4026d9,EMP1167,FBCOO CHGMUA,Operations,Developer,63,57,96,50,83,92,5,No,2,82.8,Yes,3,0xefeac7cdb4591715d60e1687f990401e2fc37606,0x819c2e24e4ac31e14cea5aec1d8b47b4b14ac641,Yes,2026,True,168,zkproof_0168_hash,HR_SIGN_0168,CONFIDENTIAL,CONFIDENTIAL,645b12c44868d8ac5cf04868b7f4f22f57da0925d944963d53a9ea430f2f7fcd
0x3b7a34a557a5ed15581f082f773752e5760a2b9c,EMP1169,FVTPF QAVMZL,R&D,Manager,96,30,84,45,88,68,22,Yes,6,72.2,Yes,1,0xf6c8c253adc56d444d3a6fd945e869e805e343fe,0x78c6c96af93af0680ede3e0c569d196f95068192,No,2026,True,170,zkproof_0170_hash,HR_SIGN_0170,CONFIDENTIAL,CONFIDENTIAL,b6eb25f3977d6489a28ad653b34bb2dea8796058db866ebc4c0916e31fdcc823
0xae005f9bb7ef197d6ed93a2e45427768f94f4266,EMP1172,LFYCF KLFTSW,Finance,Manager,79,45,49,47,85,95,12,No,2,65.3,No,4,0x9905276c973857a99756be90a92ba22de8246daa,0xf91e1d4a7cd68d24a7bd6117fd1e254c43e25ac3,No,2026,True,173,zkproof_0173_hash,HR_SIGN_0173,CONFIDENTIAL,CONFIDENTIAL,12cad5f4854bea6cef404edbc7d3b17d7cdbee6a6bf1d5a3258f7d7a82791458
0x4c12c44b13995427f7aa4ba4bf347c8ab28e9a44,EMP1177,JVJVW UIEXPO,Marketing,Lead,82,38,68,45,90,98,2,No,2,74.8,Yes,2,0x926bd282715b5b5c580badb98cd439a04566cb72,0x85ff5dbb92cecbab29c090c567adea39f59e9194,No,2026,True,178,zkproof_0178_hash,HR_SIGN_0178,CONFIDENTIAL,CONFIDENTIAL,20831c3b6b4645552fd4aed347e52c5cfae1e9f24825dfbbe8c222c8a09e96ef
0x5ad7033e9610233e7a895a849e26a3e6d4cd0380,EMP1178,RAOUE VRDPVX,HR,Analyst,88,47,61,44,62,85,14,Yes,3,62.6,No,0,0xd749186eaf90be9877d04bb446663dbfb8ff219c,0x118eb098d75c1e5035902a0b82b70b43545ade58,No,2026,True,179,zkproof_0179_hash,HR_SIGN_0179,CONFIDENTIAL,CONFIDENTIAL,692b2381ca9ad14335b69f132a22fedc1ef6782d2b31a93f1fceac5500e13950
0x9bed09802650a2af3809e33cf64c5c8bf9c50e84,EMP1179,UDMZG HWKRAQ,Marketing,Analyst,71,50,67,98,79,61,23,Yes,2,61.1,No,0,0xe2929f150d0e9d56ab05659cdc4569c9d30974d1,0x155e74bd9326b0baf83defcdd6430191841603af,No,2026,True,180,zkproof_0180_hash,HR_SIGN_0180,CONFIDENTIAL,CONFIDENTIAL,463ca3ebbdb059bd362bfef5491793e774a09b614bfd501d7f5f8adfd2004c33
0x2b2162f3982c8ae1fe3d544ce024669b4d82e33b,EMP1182,DAMDT ZALBZY,Engineering,Analyst,86,41,68,80,82,56,9,Yes,4,60.8,No,3,0x7ad980fbc73f683785421d548834c3068c7b9a61,0xd45ee5b526b646813996ad5bb957d60b8eaebdf2,No,2026,True,183,zkproof_0183_hash,HR_SIGN_0183,CONFIDENTIAL,CONFIDENTIAL,04bb377394506a7ce0f5fd9673155d6ec3e8408e19b2b3640cd5d7791634247e
0x6fcd69f7d4c188b788f03e4779f9dd14c6fc34bb,EMP1184,ZXTFK TZAOFI,Finance,Coordinator,92,41,92,76,58,53,14,Yes,6,64.9,No,0,0x2b88d5ff16c54252985347da68502413b9f6c647,0x398df95a32d72fd5192e5e9d888e6c350610b596,No,2026,True,185,zkproof_0185_hash,HR_SIGN_0185,CONFIDENTIAL,CONFIDENTIAL,9b1c6b96dfdc189adaa6798a713ae5aaae017e09000db90cdbe6c62848b82e07
0x3e1fe53fcd2deafa2ec6f5ce114017cdfa2f98d7,EMP1189,UWIHC ZXZRER,HR,Developer,97,53,49,43,96,58,3,Yes,6,56.8,No,4,0x44f9df03f2554ada71e5a797fbd61d5a40ddef66,0xad83d1cb92e1f6a881f1b4e9d804e7b5807bcbe6,No,2026,True,190,zkproof_0190_hash,HR_SIGN_0190,CONFIDENTIAL,CONFIDENTIAL,e570312c003063209d32b973acfd4e2cee7cc3f8d2b6c3623250e8aada2da80a
0x4c9044cbf81a5fa123649df05e2e7d0ac1b2999f,EMP1191,IBVWD EMIMIX,Finance,Manager,84,59,90,50,84,95,22,No,9,82.2,Yes,3,0xf79feecd591fac1f59f41d0c1c862f372ce7c81c,0xeab19bde4bf452ddc8772ba31d08225fa58f176b,Yes,2026,True,192,zkproof_0192_hash,HR_SIGN_0192,CONFIDENTIAL,CONFIDENTIAL,2478052c67179be219ca034c81c36914e7503eac1a62f3912eeef45cea504712
0x0a27e614d4e6787557dc154d1cd845ea6aa0c319,EMP1195,GMQYH XPPOCG,IT,Coordinator,60,57,83,65,56,99,22,No,4,74.5,Yes,2,0x15a190c10e0c8bada1a15559872e2894fbac32ee,0xc4709b7edb7f2619d510be51544cae57d28d2337,No,2026,True,196,zkproof_0196_hash,HR_SIGN_0196,CONFIDENTIAL,CONFIDENTIAL,b395869a9e09a3b97bfb80014748c7ca81d56cec4f7d5edcbe8fe378e823d1cc
0x4f11f07905bd8669bfa8e623bb7cbdeb05c0313f,EMP1197,GEDCV EBWGMG,R&D,Developer,77,45,53,44,84,64,16,Yes,9,58.1,No,2,0xfb646103819460cdb3d3bb55cfa376a3ed14b6a9,0xca8e94e6669e2a41cc32d6dbdb402d2afbf52e78,No,2026,True,198,zkproof_0198_hash,HR_SIGN_0198,CONFIDENTIAL,CONFIDENTIAL,eaf7c7574e59b989589d9d239f26c958a87a16d9fe409d35501e89736c98c825
0x5b575244dc75ca22402b7b4bddf1405399c1f189,EMP1198,BEVKE RAWFJP,Engineering,Engineer,82,30,53,68,69,85,1,Yes,6,61.1,No,0,0x598d2ba51f9a1f418af7099c8d9dee576625f4d7,0x362527838bd52f4f0d9074b31117051a282e6e5a,No,2026,True,199,zkproof_0199_hash,HR_SIGN_0199,CONFIDENTIAL,CONFIDENTIAL,c75d63b39db581d1891ebe56bfd4c8f9bef5a2474cd0a92f3302c4b02cf6ce70
0xff5dba9ad2fdffafa28b5e7d097232da3f974bb6,EMP1199,CXSQU YPVZNV,Marketing,Developer,89,44,99,58,84,56,13,No,1,73.3,Yes,3,0x818f47dc42d46be0c7f040aa086dd359ba84af38,0x15daa408134e6bb469df9783b4146954a1d00110,No,2026,True,200,zkproof_0200_hash,HR_SIGN_0200,CONFIDENTIAL,CONFIDENTIAL,e0b9f7a0b05f5b344bd6bc3326b3c4976bd5292797c662994f17cf57d1cb565d
0xddad9c4959161c80d2110a3edaa266ad0745f909,EMP1201,SXUOX EVASDJ,Engineering,Lead,70,48,73,75,63,66,3,Yes,6,62.2,No,0,0x4ae556a77c4f1918c555e9de436fce4604bbdb9c,0x1e456e929986945ef26bc5aec6e41f3c4c25f66b,No,2026,True,202,zkproof_0202_hash,HR_SIGN_0202,CONFIDENTIAL,CONFIDENTIAL,cb3e5974151fcc47363e1e0c4fce153e1842ce22f9c4aa44cfeb2984fb64e896
0x89649e63be7b8e7d17a4684fc183176d3706bda9,EMP1203,VVASS UDHRLA,Engineering,Analyst,95,42,89,42,92,92,18,No,6,82.2,Yes,2,0x91d234f2502ec479e5ffd4a508fe2772b682d4ca,0x6a0cfbe908c1d305cb06ab35dc3b43974b44c7ca,Yes,2026,True,204,zkproof_0204_hash,HR_SIGN_0204,CONFIDENTIAL,CONFIDENTIAL,eddabf8e24e2f845c3ac951fa133c65e01bcc615432c491e1af900dd4390a026
0xc0ac132e793e69f4fd3e24d4b41ca843ed5456ed,EMP1204,VBZVB SNJLTB,Engineering,Manager,78,39,66,62,93,75,10,Yes,2,67.7,No,4,0x8ce0ccad673daae224e43aeedaa31ef8b17b7a0e,0xa5601c84487ad496ec78f4b62bc06a63d935c465,No,2026,True,205,zkproof_0205_hash,HR_SIGN_0205,CONFIDENTIAL,CONFIDENTIAL,48e866ac38f9840bd6c577e588b5ff6d8c824774745b8b04a6841cfa4fc76a2e
0x8df73bf5f46d94c0389413d3d71dfc41f729dd28,EMP1205,WGHTB ZJYUGM,Engineering,Coordinator,92,50,68,79,61,55,13,No,3,56.2,No,0,0x8f3f5929527ddb007de90e81cc7c05ed10346862,0x9b204c899f7c75ed0dfcc00049b3a5daa8faffc9,No,2026,True,206,zkproof_0206_hash,HR_SIGN_0206,CONFIDENTIAL,CONFIDENTIAL,24884a3162e4ad55adebbccddd105097c7f114f64a4840bbbff1d25a362cee31
0x1db7e449940191f4b69d741f5d78515b2243feac,EMP1207,SXKNR LMSDBY,R&D,Analyst,86,33,96,48,74,48,20,No,2,67.8,No,4,0xe7c6b336cb44a3f45e73fdcbc89bc30de3c4192a,0xd69a2f2eeaa5f4a567e879ca5d66a950768fff04,No,2026,True,208,zkproof_0208_hash,HR_SIGN_0208,CONFIDENTIAL,CONFIDENTIAL,c6691bdf49835b4145c8a4fb986f031348f62d832db35c2584330e5c43065ef9
0xc4432fc6223a5d659dbf589be997ce0efad6ad2d,EMP1209,KRTCW XWVUXT,HR,Manager,96,56,60,84,55,79,14,Yes,0,58.7,No,4,0x8d4097e749ca7e524444e210b1b56e8d8c75f836,0x072fa2d7304a3b161e460ec57903800d66c1077a,No,2026,True,210,zkproof_0210_hash,HR_SIGN_0210,CONFIDENTIAL,CONFIDENTIAL,fe03082dea9ca6affcf0ad0e5bd6988a5c57c602dff785ebf0fc06cf8ed585ef
0xe41afa3b161bb0edd6925af3a36cce620b38c877,EMP1210,VPMYM VVIINQ,IT,Engineer,79,38,69,47,97,55,9,No,3,63.8,No,4,0x7b601b824686532a434eb52dcdccfab580349a3f,0xfb65ef0eefd0e45c492fec38383a2c8bcb77a7ad,No,2026,True,211,zkproof_0211_hash,HR_SIGN_0211,CONFIDENTIAL,CONFIDENTIAL,a202cf6314a0e6ae37c24c0fe63b55314099aa7a10a52c8b9328ebe2fc38e782
0xe8a0db0777bd8ffc66f03e4f07222c30980a0a68,EMP1211,MEJOE WIQFMB,HR,Intern,67,51,57,95,66,70,23,Yes,5,57.5,No,3,0x95daf28a32dc6ab06ad5f8962d8d9d63a4fb7b3f,0x59bdb6c4c78143d65e1f91bbc6522e3273a848e8,No,2026,True,212,zkproof_0212_hash,HR_SIGN_0212,CONFIDENTIAL,CONFIDENTIAL,4b5045672afc8b88eacfc242998663016048418866498c249906fe804ef6f4c1
0xc7ada5092de40206a22f3e6417cff39a07a09580,EMP1212,IOEQP UWMYSW,HR,Analyst,94,38,72,48,55,54,4,No,7,56.7,No,4,0xb6db5a106334281e642a0152a6b65ab4c36457cd,0x32e13be9ff251a81373be69ed77bce0dc149ff76,No,2026,True,213,zkproof_0213_hash,HR_SIGN_0213,CONFIDENTIAL,CONFIDENTIAL,68140a662c5d5b37677ac285f7a13509fed6c3557c16b9d059327f71e8c5b92f
0xbc748151e89a25f7e1b3d714e8cc46dacbc6fd4d,EMP1224,CCRTL BUFXLY,Marketing,Manager,60,46,72,56,56,63,7,No,5,59.4,No,2,0x70768da69fe29012a5c644f8c3b7911e113d5e84,0x73a23387ca65fc744a5b327596457151f470cb52,No,2026,True,225,zkproof_0225_hash,HR_SIGN_0225,CONFIDENTIAL,CONFIDENTIAL,234899869d09474e19fd966288a66127803faacb73d697b12b977b483cc17f8f
0x34aebce518f7bbf270b9baa2e1ad5cb41ac8fdc0,EMP1226,DMAZA WOFPIP,Marketing,Engineer,99,55,74,83,69,99,2,Yes,5,73.6,Yes,0,0xad190d419b675296299ebdfa5f0ebacb0f5c955f,0xf1763350d85b3c80b597efd2ba1ae5068b190cd9,No,2026,True,227,zkproof_0227_hash,HR_SIGN_0227,CONFIDENTIAL,CONFIDENTIAL,5b371015c7b10a16cb007454c518e6011573db985c2c510abdcf3d4eb2c35180
0x2385a0e5d471b281ae2c30d49ec29d6e2f1fd782,EMP1227,LPAXL VGNLRT,R&D,Intern,94,55,90,73,63,41,11,No,6,61.5,No,0,0x5be0a38a46e609d24fa6049af436af6f9192995b,0xca885bb3de6e071b1e9c0ae25722bafd0aef1f6f,No,2026,True,228,zkproof_0228_hash,HR_SIGN_0228,CONFIDENTIAL,CONFIDENTIAL,d0325bfff2ff80f3a261562c6069199bf634ecad3d77c019edb9ce85739f1445
0x97916639b618ce62b39d584cd944b879a8ebbf14,EMP1228,TMDEG TMUTOZ,Engineering,Lead,87,41,69,91,61,63,13,Yes,9,59.6,No,4,0x272beee6baba90ae797bddbd5de4d9712fe9aa47,0xd072240fc15a5c3b4001d30b9d99e85cf346fc81,No,2026,True,229,zkproof_0229_hash,HR_SIGN_0229,CONFIDENTIAL,CONFIDENTIAL,b667df2dc40b038308a725be24dff67fba4eed8b054c9e27774e0f77fd26167c
0xc1c698f2c8c0d673007ec091ed1869b8f22c94d7,EMP1229,SYHUM ZPOMQJ,IT,Manager,98,54,74,48,95,72,0,No,8,71.0,Yes,1,0x5aa789a8ce2767e16ab160ee555565481f2177cc,0x0089a3ae3906ae28faed354c00bdfc69570bfced,No,2026,True,230,zkproof_0230_hash,HR_SIGN_0230,CONFIDENTIAL,CONFIDENTIAL,2ff55ba347f7b845295421024f043ed5b0ade8b6506ac5a57502499554304683
0x85ed4ae06a8e193e77f23d83713fe0108036d104,EMP1231,HKPEP SNLCDC,Operations,Engineer,77,51,67,73,99,78,12,Yes,4,70.4,Yes,4,0x4f284ebeae753f871b7c6e69230c269f1f379918,0x6c126904a74d48641f69ceccf0506da0efe2e10a,No,2026,True,232,zkproof_0232_hash,HR_SIGN_0232,CONFIDENTIAL,CONFIDENTIAL,cf5f1ac9597d4c9dceb72d4bc6524bf65110468a7d248551f07b344e66f7ca7d
0xb90bb0e907d944428b05228fe4a15821bec015b6,EMP1232,ONFZW RHDMZQ,Engineering,Engineer,89,53,61,46,56,54,2,No,1,51.9,No,3,0xaceb3c4ae8476d61e1a9c8263229bdaa7ea6cf9c,0xeb6c0540b90395924dd2751a6ce84d34cb6b1f00,No,2026,True,233,zkproof_0233_hash,HR_SIGN_0233,CONFIDENTIAL,CONFIDENTIAL,c6c169110e7d6cd1bebfb3cd01308fb99455c10981e3d1255537d39647919816
0x41caee7261b97d24c062229c0f800d9155c63d7c,EMP1234,TWXRC DVCAUC,Engineering,Analyst,90,46,63,59,85,68,17,Yes,9,63.5,No,4,0xf3b9e1305bcb49525d8080358b71e53feb16b7d6,0x56f63651af561498738117fd235a83722eef40fa,No,2026,True,235,zkproof_0235_hash,HR_SIGN_0235,CONFIDENTIAL,CONFIDENTIAL,6086e531b42b0249d7edbd2cc2ac208aa2719ab2cab293b1be65b9e598618a1f
0xe829773bbe718d560175ef731eb66f3f29c0fdbf,EMP1237,SKGHY NBVZMX,IT,Coordinator,70,40,57,64,87,76,8,Yes,9,63.9,No,0,0xce98386258a8e270f8ab78b329bc56decd9ee398,0xbb84a5391485c239dc799cdab69b1b6e61384ae5,No,2026,True,238,zkproof_0238_hash,HR_SIGN_0238,CONFIDENTIAL,CONFIDENTIAL,8763150b7fef8b47561b6fbaef489e7d07ea4e59a4845eb0e5d1dd5f69764b19
0xbd03a6fb094784c2366eb74d7936a7b8ca1991d6,EMP1238,XIWKW WLYOLL,R&D,Engineer,60,35,54,61,66,45,8,Yes,9,49.2,No,0,0x744b41a1236c6f2a456b68368c2efec166c85ad2,0x2b7608aab386909ca4ea653b39a08e4e7c6d5b99,No,2026,True,239,zkproof_0239_hash,HR_SIGN_0239,CONFIDENTIAL,CONFIDENTIAL,5b22c3a8cd3eee8a6f524879004725be31b06412c80df544e16286f8d2da639c
0xf3846af5c34da9ce0414a0e729efb47eba773131,EMP1240,XDWZE CMLHAT,IT,Engineer,82,38,61,96,76,46,16,No,1,53.5,No,1,0x375a300d0c9e0d8e0741d48541d37499d48ed31d,0xa7eaa34abc75ef5af687770aab3f45cdb0c068ac,No,2026,True,241,zkproof_0241_hash,HR_SIGN_0241,CONFIDENTIAL,CONFIDENTIAL,048eeb9409a6b5bfa54f8406e2f7faece0a2831dffbd26a0ee44227b5ea110df
0xf1f9e6f12090d8b5176f83c5fd32a3ea3a7d0f6f,EMP1244,BHSVT WCBZHW,HR,Intern,91,35,64,65,84,71,19,No,0,63.7,No,0,0x5fadcdcf12e0ac0022a4b36605404306f6b06af6,0xae2fd5e87b1e53d0272bfa7895f59f30108d02a5,No,2026,True,245,zkproof_0245_hash,HR_SIGN_0245,CONFIDENTIAL,CONFIDENTIAL,6e8e9385b7608ffcf2b4c02abc8d2f079c387ce2f1c2a1496163fea64e7944f7
0xf732309181bf684a6ba69cba5a0bbb6cba777291,EMP1245,BOXNG SBVCFE,Marketing,Manager,88,34,98,70,93,65,9,No,8,78.1,Yes,4,0xf40ae90dded3586f6ce2cee87ef4d123b6c580ed,0xfd079045933ea90a8c0c26f633d85eef38d83d7a,Yes,2026,True,246,zkproof_0246_hash,HR_SIGN_0246,CONFIDENTIAL,CONFIDENTIAL,7e08e7af5651a8a3c73fbba93ac5fd208728ac3314236bb30407654232f69ab7
0xde34f8ec7578619b1ec7ecaf606cc1670d96bf97,EMP1247,ZOSGE WJRZTF,R&D,Manager,82,44,76,87,99,62,18,No,9,69.7,No,3,0xea2ae21a0ed6cc4bbdb1d7d6afc5a4a61e8c6f4f,0x22348e859232f438d7845d590d7902cb3f4fd9ea,No,2026,True,248,zkproof_0248_hash,HR_SIGN_0248,CONFIDENTIAL,CONFIDENTIAL,d214eafba5f80accc5e693476fa4ed00df051b04ac96f0b351a36bfb91ecbf64
0xe61bbe51210009ce845932d4271c42977600a33f,EMP1248,YGDHI OUYQZY,Engineering,Analyst,80,54,78,95,65,80,15,No,9,69.1,No,2,0x0d90de470239f442c1d20506f27eaa6fb99d8753,0xd0ddb07dc2407718f6c3c8bdcb72e27d85dd396f,No,2026,True,249,zkproof_0249_hash,HR_SIGN_0249,CONFIDENTIAL,CONFIDENTIAL,e70dca73d1c70dfd1caa9c90d722ceb40242f568889b40718825ffa5ca294439
0xca6dbae70cabecf54106e8e8a4f5848c9458f7af,EMP1249,KXURJ CVNRKW,IT,Manager,63,54,99,56,55,70,19,No,4,72.0,Yes,1,0x14a31b8335c3b8853272d2cc3e9db26eba01158e,0xfbf3fb36f7c3c1ae2127ab23cd99b1fc2e687e69,No,2026,True,250,zkproof_0250_hash,HR_SIGN_0250,CONFIDENTIAL,CONFIDENTIAL,078ae96785062616e18842433ff057df983535e098877f99462e6881a2920471
0x780dee30028e32b0c58b2f0db21ec886d4bc5c8a,EMP1251,OQOEH JQKIGC,Marketing,Coordinator,81,55,97,84,65,67,19,Yes,2,72.1,Yes,4,0x1045007e271a5b197b542e277ddc38f389763e90,0xa888058ba41c9467049b406b230c0db346842372,No,2026,True,252,zkproof_0252_hash,HR_SIGN_0252,CONFIDENTIAL,CONFIDENTIAL,86d9ecc9ff124147fbf9835ad2f23424cc860d4697c7e0cfd1ea2e1fed1080a2
0x8ddc6fbbbb2071b49e18d7d8c2fc40165522a487,EMP1254,TAQPV EPOUHC,Marketing,Developer,98,58,91,87,53,66,5,No,5,67.3,No,3,0x79ab3962acdeacd2b1cd214d2dd2bbb5c40e14ab,0xb16db673e9c0a4f18d19cc18332f0aea61d00adb,No,2026,True,255,zkproof_0255_hash,HR_SIGN_0255,CONFIDENTIAL,CONFIDENTIAL,4a03ee15bc29af6069076a599004aa1c2997dc57f03bad5ea4b07e50e892344a
0x29eeb82af55c215843bb743192537b06bf323eab,EMP1257,FNBKG UFLFLB,Operations,Manager,70,59,84,49,75,78,12,No,3,72.3,Yes,0,0x7cf88752c711142ad40136491b4ccba88653818f,0x2ce595ec93de0f365668f32b690e4b64aeb38a01,No,2026,True,258,zkproof_0258_hash,HR_SIGN_0258,CONFIDENTIAL,CONFIDENTIAL,32d81cb18b6b5f33fb6ec05434271b9d6c675d7c762976b427c27fd78fd73559
0xce68bed43bc798866c2fcacb27601238b80028e0,EMP1260,BPMOF AMRHYE,IT,Coordinator,93,47,67,63,74,46,21,No,2,55.6,No,0,0x10d482a49d0038368359a0683518abed0d38636b,0xdad67927cb90c60d9ccbfce40b41dcd0c0e94893,No,2026,True,261,zkproof_0261_hash,HR_SIGN_0261,CONFIDENTIAL,CONFIDENTIAL,3fefc28b2400d4ac17e955766bef63bde5561fa18a5c770b48de14b16a59d122
0x24530ad181fc81a7f8bc762cafba2e0982a0d149,EMP1263,ITAYI ABFJMH,Operations,Intern,82,40,59,80,61,71,12,No,6,57.7,No,0,0xd458bd805050c0e040b6348b27db3b2d399101f2,0xd4884a38eb077d8e77d767d209a21ef298f45eb3,No,2026,True,264,zkproof_0264_hash,HR_SIGN_0264,CONFIDENTIAL,CONFIDENTIAL,375615bdd5fa906ddb343683d0aef555831dbea3b8dfc68a2cf13bb89055bede
0xa30da0c5f32c44e379edec6d6a4f75d6b8aa4a13,EMP1264,MSDGC PTMGTA,Finance,Coordinator,71,47,65,63,60,85,24,Yes,4,63.9,No,3,0x8bcc59cdefb5579be50d9fc46cbe8bc22eee757b,0x180504f72bb6477c48a196c1e4fbd74450353e58,No,2026,True,265,zkproof_0265_hash,HR_SIGN_0265,CONFIDENTIAL,CONFIDENTIAL,d2aff6d80eb64f41e317f67ded1a0bf07f7c69cb69a1fa91ffdcf8b09c54ed02
0xb26f762edd82eae2a28d17fddb666a9149805e18,EMP1265,ZOZGX PKMRKB,IT,Intern,81,46,92,86,79,53,13,No,5,69.0,No,2,0xe9e41eb07f49424ed11e058cd9d2c09669bde03c,0x85945e4486b2ea0fa4d071166c54ec61cef11b2e,No,2026,True,266,zkproof_0266_hash,HR_SIGN_0266,CONFIDENTIAL,CONFIDENTIAL,7ff00213a2cce2beddf41ddc2be6b0f2c1ddb16582738b8b7a822dbabeca8bf0
0xdb1efdca22165faed6c9796c2eae7ef74b186253,EMP1266,JEJGR UXKSSW,IT,Lead,93,50,70,40,70,50,2,No,7,57.7,No,4,0xd87d241d50d63c3ccd2b435d8af66d175b883efd,0xf8ae1c87d022be4068d05f84130cfd80f2304c69,No,2026,True,267,zkproof_0267_hash,HR_SIGN_0267,CONFIDENTIAL,CONFIDENTIAL,86599667bdf7888a77a4896c6e96cb7b55ae327d8ec647a3cbf6ec04d527b211
0xc4ef0ff0ed9e3cfa3d97dceb2d6e7a072dff24c1,EMP1268,PHTXX IXVDGB,Engineering,Analyst,84,50,71,72,69,42,5,No,3,55.1,No,2,0x067689e9194af221968a2cabdeaa0e3455a1f864,0x00c5798607d70ce6f111f8bf8af9b21545adfdca,No,2026,True,269,zkproof_0269_hash,HR_SIGN_0269,CONFIDENTIAL,CONFIDENTIAL,ae4bee83a0438c7e091502820514dbe753eafaf0b630b17d48f3a753fbdb0a9f
0xb17c814a997977a8a35991a176245425fa483263,EMP1269,IAQRG RTTOPK,R&D,Coordinator,88,46,48,69,57,51,17,Yes,9,46.8,No,4,0x012fa36012b5c89ff9273583e69dfa7061f4a782,0x7bb828e599f079cbc43256957247371abfd2e6cd,No,2026,True,270,zkproof_0270_hash,HR_SIGN_0270,CONFIDENTIAL,CONFIDENTIAL,27a343ca4c76bccd02cc70b4492244aa6ecefeb5959addf247fb8706c1665be3
0x4e4146f53bdc05f189b19d43329b814d640943c2,EMP1270,GZKBE WKAECO,Marketing,Coordinator,77,47,98,78,64,55,24,Yes,3,68.8,No,3,0xe85deb7ac97a6c52bc8767ca474ac558c550edff,0x5c56abf6107a9384a4f83548b6e238478b94a5e7,No,2026,True,271,zkproof_0271_hash,HR_SIGN_0271,CONFIDENTIAL,CONFIDENTIAL,408836afd5b582db3f037a062467a7e1f34827e3fe1b947b4d74e94cae0b5f13
0x2b7dddd0f1e647993975c43e47229029c4b1d44b,EMP1271,JHHSK YILLAH,Marketing,Developer,65,59,64,85,84,74,11,No,2,64.8,No,2,0x3005d635dbda833bbf8a5d0211e89be67b51fbad,0x6f1df7ce9797fe23c6335640b04525e3f217437c,No,2026,True,272,zkproof_0272_hash,HR_SIGN_0272,CONFIDENTIAL,CONFIDENTIAL,3559197cba2e7d0db6b71421c2c7267b5df7baea5750db7e72278e97969779fd
0x08e8757e29315576c57e89be528ea7cc6e285129,EMP1275,QWLNX YDSZKB,IT,Manager,89,47,87,65,98,54,21,No,8,71.4,Yes,1,0xf936a63d9c90731994a3b79dd3f32e72a56a7107,0x2a03d1b414bf13fb68c585f2effd7139f8d9e668,No,2026,True,276,zkproof_0276_hash,HR_SIGN_0276,CONFIDENTIAL,CONFIDENTIAL,79d7d2b7933cc132e8c4a02c399c87f0c8f69f00791537057cdcaae954bc00e9
0xa058b76a1b46dfc9d1862d8602ae83530c26e86d,EMP1277,IDBIA OXBJLA,IT,Engineer,98,59,79,40,90,53,2,Yes,4,65.9,No,2,0x75946a9562293b4b6e0d23e2b5afacb656bd73aa,0x6d43e5443e219f58146df9292115170b8c0bcd1b,No,2026,True,278,zkproof_0278_hash,HR_SIGN_0278,CONFIDENTIAL,CONFIDENTIAL,aa1e8d2afc8ce468af884edaaa97141dab27f44fba3d7adce7b7396136bbe0db
0xb5384144a12dc8fdcec694c53a42ed077fa0ab63,EMP1278,FODAP ZZHVDR,R&D,Lead,69,31,66,73,87,85,22,Yes,4,69.7,No,0,0x4a9214cee09b99c955650b086cab6956d25d3f9d,0xbc8f083785733a548f1d321172602800aa99324a,No,2026,True,279,zkproof_0279_hash,HR_SIGN_0279,CONFIDENTIAL,CONFIDENTIAL,144ffb446db746beee99a319369ea286ec58d21c6522bf8ed28e9908e0411d97
0x0defd5d9c2a99e73cd94ecaf0393a9a60e3750de,EMP1279,ZKZJO XETJEE,Operations,Intern,62,30,97,78,55,40,16,Yes,7,62.5,No,1,0x22261d21cb30afda452b8421b87a990884f97505,0xc976ef6d801d8c85121ccb5a483bc4cf2fd53448,No,2026,True,280,zkproof_0280_hash,HR_SIGN_0280,CONFIDENTIAL,CONFIDENTIAL,e0706c727ca08741c9c85211bdf55ea50bbc5a1664df015fea4fbefe8c6ce596
0xb7627c28e48417beaedd36d44ad7846f5c9a31e6,EMP1281,YWIER GXCIYJ,HR,Analyst,97,59,52,87,74,58,8,No,4,53.4,No,2,0x7a19be2ef4e3272229030db19522f3717e1b47a9,0x7aa6d66a2665a51f1cb75a8cd55152403f2fc9fa,No,2026,True,282,zkproof_0282_hash,HR_SIGN_0282,CONFIDENTIAL,CONFIDENTIAL,dfd3f532fc2d518e87a8926727a5c506354cf416c9d4d0aa06b46286790ba706
0xcbd481bed0da0b9a5eb831ab7f5a878bae025bca,EMP1283,WXTVP UZNJPV,Operations,Developer,68,34,77,92,73,92,24,No,7,73.7,Yes,0,0xc7f674b9860476a1e0aee8fbbfdb0e7f24675d65,0xf6b97ccd7ea830de966bb37f62fdbf99c0ec9c1d,No,2026,True,284,zkproof_0284_hash,HR_SIGN_0284,CONFIDENTIAL,CONFIDENTIAL,843e2ffd26483722a301bf45594e8290bd2140796c418da357c718c86403fabf
0xd27fe0ccd9d7f970f2887b409cb9dcc2a49bbfb3,EMP1285,NFWDF GQVRNM,Engineering,Lead,98,34,62,66,56,71,2,Yes,0,57.3,No,1,0x8e99e4910fb63ba549303cd102461e8b8a65f79e,0xc62132e9df8fa1579c661fdbe81e01060e9d20ae,No,2026,True,286,zkproof_0286_hash,HR_SIGN_0286,CONFIDENTIAL,CONFIDENTIAL,a379131b0664aa65a3228d7d60fae05ed8f5733dac9c657600e707edc7e37759
0xa7504576c49b9b3c68ec813e41bbb86ae50238d6,EMP1287,QEPEZ YSEYKK,IT,Lead,78,38,99,59,97,98,14,No,0,88.4,Yes,3,0x93d6f7ae9cb9b99db680f099a37a1330faafd38f,0x1953db83bb68d234c95a981108237a17283f75f5,Yes,2026,True,288,zkproof_0288_hash,HR_SIGN_0288,CONFIDENTIAL,CONFIDENTIAL,91fe6e0b09a40eff3bdf44e29798b4d4b7b923c8f8afe78df97fd2bdee11bb6f
0x5a343e21877127b09b31f6f427b024e381c8bc8b,EMP1288,RBGHN EMKEUG,IT,Lead,97,35,49,59,92,46,16,Yes,9,52.7,No,3,0x87787356bb6cc2d75dedbfd7c71eba1b01bb4314,0x1e70f1b18e165b8cbd34ea517290757fb93e5d98,No,2026,True,289,zkproof_0289_hash,HR_SIGN_0289,CONFIDENTIAL,CONFIDENTIAL,3b0fc9b77c78dd2167ed57b8cf68a16385ac58a975bac62e6933cf24628c8211
0xf1e16c333c9439efaf0e73709a05fa2b0dd604fd,EMP1290,VKQXG YKZBRJ,Operations,Developer,69,59,64,89,98,54,24,No,6,62.0,No,4,0x72107ab1ba185ea75ae6e1e33dc4037d04cb0033,0x8afd3b56342c7a5e95ca14623d8322462800156c,No,2026,True,291,zkproof_0291_hash,HR_SIGN_0291,CONFIDENTIAL,CONFIDENTIAL,951f3f2aa00d0a4147d7cd5f4a74b00616a819d6fcd7c2f3971bd06b96dd41c1
0x4d9140ca35f7a0e79f733e0dfb60613d4566f3ff,EMP1293,HQSZT SPKRKN,Engineering,Engineer,66,32,57,92,70,75,8,Yes,6,59.9,No,3,0x0f8e20fa8f3e4e1745746bee4e3ae7dea3933367,0xc502d8091d04cf41976876ccde73a032ae3498a8,No,2026,True,294,zkproof_0294_hash,HR_SIGN_0294,CONFIDENTIAL,CONFIDENTIAL,2f4e17e9e432993ef0be88e8864fab5218b4fb0b3a3cc2190cd4e9dbd27258de
0x59ca3038d5832f9655e0b693896dad2db80c5661,EMP1295,OUMVL PIDDCP,R&D,Analyst,90,36,51,55,62,60,5,Yes,5,51.3,No,1,0x41442b2de6016cd9981f13cd1168d0677b4cbd30,0x2a6d383da92eafd1715da74212153be2cb0cde34,No,2026,True,296,zkproof_0296_hash,HR_SIGN_0296,CONFIDENTIAL,CONFIDENTIAL,bf95b82f60a7e655b58e89eaea1ae95e99727bb983a5df57b7749c21b317dc20
0xcfff22a3fa0760179efe2f04a3f796fe38c9cc90,EMP1297,XKQVM XZAJNN,IT,Lead,65,33,63,67,84,91,3,Yes,2,69.5,No,1,0xb940ac8ca4914a87a8038a31085f0987bd6fc677,0xf6f720fcda80f5d407db4209d23ab7123a9e3227,No,2026,True,298,zkproof_0298_hash,HR_SIGN_0298,CONFIDENTIAL,CONFIDENTIAL,ccccf5b8870311c591a884e74b39de3fd4784b03109fdb67bb12a54683d16081
0x8f846bacdc95e5ade028e95a4a7dc0322ea162ab,EMP1298,LDUEA FMLNZJ,IT,Developer,68,53,59,55,54,99,20,No,6,64.7,No,1,0xeb056c8b5298d11cd00f478c334af2c3fe319760,0x8263d0fc8db8c0e90df7746421eb047c82055ad4,No,2026,True,299,zkproof_0299_hash,HR_SIGN_0299,CONFIDENTIAL,CONFIDENTIAL,40cccaa47054434d9a6fa796d15eb3f1ddcecb0896a7f93bf72a6ff67a696a85
0x2b1f84f3547f031a412b645cd61926d8eeb62020,EMP1299,WLBZH FNELVF,Marketing,Developer,94,49,53,69,80,41,13,No,7,50.2,No,3,0xbd651b032cb7ffe41e72a3bb86c9321d6608f54c,0xc687670c7e404a57a189a151840ff3e1ea312926,No,2026,True,300,zkproof_0300_hash,HR_SIGN_0300,CONFIDENTIAL,CONFIDENTIAL,ac47d3016a1f76bb6d0c6907be5c85e57ff1daf4a4b3d47b5047db388a1951bf
0xdb8cf5af3c9dbae1f59c2beca0c73f89210b53f5,EMP1300,PSMWW YJOKJX,Marketing,Developer,80,32,95,55,59,46,20,No,7,64.3,No,3,0x01d6728821c57d9438ea80ecf2820511a930d9f8,0x6e1e7dffafef7032956a37765a8f82467054f800,No,2026,True,301,zkproof_0301_hash,HR_SIGN_0301,CONFIDENTIAL,CONFIDENTIAL,ec805a0191cd74151d9ef5dace3b8ed00cde475107163764be7001fd763d8ba3
0xa6af9cac18875fab0678b3d175ebc4a95b974842,EMP1301,MQDWL FROCPV,Operations,Developer,66,58,76,89,65,96,1,Yes,7,72.9,Yes,0,0x89d2e87193d3c6ecb333189e4656f312fd9f42ad,0x3cfff80130065e8ee73325fccdc3a622a5d20f48,No,2026,True,302,zkproof_0302_hash,HR_SIGN_0302,CONFIDENTIAL,CONFIDENTIAL,53a36d029bba6783fa99249382eba07859fff43bb7f00c565fc2f80a9930bd35
0xcdda6014381d9a3a0005480482d04d0f1994b208,EMP1303,DLMWA KQEJOG,IT,Manager,62,54,73,47,57,76,2,Yes,7,64.1,No,2,0xc71e343ec25d97779c0bf2dd6b9aee8046364a2d,0x05ea11b274a34b28d12da94b2b363bf868ccda57,No,2026,True,304,zkproof_0304_hash,HR_SIGN_0304,CONFIDENTIAL,CONFIDENTIAL,466e45e00689b944a8f34b1c74a7ca162f8b90ce8d2d1242b389aa9caca503af
0x6e2a36636edf0ff9a9a39b514f0c1403ebb9ceaa,EMP1304,NJRSQ JBSTEY,IT,Intern,60,41,99,74,75,86,15,No,2,80.6,Yes,0,0x51cdca2bf0495254bfd0e897245d20b6351b548f,0x94c0e9c5868f9453c2848f408d88deb5a91126cd,Yes,2026,True,305,zkproof_0305_hash,HR_SIGN_0305,CONFIDENTIAL,CONFIDENTIAL,f9a92bfd3a764721448cd1c1bb75460485b892e984b763b1a1144771702ea888
0xd0c5764209224d902ca38aea205e70621bba2918,EMP1305,WSQGH RKCVFK,Engineering,Developer,85,50,91,41,81,83,13,No,0,77.5,Yes,1,0x52ad86e5d85ea43bfb26a4d52b4daaa2b2df7430,0x1711d0f998c2b7e383833d7cea69b12ad4bfc068,Yes,2026,True,306,zkproof_0306_hash,HR_SIGN_0306,CONFIDENTIAL,CONFIDENTIAL,a962f63ce04fd3231153f55090fe9bd104ac63256eb9297cc56e5ef9bd545d93
0x8407eb2191daecef54c48c61ceeebe62684231cc,EMP1306,HIWYP YZAZHX,R&D,Lead,78,32,58,67,62,55,7,Yes,2,52.3,No,2,0x0844f993993091c39d84f0a3b8a7235b055eaf9c,0x11c1f218c5aeaceae27e9785fcc5dfb269644ddd,No,2026,True,307,zkproof_0307_hash,HR_SIGN_0307,CONFIDENTIAL,CONFIDENTIAL,46a6e591bee0aff1e9b8024ee7412e5f3b37d96d11e630bd56228d7ded4fb785
0x9b33ccee1ecf70cc96cbbdc4df87f31b965ba8e3,EMP1309,MEWGR BLAZOW,HR,Intern,78,41,49,54,51,51,3,No,2,45.3,No,2,0x18afe7f6c34842ed831d09ac8d7a5dee311b5d9d,0x0a4a276c3c3b39383f7d94958b16922c795ab7fc,No,2026,True,310,zkproof_0310_hash,HR_SIGN_0310,CONFIDENTIAL,CONFIDENTIAL,0f14fb3ea06ac36d7ace60aef25a53d1b399d4329045e8850473eeb7aa472e75
0x73fe803a3c8d94d8c26e90ce91fa5f37be68e238,EMP1311,KMFII SEGEAJ,Operations,Developer,80,48,87,75,83,41,3,No,1,63.8,No,1,0x0637e2d9a47bdd53c151f0eb56dcd9ea45d5a9b2,0x205da8983e33529b26eb0f264bd07d8450be4ba0,No,2026,True,312,zkproof_0312_hash,HR_SIGN_0312,CONFIDENTIAL,CONFIDENTIAL,1fd1815a3632cbda2f036e491b32299b137cdfea5ad4ccad69ffdd346ba68a14
0xb355f7dccc3a7d2c5d7d984299de4abeb7e579d7,EMP1312,RBLXA INSDMZ,Finance,Engineer,95,48,50,47,90,66,18,Yes,1,57.9,No,4,0x6d48c1e82cec10b37c71cea65b31cf5809ac7cf2,0xccbc17c721b46eff4bbedb21206705a9544fae6c,No,2026,True,313,zkproof_0313_hash,HR_SIGN_0313,CONFIDENTIAL,CONFIDENTIAL,a379c9e6a60731ee04ecbb82df7201ee5099791b6229f2038d0cf7c44468cf78
0xd5fbf70b4b3fcf0db9cab2f8876c4d0fbe9265b1,EMP1314,OLOBF RLZINI,Operations,Coordinator,63,50,93,94,90,81,6,No,5,80.0,Yes,2,0x0911e0f7f7cfe37168800b28a564289f59b4b399,0x59cc29ada8bf333631823d963a600511dd764b50,Yes,2026,True,315,zkproof_0315_hash,HR_SIGN_0315,CONFIDENTIAL,CONFIDENTIAL,7603c94d7e14746269a1731d3ba0cff04d43f2d168d4bad052a5f024d18cb05d
0x5f2b2dc915a9018c805bff4821d5637134a960ae,EMP1315,LXIXY OGHQYP,HR,Developer,84,40,86,47,79,41,5,No,4,62.9,No,4,0x2ff751decd10dc1415827932efcd46d12d86492f,0xf48d338833d016a91e7159b6a2135982d97a5b8f,No,2026,True,316,zkproof_0316_hash,HR_SIGN_0316,CONFIDENTIAL,CONFIDENTIAL,7eb5d9651fcf40d1a45cb79a9e8100d111fa6924a2254918ca5a13727257089a
0x03ae5098d34ea9553ff771367a5ead8ee8bf6887,EMP1318,QZKFL ZRKWNZ,Operations,Lead,87,53,87,59,75,95,4,Yes,7,79.0,Yes,2,0xe6510288e3537130baac9ae3aad0e03522ebd1cb,0x04816817b90ab3cd043ec48450f365b1a6f3dc5e,Yes,2026,True,319,zkproof_0319_hash,HR_SIGN_0319,CONFIDENTIAL,CONFIDENTIAL,14591506bddb2920b78ae77bd012f0678ecf08c2ffc60eb570c8b02208a75d03
0xb5914b76972dd1ac84c7b70e0f57d2194a30215b,EMP1319,MIADJ GZMNUW,Finance,Lead,95,35,91,67,50,69,24,No,0,67.1,No,4,0xdb0ecc63ac06328e4ddd6f74d252a92c962bd8c7,0xb492bb5c04f0306476c181d36db23c3931fba0d3,No,2026,True,320,zkproof_0320_hash,HR_SIGN_0320,CONFIDENTIAL,CONFIDENTIAL,a6d1c8695d32983e308bf5ab227f7a50ca6f84e0c9b07274085e4318a6b903d9
0x7f108a6c42c26b6d287330bb6cf5f022ac9eff49,EMP1321,ZHOIW GIKZPT,R&D,Manager,82,52,85,41,66,78,0,Yes,7,71.3,Yes,2,0xbe26786e7416135b7fb542a30390e519fed0c18a,0xba119f8e5f52878f30ca21704f0bce689db89632,No,2026,True,322,zkproof_0322_hash,HR_SIGN_0322,CONFIDENTIAL,CONFIDENTIAL,cda17328892713e854628a2141a8680055aa006a4aed7f4fe1495de83bbb7b79
0x3e3fb43ff2677cf22558198ddcdacbb2e3458082,EMP1325,SWIGJ KOOUKU,HR,Developer,79,45,92,60,99,91,11,Yes,9,84.8,Yes,3,0x30fe10cd9a8bf06dff080e1cee93d1f0921cd5db,0xe70c9e5835e1ae768915326063f1227f1e3e4aa4,Yes,2026,True,326,zkproof_0326_hash,HR_SIGN_0326,CONFIDENTIAL,CONFIDENTIAL,8fa409bae7c714a6cf940d9d0ec6bcd94ce188cb0c3ac6d4c95383fea51fbdb7
0x271bc950286769e306b1b8b35eb7d71b904a1f20,EMP1328,XTJEC AAHEGA,HR,Manager,74,34,77,93,79,40,14,No,4,59.0,No,3,0xfe849080b58155989cfe7e12553ff551ba7b30f9,0xa97cb356fa7b8eddcf77e17ee382f800f9add330,No,2026,True,329,zkproof_0329_hash,HR_SIGN_0329,CONFIDENTIAL,CONFIDENTIAL,c1a961dcf525c86feb3ca55a9402d657a046a31920649820210ffb3bb0c0aa17
0xe000e030417a2e1bc25005f788dc361862132c17,EMP1335,RYHIY WHNMQK,Operations,Developer,68,35,52,86,61,93,7,No,4,61.3,No,0,0x0753bc39ba6faf36b16f6ef3f14644da68c6d5b2,0xef4356faa3ca451511239d2ac73c83b906f1d6cd,No,2026,True,336,zkproof_0336_hash,HR_SIGN_0336,CONFIDENTIAL,CONFIDENTIAL,2f9223b9a15babc50bceadf47041cebc062a2b0dd6fd12a5b9e44cf910cc468b
0xb76caeaeb2430866d5d1924eda530249befd0cc7,EMP1337,NRQQW ULCWRF,Engineering,Developer,69,41,90,61,94,68,12,Yes,9,76.1,Yes,1,0x649e12053bef805f8c84e6a1cddd750801665924,0x76ab23c82b2a21d8d0eb0d124cbe63f286a07091,Yes,2026,True,338,zkproof_0338_hash,HR_SIGN_0338,CONFIDENTIAL,CONFIDENTIAL,51bb4c438eaa305e6bc24c269b003e0b826b5d2e60df53576ead04cbb54b5208
0x4017d01c660c6c9ec85fc25ca25948b6a8bbfe31,EMP1338,BVENK DQFPAT,IT,Engineer,83,42,69,42,59,58,21,No,9,57.7,No,1,0x7cf396f6c49b7fe643525edcb0c1ddcbef6453e2,0x32fc026c12dd1a01055fd4f99fc8273c88c57909,No,2026,True,339,zkproof_0339_hash,HR_SIGN_0339,CONFIDENTIAL,CONFIDENTIAL,88cc81091cc625c2c0ef38a18048676133e7e87a4db3c04e487fb8a0bb9f9550
0x6a09b9cf0a91b2e7faa315258714b096c91763b3,EMP1339,EMJWK VLQGOR,HR,Coordinator,70,51,83,46,94,97,20,No,4,81.5,Yes,3,0xb169abef47ebf9b0c2bb5b335e2504d8e9d2385b,0x80a18a445d30b465d95a526133424a2c0f82799f,Yes,2026,True,340,zkproof_0340_hash,HR_SIGN_0340,CONFIDENTIAL,CONFIDENTIAL,0ce2120a8689c993744f9ab4cf1940fa912c86c59e4912b4fe9f067a51553493
0xb4e54f9965e0170c5e372e288a5acd0459e4401b,EMP1344,IXBGS ITEWHG,Operations,Engineer,79,48,71,96,86,97,18,No,4,75.1,Yes,4,0xc6bba5ebddd2dada018f1c15ec367d8f8d96ebda,0x195965a6ef3070a3424b33dc59f2bf551bb1af88,Yes,2026,True,345,zkproof_0345_hash,HR_SIGN_0345,CONFIDENTIAL,CONFIDENTIAL,36fbadc4ebb269456d998ed3db1beb1261a6be9f34a93ff600f5ef2a366eb529
0x5dd1f75e7f29971d275629c02b3e51ef0439c38a,EMP1347,FRQDS TPXMSN,Finance,Intern,71,54,57,51,84,52,4,Yes,8,56.0,No,1,0x07b5fc0a84797afbdc7a43a23cb99d512ec4d43f,0x48c28487acd4b95df993f83e089d6e5e7c4db747,No,2026,True,348,zkproof_0348_hash,HR_SIGN_0348,CONFIDENTIAL,CONFIDENTIAL,af0a125b74e2155b5f74f111b5a4e37810ea4286f7f705a1addee1a5fc67b200
0x0ab81f57a2e71de63542648add536bf2343a1289,EMP1348,HNCPV BKBCNL,HR,Engineer,97,31,89,71,85,74,3,No,1,74.9,Yes,0,0x1893ff18e5b9426d84741429be44768413a6438c,0x84e8aeb796fedf36322c91c870ad144edf62136d,No,2026,True,349,zkproof_0349_hash,HR_SIGN_0349,CONFIDENTIAL,CONFIDENTIAL,10955e72b8e7b7fd2bc1138addc6eb0a09ec226200e57b2a9b05139dc96f7cef
0x215acd18988bd544ad38dac2006196f78da4189d,EMP1349,ECSWJ IFRAXI,Finance,Engineer,97,51,79,56,70,48,16,Yes,9,60.9,No,2,0x2fd226d4cd1ae394c9883d230bbb840a1b8bd627,0x6bf6a89f8f897bf2a47d3d34bdc7fdf835e0e306,No,2026,True,350,zkproof_0350_hash,HR_SIGN_0350,CONFIDENTIAL,CONFIDENTIAL,a38604e5dfb06baeb1d99bf59336a414d2c8738f788dce82c03d2f4ab4202d0d
0x516e4b81edfbc1475932f3d91f69bfd4f81c85a1,EMP1350,LHNTS MLDUNF,Engineering,Engineer,61,31,60,76,67,56,2,No,3,54.5,No,1,0xe551b66b4fe1e2e301e9728641fc36a624ff6d3e,0x90896882efb2ea4804c5fa8163b2b46ee15a99a6,No,2026,True,351,zkproof_0351_hash,HR_SIGN_0351,CONFIDENTIAL,CONFIDENTIAL,1b03bb03cae70e3e9bba191912db4a96583f8f6cbd69f9fe2f843163338538cd
0x44d6e4ff0183bb7aa85f3e07d0704ba00978087b,EMP1352,CLJEJ PBRUYW,HR,Analyst,79,30,50,47,89,83,14,Yes,2,62.9,No,1,0xadb27a741a1c309f1160f35d0f2248f82de440b7,0xb2b094a02469901efd903030b0e35cdec1665877,No,2026,True,353,zkproof_0353_hash,HR_SIGN_0353,CONFIDENTIAL,CONFIDENTIAL,daf92b262bb3e88d5424b8db071cc7c367cf235af289b909add691eddb64de1a
0x34623b524b71877f62be4f4c4a6975648852b0a3,EMP1353,XVTYO KSIAHL,IT,Manager,64,39,88,91,91,97,23,Yes,8,83.3,Yes,3,0xd98e0d5b8f5fef854ed71499e4a5c6da08f3815e,0x247c4940e8f757e0ed58e53f5446e169595862ca,Yes,2026,True,354,zkproof_0354_hash,HR_SIGN_0354,CONFIDENTIAL,CONFIDENTIAL,ecce89f47080d87b71d0a107978bce0512b4418ff9dfd977fe0688e50e5b664c
0x4adc3d5757f965edd9b327ce4299ff66f1b9a6a6,EMP1354,OTEBL WDBYRO,HR,Intern,82,39,67,81,62,42,6,Yes,2,52.0,No,1,0x898c9d6f4c4a1d7dbbe7d40325540612c0c8677a,0xc4b3d9cdac82d808b91b16853248d554da9714c9,No,2026,True,355,zkproof_0355_hash,HR_SIGN_0355,CONFIDENTIAL,CONFIDENTIAL,2ea5090fa1b0a0578966a63ae3518a9d8fcb8fb847e2a53a3edb998da3a7c5cd
0xe0b2171898eee9742ac044f10853f45c013aa254,EMP1356,OESXL IOXZTR,IT,Manager,67,36,88,99,57,70,14,Yes,5,68.1,No,0,0x5d81a7d33081d175f742f7f7aa00630a4b7a22db,0x50166fc1cb935118452e8c7e2383990a93c6c819,No,2026,True,357,zkproof_0357_hash,HR_SIGN_0357,CONFIDENTIAL,CONFIDENTIAL,8e1086fc78d7341d36176c69f32276aa99d749e152dd2ec897c810aa0654b0b1
0x99238032170fceba29813a6c56c96f8a75e76d2a,EMP1359,YOUUK SZMWSJ,Engineering,Manager,63,33,80,65,65,76,22,Yes,1,67.9,No,3,0x9fd88440c712eef46bb8309da7d23ed89d72392e,0x1dcb87b80a72b2fb2164a0deedfe291fd707a254,No,2026,True,360,zkproof_0360_hash,HR_SIGN_0360,CONFIDENTIAL,CONFIDENTIAL,f564b2c5ca18d3e6bde9b93bbfadf93a1bb59f1b3245f8fd1e7a8ce5b00540b4
0x8dd46a0e6079df28958b2c56377b76b17a76fd00,EMP1360,PRNMR PCITXZ,HR,Intern,82,48,50,85,54,49,10,No,7,46.2,No,1,0x51500bc0b68c44e9cfe347d07506b6cb47606396,0xacb80ba284e77fcd8497a0774492b4b216d6fd6b,No,2026,True,361,zkproof_0361_hash,HR_SIGN_0361,CONFIDENTIAL,CONFIDENTIAL,0a69f36a57cb85c18656208e920fa9fe9b9a6e0093523e20fecc2cea44509016
0x1a97fd54b9e22340b03c56680f919bde8fa08263,EMP1363,TLCOK XURKEH,IT,Manager,81,48,86,62,77,65,19,No,2,69.5,No,4,0x7dc3bee4ad889ee6208c5a7e5f934cd4d390f319,0x7f12bd356bb653c62d949f04949c6901d47b4947,No,2026,True,364,zkproof_0364_hash,HR_SIGN_0364,CONFIDENTIAL,CONFIDENTIAL,56ea3aa283747806d911c6fed15f1d03a6344ac2c451e6f9d93667a346a5ab9c
0x70bbe377a679d8a081cd5142ea783a8ace995d2c,EMP1364,FDFKO VMRKMX,IT,Coordinator,64,57,97,53,92,68,0,Yes,4,78.0,Yes,2,0xcb0fa9b0cbd5c75743035dda182d59db30bbd412,0x2aa04147ca9190c2e39ccfff373e45057757d515,Yes,2026,True,365,zkproof_0365_hash,HR_SIGN_0365,CONFIDENTIAL,CONFIDENTIAL,67be0da1ce60814d35a86206087fe8d45fc933360b27911af1f43d9c32a67e82
0x5fa878d4730a9ac217eeaaa97f0e823315ff2fc3,EMP1365,URTXU LWMIFB,Operations,Coordinator,65,45,82,98,85,89,14,Yes,2,76.7,Yes,3,0x97ffc7294d44c281cb6d36458b7812b72ad37d90,0xa62178db8583739fe632b355db9f6d1e3ea7234c,Yes,2026,True,366,zkproof_0366_hash,HR_SIGN_0366,CONFIDENTIAL,CONFIDENTIAL,6ec87dccec553610a05d8fba81353ab08e188b5e10af97ca737226729418769c
0x33a4043892555364953689c7facc85ec4e8dda57,EMP1366,LTHBJ UNVVNT,Engineering,Lead,67,42,59,64,56,64,0,No,6,54.6,No,0,0xee3c9d0108a3288ca9022345fc9dd15f4d919171,0x8bd2ec0c8f3f5c4a467d2341bd1e9217604deb25,No,2026,True,367,zkproof_0367_hash,HR_SIGN_0367,CONFIDENTIAL,CONFIDENTIAL,41fc09820af570c25f0fcb61166aff9ebd2e8daa71e6487788bc1d89406fd5ff
0xf4bd4dd57dd68dc76af95fd18d7336968d51a4e2,EMP1369,UPKQH GBPVUW,Engineering,Engineer,97,50,87,89,50,56,2,Yes,2,61.8,No,2,0xa763bcb7aa0554114fb34b431d1daef801ecce84,0x2a37d8780cca7da1bbd5912ce24012e64abcea68,No,2026,True,370,zkproof_0370_hash,HR_SIGN_0370,CONFIDENTIAL,CONFIDENTIAL,32ba290210c9ae5576872bd5d44fce10675ed3c64e3d67792458381a8f960d15
0x713a9a4ca2ae01c254d6bc327e2d0d63b18e4cf4,EMP1372,RKRLZ IEMCGU,Marketing,Manager,95,44,90,94,68,61,19,No,5,68.4,No,4,0xfa938ad86868985d0fb5f3ce949b0e07c92a3801,0x0056e422061f88baa698839324f2e707fb2d8fc6,No,2026,True,373,zkproof_0373_hash,HR_SIGN_0373,CONFIDENTIAL,CONFIDENTIAL,6557499207a3c6cfe3142c659c1ce6a3412f331b107153e9f824f5f235a3092c
0xbedce2c2f285fc27260bcbf062bde05d017e9eef,EMP1373,WSYYN SMWGQP,Finance,Coordinator,95,36,96,94,60,45,6,No,4,64.3,No,1,0x8a1b6de95fdacae1b4611ebc87a1fa0b9cb457af,0xef48b8ff51ea36de132266b29c4165b3df3ec90f,No,2026,True,374,zkproof_0374_hash,HR_SIGN_0374,CONFIDENTIAL,CONFIDENTIAL,093920108bba3c257658227f7c14642dfb0e642da85d044ab94e675a2dbcd95a
0x058e068fecdfb051e5cb168f6beeb810760a9805,EMP1376,OFAOC HDTDGZ,IT,Intern,98,33,95,94,99,95,5,Yes,6,86.9,Yes,4,0xa9476f99cd4ff7981d935e2f680c9c6086e9c570,0x14584c1d44799dfd67a015f85ea39e13c0a0f016,Yes,2026,True,377,zkproof_0377_hash,HR_SIGN_0377,CONFIDENTIAL,CONFIDENTIAL,5d32e66a51de93e087223b7c6e56c8ae1b03f4c037c9ec4edba4cf09d13db126
0x1285d5bbaf1630131c4927420c85cc44af5c66e3,EMP1380,MTSYG FICCAR,HR,Lead,78,45,83,96,57,79,9,No,8,69.1,No,4,0x6911346e883ef6796ffc4e9c6fb18a0a1a1c3e48,0x973ff04ec22482be5b38c13cda64cea16512c7c6,No,2026,True,381,zkproof_0381_hash,HR_SIGN_0381,CONFIDENTIAL,CONFIDENTIAL,17dde0961dbe46659f46c4163d8d62b61e43bd1d6cb5810d975d60869e139898
0x42913e7f1f13c2aab48a6c106943563662745dc6,EMP1381,VIBLY EKSRKO,Engineering,Analyst,76,49,88,52,92,82,17,Yes,2,78.4,Yes,0,0xf730079208814f1185dfe6cbfeac0968d3ad1671,0x76484dce58d0833108508c683de482ee65c780a3,Yes,2026,True,382,zkproof_0382_hash,HR_SIGN_0382,CONFIDENTIAL,CONFIDENTIAL,06546e5364cec1bc52902da084b4952d41070e8d0e822167498ff86411212691
0x698979968948f04d5618c76ff0edd9eae19bd171,EMP1382,QLVGG DNMBSO,IT,Coordinator,99,35,67,72,79,93,22,No,1,70.6,Yes,1,0x07e64f6038302c8448287d207b120f0b7225db44,0xc453386084730fe2082b4d6a4d842688aa044025,No,2026,True,383,zkproof_0383_hash,HR_SIGN_0383,CONFIDENTIAL,CONFIDENTIAL,84f77b101db3fd8cea8931a8ddc180c542b5b507958d439f6e4f23878cbf1f63
0x026783d6702db5c7f1efe403741a3703eb362c58,EMP1383,ALZWD IKZGHQ,R&D,Manager,78,42,87,46,82,59,22,Yes,7,69.6,No,2,0xb0eed4b3c2ed6b2b853ae44b7e025b0ed45aa8b2,0xdab7e529507452ab0fedf7771462d7b15f5c64c4,No,2026,True,384,zkproof_0384_hash,HR_SIGN_0384,CONFIDENTIAL,CONFIDENTIAL,6eddd7076e020c3db5c1414dde85e5df6adc792b2cf9410ee6e7a42d57e78daf
0xa30e9cbe86ff74bd64c931ffa81f1f7984acdae9,EMP1387,LYYTI UBMTWS,Engineering,Manager,86,46,67,70,81,80,9,No,6,67.6,No,1,0x7e00f2e696f709d059dc4081a21ba22c3ab5d294,0x8d568e6d6b373db06770b490b8be4d8e7569a9a1,No,2026,True,388,zkproof_0388_hash,HR_SIGN_0388,CONFIDENTIAL,CONFIDENTIAL,44f1162989a8a2accdf3c37f2781c3a674f7a6d625d0462e506129c81d4fe812
0x98e65a33db7a2b01ed8c6d0247f2a255da9aa392,EMP1388,UGDKB RREGMA,R&D,Developer,89,55,87,53,95,98,1,Yes,2,83.4,Yes,1,0x1cb2179b000571393212d4bd332ec91fab5c139f,0x3486da72e4aa27ca6baab9f776fba6a93be2a713,Yes,2026,True,389,zkproof_0389_hash,HR_SIGN_0389,CONFIDENTIAL,CONFIDENTIAL,f1804fe68e5c40d16f43cd05d9213072f7e10b3b69810990ac3dc934670b498b
0x898522629862dc7ebe51027fdbd3637e25c6d193,EMP1391,KITXI MTMGHL,Finance,Intern,87,31,72,40,94,56,18,No,8,65.2,No,3,0x2d3d345770c5d0f75302eccbda7feedbbd03247a,0x666dfddd53438051f8bb5e4e013579d1d43c4522,No,2026,True,392,zkproof_0392_hash,HR_SIGN_0392,CONFIDENTIAL,CONFIDENTIAL,6886633c788a6dadb73fd1177504083991ac449586f7a30098e71f5f976065ed
0x4a620f990f8109cb24b3b00e9dcd846d051aa248,EMP1392,TTKBE XHWMLJ,R&D,Analyst,67,51,95,98,70,47,16,Yes,3,66.4,No,0,0xacc69b5fadd426fd5e7e919ccab75c75811d11bd,0x893358c33e9e6a81d439e8c9f96c020762160383,No,2026,True,393,zkproof_0393_hash,HR_SIGN_0393,CONFIDENTIAL,CONFIDENTIAL,79dcde43c35adc5467214bdd2e88d74ef35fcd84fd89a36145fb55b6ba36d1c8
0xd3fdc41967c466c796765b2c60d85c7661029151,EMP1394,GBRIY NLSMZA,Engineering,Manager,72,51,96,46,51,80,16,No,5,73.1,Yes,2,0x24641ef75ee5c7dce7c0ede8810a504b5b87031c,0x89156a2500e6981f8f4cfb35da73a21ec1609a3e,No,2026,True,395,zkproof_0395_hash,HR_SIGN_0395,CONFIDENTIAL,CONFIDENTIAL,e50534e2a5766159936001d2d9f06cef40934f41f7045295f64bbc25716ab736
0xa496fbbfca136483fcbc7fe45556b5dceb306e43,EMP1395,JHSSD LNUQSW,Marketing,Developer,85,52,79,41,68,94,21,No,4,73.8,Yes,1,0xfe3f98fef28e7b69354206f528eab2e5be44f65c,0x1d3ea666b5bbe36799b084978596fee787fbbd5a,No,2026,True,396,zkproof_0396_hash,HR_SIGN_0396,CONFIDENTIAL,CONFIDENTIAL,35a200df44152e901a0dd6b29fa837950385a51b474f8d4b757c4b54a370a6bc
0x023739d377416ae59ced4121219821b0b3bc3177,EMP1396,GTCLQ YMQIAF,Operations,Engineer,86,47,73,96,70,96,6,No,3,72.3,Yes,1,0x9e9088978021502a4acd2908dd432678af4c218f,0x2b827a39ef2cada7c1fe42ffa8b1e67a2918f0be,No,2026,True,397,zkproof_0397_hash,HR_SIGN_0397,CONFIDENTIAL,CONFIDENTIAL,c17ea8f5fc4de668f29adb081ac423e587f4f119341d31e9b01ff7f6305a1923
0x12936eed5308b683c4c4de0da573ad123dbce957,EMP1397,KPKVZ VZIDPI,Marketing,Intern,99,33,48,50,89,87,24,No,0,63.1,No,4,0x595d77c19270103e4358854c7c36770760a37738,0x419f00f6fc66ad756bc651e990e126f8ed13a069,No,2026,True,398,zkproof_0398_hash,HR_SIGN_0398,CONFIDENTIAL,CONFIDENTIAL,53c41c52e5216ad021bf8a0bbbf04402c5ef30a603af68b1146cd2f20259d504
0x57e53aa32439814350a0285ed38d5256fb8206b2,EMP1400,PEOZI JMCGGY,IT,Engineer,93,33,67,68,61,56,6,Yes,2,56.0,No,1,0x312819deacda3038b1cc22ea1db6e867a4f2deff,0xadc2efe3aeef59fc4e089753e30eee4d21dd3c24,No,2026,True,401,zkproof_0401_hash,HR_SIGN_0401,CONFIDENTIAL,CONFIDENTIAL,a01e99fe7b0068a3f79e4b9710f64f19304783217895f7261cc62aec2c3e1af0
0x2358244f2cf7021b4e6bb06dd4e67ac59ebdfc3c,EMP1401,PVNPT DLJJGT,Finance,Intern,79,50,81,89,70,85,9,Yes,9,72.8,Yes,4,0xe3d79ed060f6493b5b1109a7b25477b23e3a85b1,0x3a8b8df6dfbde489a291a23a24a8ab6090f84abe,No,2026,True,402,zkproof_0402_hash,HR_SIGN_0402,CONFIDENTIAL,CONFIDENTIAL,1cf370b4379ecee82491bda19c65adce290803335cb95afeb2927d6c0224e04d
0x5b49c14f4cefc9c5513c5bca76138271e730a8f0,EMP1402,PZLXM TSLGCO,Engineering,Coordinator,76,40,97,55,80,58,13,Yes,0,72.2,Yes,2,0xc8a6df5681957a80ebfe8bb3080dceafd558a98f,0x7841724d5b51437093f2e8aa08fc324fb85700b4,No,2026,True,403,zkproof_0403_hash,HR_SIGN_0403,CONFIDENTIAL,CONFIDENTIAL,e2e518ae44fabe9e458c9fa051c05a7802445c48b5a4f9c171beed5ad8af1577
0xb2fce2fd1b675ccfd3b8654096d33cab9a52c16f,EMP1405,PBDQR DEHPBC,Operations,Engineer,96,38,71,55,79,90,2,No,7,71.9,Yes,4,0x3851749a96b867d6a01ed51a29cf9a66d10d6119,0x69902d1f201f49bf9114941c910f0d2c0f2412ec,No,2026,True,406,zkproof_0406_hash,HR_SIGN_0406,CONFIDENTIAL,CONFIDENTIAL,d4b7610f6db3356da2cbaa2117695b3a762b0f723328f4036d3ff6a68817a2e2
0x59419ad362077494b66d35c2b8fd4354fe1dc6e3,EMP1406,HWJMI MFQTUQ,HR,Manager,94,39,51,75,73,89,13,No,1,61.8,No,2,0x80dc621a4d652fa220bcd88d8994b85197e6bc5b,0x68ced9ed2ac72ef68ff0b60ddaf93ed97bd64cf0,No,2026,True,407,zkproof_0407_hash,HR_SIGN_0407,CONFIDENTIAL,CONFIDENTIAL,5115598923bdf7058c55da3cc240bf00ab0a3f9bb563bd46680b8860996ad565
0xc79a97fc05a941e1110e5d6e5713ea9e55d895f9,EMP1408,IVXKM OOKFZL,Engineering,Intern,75,58,82,92,83,51,7,Yes,1,64.8,No,1,0xccc14551ae0976f19d98db0dc08de7e66577665d,0xf44c77e3d02ca0f2f41ee55cbe0bcf4a14671a07,No,2026,True,409,zkproof_0409_hash,HR_SIGN_0409,CONFIDENTIAL,CONFIDENTIAL,a1f43efbd4025ae4533916f054afd0592764158c6cccd3a876c8b85d6e9dd23d
0x5b7f2773ded06f7ba4d872fc1a43c771a790a8f9,EMP1409,IXLYW DOEELO,R&D,Developer,65,33,93,89,91,56,20,Yes,0,72.2,Yes,3,0xa450f4daaeec3325daa8443403dc627e5edba3c9,0xc9e2fcb540a88c3ab2bc62064109aff81d416bc6,No,2026,True,410,zkproof_0410_hash,HR_SIGN_0410,CONFIDENTIAL,CONFIDENTIAL,52e293763ae1386774f1d6e877613117814d52c391126a48c2361f2d3e3da407
0x92f2e44974faf943e90bfcfc3811b4b49b6339fb,EMP1410,JWVAV ASSXME,Finance,Engineer,89,45,96,99,74,41,4,No,0,65.5,No,1,0xf30b4f8e6ffe5a16aedf8928eb69252c17aa3aad,0x3aafe186a8c62bbb4f23b9bc7c76c9f83215c799,No,2026,True,411,zkproof_0411_hash,HR_SIGN_0411,CONFIDENTIAL,CONFIDENTIAL,bfee9a2889e2fad3cc2ee88b0dac522dea672ce418e0daab68e633e17713e26c
0x79e7ce216989821fd10c592415e3db889641df8d,EMP1412,BQPBY EWCBMA,Operations,Developer,82,41,84,64,51,54,21,No,6,60.6,No,0,0x59dceed95394ba5b341aa036d8bbad0ae941e919,0x6bb1a00c221c12ef9d36337d4c795592289de0eb,No,2026,True,413,zkproof_0413_hash,HR_SIGN_0413,CONFIDENTIAL,CONFIDENTIAL,e6947051bd40cea900359830156721bd8fc0d0ceea5a3dc586a9cdf75c2699e4
0xf1a4b00ae492a545ee847249548094cbc1108634,EMP1414,OORPW CINMWW,R&D,Lead,99,37,78,99,74,66,13,Yes,0,65.8,No,3,0x9d4ab8611faf9a7eb595f6bd9230de9b48b4d1e0,0x6d857ed60b9e4d81bbdc1ac56b69724794aa879c,No,2026,True,415,zkproof_0415_hash,HR_SIGN_0415,CONFIDENTIAL,CONFIDENTIAL,e58c2906ac70c0af7b1911c7fd3ab7628892710e29951a8425a916d0e57bd4f8
0x12d7b3e51da5977f0fa3ba81d741cc9ad35be606,EMP1415,APQUH NVSTHJ,Operations,Analyst,88,59,57,52,95,56,23,No,8,59.4,No,0,0xb2e567622fba2e1ddc57e46718e3c57a4a146a35,0x5e3bd3df47bb7f9740ada5754cfc88d3d02ce086,No,2026,True,416,zkproof_0416_hash,HR_SIGN_0416,CONFIDENTIAL,CONFIDENTIAL,d9151beb4de90747a298d2cb438a0c671552f754af5384b16b0d2ffca6da3668
0x7ea854350d1cad7a50031a6383b23fecc5809ca1,EMP1417,CGKYG DJUILS,Operations,Intern,62,33,54,88,76,80,24,No,7,61.5,No,0,0x38b2f0174d13d2494ef2d06fd21fcc4702b537a4,0xdd21be56125b5416c36989a61dc1199c999aff24,No,2026,True,418,zkproof_0418_hash,HR_SIGN_0418,CONFIDENTIAL,CONFIDENTIAL,e54d5739820949b82098460dd9609c601b1ab01e800cd6abb482c7adc31f7b2e
0x3163f5b270b2d01ddaa4dac9f2279e1cd504582a,EMP1418,ULBEK TYBDTX,Engineering,Developer,72,55,96,42,96,46,11,Yes,1,71.5,Yes,2,0x60b2463b12f557028aa635176fb6e2405fc4ef30,0xdeed0d90d7e0b347237fab84668a9434155a2fae,No,2026,True,419,zkproof_0419_hash,HR_SIGN_0419,CONFIDENTIAL,CONFIDENTIAL,ad3ce443c07eccb9a1ed68ad2281f890bac2e0a4523a70d292f911ae8768ea1e
0xcc31ecae0531c4bd49ed5039d5c17bfe622157bb,EMP1420,LBAVM YUONDQ,R&D,Intern,86,54,94,59,80,69,6,Yes,3,74.6,Yes,0,0xed20e14c3f7dbdae357f6231845b2581532f6879,0x77f758221db9aac340f1d75dbddb017148f69cfb,No,2026,True,421,zkproof_0421_hash,HR_SIGN_0421,CONFIDENTIAL,CONFIDENTIAL,e3eb16033d341fc442b863721a671bbd3ebd3cae2f712cdd78d947def05239dd
0x7e995abdf0cb5ce5f825e16420fa546cb162a39c,EMP1423,MELBK CRYKOS,Operations,Analyst,89,40,94,49,61,44,18,Yes,7,63.7,No,0,0xcba8800608e4e4caa5d760e6a3942495caee365e,0x4b7c9ed3af0aa49eccdadcdf4c808d30622205d3,No,2026,True,424,zkproof_0424_hash,HR_SIGN_0424,CONFIDENTIAL,CONFIDENTIAL,f86164a49bd591cf8a2e97265d9edfe69745a7d543c048b65b2915656050a395
0xa4126ff71449cdf085bd6b0f7a8b56cb960dd4b9,EMP1425,GWDNH EYXXUK,Engineering,Manager,66,58,71,96,57,99,21,Yes,0,69.5,No,3,0xcf240af9e6484478a4cd800c28d31deab4cb26bd,0xe028bc8c5f492411e93daa5fc49123af31b15e86,No,2026,True,426,zkproof_0426_hash,HR_SIGN_0426,CONFIDENTIAL,CONFIDENTIAL,4d0921c52bece519bf61a524e6358d740e7a46159f8630ce15a65f2e37484bd9
0x50c2a78db2d803678567fdf11d4f624647d4e623,EMP1426,IOZIX AMFTIS,HR,Analyst,93,52,84,48,73,41,4,Yes,3,60.8,No,4,0x359f4aa073e2d8f6525b552932c1f86735a0ab9a,0x0d9e862f8d03f2dd346179a567bedef0fc401d15,No,2026,True,427,zkproof_0427_hash,HR_SIGN_0427,CONFIDENTIAL,CONFIDENTIAL,f78732ed0b75c33dd898c6c8c858f271037c5314429e372e6530f3a3433d9347
0x57f0c855d00f11db7fd444d315a6f4081706ffb7,EMP1428,ZZEJP PYPOGB,HR,Developer,87,38,99,54,93,79,8,Yes,4,82.3,Yes,1,0xe1d2ba61d5dfe9ad4df329fd141af9e58bceecd3,0x95e6cb8f4e6fbdc5fd5cc098b3d85e202c7e5428,Yes,2026,True,429,zkproof_0429_hash,HR_SIGN_0429,CONFIDENTIAL,CONFIDENTIAL,926c458aa76b41599328be917257bb0c496ed337180b957401b6630cfc36ace6
0x22dbad1caf36c607858946b5cf7732b22622fa6b,EMP1430,RTMIP TPDBJB,R&D,Lead,77,35,70,52,70,53,18,Yes,3,58.2,No,1,0x7fe7fd5aaf1a9c4957c569b7e6cc5b66bf2c0a85,0xb49f739778c5739e29ab2903ed4724cbe39450f0,No,2026,True,431,zkproof_0431_hash,HR_SIGN_0431,CONFIDENTIAL,CONFIDENTIAL,9056057985011456c740a753f69d41f0b87191703c14058ecde32a02ba8799f0
0xa49b104a99414e54294f454d6148e46d107691d4,EMP1431,HWBFO PYQBAV,Marketing,Coordinator,87,39,69,54,70,97,14,No,6,71.3,Yes,2,0x30294e4358ade2360403d5b9eea1746c5a81efbd,0x9effe748da75eff77a11e3ac8f2ca9bdb17619b6,No,2026,True,432,zkproof_0432_hash,HR_SIGN_0432,CONFIDENTIAL,CONFIDENTIAL,a9436b518c671b9bd80707214e4c8982be74d4c6abad9f2c22f32687663be666
0xd88d0ac6d5f134f0c3c2384bd762d55b3b40f584,EMP1432,CFPLU NIMYYE,Operations,Manager,99,34,97,63,78,88,24,No,6,81.4,Yes,3,0x5ec312d225f9b96a64a80e75120a24ef4ad3ecf5,0xade9e10a5b1638d490cd7c0a325a7f85916ce07c,Yes,2026,True,433,zkproof_0433_hash,HR_SIGN_0433,CONFIDENTIAL,CONFIDENTIAL,175000eed0f2c893fd7c752d1b53f6370d7d6d2f17e95f485a7a6fe7d94f7b40
0xd87edcd4f494ef6f2eea27a19ef533daf705db9e,EMP1435,FCJJH TMGMWI,R&D,Coordinator,90,32,96,97,52,88,9,Yes,1,75.3,Yes,0,0x9200a379abe8b25dd9cc6928a54e1a416484d5b4,0xb310f7ad5fc5287630d296a46d8363991c1a2282,Yes,2026,True,436,zkproof_0436_hash,HR_SIGN_0436,CONFIDENTIAL,CONFIDENTIAL,242185413d3f0a23c44b948e4940cf5e77669f55db71cda0586a964fb6b35c54
0x02a95fb055c1b7e6d897c0d598473686f2834473,EMP1438,EGWPS SWIGBF,Finance,Intern,76,38,82,68,53,52,10,Yes,4,59.4,No,1,0x915fd098cda2549c4d9bb8474a356b5ba32713d7,0xca4ede5921c292d328a3c4cbc6bce37cbccea904,No,2026,True,439,zkproof_0439_hash,HR_SIGN_0439,CONFIDENTIAL,CONFIDENTIAL,2003e82524d3b90db7ace4927eb45ac0d9f665edfb7040cd01ba48a19be4dce7
0xd6f57c957eb9e1008a0984a56c658b4c9cffe8f1,EMP1441,PIVLU TWVTFL,R&D,Intern,79,32,58,48,97,44,11,Yes,9,56.7,No,4,0xe23e352e465ccf4089ef602e66fa5a069f787a07,0xdb1cf524bc6dc8d68cd581620a3ca9ad0873c1db,No,2026,True,442,zkproof_0442_hash,HR_SIGN_0442,CONFIDENTIAL,CONFIDENTIAL,42b9ed5144584ff606e3288c3750ceb732baf3d6e1a25de349e9a66e2ba31fda
0x0694a2a853626a97b5daca41b9548605b1f8922e,EMP1442,PBAFS XNSYKH,HR,Developer,80,38,71,75,78,50,9,No,3,59.3,No,4,0x16025605e0a46bdafe3d0d0b735dd79cdec16343,0x49a06c1d0b2a5a0bdddca5026f4ca7a63208a26a,No,2026,True,443,zkproof_0443_hash,HR_SIGN_0443,CONFIDENTIAL,CONFIDENTIAL,fe2e70d73e8a0577fac4972283d3ed920f62a677c2d3bc79102772e811176507
0xe97519b8ba1b8d1a6582c5a4b1aab2c28663155f,EMP1444,EFLDX AOHEVQ,R&D,Developer,80,44,90,76,59,82,5,No,6,73.0,Yes,1,0x57287716443bbafc0fe4a2e39d6e5a7d667e83a2,0x63b9feeb0194134bd56dbca4f075ac75f8796327,No,2026,True,445,zkproof_0445_hash,HR_SIGN_0445,CONFIDENTIAL,CONFIDENTIAL,c852c7615986f928343284888f919e5e89355f82b8956acc20ad39604212d2af
0xb5e0ab7197aa41c46110b29230c3f80156590768,EMP1445,RHZPY BGCTRL,Engineering,Coordinator,80,39,95,52,62,55,16,No,6,67.5,No,2,0x4bbe680e25e53776160e91ed3af148455d84432c,0xf16ee30410e029a64473ebb94afd8cb6c28f1ab9,No,2026,True,446,zkproof_0446_hash,HR_SIGN_0446,CONFIDENTIAL,CONFIDENTIAL,0cca3922e432c44e9b131b5ca000340e7f731cc536f4ff8cbe4e85cace23225a
0x8d67dfbfaa7e51d8c5fb9958a28d6b8ee6db30cf,EMP1451,STZHP NAMVYS,Operations,Developer,75,51,87,91,96,63,18,Yes,7,73.6,Yes,4,0xa14779cbb8e37b2b70cd8dc1dc4fd82e7faab808,0x3b06e95006b5ad8121cc05964a1d358fe89d956c,No,2026,True,452,zkproof_0452_hash,HR_SIGN_0452,CONFIDENTIAL,CONFIDENTIAL,d85300f78033879a4c8daf58eaadf6cc0c07c7f87a8d24450245dc8b1d5acfbd
0x5199ded0693b2ead624399fae6a60fc22e254b9a,EMP1452,GQHKB FXHVOH,Finance,Intern,89,45,54,45,58,40,2,Yes,0,45.2,No,2,0x37d4ad55e0fadc2eccc677260cee221d1eb020f5,0xdafc15e2223c4a01a216b8f007b15a97e6cf2a30,No,2026,True,453,zkproof_0453_hash,HR_SIGN_0453,CONFIDENTIAL,CONFIDENTIAL,bc45e79e1ea395f9060e3400375cf71d70a6d0783b6db2c6766194a4e644edd3
0x626b45033536f8da675adac5b9575679ab25d36f,EMP1454,VHFHM YOBPGM,Marketing,Intern,91,37,65,65,93,62,13,No,3,63.5,No,2,0x966765920fca9b25df258ad3f30c989c11c23c9e,0x9273528ea6c0022c355d768c80cf45b2482bdbad,No,2026,True,455,zkproof_0455_hash,HR_SIGN_0455,CONFIDENTIAL,CONFIDENTIAL,e0b8b4bd40a50a23caad8d509e77d3af28ba79f90dc931fc15cfcdbe08b87871
0x4a855f0e2a37e7027038c8232abe4bb3c7346293,EMP1457,NTEFK FGLKBI,Operations,Intern,76,56,49,82,71,92,4,Yes,3,61.7,No,0,0xd329cdbc80420a50c65f99f6e3562d98ee413eff,0xf712f4b4ca0f22efc12f6aa976a36b75b5d41c07,No,2026,True,458,zkproof_0458_hash,HR_SIGN_0458,CONFIDENTIAL,CONFIDENTIAL,17b520c179d1b8476d854078a3766457d62888af634ec63c03c8f71078c35617
0x385752526c9c4d8e64f8649c422d0dd2c2f0302f,EMP1458,HYDVL RDUGOO,HR,Manager,89,47,90,44,77,44,23,No,1,64.7,No,1,0x9fe013d38d56eb7af2b42005ec7dac1be9fb283f,0x63899020a2cbeec4ad3c98b520a1087adde10017,No,2026,True,459,zkproof_0459_hash,HR_SIGN_0459,CONFIDENTIAL,CONFIDENTIAL,8838799208c3c0cef2175197b7ba95e8821d6d941ed385c22137ffaf134737e6
0x896b69ff9d80e49b00c81c0cc389be8dc0c8a2a7,EMP1459,QFRZD LNSDYU,IT,Intern,82,49,49,69,86,91,18,Yes,2,64.3,No,0,0xfc94159ffc8a42a254040603fa2afa6c006cc847,0x3451351ea11e61430ef13cbb6f15ae0d5db9a973,No,2026,True,460,zkproof_0460_hash,HR_SIGN_0460,CONFIDENTIAL,CONFIDENTIAL,bd25f92d16e95314ed6b19f666e0e3ccc8c471a66f52c652e3e91b578076784b
0x860d634b31a0a2496b5f90ef12d47eceb8405711,EMP1460,IPMMI NOJEAQ,R&D,Analyst,91,38,67,50,71,79,1,No,6,65.3,No,1,0xf3015357721cb933c0f749759a5e3f1b123b2012,0x2232193900a44542791d326b1615adedf0b4b3e3,No,2026,True,461,zkproof_0461_hash,HR_SIGN_0461,CONFIDENTIAL,CONFIDENTIAL,eea3d2592870c66b7554bd3b98d5de9d62de4b491e3fcfaef75b7e079bfb33dc
0x1836813390530db5819e26cbbd5ff7c2d956943c,EMP1462,ZTFDA TFJLMN,Finance,Engineer,75,50,50,49,86,81,4,Yes,7,62.2,No,1,0xe268b85a89997d775d3115ae4847cfc67970333e,0x6e7f64aa017db7dcc50b0bba04913e80d4f62424,No,2026,True,463,zkproof_0463_hash,HR_SIGN_0463,CONFIDENTIAL,CONFIDENTIAL,d4b1cff517c0e81b98206f0ba21edf55be7750b64e6531e171f8248815e58746
0xf62539ddb5b5b0d21691dfe35fcb2a486baab351,EMP1463,ELBUU GPKFUE,HR,Lead,99,59,89,65,70,94,12,Yes,0,77.8,Yes,3,0x57a0430f8c494fe89394d227da301e74e12baeb0,0x7cfdd6dc8327d652ad7d7cb9b3bdfab7681dca1b,Yes,2026,True,464,zkproof_0464_hash,HR_SIGN_0464,CONFIDENTIAL,CONFIDENTIAL,2db23689f31a6a669e04e6b60525f26ad33884e6ec1946502ad96696ed7f8fea
0x21dcfee91a4e741b6f8b0ac34f191dd2771cada8,EMP1464,LECNI VVNUFK,R&D,Intern,92,55,62,69,76,75,20,Yes,7,63.2,No,3,0x8371a84ceea9037db2bf45ebcac19436a734bf80,0x5649bcebf41a822429d0e04ffb15a7f0de94d02a,No,2026,True,465,zkproof_0465_hash,HR_SIGN_0465,CONFIDENTIAL,CONFIDENTIAL,4f4bcf2cdf24347ed8d7539abd70521ffe0801688a38c2b00dab4368bc17adba
0x4d2bb61f2bcb86f63301eb3ec60f88775cf2e70a,EMP1465,OSCOS XWHLIB,IT,Coordinator,94,37,52,77,61,46,10,No,6,47.4,No,3,0x7d1a23f31bd43364ce7c4174f8f98f863022d139,0xf0a0be13236f83b3d16092fa74058473185c34f8,No,2026,True,466,zkproof_0466_hash,HR_SIGN_0466,CONFIDENTIAL,CONFIDENTIAL,b02a24ed9fb483499817ea169530a0dea89ee7c4a3b1f888d219b7cd3b3483af
0x7d7b312cbb4a92683669d09eb54d56feda5fbeb0,EMP1466,NHWWL BRFKRT,IT,Intern,65,35,61,61,93,42,21,Yes,3,55.9,No,0,0x7ef0355457fc563c93895a48ccbc2e75d6b4107f,0xac5a1d0ca9bdf419e6519e26b8e2fd86d90dac28,No,2026,True,467,zkproof_0467_hash,HR_SIGN_0467,CONFIDENTIAL,CONFIDENTIAL,00365fc4630a95e2229eba7dd732a100122374d1e1c70ed716e8a9736fed8e09
0xb3e8596860ba7bbaf622c348dc9edd1c11ebcd35,EMP1467,OFQYA XRGONK,R&D,Lead,75,32,48,57,66,73,5,No,1,54.4,No,0,0xa42086115fb961b05f2d861351b67c5332fee999,0xa674a0f1dfdd7d625ae6ab29dad32b3ed4e564f3,No,2026,True,468,zkproof_0468_hash,HR_SIGN_0468,CONFIDENTIAL,CONFIDENTIAL,6970a593f4fdb2f2d45b64179cc4d0d89cf67d6ee2dbfc4fc765dcb1b44712bf
0x16ec61e03036ef983a1ace1cee6de4f58390be03,EMP1468,IWOVN PVIEIP,Operations,Engineer,81,47,60,92,53,90,18,No,3,61.9,No,3,0x8cc0f4baf56bc99e6b89c0c9191a761f59c8c70b,0x85c489f69903035d186e15cd73a3cf73a19eb8e6,No,2026,True,469,zkproof_0469_hash,HR_SIGN_0469,CONFIDENTIAL,CONFIDENTIAL,ab7c83112c79220e25037d1cd35fa1586264f441c3b693c3168bf011ebb2ddfc
0x29a4db567c0a5d757d85a34e4ec21bda619c64c7,EMP1470,JOCEK GQRZJL,Operations,Intern,87,41,52,46,71,63,22,Yes,9,54.8,No,2,0x441a0e5ff74e132309e92b8db291459c701d617d,0x192ebbf9ebcaeb7490b8e4e9aae2adc47ceb0785,No,2026,True,471,zkproof_0471_hash,HR_SIGN_0471,CONFIDENTIAL,CONFIDENTIAL,c4efdb432cec8accca23434e5ece1983d3ee31950d2f31c9b3d60d9697cbf975
0xa77a6d23f5c5c920f96a39dd577fce80972ed932,EMP1471,ZRGMA KGRPWT,Finance,Intern,90,47,97,68,70,67,11,Yes,4,73.3,Yes,0,0xb18ec9055e7dcabaae7129d16f9174ceaae74396,0x3f2875b4dd7df75c75a809288a64d73fbe1c611e,No,2026,True,472,zkproof_0472_hash,HR_SIGN_0472,CONFIDENTIAL,CONFIDENTIAL,c42ca6c5466910297247d1eafc4d17fffb055d5ff3c036a0039a756329fa7b73
0x656e4b59dd365e23e0473af219fcf5163984b616,EMP1472,BIMTJ ONXWFF,Marketing,Coordinator,97,58,48,92,83,40,11,Yes,6,48.4,No,2,0x3dfbc20f87e5892c877dbd277943543248b4928a,0x09709fad82b7c0ca4fe2e18c874a4eb0c898b4dd,No,2026,True,473,zkproof_0473_hash,HR_SIGN_0473,CONFIDENTIAL,CONFIDENTIAL,0593b74b544cf6c0e1586ef2eb7f3ed8a32c6ccf61144927540e00e6169efab9
0x644a3b9a8c16635317c7ac8aeb9fdd55d668917b,EMP1474,NNIWA NURYQX,Finance,Analyst,79,59,58,79,86,72,13,Yes,7,62.7,No,4,0x88d2cf487ba3264a8a28354b20e6d3a5afb544f3,0x563e184aa89a7ac7d7a44441921106af5c616890,No,2026,True,475,zkproof_0475_hash,HR_SIGN_0475,CONFIDENTIAL,CONFIDENTIAL,8188024553d89de1d1ba65be6b8e8b06fecd648016aef2471fce64fbd3787945
0xb435e511462c98d1c12b552a55a3a9a0c0b7b396,EMP1478,CUZTR OINWNQ,Marketing,Developer,73,35,50,95,66,85,13,Yes,4,59.1,No,0,0xc291bac1785fb7e401f152adec74ac73bbb46ec2,0x1a73cf82c90ee2eeceaf96211cef6cfe4b4b8d9b,No,2026,True,479,zkproof_0479_hash,HR_SIGN_0479,CONFIDENTIAL,CONFIDENTIAL,6f9de5251c5778c1a11f50c4ba4feb93257c2136d54b94780f4bcfdc31d4b8c7
0xf3479f51eda02f36584e357cc3888c7e99eed0f1,EMP1479,VZSDS ROUKBE,Marketing,Intern,67,33,74,55,67,96,3,Yes,5,72.3,Yes,4,0x011dcd534ecd66d07689d73f2901d337bd880fc7,0x33e4b0f3bd818f839c2aea716cdee5cf084fca95,No,2026,True,480,zkproof_0480_hash,HR_SIGN_0480,CONFIDENTIAL,CONFIDENTIAL,906caa73f8a71dbbc2f6dbe2aacadc06eaf3ae6b4e908565ccadc318f5c0255b
0x7b11beb9e10cd505c4abd51c1e33dddd0b53b4c1,EMP1480,ABKRR JBDIMQ,IT,Developer,66,47,81,73,80,71,18,No,7,70.4,Yes,0,0x27942ab4d0cb722b9ffeb762d80b2ac91c8abc74,0xce518004647fa1863a4ab3cb28343182ddc2bb55,No,2026,True,481,zkproof_0481_hash,HR_SIGN_0481,CONFIDENTIAL,CONFIDENTIAL,0d8ffb766836ccf7ac0500782c22a6af0519bdb70fd05d35f8c5953b23a6911a
0x5762f62ba2870b4e79cf5989b35832f31faaef1c,EMP1482,VPMKM TYQPFZ,HR,Developer,60,47,64,86,89,56,14,No,4,60.6,No,0,0x0805b1d8e571d04937517f2932134cc8a4b5f9cf,0x5d50b71b8c129b312a9d6374c592c3fca0125e00,No,2026,True,483,zkproof_0483_hash,HR_SIGN_0483,CONFIDENTIAL,CONFIDENTIAL,8492c766356c71ee53f76af4c096ec7e7639724a80969c3c477362dbfcb001e6
0x4d5e70223cf06b0073fe1b4084afe51a0c17f890,EMP1483,ECLUB BUJKLS,IT,Analyst,65,54,99,58,61,75,2,Yes,9,75.2,Yes,0,0xcc9e29b9279d5ea834c072a86c9f63e548c9026f,0xa423325b0cb040121ab47ebb2b5f026efc306297,Yes,2026,True,484,zkproof_0484_hash,HR_SIGN_0484,CONFIDENTIAL,CONFIDENTIAL,a41611dba41590549fcd2019c058d347a2ab8f9686e37d445d92b1e325bcfad4
0x1c7fcfe7170db224a21ffcfc34e9aa735d408221,EMP1484,HNCZS NMVXXM,Marketing,Engineer,92,33,88,48,54,64,8,Yes,1,65.3,No,0,0xc7a95e9af858f7ebc3ae8bbf43dc2ab58e3fb449,0x4516ce8d15eabe3089a1ef8b7920f74f36b69b7f,No,2026,True,485,zkproof_0485_hash,HR_SIGN_0485,CONFIDENTIAL,CONFIDENTIAL,15adc1aa46b5e9513d7fd1bc42f7d643e231d766ba60ad1d783af7bc18465d7b
0x6f9f67742e407b83a2cc1ece8521131ad65add32,EMP1486,LCJRJ ZDKUHL,Marketing,Manager,91,45,63,81,76,72,11,Yes,1,62.1,No,0,0x50fa06161904f40bb3d15ec770cc17f9997615c0,0x824c2c5f668c646013f8252f20d02dcf355a3d0d,No,2026,True,487,zkproof_0487_hash,HR_SIGN_0487,CONFIDENTIAL,CONFIDENTIAL,0f195102940c1b9bf98bd5cab52071a00dee5e5e8d2915f2d260f89452bf7a1d
0x001e5ad783af3e17b9cf7990be7e61c71e79525d,EMP1488,MUSSF VFLEKS,Finance,Analyst,95,48,57,84,58,46,12,No,4,48.6,No,0,0x7b65540e955915e686e9a0322dc706f3ff5be47f,0x489604e0f4c7ea4c1ab173d80a4e89994f36992b,No,2026,True,489,zkproof_0489_hash,HR_SIGN_0489,CONFIDENTIAL,CONFIDENTIAL,4d07dc73d217cc6471e20b21816353d531cd5c8e14022f24251e2b863edea4a9
0x364a45f60549a6b2fe57712bdcabefc9eab31c7c,EMP1489,ONSDC RICMXS,Operations,Analyst,91,31,49,42,69,58,24,Yes,2,51.0,No,1,0x5fbf133d54516c06f859eefb8bf42f0e1799f93c,0x3ef87e14fe4e73974d8102ebff55098d6ee6c8d2,No,2026,True,490,zkproof_0490_hash,HR_SIGN_0490,CONFIDENTIAL,CONFIDENTIAL,00cc0830a9e407aa927356a5046627cd38f676f2f8820d43d9d5443555e2a30e
0xb67862a74564078d2a715a2bcb1ebfd43e61780a,EMP1490,DAVDS MZKDFM,IT,Engineer,71,31,48,43,90,47,3,No,7,52.0,No,0,0xa07ce9d5a1ceab025334d03f937fa76c5700678a,0xb82854d9f1bff5b83ab6080a106c73a9242d5a33,No,2026,True,491,zkproof_0491_hash,HR_SIGN_0491,CONFIDENTIAL,CONFIDENTIAL,11d499bb8bb9c5eb1c1caaf24cf9a1a624be6fbb895c969bdf0cae501e2068eb
0xfb4a5f854a9c7bbfe8f95d6449afcb7b3a0b8511,EMP1491,OZPUM RXDVGX,Finance,Coordinator,77,57,82,76,77,53,11,No,1,64.2,No,3,0x15f547690bb44a2a5b93f94ca9b2db9b59b2407e,0x9986aa7985e4a82a1a7396490313649f761c8112,No,2026,True,492,zkproof_0492_hash,HR_SIGN_0492,CONFIDENTIAL,CONFIDENTIAL,8a0c545dabd7f7684f4ea455f9dd29ac99582ca123b47e5f36a6ef7afc5f9d4e
0xc1fdc73d152c30ffb8249f676f6212bca5a77523,EMP1493,IBFXW BFEXCJ,Marketing,Lead,66,58,54,56,83,58,6,No,8,56.4,No,1,0xcb65187f55697e6eeec7ecfc1f0ab459cc0c0742,0xecace8230cf330575d0f8a5aece0f7417355da92,No,2026,True,494,zkproof_0494_hash,HR_SIGN_0494,CONFIDENTIAL,CONFIDENTIAL,8d35294d34067cb1aa53995afa1a2d37b5350667c2c66eba96b743964d20f52a
0x7ee1c030ac468ba564243141a6a3fee8aab3220e,EMP1495,YANWH UYDUHJ,Marketing,Lead,77,53,53,87,64,90,3,Yes,4,61.4,No,2,0xf88024c3890e30388e1788ddda4e2201f5cc01a2,0x81cc857edf1b2ccb5c3895002f7376a492ca04a7,No,2026,True,496,zkproof_0496_hash,HR_SIGN_0496,CONFIDENTIAL,CONFIDENTIAL,e3f535c260195939a0c83628a051037cebf3e74371571756d6b1bd0a8ad4f9c0
0x7f05ef254b940abaa5c2e5a3e5844ffbf4dd8fa9,EMP1496,LRZJH FAPWON,Finance,Analyst,86,38,73,60,74,81,9,Yes,9,69.2,No,2,0x4202da01296925424a294698d269bb81f28c95d3,0x778a7110ee328ac4bb1d6e30125b1498fa0da740,No,2026,True,497,zkproof_0497_hash,HR_SIGN_0497,CONFIDENTIAL,CONFIDENTIAL,55797e8507052668d6b7b34b81da274c96ebd405893343a7d2bc23887d983f05
0xce516a61f9829b713eb357690c6ca7997fa6fc31,EMP1497,ZRGNV BKDFUZ,HR,Intern,73,43,50,94,67,65,22,No,9,53.8,No,0,0x85027d15fa1cc6322e44b7b0cee7658f685945c0,0xd6a12c64ac64bed126c14b200b64367a99ffdb45,No,2026,True,498,zkproof_0498_hash,HR_SIGN_0498,CONFIDENTIAL,CONFIDENTIAL,f70cf7624943e701af2c1dc2073f447da8cc4ebd9e4f55373203da67bc3e5196
0xd55d28d9ed0b08178b16ebbd6b15e793736ce5d9,EMP1499,WRQVB TVHRDZ,R&D,Analyst,76,41,60,82,87,88,2,No,3,68.1,No,4,0x6c8e548284c2109e992003a5f41bd61dd95517e7,0xdead0a0f5f490a3b4e13ecb9fff8abd340953860,No,2026,True,500,zkproof_0500_hash,HR_SIGN_0500,CONFIDENTIAL,CONFIDENTIAL,dc71c68a6bcf9f48f9108a1b6a4b50aeb1b305b29afdc352157cd9ca3bceb5be
0xdeae36785429b6a179591e42425155495a5711e1,EMP1502,JWPDH LJAEVP,Marketing,Intern,78,32,85,44,89,43,8,Yes,8,65.5,No,1,0xca8b93505b5b96d00d13f68a4c132285e2857d6f,0x207870353c1a39c7b91329569fa704b7cbd56a16,No,2026,True,503,zkproof_0503_hash,HR_SIGN_0503,CONFIDENTIAL,CONFIDENTIAL,9b61e07a05fb06a6a051bbd0c06ce5c8b76084e0f236442d952c9deb78f77029
0xa2c871e989db3c89149c7a61efe86d3d1ed96628,EMP1503,FBSYO OUXAFF,R&D,Lead,89,30,52,41,91,91,22,No,8,67.1,No,3,0x9774d9dc5b0ba12dffc697ccadce85c0b5bb062d,0x14a083972aafb12ff2190f3204e63980d92a64c2,No,2026,True,504,zkproof_0504_hash,HR_SIGN_0504,CONFIDENTIAL,CONFIDENTIAL,cd099ced5c6f11f2b2b742c87d240d8fd4df417c556a82c4fa07bebcb3bb1553
0xfadb1e18007c2a7ab2bd0aa138089cf1b0c27665,EMP1505,BHHKI WBZPSB,Marketing,Lead,98,49,87,69,81,51,12,No,8,67.1,No,4,0x0093f238ad7b357c0d1ef677e10cb5bc79100201,0xa186b05f97a358d5bad39c46af7955178242fda3,No,2026,True,506,zkproof_0506_hash,HR_SIGN_0506,CONFIDENTIAL,CONFIDENTIAL,fbbabb9db67573fc08dcb48f891c04e5ab1502efca79db224b5071b72811a663
0xe0cdcce2a481cc09006b7e88c5cb1724247bcbc6,EMP1507,SFQLP AZXKEL,Marketing,Engineer,67,38,97,50,99,86,10,No,6,85.0,Yes,0,0xf25ab52e19f57441fe22b3f8bf53c14fafe9a357,0x3dcf67d83206bc47477dc1c16888b7a26ed88187,Yes,2026,True,508,zkproof_0508_hash,HR_SIGN_0508,CONFIDENTIAL,CONFIDENTIAL,b44fa7d016de720bc0138f58b74f7522ff136c0d1d5ef9cdcb75fd33fe780cdf
0xd2cba9acc824fdf8bc5d4d14b4917c52113d7f56,EMP1509,XKLTJ LSKVPT,Marketing,Intern,78,36,98,49,97,49,8,No,0,73.3,Yes,4,0xe6f09beb78eb241f6d448302219338de85f63e3d,0xda8101824c77e7fbca9dfaaa078c8dbfc29436cc,No,2026,True,510,zkproof_0510_hash,HR_SIGN_0510,CONFIDENTIAL,CONFIDENTIAL,f81d7e049822a452df02c85e740b9dc5c67e806f90c83c32ce5f62af7ae73d93
0x30b32d4d440e856586293f648edf9742b5875072,EMP1510,OJHHL SYZWWX,Engineering,Analyst,62,35,92,80,69,76,11,Yes,6,74.0,Yes,0,0xf12f64673912fa6be4f7080c635310071b83b7df,0x8520b0463c9db8b52203d1662166f0898467ec48,No,2026,True,511,zkproof_0511_hash,HR_SIGN_0511,CONFIDENTIAL,CONFIDENTIAL,dbc86f666c50dd2c6b9728fe0fd31c185c4eac1183287f6dbdfa0e398b1740c1
0x982bd90be132898ea64add3a1ac692ff86fbc237,EMP1511,UMHTK TCWXPD,Finance,Manager,91,41,75,76,72,41,3,No,6,57.3,No,4,0x62a70a32ec53621578d8194fcffd9699bafc5a37,0x87d56664ec986dba3550844c729e5e6c2c692487,No,2026,True,512,zkproof_0512_hash,HR_SIGN_0512,CONFIDENTIAL,CONFIDENTIAL,5ee5d30b72465525848fbd5acd6f8b21f1d6c7a939d9f7ed65597b8083e24ca4
0x39274d51272ab8c6d1e4ba63be5d554042305bc3,EMP1512,LNPLQ LSVSXB,Engineering,Manager,64,56,63,60,55,79,8,No,5,60.4,No,3,0x92ccceffcfc2740a835547ff3c5fa58404b4bba4,0x9d1f2fc9bd2fe6345b642aec3c865cbf395fdd4f,No,2026,True,513,zkproof_0513_hash,HR_SIGN_0513,CONFIDENTIAL,CONFIDENTIAL,92a6ab50029b4ab36df1f280023bb4460c747c6dc40f19f67e9862d6139be41d
0x2719700f5fc15c0ecf1220e83744f24a5c9ee2c5,EMP1514,WUKJU QOOBTS,Operations,Manager,79,56,76,68,65,60,4,No,4,61.8,No,4,0xf574cde64acf15e714e0a79c4ede3396bd020753,0xd1a094ca21c50503066c202044b25e03a1d07f48,No,2026,True,515,zkproof_0515_hash,HR_SIGN_0515,CONFIDENTIAL,CONFIDENTIAL,3722ee6c726b5443949827fb29d933e04ceed74d11e2a10c4d2f44071347726e
0x25a28343e49d65ca7753508293fb03b1634294bd,EMP1515,ERTWT SOWKIF,HR,Lead,91,53,65,56,68,77,8,No,5,63.2,No,0,0x0e0c76bd845fb403d008e5e78e332d277ddf76e2,0x55d0b2978c877bd181cde3c8002fc0b90132a76d,No,2026,True,516,zkproof_0516_hash,HR_SIGN_0516,CONFIDENTIAL,CONFIDENTIAL,223be21c7f515a87bcfd0178c35a8e512addcdc72a58d3d5d9ef9fcf074c7667
0x14b676e3e169e8cc50588db4e23d8f70076fee5f,EMP1517,OBGNL ZFBYPA,Marketing,Analyst,62,46,59,74,82,41,19,Yes,0,52.3,No,1,0x29337ee7caa2f91e139b57fd4b794706686f3fc3,0x10836611022c6ebf5a010f39a6b251b834f398e8,No,2026,True,518,zkproof_0518_hash,HR_SIGN_0518,CONFIDENTIAL,CONFIDENTIAL,aa8c077869f3e0044dcf872c72df6d287fa5a5e18b239cd584c26d7e9c64a148
0x6d9b19136352f36a6861957d3a69995b1a0fd174,EMP1518,GBCFR ZCVWXH,IT,Engineer,65,54,64,76,57,76,13,Yes,8,60.6,No,3,0xedf0acafcab825659f69fb0ec138db12f890795f,0xd7be25bf152639526c9dd750f3ea658a183b5c01,No,2026,True,519,zkproof_0519_hash,HR_SIGN_0519,CONFIDENTIAL,CONFIDENTIAL,ec79346fd969733418d4ee0bdbcc9e77fc9a3bd217d57c1160ef7785a00fe883
0xbb49238e5bb170aac4f58e0de3d3259ec3178566,EMP1519,MGCFH VAIVRR,Finance,Developer,70,33,68,48,52,87,14,Yes,2,63.9,No,0,0xfc03bf3a558e800fd63ba96a9ce2a3bf6323a56a,0xd083807747ff5739b1829a8dbe0a6eb88dfcae4d,No,2026,True,520,zkproof_0520_hash,HR_SIGN_0520,CONFIDENTIAL,CONFIDENTIAL,41ea0aba5445d05dfb03a521cdc20babb0b16d8f7000f128112b97860ecd1df4
0x8445ac140a33899238584c3edcc0b02fdd8c213f,EMP1520,XZGPW HRZUYF,R&D,Intern,83,49,90,65,93,98,19,No,1,84.1,Yes,2,0x2c6d2f48ff6fbf8d304060227309789a13d91416,0xb5cf13437a082841127a568fcd42be7dc66436a4,Yes,2026,True,521,zkproof_0521_hash,HR_SIGN_0521,CONFIDENTIAL,CONFIDENTIAL,2632eee2f8a79493dbef05477830075872386b80f3083865a0e2d87ec7375969
0x432a70cd825caa84e5499b346b8d08998d2bbcfb,EMP1521,GMCAF MBHVLG,IT,Coordinator,83,49,62,55,64,83,11,No,1,62.6,No,0,0x874ad1b15c7bdca8729659869a0f55ef96276194,0xdf60519a88e6ee2bec50fde5daa12468557465b7,No,2026,True,522,zkproof_0522_hash,HR_SIGN_0522,CONFIDENTIAL,CONFIDENTIAL,980b8214a5f5393f6f4802efde54b3ff4e1b33c295ca684c912f2b1a4ed4a9ea
0xf3a701f0bab3ccf94b5e5c021565448c24e0388f,EMP1523,KGDID GBFHBP,R&D,Analyst,96,31,86,46,84,47,7,No,4,65.7,No,3,0xeb6124b9e3e78f5f2c5102a7e78ba089505e4be4,0xc4c4b562f8d2bd58440f3c45c05a8c1b36681bc5,No,2026,True,524,zkproof_0524_hash,HR_SIGN_0524,CONFIDENTIAL,CONFIDENTIAL,12013948fe83d7214cf1ea7a6652200027aa18891e10b0dbf9f8ceafdf85b803
0x0a26940b756843ea33ae2bf8cdd4535d03e9c94e,EMP1524,MZKCI PBNIUA,Finance,Coordinator,81,33,78,44,94,70,11,No,3,71.3,Yes,1,0x7621c772498da859a1c8a486cd1ad143c6fc5354,0xdb4fc3db6f0da75e1978afe144841ae6b39c6b45,No,2026,True,525,zkproof_0525_hash,HR_SIGN_0525,CONFIDENTIAL,CONFIDENTIAL,c3e847c4d90f89be201efcfd123f911528f3070fc7fa6795bd0b59cb7f7b5493
0xf7b2f4893a7d707d92029587a02a1b079df019b0,EMP1525,IITOJ TNWPUP,R&D,Developer,78,41,94,95,66,43,22,Yes,8,64.5,No,0,0x8279cb049356391c21bc94005d9d18001ffba8e3,0x5200bdd864e0697cefc16720a5ef9e04b212cc3b,No,2026,True,526,zkproof_0526_hash,HR_SIGN_0526,CONFIDENTIAL,CONFIDENTIAL,c7f64ca60aa3f880c6b1fdedf6223f3d0d8fcec47e3d7266dc12ad8c6d291ea5
0xec2545492fcf1d68b9863497212e881185d3f00b,EMP1526,SJQPX BPWDLZ,Marketing,Lead,67,34,79,88,65,62,15,Yes,1,63.3,No,4,0xd3a7ff37210b9921af3c9ec082246b50b3d85a6c,0x7898afe8db2cb69a04ed40e50f8ebc29264647f1,No,2026,True,527,zkproof_0527_hash,HR_SIGN_0527,CONFIDENTIAL,CONFIDENTIAL,596f8d71d0ba65d696914fa2349a78dec6286421f28967d70cd18ba609ee2e54
0xfcfddefa12534e1629d91227c33aa2eddaef2e29,EMP1529,FGNKO JNFSON,HR,Coordinator,69,30,56,91,95,43,0,No,5,54.8,No,3,0x45cebb2a00009ffcc2e4d80f60f7ab59bc625497,0x1ab38f76d8bee4f145bed1ee8605916cf9259392,No,2026,True,530,zkproof_0530_hash,HR_SIGN_0530,CONFIDENTIAL,CONFIDENTIAL,215c5b35bc10240314beb05e63fc91f9b834223fddff2958314802d669cc6709
0xf124a15020dfddd41c6831605945fd0ce9b23f21,EMP1532,DYDOE DUORUC,IT,Coordinator,92,48,72,58,72,49,10,Yes,0,57.9,No,2,0x0d3bbe97c6daa8216ac5454746cb73447a331c47,0xd892566f06488967c1222044aa8173608141ace9,No,2026,True,533,zkproof_0533_hash,HR_SIGN_0533,CONFIDENTIAL,CONFIDENTIAL,047e46c84ae653a0b05e91a5389082fa1a1cab4772c2c98cb63a0c21d3fafd69
0xe6731a85ccd20f9fec197e1ae09db8baf9a3172b,EMP1535,NKYPE OMDQJV,Finance,Developer,84,36,61,55,94,82,5,Yes,3,68.1,No,3,0xbcb5e297c5f67e8c626991d8fecf3dec38938c4b,0x0821e2750bdd34b271a25a6ce35df5a114ddc171,No,2026,True,536,zkproof_0536_hash,HR_SIGN_0536,CONFIDENTIAL,CONFIDENTIAL,20ef8f9ef2365c55e8daef65678656a398827dbadadbffcc83f43a6cc27f723c
0x27d444a628171225c57706d6ba62aa17966cb04e,EMP1537,BEQMM VABRHN,Engineering,Lead,76,57,62,89,93,59,20,No,9,62.0,No,1,0x6d2e3eaac09c8c62a95e47c337547e070671e258,0x41d06ddbc38a1ea9d26d412b0ad3deecdec40147,No,2026,True,538,zkproof_0538_hash,HR_SIGN_0538,CONFIDENTIAL,CONFIDENTIAL,b1d1e54c4944bacc53e984a10c61fea69a1111e0050caffc07b46b0e4181fe16
0x4aaad0b77f3640ae2c0c0c23f9adf7f9bfc53f28,EMP1538,PBUEC PFUXOC,R&D,Lead,86,47,96,99,62,58,11,No,8,69.0,No,4,0x5edb217a6d606c9c03ac5e48875a5c0d3d233f84,0xc16126158eb735654fa670a644c63d27157ed25d,No,2026,True,539,zkproof_0539_hash,HR_SIGN_0539,CONFIDENTIAL,CONFIDENTIAL,ecee30c5b134070ab01300d0b48f774ff6b9cd08a62ea46dd943e000d9eb5eb8
0x7a8287d9bbe7a15a6efa190e7fa657523a8ced46,EMP1541,UJWYP JDEOOD,HR,Engineer,91,33,65,56,69,81,20,No,8,64.9,No,4,0x75acfb74074beac93a62445d0a0d48595a31ffa2,0x27bc45329204bc0aee7f932201fa572b6bfe23a1,No,2026,True,542,zkproof_0542_hash,HR_SIGN_0542,CONFIDENTIAL,CONFIDENTIAL,af156e7c497390e9e9dae85d7500e8973940c92b6b31b71be3ccd843a38d7fc3
0x423da053cf16e286676e532842ed7dcafe2b02e2,EMP1542,VKQSW TULWHP,Finance,Coordinator,88,57,66,73,56,60,13,No,3,55.9,No,3,0x06b9d0171f85e11eced9c78b8aa0093ef01d4dd8,0xc286ecf5083f31410a7ff1de21c723802371a06c,No,2026,True,543,zkproof_0543_hash,HR_SIGN_0543,CONFIDENTIAL,CONFIDENTIAL,e61c6d8ce545131f546c2a05b1dfc13d6b9747884ec371412b537a3fd38eac0b
0xc992c800caaa7f0598a5b425aea1d4028bc9eb0d,EMP1543,VREFL JXRJMN,Operations,Engineer,73,42,83,74,67,84,15,Yes,2,72.0,Yes,0,0x125116d4c04c5b47bf121ad0ade414f44c9641fd,0x56652c47778a73da5aa5b9f8a6666174aeb15eca,No,2026,True,544,zkproof_0544_hash,HR_SIGN_0544,CONFIDENTIAL,CONFIDENTIAL,c9bd4d0819580dca4ada4363ffce31ed44a171bf7e23221a1f9c550f60eeb7e9
0xed4e7b6332d0a15524fb7aa00aaa2e8da31e842b,EMP1546,GJXBX AHKMZI,HR,Intern,61,52,79,68,86,48,3,No,3,63.5,No,0,0x32ec2e7bc86f9df1a45fe2f2ed85d24380a2709e,0x434343461b442d004d288d4964237398b7b24737,No,2026,True,547,zkproof_0547_hash,HR_SIGN_0547,CONFIDENTIAL,CONFIDENTIAL,3d37f4f708ea8230380e418c0f0e53755a2e02b4fa6ea88701a2735b668d5677
0xf4b4a9e0faa5288f6d60d8963b6f383b9ee43b24,EMP1548,BEEGN MCRCWE,Finance,Manager,98,37,81,43,67,53,8,No,8,62.5,No,2,0x57df90308ec7769acd7091a4ab8b2b743cfeb8fc,0x4e30c5f48b958175663aa0a43109fd8e3b01d54d,No,2026,True,549,zkproof_0549_hash,HR_SIGN_0549,CONFIDENTIAL,CONFIDENTIAL,4a944ed38cc5b518d649c8739e053289df8586cae51a93c9c20a6fc494d32564
0xcb2eef1e93d586f8a1ce9fa4a28d6964db61a915,EMP1549,YYPVQ HUEPZR,Finance,Developer,84,39,49,58,69,81,21,Yes,9,58.6,No,3,0xb65eb7991f016854893ba86e01b10f814a93d643,0x9b624d45fcc9cd2f65074767354b39d6ab2bbe68,No,2026,True,550,zkproof_0550_hash,HR_SIGN_0550,CONFIDENTIAL,CONFIDENTIAL,1a76296042dfccdc0c6cff4f95f1e250ae4c1ecaadd87e105a4c6eb0b1e525c1
0xf93648c4097d15264494fa8e72802bd27ed0cefb,EMP1555,ZGKXM PJHTQE,HR,Manager,70,49,52,67,87,41,10,Yes,3,50.8,No,3,0x31d4fec20939a490d44e86af5032428e361f439a,0x2d020dc12bfd27f52e70ecc80153eb07e0d18f00,No,2026,True,556,zkproof_0556_hash,HR_SIGN_0556,CONFIDENTIAL,CONFIDENTIAL,0cb4c116ed806aa6096ee15ef05fa373c5dd2c54f13919f373384ebbcbc887e3
0x699323fc6aa442a3421726152512a8942847b63f,EMP1558,MWCMM EGZLSH,Finance,Lead,82,37,95,84,55,90,10,Yes,3,76.3,Yes,1,0xf7ee1e1719cb8499904d998003fbec4f0d7649f0,0xac29d3006c836987c905adae493c8ea9f501bde2,Yes,2026,True,559,zkproof_0559_hash,HR_SIGN_0559,CONFIDENTIAL,CONFIDENTIAL,4cd266134ead905ed7a168788052e5d4c94c3d00448c28cb2dfbafeb8399da85
0xe5be0c085bbbe9dd8ce66b87da56fcebf5ea899e,EMP1559,HBAZJ WXQRTB,IT,Engineer,86,45,69,54,76,92,19,No,5,70.9,Yes,0,0xec3a26627d61bfe861220b656b3d654bdf97413d,0xf67d5e505b39bb7c81230a5c1605ad9fa90b1004,No,2026,True,560,zkproof_0560_hash,HR_SIGN_0560,CONFIDENTIAL,CONFIDENTIAL,bcc4e1f584f8eca4b1e6ea5585a3a24447b3a21d93a6e8e737d273a8fc1468e1
0x482269b627f0cc1da75be29aac202c60887feb89,EMP1560,RRBAY IOIIYE,Finance,Manager,91,49,66,46,70,61,18,No,6,59.3,No,0,0xc1c78747a2dc2eb401d81436a93442678e9b4a8a,0xd37b30555f9d72c6a032b29c214cff6569306668,No,2026,True,561,zkproof_0561_hash,HR_SIGN_0561,CONFIDENTIAL,CONFIDENTIAL,bda7fd3ee6f6da2bc13c3ced584b143065978e02a06bfe60b6cc0750a6d786ac
0x25cb2808ca5242fb4563e7a0ecd85346a4c8be60,EMP1561,BWGML JWYPMA,IT,Developer,61,43,58,84,80,70,3,Yes,7,60.9,No,4,0x8c25736d409950e403a9022a9c5f3030f64c85f7,0xea2a87717d60a050221f3f6f5643fbda41ef5617,No,2026,True,562,zkproof_0562_hash,HR_SIGN_0562,CONFIDENTIAL,CONFIDENTIAL,d13de249c3bfdae6ee61d8d050ccba6290cfedbe4d4afcb30406e66e2c01f381
0xae01e614d318d64f51eb223fceed33cabd9f8372,EMP1562,UDIXH OGEMIL,Operations,Developer,78,35,50,83,68,83,8,Yes,0,58.5,No,0,0x0d2ea51bc16e4abba898eeb431a1d59891a9d8c8,0xdf41f91c88049b4fe98402d5af0a066f9ffef463,No,2026,True,563,zkproof_0563_hash,HR_SIGN_0563,CONFIDENTIAL,CONFIDENTIAL,01b8db9b8775927579b2cad0b87be1dfce10e1a48204368256024cffb693fcda
0xebcb3d195d410023e8af3349fb462baeb84a5d16,EMP1564,WLPAA PEVTRY,IT,Manager,70,40,84,43,70,73,20,Yes,9,70.4,Yes,4,0xe48f43c447eb716234c7888153497748a8e9f8d4,0xecf9cbfc5b631aecd0278d99b281490dff81227d,No,2026,True,565,zkproof_0565_hash,HR_SIGN_0565,CONFIDENTIAL,CONFIDENTIAL,4d2b1cef34c64b050376127e9ccd4e2e357c6fecd1c40a4781c04f03443e8a7b
0x3bc8a594bc573f1e004428564cdebf8fb38ac89a,EMP1565,AMABT DBAMBL,Marketing,Analyst,87,34,61,41,82,89,20,Yes,6,68.1,No,4,0x48a46b5b1b6ec84e0555e0160568488bd8ae1182,0x31f3e8b7e1762a0a265fad0e675f2b267a4ff6fc,No,2026,True,566,zkproof_0566_hash,HR_SIGN_0566,CONFIDENTIAL,CONFIDENTIAL,9015799eec9b2cb092c21abedb164cf7d17748efc7f380354095a56395160b7c
0x39c475a5ef60958c1dca95cda5982004b84a0a32,EMP1567,MMNTF SORMFX,R&D,Lead,60,40,92,72,53,44,15,No,0,60.6,No,3,0x836b61ad608deac1401243fbccf1e4a8f58543aa,0x620f819be82f7a465098eaf500bc7e242f8e7d17,No,2026,True,568,zkproof_0568_hash,HR_SIGN_0568,CONFIDENTIAL,CONFIDENTIAL,7fe0f425de7de68e668b52b850fd47bd17a782a71d453da2ea94643e3f9b9a03
0x59b718e08353edea166cd9cc09ccbfea2bec6fd2,EMP1571,IKQNZ YIBVKZ,HR,Lead,94,59,65,82,91,81,3,No,7,69.2,No,3,0x039db222494f6857d602108b594a60d0402308fd,0xaf140c663df082f399eaa2e1c6f7f3232fa32e2e,No,2026,True,572,zkproof_0572_hash,HR_SIGN_0572,CONFIDENTIAL,CONFIDENTIAL,3433c863e0cef24ec983fd5278479d2df64c47dab68bd6a097f76ed72a389a96
0x4246284e00ae4a51c3a96ffcc5cf6a8ef7b0aa76,EMP1572,WWFCF UPJRLP,IT,Coordinator,84,58,95,69,86,86,22,No,0,81.0,Yes,3,0xd464ac4fa87da85e449fbde64c3105ce475629d8,0xf347c10dfd0c67b62affe25b6589a25c1d85a350,Yes,2026,True,573,zkproof_0573_hash,HR_SIGN_0573,CONFIDENTIAL,CONFIDENTIAL,4562fe034c0d43a22ad28f93c529ab67bcff081d63fd126a85844402a21c21eb
0x9b4ef48d4d0d72a89d70b29230aab4cb15f06c5a,EMP1574,RAPXJ CUACDI,Engineering,Manager,68,44,75,58,59,59,13,No,3,59.8,No,2,0x5e0ad84d68ea1e3ccd0ffce76867c8b4bddf15b7,0x1e003060d2fb6572ce5e9a709d95549e3e6eb30d,No,2026,True,575,zkproof_0575_hash,HR_SIGN_0575,CONFIDENTIAL,CONFIDENTIAL,aed1202e9aea911246301c77a8b0db73f7d71a5495a78219d61bb3c2c73f417a
0x2de9abc0e498a4b31107616ac8308e3d897f0b02,EMP1577,IRGIS XURKZX,IT,Developer,87,58,68,68,65,71,19,No,0,61.5,No,2,0x77a61e97da2b0d2c6d6c9379ad635eb0580c72b4,0x3d8479a3863e92f1920f95b27170c8124f51d75c,No,2026,True,578,zkproof_0578_hash,HR_SIGN_0578,CONFIDENTIAL,CONFIDENTIAL,66d603470ecb10952c279e5e82e0819a782a52a28141d16e91843c7abe08b4e7
0x7d886d7908b1b11e28ec1d5f32dde5c572788024,EMP1579,ZQFGA AEMMXT,Engineering,Coordinator,70,53,65,87,84,72,3,No,0,64.4,No,1,0x05088d9217537336afe5bc6ab2f27d4e52eee118,0x991ca451fb4cf8b635bfe0d4c36ddbf6c9c62d1e,No,2026,True,580,zkproof_0580_hash,HR_SIGN_0580,CONFIDENTIAL,CONFIDENTIAL,6108abfd245ab882aa2d205d11b17c4d5d862c0607ad06f092190f72a0621b3d
0xe4778934df870626e776810914b12a911f6cfea0,EMP1583,HLKMT LCFFZG,Engineering,Coordinator,93,55,52,73,73,94,8,Yes,9,64.5,No,0,0xf355c2cd0203894a979225beb9a62121bc126c77,0x4b65d5b356261065ad94aba9623450c0f7ad81ef,No,2026,True,584,zkproof_0584_hash,HR_SIGN_0584,CONFIDENTIAL,CONFIDENTIAL,30b8453faf411919fcafdd70dffd2730d0d65ade5a5e24753bedd32377fabf22
0xab3042a027903b47f0b714a0eda44f6bf1a7b2cc,EMP1584,QZWBC BSBFLM,Finance,Manager,65,37,76,53,57,71,24,Yes,5,63.6,No,3,0xf02e3c592a8823c51fbe842a19b3a2668e310fcf,0x389ae601d0b5ff4d556cd50827e15a4208cdb680,No,2026,True,585,zkproof_0585_hash,HR_SIGN_0585,CONFIDENTIAL,CONFIDENTIAL,6958f2205180a0046d53d1ea9c8021393ece5581a1e865b94cac1b273c7a233c
0x4c23c08c7f32408803c641003dc82e18de68e60f,EMP1585,ICQZS VTYFXH,Engineering,Manager,68,59,86,81,85,43,5,Yes,1,64.4,No,0,0x80935afc892aa9d34a5c44961041fc9eae1ede79,0x5a5c5aa203c08189ab8b77f9918be01351787da5,No,2026,True,586,zkproof_0586_hash,HR_SIGN_0586,CONFIDENTIAL,CONFIDENTIAL,2607338963e100a5ad5daae9cd2a4ca5961cf57720f42f719adf2000c92903db
0x2f76692b9ddd2c542410d594cfa95a47200a1131,EMP1586,CAZBR SPYRTF,Marketing,Engineer,82,30,73,63,56,98,17,No,8,70.6,Yes,4,0x152f0f6e20f5d633e93b013ed1f6178304260ca0,0x7fad5b92a2e3bd02b8220cfd2c994069a8860690,No,2026,True,587,zkproof_0587_hash,HR_SIGN_0587,CONFIDENTIAL,CONFIDENTIAL,708596aaa189816c7239ca798ae4e94e805d968bcdbcf954cea7d2d3cdbdbf37
0x8304934537829106e8efce3f4b7f46a037497dac,EMP1591,NXDAU AVOWKR,Finance,Coordinator,82,32,66,53,96,94,5,No,3,74.1,Yes,4,0xafd636ddf7be26a8e7bbd19c8ea7ea252126ea77,0x64f8313134c6ba0fd62fd2850c9e01f587e78fb5,No,2026,True,592,zkproof_0592_hash,HR_SIGN_0592,CONFIDENTIAL,CONFIDENTIAL,da92ecedf7e6ae804a384a7c2bdcf409159d4208c947e1f86744d4e0376dd3d0
0x8a296dd13c96d86ba2108826f49dd8ec9d71b74f,EMP1592,DDDAE SIUBNJ,Marketing,Developer,92,47,77,42,88,76,4,No,8,72.0,Yes,0,0x617c71e0950d8d95fda3e3b76eafe70abecc9803,0x15b484a767f21a3b26dac5e88f42aa5b1281facd,No,2026,True,593,zkproof_0593_hash,HR_SIGN_0593,CONFIDENTIAL,CONFIDENTIAL,9cdc4831f491da6eb3a10d392fb066d7c15cc38d00311da243c205a9e61efc89
0x996917894ee8214821446c63f6292279ac42e795,EMP1597,YWQNR ZWEMNG,Finance,Manager,86,38,87,72,54,59,23,No,2,63.5,No,4,0x6905323f651aca93c22173e64f6c59ac01a76d9e,0x339c52f89626deb0475d6709605105427219fc33,No,2026,True,598,zkproof_0598_hash,HR_SIGN_0598,CONFIDENTIAL,CONFIDENTIAL,f21bb2f260363430525c905ab0a704dfa87b8e715e37bd7d399ba247b9717476
0x1db47b87e40a1511f78db015206e794f5020065a,EMP1601,ECXLD IYFPFY,R&D,Lead,86,30,53,40,64,93,0,No,6,62.5,No,0,0xccc8e4bc0c51e7f8003841675f5f69270c17a0f8,0xfb55ec11d01f269cbda45632cdf48036cecc19f3,No,2026,True,602,zkproof_0602_hash,HR_SIGN_0602,CONFIDENTIAL,CONFIDENTIAL,2066c669e969130bdf7f2d899e9c8544e117c355833332737eb2ec4ba1298dfc
0x15dd9aa28b223ae1cd4f47373af28e1683bf8092,EMP1602,LHTGB KAKHIS,HR,Engineer,92,53,99,63,65,68,3,No,6,73.6,Yes,1,0x62727ecf225f5e85b999ba8ba4cd43b2687509dc,0x4649374383b8734a8c89e639e943ae7819c3c8cf,No,2026,True,603,zkproof_0603_hash,HR_SIGN_0603,CONFIDENTIAL,CONFIDENTIAL,81512ca9445d5698906efb598a269591eb8770ab3a77c520fd8cd75cb421038c
0x8ce0433ab3ac05f7c41aedb0ccb2de489db3feda,EMP1605,GXUAP MPKMHM,Finance,Intern,79,31,90,75,59,46,13,No,1,61.7,No,2,0x84a376ad9de9467562888adf300e79ee19d991c4,0x67c78b934abd0629689b0ae9a8daffd34cfbe5c1,No,2026,True,606,zkproof_0606_hash,HR_SIGN_0606,CONFIDENTIAL,CONFIDENTIAL,c5db16066daa752daf7086773c8cc8f31c60e6b943bcf82bfe84dfad8856c038
0xfd8d58485850f612b6eebaa26dcca577780695ac,EMP1608,CYUTP QFSSDS,Finance,Coordinator,85,44,97,83,97,52,9,Yes,8,74.6,Yes,2,0xbbfbe8493b40c3304c626a7447a662b1b84a48e6,0x523e7471292a911b10483a5ec25bac4f4797edc2,No,2026,True,609,zkproof_0609_hash,HR_SIGN_0609,CONFIDENTIAL,CONFIDENTIAL,0d9b3d9aec5e5b335e922e988a097a41ff3d225b0de08e2647752246c9b2cf33
0x0ae073485a4bc3f7ece70f757bcc06b26173ad0b,EMP1610,XVMCG SXEXNV,R&D,Developer,93,34,54,49,65,65,1,Yes,6,54.7,No,4,0x08089ed944588ce616b06857f5bc0e9bb0747d40,0x2d1af1313f871e5a106eae3a3b714526b2948271,No,2026,True,611,zkproof_0611_hash,HR_SIGN_0611,CONFIDENTIAL,CONFIDENTIAL,d7cd514897e8c3db7ef21f8b87d7b231b35c1c6c59443097f6cadee1164415f4
0x273906c2ef1cdf9269ae7d8fcd47acf36baeb0ad,EMP1611,QTQVT JQGGWX,HR,Developer,71,55,51,57,89,93,18,No,4,66.5,No,4,0xbb7cde1c39377fd600b3059ebb2ddb9fcca6485c,0x82e9674d8793f411d7da03d7a045a47bb2775cb7,No,2026,True,612,zkproof_0612_hash,HR_SIGN_0612,CONFIDENTIAL,CONFIDENTIAL,0c391fe25d77a6bfa88a9739c0cb789adc7f8a7fa80cc63650c3595b65f6da5b
0x93a04649ca012c49cfe8837ecff59c51d098d5ee,EMP1614,ZOFDN ZHSTPL,HR,Developer,66,57,94,57,65,84,5,Yes,5,76.3,Yes,0,0xdd4b9e56774f5618ede96c0a89d7a6273dd45ebf,0xb4d37b32ae8e43d426cbcda01220e78dbb74b2ed,Yes,2026,True,615,zkproof_0615_hash,HR_SIGN_0615,CONFIDENTIAL,CONFIDENTIAL,ec54c686bca24d02d977589b6d4e805c845ececdce5bc7ff751dc1c1106fa17b
0xe0e3f695cecacdb039f82f232d8156403cd5ea11,EMP1617,YUDWG CPSMIN,Marketing,Developer,71,41,61,93,80,49,16,No,2,55.3,No,4,0x5a1b9283acbde453e5eba4bd0e4699c14e26e414,0x28dc708d7ea5be5976c1b524ca8c207c062d41a5,No,2026,True,618,zkproof_0618_hash,HR_SIGN_0618,CONFIDENTIAL,CONFIDENTIAL,8036c59786fabf6577c907ef697baa7d449f55d91d77441a610971e27ed3edba
0x41b12f783080bcde4fd3c039786a9ab646d703ac,EMP1618,NNHZT IBVRXA,Operations,Analyst,93,54,65,47,74,82,5,Yes,5,65.9,No,0,0xd4f862d54069e41047eb6ab83bfe7b7fcfb81ba6,0x7828955bca6d8bc9dd359cdda5f2c5da36402a66,No,2026,True,619,zkproof_0619_hash,HR_SIGN_0619,CONFIDENTIAL,CONFIDENTIAL,e5ef67bc635cc9bffe7207956259f3ce8896dc8b71460cf8bae8069ed37f8231
0x1ca785a263c9f69434f98bfe4f277eee515a1d67,EMP1621,PRQAS JUYZAK,R&D,Manager,90,56,86,56,61,79,14,Yes,8,71.1,Yes,0,0xfa94359298cf76c13de4a96d2cce17d7543451a1,0x0e2ebaa634fee7a94cbaf4897af41b78e1f1f4cf,No,2026,True,622,zkproof_0622_hash,HR_SIGN_0622,CONFIDENTIAL,CONFIDENTIAL,f14be8b725218010bfab341a6f6f536b14c05182cec41cb0c88b5bc6a359f385
0x64687f35aae9f8f6f0c012a7ca107db1a5ed5d05,EMP1622,ZOADN VYJBMT,R&D,Analyst,76,57,87,61,84,84,6,Yes,7,77.5,Yes,4,0x159e7652cfabbcb35efb79372311254e805c4c2c,0xa46ae58bfbdc675a1f84b18349a2ad9866d06be6,Yes,2026,True,623,zkproof_0623_hash,HR_SIGN_0623,CONFIDENTIAL,CONFIDENTIAL,bb0dccb0097c5fa6dcbf78994014b549d3bbbb625cfcf83402341ddc45cf40ea
0x867b4b2bbecf536a4eaf63932b7404b1ad1ba9b4,EMP1624,MKMLH XBLYRB,Engineering,Analyst,83,56,80,93,59,59,17,Yes,1,61.6,No,1,0x6d29c770d173c443676e14f63569263b94ac94fc,0x636c654bb4e5f682970b481e39ad79cd2c16c066,No,2026,True,625,zkproof_0625_hash,HR_SIGN_0625,CONFIDENTIAL,CONFIDENTIAL,490458379a51868c4ab50b71b032f1b951c72f240ab004158018ec8e34f894e0
0x526d34ba336e60194465f42404667a00646ce43f,EMP1628,RFVZS FAOLLY,HR,Intern,77,59,76,44,70,98,6,Yes,5,74.3,Yes,4,0xf29945e9016945fcc680d052d9fe2dad92575485,0xb2c53441384af1fc1a0a6d56e82de2fe10d3a600,No,2026,True,629,zkproof_0629_hash,HR_SIGN_0629,CONFIDENTIAL,CONFIDENTIAL,644fca3fcb6792b2b8b31eb43e9d9a2448494aca95c37c89b30239343e649ab3
0xeeb13edc8f56e7c486314502b33a2b94778034ae,EMP1630,LCKHE JBXZSS,R&D,Engineer,69,49,54,97,63,81,16,No,0,58.5,No,0,0xb23fbc590bc1e3c7c752f01274ceb84f30dab5c4,0x6eceb012b6210191bc6cf1287ecd53bf645879e6,No,2026,True,631,zkproof_0631_hash,HR_SIGN_0631,CONFIDENTIAL,CONFIDENTIAL,e465b94a7a08da7d3741280dfbe80b3f9f4dcd1e67af228b836f9e5df7f10622
0x811f3cfeabf6b8a131bdb23155a94b897fbd206e,EMP1631,YHRUM CRJJGZ,Operations,Analyst,85,30,63,50,52,70,9,No,2,56.8,No,0,0x10db0ed2ca542b7e5bc599e9f62e582be9df6862,0x885dce1d6ead989cbbb93749d0e82defce150554,No,2026,True,632,zkproof_0632_hash,HR_SIGN_0632,CONFIDENTIAL,CONFIDENTIAL,725ce6c410ae717730f1a18653fa0be7ccf762d8626589fe719959cd538605f2
0xda5632f35093805ba61bae7431ebee2a434a04c1,EMP1632,LAUTC KGWZSF,Engineering,Lead,73,38,73,62,92,59,16,No,9,66.2,No,0,0x7ba057c2862676f96d170e2a4e17aa43c0e6da85,0xf92b5c6e21e17861557098165102cbd4f7a9f702,No,2026,True,633,zkproof_0633_hash,HR_SIGN_0633,CONFIDENTIAL,CONFIDENTIAL,f472d926e8bbc1fdffa85ee3879817208152e763547ce93458dc2a7157e976f9
0x8b93d4951ec1e4204893fe3c0bff00464512166c,EMP1634,ENGVR CJJIQU,IT,Manager,69,33,88,48,63,79,11,No,8,72.3,Yes,3,0x60684343270649360417b25d6bacbb3730719b01,0x3a74273c39667e72d0a4066432c6833994a27953,No,2026,True,635,zkproof_0635_hash,HR_SIGN_0635,CONFIDENTIAL,CONFIDENTIAL,69469a968b0769ce5c7e206a8f15d55cc28134c0f249c31cf6a73378e8771f22
0x8127ccbf1f47a2f32a9fb1f2796b7b80c2dce49c,EMP1635,HRTJF OZNROT,HR,Manager,94,40,68,65,84,86,23,Yes,2,70.0,No,2,0xdf082a605dddb20581bb5f873a6f57d488a286c9,0xf7f4526dd41a32ed20dc65a6abe857ac8f3c383e,No,2026,True,636,zkproof_0636_hash,HR_SIGN_0636,CONFIDENTIAL,CONFIDENTIAL,41213f81a4f3909f9b7752b28272aea70b99f25336232b2f817c4ddef19ae454
0x78047ea9fbe96a6c8b876908f98a829dd390778c,EMP1637,FHVSN VMRSJN,Engineering,Coordinator,99,39,64,41,57,84,6,No,2,62.4,No,2,0x106a862e81688c1b75edf89a6c6cf8ba401d4635,0x210630f70a08df021c02e106d2dcf37cbf8ebc4b,No,2026,True,638,zkproof_0638_hash,HR_SIGN_0638,CONFIDENTIAL,CONFIDENTIAL,144e45b7a500710347e259f93a04e3f76a8fd7fc4f41d4691b838a8ac1508b44
0xb084b13306f5a3e769d7a57da6bb980f94873386,EMP1642,YXVRT NFCLQX,Finance,Intern,84,41,94,75,92,75,4,No,2,78.7,Yes,3,0xbcab93c6f1bc7992a5ae3ef5b3ef602a8dba2aa7,0x09b50a6f25be274a770c050c2514a046682858df,Yes,2026,True,643,zkproof_0643_hash,HR_SIGN_0643,CONFIDENTIAL,CONFIDENTIAL,5f31819a4916284a8eaab51f737f26c39c727a2f9a9768d226edbc8903325ae8
0x1da51eacb30dcb2cbc4a4f8696fd4a578ed73c11,EMP1643,EWBKW RZHFGS,Operations,Lead,73,32,98,60,83,44,12,No,4,69.4,No,1,0xda5ecdcf060429e9c47c70a46e92bf378da8d7e5,0x25ad2fd2de36c0313d0ae1c1ee452156b143d6aa,No,2026,True,644,zkproof_0644_hash,HR_SIGN_0644,CONFIDENTIAL,CONFIDENTIAL,a78771ce7df787c5e976ebfe0748cc3e70d3c0a63e5241620bb2bc237d397292
0x6f2d384554de31cfc437dda31f85a3deb7059f8f,EMP1645,YNROH RCOCGN,HR,Analyst,64,38,69,71,80,92,3,Yes,9,72.1,Yes,4,0x98ffd439dbb12c887316174558e6512c0144154e,0x7045a8ac9e8f054dd336e4508b6a4de8b94abff5,No,2026,True,646,zkproof_0646_hash,HR_SIGN_0646,CONFIDENTIAL,CONFIDENTIAL,6df465b5a0ce12803baa8395f2f17657de121623dc49091f0d95aff6c9a52a95
0x69d0a2a6a962b216075c1b1b787d6830297b1f5c,EMP1646,MEOHU CEOMVR,Finance,Analyst,93,32,57,50,66,41,13,No,8,49.1,No,1,0xb7f741a780371f9c0e29d4db97413bbc313409be,0x7fc8ca5d43a0542bbd83271a6d6ae7c4d9687145,No,2026,True,647,zkproof_0647_hash,HR_SIGN_0647,CONFIDENTIAL,CONFIDENTIAL,feb016fd6a786b0efa2339895fb66a6c79e7f3f8e39cc75f91d6bedac1f98888
0x37db32b80f32280e643dcde432d88110a3a6f7bb,EMP1648,VLUZW LFFPLA,Marketing,Manager,97,43,79,90,56,93,3,No,0,70.7,Yes,3,0x62fd33cee9f279641ee0cddb69b6cded9e980f8b,0x8f309dcb6e8fbbe140df55a4bc8ebf7d8e05605a,No,2026,True,649,zkproof_0649_hash,HR_SIGN_0649,CONFIDENTIAL,CONFIDENTIAL,9099dbae2fb91215294dc946eae4dafa7d0c7ae324a60217fc44bf7f5a6ab945
0x3f0d2086031d3628ab040ee47699b8afe4798e79,EMP1649,SJEZZ TMRPNQ,Finance,Analyst,84,41,58,85,82,58,20,No,0,57.0,No,4,0x55fa4a12aa496ac5f7cbf18b08129dc4bf87d755,0x8d8e9e2e8366c6c8a68af51fade1e7e48225a785,No,2026,True,650,zkproof_0650_hash,HR_SIGN_0650,CONFIDENTIAL,CONFIDENTIAL,dcc9dbb17d93a4c3f7fe026682829760c6646ef8fe5f5d5eef67fc1b81e59b6d
0x55a62784d585f47405b12bbbacc756e5325e7b23,EMP1650,LXIHC BQRJEQ,Engineering,Manager,95,55,61,43,78,58,18,Yes,8,58.2,No,3,0x7709e7082c3951e5995e5fb2f9db797b5fc4e3b3,0x312fef222b74591fbaf5f8f0fafe5215b436b69b,No,2026,True,651,zkproof_0651_hash,HR_SIGN_0651,CONFIDENTIAL,CONFIDENTIAL,247590cec54c9b11b46f7b306f82bc574ef36f87f3cf4a87ae58433d4666beb2
0x9eb363cc3a1436b961dca8216df6aeadf0aca23b,EMP1651,SKEIV AJFQEM,Finance,Analyst,72,53,70,54,77,64,4,Yes,0,62.6,No,0,0x783b3c97bd5ed5d130c1ebea409cd6be22d42900,0xfaf4fe488b1b2184c8527c169bd96f7935a4a71a,No,2026,True,652,zkproof_0652_hash,HR_SIGN_0652,CONFIDENTIAL,CONFIDENTIAL,9d97124b7e1e1bfc79fcc3b757c674e68e8e4181470c9b5297fcf5bad7fc7b45
0x4da17e9dd04c8de4ed918c099e5d6d6c0eaad2f3,EMP1656,DMLYV UFSBDQ,Operations,Manager,69,52,65,75,75,98,14,No,2,70.6,Yes,1,0xf687a624b23279e379e6ea1da2a7d3e74be0cd6b,0x9e1f8730ae686d841acda57ccd5f42139be997a1,No,2026,True,657,zkproof_0657_hash,HR_SIGN_0657,CONFIDENTIAL,CONFIDENTIAL,ea6faeeb46f618472cf8a9d281c94cb63486913f0bb1962fd706b6f9cf8ca587
0x10d23335c14c1bb271ba73c1ae1bbcce80c4a6e2,EMP1658,DUVAW HGCQQJ,R&D,Analyst,92,40,69,43,60,61,10,Yes,4,58.3,No,2,0x6172ba856dd36931131ec5e7ae948248e4575e74,0x70cfa7956c090952b3bc1231c363b95e01dad6c1,No,2026,True,659,zkproof_0659_hash,HR_SIGN_0659,CONFIDENTIAL,CONFIDENTIAL,cb25f3eda17084444726fc4565659399cf9836cccca5adbc9f6c4abea177c3f8
0x8af99723f3bae71a31d709404ee62580e3346fbb,EMP1659,FWKWP HBSCCH,Marketing,Intern,83,47,79,46,64,64,17,Yes,2,63.8,No,1,0xa9e3fe7c3403cfc0a10b8d54e8eef3f48300d2c4,0x20bef69013586179ba3fd8b148aebdc838ac81d4,No,2026,True,660,zkproof_0660_hash,HR_SIGN_0660,CONFIDENTIAL,CONFIDENTIAL,39deb89c89cd01c512c4045a7593ccd4925cb51c92f1b30a29ba621532713e2a
0x2727d545054144d25e361f457597196601cb0b06,EMP1660,VRVUJ SKPAVP,Finance,Lead,80,52,69,64,67,95,17,No,2,69.7,No,3,0x88ee48b397ab6cb503e050a2268292a7cf5189ae,0x9269cd69fb3b024137b98437371daff14d783e6a,No,2026,True,661,zkproof_0661_hash,HR_SIGN_0661,CONFIDENTIAL,CONFIDENTIAL,a81620184f95e08110e7380d7e78b8632fcbb7d18872d290651867b03459bf80
0x5cb2dd93d95d4980b2b85d1c174a8ecfcb27233a,EMP1661,NZMFJ OWWLCG,Operations,Lead,69,49,89,58,61,47,2,No,4,62.3,No,2,0x4d82086d7373c262ca02ec6b58682cd69c774490,0xf177bec7cf1b23a3401aefa9090473d7d4527d31,No,2026,True,662,zkproof_0662_hash,HR_SIGN_0662,CONFIDENTIAL,CONFIDENTIAL,f76ee4062da730dff96aaca2652186245cb525f3026ab344bc0a0c2a6b135413
0xb4f6d8d69eb9ca03c10391740abc16932cfdaa2c,EMP1662,UFZGI CPARPG,R&D,Intern,71,47,86,98,90,69,23,Yes,4,73.5,Yes,0,0xe716bd31e57ded6287de31374399e40cb7d24865,0x4be09561bcf7ac4d270b0a8dd194e6c497c38583,No,2026,True,663,zkproof_0663_hash,HR_SIGN_0663,CONFIDENTIAL,CONFIDENTIAL,da8a3039a21a3307889dacf7c2f1ca43b653cf598ffd817bf011a0d1860d2b22
0xe24d06435b946607b588c900798d38bcd9147dbf,EMP1664,YUEXV PNQFJC,IT,Analyst,76,37,70,60,85,55,16,No,6,62.1,No,2,0x72ed0021d5262a2721c0bf2f5d61d02ef934c568,0x4a22593ebd2c2433ad1605845db3fe924ca36ddc,No,2026,True,665,zkproof_0665_hash,HR_SIGN_0665,CONFIDENTIAL,CONFIDENTIAL,9017e25005cff18d93c8341edd09157e448b9468531c09aa737ffb414218e337
0x25b27e6dd285c0535d9e0505c576bbb6b31ae6b1,EMP1665,OKKGG EFAOIF,IT,Intern,99,54,81,43,89,60,2,No,1,68.3,No,4,0x464fdb5df0199c989e9e21eccd91e2782d08b209,0x52840288aff164e6b22d8477d04034c24a45ef77,No,2026,True,666,zkproof_0666_hash,HR_SIGN_0666,CONFIDENTIAL,CONFIDENTIAL,42a8e5effde86715989eea03d5c8172be1a1f280b134a2d408a4a295ecdb3840
0x3063b541a14288c5bce185c5059efac7139b4cf9,EMP1667,DUKUS VXULMY,Engineering,Lead,91,31,61,93,81,86,22,Yes,5,66.9,No,1,0x0211449121415dba079781483ea133eee7ad5704,0xfe9f6e9f9a8c928fe49c6ea276cbf4d0723f326a,No,2026,True,668,zkproof_0668_hash,HR_SIGN_0668,CONFIDENTIAL,CONFIDENTIAL,dd583b087e908f838a3ee7c9d1efd324bf3a9a770753db643ef914b9b06ff98b
0xdbbc8f4a632b07a6388f45956a28d218dd109090,EMP1671,QRXXL TIIFGU,Operations,Developer,83,46,70,64,53,41,21,Yes,2,51.1,No,2,0x0365e5c451a24a480e111c00c390fad3ea714bc1,0x720ca2d1fd37ee0323672a3f9f6b11e93b00dd13,No,2026,True,672,zkproof_0672_hash,HR_SIGN_0672,CONFIDENTIAL,CONFIDENTIAL,07039968fb1d98719df8761dd03bc0a2f7e2c01be72539ad87c62b5fea596a5d
0x5f4dcdbecb37ac71ade53dd3f154a95e5bd12c90,EMP1673,LKTEC HAKHMH,HR,Engineer,96,39,54,65,76,86,2,Yes,2,62.8,No,1,0xa5e5b6c67b7bd7bd956d0d87f2dba6553e4ea505,0x614381bd38dcfcfc5605c09a272069dfcc173c6d,No,2026,True,674,zkproof_0674_hash,HR_SIGN_0674,CONFIDENTIAL,CONFIDENTIAL,6deec11d4407dbfb78a1719198a5c5e0b6b1527c960686ff8fddd9073dfc8c6a
0xbd52d83c2fa7e38eadb476f567ade06d0bf6605e,EMP1676,MANVE RBONAY,Marketing,Manager,95,52,93,98,68,70,19,Yes,2,72.0,Yes,4,0x7eea4792620ad8c96a3a4734dc3042835a6813c7,0xe2a6bd8c1422c47fe74e848587f97a378ce89713,No,2026,True,677,zkproof_0677_hash,HR_SIGN_0677,CONFIDENTIAL,CONFIDENTIAL,143a5df53824ef9beffffecdd028c09cf830ebb6035720e6ae8809d16e4c9ca8
0x79c1817771d93acf06728d30a4d59583934d39b0,EMP1677,AVBVU RQTWIB,Operations,Intern,60,43,98,46,74,46,3,No,5,68.3,No,4,0x1beefdd018c36797bd078e5ca8246fa597f73665,0x7358c0673e2f846f433ec9ba264a531e7108a229,No,2026,True,678,zkproof_0678_hash,HR_SIGN_0678,CONFIDENTIAL,CONFIDENTIAL,7e4ab0bdeedaa38f9dfbee13f89bc9bbb982257653314fac48ec740e6d28f6aa
0x6f3a6c104f4a7b0260b439d99482e911ce319537,EMP1679,QKOMQ KUBNIK,Marketing,Analyst,80,53,69,44,52,55,10,No,3,54.8,No,4,0x721601055a88ec135ba226ae961d4b2eeab17681,0x461c77b2ac04184349701ec522e100f0d73c4609,No,2026,True,680,zkproof_0680_hash,HR_SIGN_0680,CONFIDENTIAL,CONFIDENTIAL,513928bd1350980f870f0f32871a21ab935ebbcea50ef423537833f332b374c1
0x0bd58a94f477d28180763921693cae11e83e533f,EMP1680,ECBFK XRUWKD,Operations,Developer,82,46,67,59,93,86,22,No,8,72.0,Yes,4,0x515520391ca3c78bc665dc044fdebe9a7015d77b,0x402651b5726cc04179ec397347381fab56f08b5b,No,2026,True,681,zkproof_0681_hash,HR_SIGN_0681,CONFIDENTIAL,CONFIDENTIAL,2b70ea53745106cc37389f9257e96fc156960cf5a9aaa0f065941e304df5ab68
0x5cf361e2d948c3978f694e620cd67f1cf6e400d9,EMP1682,CEDXI BTVEFY,Marketing,Engineer,82,48,68,48,70,50,20,No,0,56.2,No,2,0x6fbdce49248a6eadd3973c65ee41fc23cf603047,0x924cc029001f640c2a78c645e294cc5f2836baf4,No,2026,True,683,zkproof_0683_hash,HR_SIGN_0683,CONFIDENTIAL,CONFIDENTIAL,95cd0f629eac096d01c89d10f8bdbcbd03d8b0aa66657f5baf5108fea6dde9b0
0x9df0fb84f8ef9d89ed2204538982390a8ec12ce2,EMP1684,CIDAO LJZUTG,Marketing,Intern,90,41,88,68,80,65,8,Yes,5,71.2,Yes,4,0xf0950c357dc05b7153802ffa7bd971671e385b8d,0xb1d5673910204d982a6811b8c9575dbf39b49caf,No,2026,True,685,zkproof_0685_hash,HR_SIGN_0685,CONFIDENTIAL,CONFIDENTIAL,00ecafff2c4aeafbf6abece47a9638d242a809488170511c57f660e76238bc03
0x72fd643a53bbd839b7c433f806337b48b2245ec5,EMP1686,QTDTI UDDZNI,Engineering,Developer,75,36,86,61,83,70,7,No,1,72.1,Yes,2,0x1be5522eaeaecf1044e2d9c0761f54be147b7370,0xc4551bc11582f8a570ecb4e324aed34f2e7f739f,No,2026,True,687,zkproof_0687_hash,HR_SIGN_0687,CONFIDENTIAL,CONFIDENTIAL,9328701658f12e540926ddcddf2a6098a83e20bed4fc471c78064b34bc6a1686
0x41142ecbefb60b5640d9755b57e879df45730279,EMP1690,YVHIK AJGLOV,Finance,Developer,85,48,86,90,78,84,15,No,8,76.0,Yes,4,0x1b55d3a5e57adb7e7e475d43ce653736e3c776f6,0x6253175d9cf7d8e7cbc0ba28de0490daf08e91f6,Yes,2026,True,691,zkproof_0691_hash,HR_SIGN_0691,CONFIDENTIAL,CONFIDENTIAL,b15666ed525e599b227e5258acc9d383532734f88e6ddcf89106f06fa950cc17
0x16ccd9ec2133b501071aa4bc7709fc98d08c9677,EMP1691,KMMCS YTGKIL,IT,Intern,77,48,99,86,96,60,4,No,8,77.6,Yes,0,0x9349529a6397aa20837308869d53c5ac9bc95918,0xfd4921db6974f4a8467376f4ed9e1eb5b4bac53f,Yes,2026,True,692,zkproof_0692_hash,HR_SIGN_0692,CONFIDENTIAL,CONFIDENTIAL,ffde177e10be8497b63839137e6f93c03e1c4d84183f7a410ab1e33abbfb39cc
0x120548886b92a80328be482f0fe7a5f835f68238,EMP1692,SPVLX IKAJCI,Operations,Coordinator,74,55,88,80,76,65,9,Yes,3,70.2,Yes,3,0xb7fb09eb74a3720b2a1e42ba3d9871dfe37acc2f,0x813959df51753ba5662493766373f8d2500d48cd,No,2026,True,693,zkproof_0693_hash,HR_SIGN_0693,CONFIDENTIAL,CONFIDENTIAL,fa666a1c6d3e314bc2ca142e479727cfc183e99688045d284a4a6ff1536147b0
0xeca0d0b3392b4cfb1a8d96e10935c8bf38e439b5,EMP1694,HDKIP ZUKMID,HR,Lead,81,47,95,41,74,57,2,Yes,1,70.0,No,4,0x8dea5db1da6272e9c1ea8e74bf3630f7c9137369,0x9a18d1d87d827516658ac628274382ac0ee93c40,No,2026,True,695,zkproof_0695_hash,HR_SIGN_0695,CONFIDENTIAL,CONFIDENTIAL,0e06feea905bb2027074314aa5d511e60deb8d2de86e76d53f95ed533e544fee
0x96d90e9327f19c7ed8570a86d66c31f9baf794c7,EMP1696,HWMZM MAORIK,Engineering,Developer,69,37,71,78,63,73,22,No,1,63.0,No,2,0xf440410f4f119effb00c056c10130db6bf02a058,0xf6f485738b5bbadf2dc96e92b13c7385f573991e,No,2026,True,697,zkproof_0697_hash,HR_SIGN_0697,CONFIDENTIAL,CONFIDENTIAL,e4d554b446b87d8033fa16026a3eaa6fb15c9013796590df1c760ac65810e7c7
0x7e6be5425f5821693a5e01cecca6e3c9f38ff1b4,EMP1703,YXYUT IQTXJQ,Marketing,Engineer,62,40,77,64,54,43,11,Yes,8,55.3,No,4,0x4eb28fb589c0871fbdb6cc7e937e700d14308776,0x07af98f4f78d70cddb836922d060434c1686c76f,No,2026,True,704,zkproof_0704_hash,HR_SIGN_0704,CONFIDENTIAL,CONFIDENTIAL,b9fb2bf97bcae29ec4fdd85b98ffb13377674cf12f38724f32d19adcfea204dd
0xe928a59a866283580d82028aff8926f253685137,EMP1708,CHFFP XEAOGB,Marketing,Lead,97,46,81,82,68,85,6,Yes,4,71.9,Yes,4,0x94af8b52e603b0f2ee0b1d435a0fa1fcb58ce4c7,0x0db0a40622fcbd96e79fee692e3ba4172a4e6ad0,No,2026,True,709,zkproof_0709_hash,HR_SIGN_0709,CONFIDENTIAL,CONFIDENTIAL,2072f2132958a98c71890122378696ced4bfe60d94472b82068e4b6f2fa22fe4
0xc08bdcc19c6e098ddcc6b93b9659e16d8c79cb10,EMP1710,PTSEC OXMGQD,Operations,Engineer,87,32,81,69,76,96,23,Yes,0,76.4,Yes,4,0x7017ddfced98b2bb6ba650433ec1a4ddb7775f81,0xdd6abd21cc9d94a88cae207c865788b7fd5a33c7,Yes,2026,True,711,zkproof_0711_hash,HR_SIGN_0711,CONFIDENTIAL,CONFIDENTIAL,34953013800e77d2592f4925b66cc71c8c02d1725e207d9322aa1179ea10c5d0
0x16ba6d1e1dc33b3ec1eb77a1c3b4671a138a19e9,EMP1711,TNBHL GITFIR,Marketing,Analyst,90,46,83,40,54,67,6,Yes,9,65.0,No,4,0x3686db21fb8bb5bd426f21c28af2f023c8bee478,0x40f643d32be4d2ba8929c71bef12e0a07ff19885,No,2026,True,712,zkproof_0712_hash,HR_SIGN_0712,CONFIDENTIAL,CONFIDENTIAL,ec430eeb13904bb5fbb6452f331080397ba8e9e3f6ce087a9679f3a9f31fc3fc
0x4362a98a751d89c9f10ce59bd710081a29600e80,EMP1713,RAPBG MCSGMU,Operations,Developer,76,45,62,78,84,83,16,No,6,67.1,No,3,0x6aa80605c5a552dcfe25fc920ca8ba1129a842c8,0xc2d50e28672d209e12d5902ee2a949cc11d97243,No,2026,True,714,zkproof_0714_hash,HR_SIGN_0714,CONFIDENTIAL,CONFIDENTIAL,455f5ca31b735a2a1757991c5c74f98dff3f896ca93027c92db592e693821c8f
0x401cd3b9374a05dec2e851b8f3f5f85d18bfafab,EMP1714,BZHBK YIGGOC,Operations,Manager,71,44,86,52,64,79,24,Yes,8,71.7,Yes,2,0xf4264e91b5778aa6bb408a0622bf8912833e31d1,0xf4527b33f1c83d78737e48c7b21aef4d1c11c37c,No,2026,True,715,zkproof_0715_hash,HR_SIGN_0715,CONFIDENTIAL,CONFIDENTIAL,47f80042482b331cc3291bff4a27def109f1901eed076708df8c4c067646c2ed
0x50b15a1305b1aa7cc9128786935431ea09fc58ed,EMP1715,DZUAF LCACMT,R&D,Developer,77,50,52,93,96,85,9,No,8,66.3,No,1,0xd2c89624819ef0c4ed0fa669a0680b4edc929b2b,0xeb649567c86bf2609612a78ca24807eb22b46b87,No,2026,True,716,zkproof_0716_hash,HR_SIGN_0716,CONFIDENTIAL,CONFIDENTIAL,7172e17f643d1f757f063a4b2c2185dcdba0ec0314e45c7aca845cbdce912146
0x8e3543aa03f8559085cf39cbfff4f3fa15114de2,EMP1716,NRSPD WYYJBB,Marketing,Coordinator,95,47,99,52,76,64,9,Yes,7,74.7,Yes,4,0x1c65e90500450517c88b3e12a057dc3912fca9bd,0x4c3e1a533995bc0647a1e3ecd39380988f8440be,No,2026,True,717,zkproof_0717_hash,HR_SIGN_0717,CONFIDENTIAL,CONFIDENTIAL,6c891d12f03c98e0ae8cbb3209e2e4275959daae26a768aaf1fecf706696d02b
0xda38c8b915885d10bb9739bdd3805602812b9e12,EMP1718,XREXD ZEIEDY,R&D,Lead,87,48,60,81,56,70,9,No,8,57.0,No,0,0x62ede8fdb374e42634919538274e7d054acad1ba,0xd0588d4c3a914ff02d1b0798b3df9c2d7e595c2a,No,2026,True,719,zkproof_0719_hash,HR_SIGN_0719,CONFIDENTIAL,CONFIDENTIAL,a18b7a4cc7f4953f75cddc49e9ca2e3f06db4f05220d425e197d95f8c93dbb49
0x202a0d7297d628ede5f61167ec07e8b77dba127f,EMP1720,CNRLD FRHFCC,Operations,Analyst,88,34,92,83,76,58,18,Yes,5,69.9,No,4,0x4970f4ff2a4321760fa1bee228afb67f2b568e60,0x4b24fce52b9d55f832bca0183ae34ba75b1f8355,No,2026,True,721,zkproof_0721_hash,HR_SIGN_0721,CONFIDENTIAL,CONFIDENTIAL,491e66caac6a1b042e7bc5662d51540d831fb1ce545351929883dbf82d2d914b
0xb0aa48006f9efdb408be717849efc8cebf0433a3,EMP1723,FLDPU GEDBIN,IT,Manager,80,33,78,50,78,53,12,Yes,3,63.0,No,2,0x61d9988b06c99312ae07f4bbffba24eb32445900,0x79fd5c182485ba68517c57c0f6f947b99f04c5bf,No,2026,True,724,zkproof_0724_hash,HR_SIGN_0724,CONFIDENTIAL,CONFIDENTIAL,5902a1815c89ebfe6e297988c5df56b4aa611c3d4bf8b2b1e98fd862e94e8501
0x31b2a840a6d5252616137a5d588065776bce434c,EMP1724,GXRAE HTSKLD,Operations,Lead,75,49,79,62,52,90,10,No,2,69.2,No,3,0x8bd18324fcf6bbf004e74cd31a9f66e5ee6989d0,0xb52a01665ef948e263d671c54e88210d385f5082,No,2026,True,725,zkproof_0725_hash,HR_SIGN_0725,CONFIDENTIAL,CONFIDENTIAL,ff299f2ec60969cd1c900b4baae59feac9d2321f185d576c21e8e77e6645c78a
0x1b40a4968e597a38969ba4bc8b65f81b409d3fd0,EMP1726,SEIEJ VBXXUP,IT,Developer,63,43,73,44,50,85,21,No,2,64.9,No,4,0x4dd9570a8b932fbf74d584c6b56e32a17cffb14e,0xf89787f173b8a37705df02ba76427d0cb8d2cb01,No,2026,True,727,zkproof_0727_hash,HR_SIGN_0727,CONFIDENTIAL,CONFIDENTIAL,cf11dd4f31f24266191eddc330d7e86464edf035ca0a0f5d9ea6153671103299
0xbd14c023d7e008d893ce51beb53e728012eb0912,EMP1727,SJZJZ GNPRYL,Finance,Lead,87,39,66,62,52,83,13,No,4,62.1,No,3,0x229d8c25c92f2a7511b4383ca157bb93dc58e9cb,0x6e629703c0c4c8ddc1ae34c5bb28c2d1ccb7f73d,No,2026,True,728,zkproof_0728_hash,HR_SIGN_0728,CONFIDENTIAL,CONFIDENTIAL,187fc367f9eb196108b9abcf3ec2d6fa7e1be2f81dd0960a225f9391bc9ea5df
0x1cba769aadc99398eb1d6abf5e6383644a20bf57,EMP1728,TWOMX GLPYEN,IT,Manager,85,52,91,84,72,78,20,Yes,1,74.3,Yes,1,0xaee85618d54df1c9f89672acd931717b13aa418f,0x25e85176836df58e24002ac585d5caeaa1c98875,No,2026,True,729,zkproof_0729_hash,HR_SIGN_0729,CONFIDENTIAL,CONFIDENTIAL,efed43151844426e36b0188f3440412002c01724b1dfc2c562325060885199cd
0x2459cc7c617b2bd5274146102b2b42d147f096f8,EMP1729,ATNFT SBWTWN,Operations,Manager,63,48,56,63,65,69,8,Yes,0,56.1,No,4,0xa54cf62676b39d143bc36b701b4ab8d4915c0f07,0x1b06bdbf93ea3aac6f3641168bbfb1d828e96511,No,2026,True,730,zkproof_0730_hash,HR_SIGN_0730,CONFIDENTIAL,CONFIDENTIAL,02a17a53b7720d6a47d0c03cf76a1a1f84372ec9106438cb4acfe8f52e65ca7c
0xfed3201f9b701735f7a446b8ca45d99474eda13c,EMP1732,KWVBH EZECQG,R&D,Developer,71,45,58,99,95,56,20,No,0,59.0,No,3,0xd8938ecd5935103aaa5133285cedd47aae64f264,0x309a42c0c82a250d21b26770c8d125c0958eed11,No,2026,True,733,zkproof_0733_hash,HR_SIGN_0733,CONFIDENTIAL,CONFIDENTIAL,5d69b01c9a3dc1f504a40d32349f4c4b74ba4fc9534714409173b11c700ca2cf
0xab31ec9444331373af8e580720c9c5bf777a9717,EMP1733,GLQOG NMECLI,Engineering,Analyst,75,40,64,76,63,87,5,No,8,65.1,No,3,0x2439f5a8f134dd53625e4c426f456dac7cd4384d,0x342f7b997a0670161317ce1181d3095fddbe0271,No,2026,True,734,zkproof_0734_hash,HR_SIGN_0734,CONFIDENTIAL,CONFIDENTIAL,9c97635b877902163dc1573ae66912dba6b7b364562bb222e394ab25b357f481
0x618231c890ed8ff1199940c94f9f73460f8d7e14,EMP1734,JFGXN FQKGHG,R&D,Intern,74,35,90,50,78,65,5,Yes,5,71.6,Yes,1,0xe2250312a47c3a80f985f2892ee0762d78179fb0,0x71b53f9717fe1f82143a5c79dc9890681960a54b,No,2026,True,735,zkproof_0735_hash,HR_SIGN_0735,CONFIDENTIAL,CONFIDENTIAL,e27d53d1bd0f969abeff2563798c98a1153efeb605d2d7ee717b21d5e9013184
0x69b1214d65cca6c354608c194fadef51bd78fd32,EMP1737,IOZNN NDRKKA,R&D,Analyst,72,30,82,71,86,75,11,Yes,3,72.8,Yes,2,0xed7e977df02b8f56dab426bb1aa5c8702826c64f,0x2052ad3d883799ae55dba038d9185e845090bd36,No,2026,True,738,zkproof_0738_hash,HR_SIGN_0738,CONFIDENTIAL,CONFIDENTIAL,b86af10afad87d2f63a98db8c1aab1077a3c4f936355dec7d0e349a66a223c7f
0xfe957bd1c0732506a0057ad2ecfdc4985ff7b136,EMP1740,ZXOLA SXKIXT,Marketing,Intern,66,52,67,96,60,70,24,Yes,0,59.8,No,2,0x7bed99e9199543a31e33eb5c8428166b74e09933,0xd9ba8d9c41c3ef11490784b9136bfaf3ba96ba55,No,2026,True,741,zkproof_0741_hash,HR_SIGN_0741,CONFIDENTIAL,CONFIDENTIAL,06a6a8e293168d156fe3f0d8b5e9be4541247417bb89bfc4083c998a620729ab
0x19c49e243ee4ae0a70ff59916327c2e193f2b3f4,EMP1741,LFHRV GFWFEW,R&D,Lead,63,31,51,43,51,72,23,Yes,5,52.7,No,1,0x25777d16d9d44ad9d5e3ebf7a0babd574c2f324f,0xea47b2fd8f7768feb89f726da3f81d86345e91ee,No,2026,True,742,zkproof_0742_hash,HR_SIGN_0742,CONFIDENTIAL,CONFIDENTIAL,bcf166911659d4cf267636a34cf35d93ebcfa7bc6e4fb27a4b55f5cbf5a938c2
0x7268140585d4d1caf29a5faa0ddc2a84b20c0a2a,EMP1743,SJERU LSDKYI,R&D,Lead,77,31,54,64,88,99,10,Yes,8,69.7,No,0,0x67c582be403e866ca84ac5ae0a7c405635858d4a,0xba684a88364e1a01a6a78378de9e8405864fa6e2,No,2026,True,744,zkproof_0744_hash,HR_SIGN_0744,CONFIDENTIAL,CONFIDENTIAL,55041ec6e17971b36e401687880dcef5b06def30439bf9af3856273df2d09a5b
0xf767235cffbd1a721052a618b86a06ab6441cfd8,EMP1744,STIIJ JGEPOW,Engineering,Developer,65,51,91,97,99,43,2,Yes,9,70.0,No,0,0xa8c077ea8cd5aaf3bbf2917e29e80897a0a270bf,0xa25463b8c91d610867418c0d2c2d6758927304c7,No,2026,True,745,zkproof_0745_hash,HR_SIGN_0745,CONFIDENTIAL,CONFIDENTIAL,1b4b581a24cee713213e311c2e0baa0bab9158fc1a946ddd3b38f57434f91a1b
0xbe308a756ddf66df3a1d838223db5914a27fc5a9,EMP1745,UNVHM RFZHBA,Engineering,Manager,78,32,77,74,73,95,9,No,5,74.4,Yes,3,0x2f1f1360250194f583ef2717e883f6749b73c9f8,0x8b90d432b0cc83d94fe182f2126505dfc9253759,No,2026,True,746,zkproof_0746_hash,HR_SIGN_0746,CONFIDENTIAL,CONFIDENTIAL,a036d97d5f935fbed758bd413926db2a75d86d14fe215c01dcd0289bdccc01ac
0x0a8240336245f723921b7e28018139716de7a91e,EMP1748,IJKTA FUPQTE,Finance,Analyst,91,36,79,72,77,82,24,Yes,3,71.9,Yes,1,0xf42597df8794d4e9015ddfcfc1c830b30b1b772b,0xe682a89e0b820a03e56de54bd087dfd1ff8ebef9,No,2026,True,749,zkproof_0749_hash,HR_SIGN_0749,CONFIDENTIAL,CONFIDENTIAL,7ce7e04d665c658a156ce343a9644b6168d0e5034bf73eb92ddce0f321aad8a4
0xeeb7abdcda8d4921edc83d4ee67ece072386d14b,EMP1749,MLGGX PXBRLI,Finance,Lead,83,36,61,99,52,42,7,Yes,4,47.8,No,0,0x77e7f9bc5b1da9da5eb307b6695dfcd1a4012788,0x55947aa29dbb706821458b427361614c0b00e638,No,2026,True,750,zkproof_0750_hash,HR_SIGN_0750,CONFIDENTIAL,CONFIDENTIAL,795df2500dc44ce8c45b20eeac155ee5e03e90a4336a89785703874eef04be06
0xcc42b2a0be97d752e057ff9ccc7a87e6a0422991,EMP1750,MMTEE MICIAW,Operations,Manager,64,48,65,42,79,86,6,Yes,2,67.8,No,0,0xad6b1e172ac34bd1d1f04df25481f86302efe17f,0x43e335f169ed73a479352641e80f718a6a7b5eae,No,2026,True,751,zkproof_0751_hash,HR_SIGN_0751,CONFIDENTIAL,CONFIDENTIAL,a0633d9f628c475678589d4baf3b9ad66485ebcbad973bb7b4ed8867a6071eed
0x9eead8e3b785d3ca32e9acd634d8be46bd89b0f1,EMP1751,GDBVI PKRAKR,R&D,Coordinator,69,46,92,64,58,40,22,Yes,3,60.7,No,0,0x0dbcd909be4295892860133be28a0e331064cfc2,0x3a1a303a3a00aa69d9fb88acab703d94721516a1,No,2026,True,752,zkproof_0752_hash,HR_SIGN_0752,CONFIDENTIAL,CONFIDENTIAL,b66f2ac1228980cc25bc5430a1741731eb9a679d9a4c0550950cf2edb8321b15
0x664c55dfbc7a048a6ac0c0639992eb3f0c278ae7,EMP1753,KYPYE VWINZW,Marketing,Intern,91,43,69,89,88,93,2,Yes,6,73.7,Yes,4,0xf38c2a53bccbf85ab9a81c8c87e2b039fd38f4b6,0x9a4bd1b5ec1fb6e4701c9084813564cdce79c38a,No,2026,True,754,zkproof_0754_hash,HR_SIGN_0754,CONFIDENTIAL,CONFIDENTIAL,ac9131d674ab008cd587f2a0423e754eeafb8f7bb84301afb6d85efbb5e25871
0x6b2ba4e2d44d4f36bc32ac928e478d0d5bbc9e23,EMP1754,UHGTF YZITUL,Finance,Developer,84,40,61,60,77,52,6,No,7,56.1,No,3,0x5800ed530f1587ca46239fb23dec8f39c94f42f4,0xc25c0c2cfb1a1c5210477342929fc0af2d9c548d,No,2026,True,755,zkproof_0755_hash,HR_SIGN_0755,CONFIDENTIAL,CONFIDENTIAL,a460edf2850f80a4cf83fa6a1350519b0814538bc0f5109e0e3f6b1ae1ad7c06
0xe6e0f90bb6020fd9a70d11c984b864491fd34f08,EMP1757,UNGNK FQDBJY,Engineering,Engineer,73,54,60,77,72,64,5,No,1,57.7,No,3,0xc7d6fa3e0cb608ac49fc98bb3688e1af57917ee1,0x27b9a3f784ceffa02e5c2ffaa122b101c0d55d17,No,2026,True,758,zkproof_0758_hash,HR_SIGN_0758,CONFIDENTIAL,CONFIDENTIAL,df5cd6d0b94573d9170b06e24abd8d45464d77556eb01bb9901ce757bace9e13
0xcb8580553f1a5cfcc7c421dc1a5d58a477b28ee1,EMP1758,HQGBW CKNKGN,IT,Developer,65,36,48,77,65,41,20,Yes,0,44.5,No,0,0x24dc644b8e6a12fecdceea04018f6e7647a442cd,0x1a2ff2f47e973e5b903343563e0117e5b9a628db,No,2026,True,759,zkproof_0759_hash,HR_SIGN_0759,CONFIDENTIAL,CONFIDENTIAL,1f21c026c9cbd273c0657ae38088c3fa93328f9013a380563034f6205b2a4db0
0x6ca50a9dc16f86eed391e9d956cd6cbc5ab9319e,EMP1764,YBJNT EBQUCB,HR,Coordinator,98,55,76,77,68,72,21,Yes,0,65.6,No,4,0xed75017ba0e1fa2c05ba935b366cdfddd1ba4ada,0x8bd68dd834cfdd146998c328b0b4858991c27b26,No,2026,True,765,zkproof_0765_hash,HR_SIGN_0765,CONFIDENTIAL,CONFIDENTIAL,19f7298b14fa85b76124dba545dc8b2eade1284ab96d67090cbb127c1912456a
0xbd56073e9525caed1fae373330eadb74bd5e4f9a,EMP1765,BDXIZ YCNZMA,Finance,Analyst,79,47,65,94,91,69,2,No,2,65.1,No,0,0x3c7eda7ad914e3dd007419b966aa90b69f123c27,0x2c36f1623e36856c1c9e3620dff9feae8d9c4620,No,2026,True,766,zkproof_0766_hash,HR_SIGN_0766,CONFIDENTIAL,CONFIDENTIAL,547d0b952acca86d2b9761b1a58bdf4276f2bd7f9354ecaaccc46a55c988b98e
0x02a6812a349f09e358340086c1edcf8fa1993213,EMP1766,BRQYC KNIDTW,Finance,Manager,69,38,62,99,60,90,13,No,2,64.0,No,1,0xcdb522ce86e451b6f208aab80f5f3b50965f1159,0x4fcb871d46ba80c495c8d855b8240ef9c75ea795,No,2026,True,767,zkproof_0767_hash,HR_SIGN_0767,CONFIDENTIAL,CONFIDENTIAL,e9dcbbc1b2b158acbc3a5a171d04f70e1cfb812886600f98082cfbec34d858fc
0x16bbb822d981de6923d3dd21e9cda35aaf5e7d6e,EMP1771,ZBXPS DCNADB,Marketing,Manager,75,46,59,68,72,78,8,No,8,62.2,No,1,0x4b0a0a71f5f6729af974e23a7828650708c4f861,0xe5a5774007016b162d054083113aba1c7123bc6d,No,2026,True,772,zkproof_0772_hash,HR_SIGN_0772,CONFIDENTIAL,CONFIDENTIAL,07ff4721954712b8e06ac159a7688f5419bde6edd4cb85492bd239e0b073a287
0x15905aaadfd4d1d6d1378ab2745a7781ccb2c29d,EMP1773,CNNNA AVNMAQ,Marketing,Manager,77,58,57,66,69,67,4,Yes,3,57.0,No,4,0x410070a2ecb985ced5ff07ae24ea1bac12a8b2bb,0x1c8481b07293103286bc3b42d0e7528d98f9c776,No,2026,True,774,zkproof_0774_hash,HR_SIGN_0774,CONFIDENTIAL,CONFIDENTIAL,e2e7b3e42d7f8e74f35b343afc36f9926a8934363ed2ad953bb7eceb1c8c4a6b
0x471fb1ba114acdd2411b0c87265a208430eb5ffd,EMP1774,XSNZP DQGYPP,Engineering,Manager,66,42,49,70,58,79,2,Yes,4,55.3,No,4,0x6a222347aaa5a514b98117afe09b4ad610a65b8b,0xb68bcea72cf53e80dc961f0907e34792995cedd8,No,2026,True,775,zkproof_0775_hash,HR_SIGN_0775,CONFIDENTIAL,CONFIDENTIAL,cb2306b18ee927ec6efb369b5c814315d2a863a4a3dd6bc36bc9823d65ece5be
0xee1c819122eafef7db69c28f9e741de5b92288c6,EMP1776,RTMUR SDJUNN,Finance,Developer,80,51,69,87,64,95,14,No,3,69.2,No,4,0x2c950f9d19aefe294048b1b7d9538cf56d833e1d,0xc68bb9a1a3e5818bfb7a97657588d7e4f2d134f2,No,2026,True,777,zkproof_0777_hash,HR_SIGN_0777,CONFIDENTIAL,CONFIDENTIAL,a285057f35999c0b9a60070fd0a63a905d146a8d0d456e335f2ab010a5184de0
0xb7e2818b9ddeac4e315135327b8ec5dc04feb96a,EMP1781,TPGCU UDEPLO,HR,Intern,79,42,86,46,75,56,13,Yes,4,66.6,No,1,0x40f00f89bdbf9d503b7f72c59e175548dab9a489,0x0dfd74baa6942b9adf380c430a9b37a9e2adabbf,No,2026,True,782,zkproof_0782_hash,HR_SIGN_0782,CONFIDENTIAL,CONFIDENTIAL,fa91d0ce6e1a8609573146915f8b12d2624a2ef3aac3825a21e779a1665b2430
0xa1b733589f906e9ed2564e1d9263b37d3e84b84a,EMP1786,ZEFSD DKKOXS,Operations,Manager,60,33,57,66,52,46,11,No,2,47.2,No,0,0x3fabe7c931e7f65348678217a25be66884ec4397,0x52fd59109ca288ba891cd5f0c294b732c7180d19,No,2026,True,787,zkproof_0787_hash,HR_SIGN_0787,CONFIDENTIAL,CONFIDENTIAL,366abf6caecd41363a60b9d35a4cddbbb43418562833b2483413760bb71910b0
0xf46ed446aca2328199b36d7dbf44e0601331afa6,EMP1787,ILSRT TSSZYT,R&D,Engineer,89,46,48,43,65,70,9,No,4,53.6,No,1,0x36f9bcdd21490c0297073f691283e9e655873de5,0x6a56c468a11f6758a71d41e5f55d488de36b91eb,No,2026,True,788,zkproof_0788_hash,HR_SIGN_0788,CONFIDENTIAL,CONFIDENTIAL,03e7f8cdc8d4631b7ae4a01ff2fca2b06b5f8c1636648c910909c652c5242fc2
0x60642b62ea64689475a29ace1340d96e1b0f535b,EMP1788,XXWOC IAAGJM,Marketing,Manager,70,40,71,41,50,41,12,Yes,2,50.9,No,4,0x354f2b29297f1fcf59dc22734713ef37b2bc6af6,0x036158426b3789dc9120850dbe430b0558eb2026,No,2026,True,789,zkproof_0789_hash,HR_SIGN_0789,CONFIDENTIAL,CONFIDENTIAL,d398876922d2b33ec7f4e62087416327c4a7c1e4d24745b2f5d462c56733d49f
0x54d2a44249015c4230556eb7d1bbb5e5d6f236d0,EMP1791,UGPWZ AJTZPN,R&D,Lead,61,53,89,75,53,66,17,No,1,66.1,No,0,0x457d8dd1b34227bad15a200191e959d48645cc8d,0xac9187e8dfb8a92fd15d72700ebdb4cac7f3c001,No,2026,True,792,zkproof_0792_hash,HR_SIGN_0792,CONFIDENTIAL,CONFIDENTIAL,42213f0e704fb252a5ba3c1280c440163c10fe1df454fb9bd1d15821280e4fbb
0x62b15b99d85694fd52bc643e9c715b0be043473c,EMP1792,ZOVTT BBORWQ,Operations,Engineer,82,48,63,94,86,50,4,No,0,57.4,No,2,0x8e5aef9a0dfb111636d64736ce015ecea94297fd,0xff83a2e469498334420e7cc0a409e77b19d5d6ea,No,2026,True,793,zkproof_0793_hash,HR_SIGN_0793,CONFIDENTIAL,CONFIDENTIAL,4fc5da1f3bf71a3fd3a1ac10c6bc1534220ece98e6dc2ca61269e51516082d0f
0xb7e884eb95c573b127c33e4df7dc467e808c9cea,EMP1794,TPVEE CLZMNG,Engineering,Intern,76,51,51,45,50,56,21,Yes,1,47.3,No,2,0xa01679c7d474f6694acebda5bc24b18019571e1d,0x35fccbad1e93868b7afb60fd0a47180cf449840f,No,2026,True,795,zkproof_0795_hash,HR_SIGN_0795,CONFIDENTIAL,CONFIDENTIAL,49d262af04082e5696fe4aef5e583a3b0d52512220e4bf6fe8daed403ac973fb
0x3f1c9910318c65c12f00cb97cea4c5dd85c49acd,EMP1795,INNKJ CERZYM,Marketing,Analyst,60,40,65,65,57,64,15,Yes,5,57.1,No,4,0xf8144015e2f0ef11576d5283bd284c7700c3d3fa,0x2effd078525261804e53048d1c7d4444725d5379,No,2026,True,796,zkproof_0796_hash,HR_SIGN_0796,CONFIDENTIAL,CONFIDENTIAL,64e0ec52ba7beeb97d256c7169acd481c3dcd2e94cbc6e3477378948b1488d9d
0xd40a32feb38ed787b111b33625a3847132587037,EMP1796,ZKAUB ZHWKXI,Finance,Developer,84,42,78,73,77,73,5,No,3,68.8,No,3,0x4476ea54e9145a161d24663f8bf3286fcedbec12,0xecc1f6110ab35c3fcd67470065db3e9446c5dd6d,No,2026,True,797,zkproof_0797_hash,HR_SIGN_0797,CONFIDENTIAL,CONFIDENTIAL,da69b5f7bfcb4d138dd9b1ca7ba8f7e9b8a19766415a19565bcf12461a3b6b36
0x00c2debbfe907aa4c59595d86c4136147f3ff7e9,EMP1798,EGZPS NZGHVW,Engineering,Lead,62,33,63,43,99,69,21,Yes,7,66.4,No,2,0xe4e8008e96610b8f1ca7a9442716fcf6c026a8f1,0x8c4929bac99309311ff07fdd6149d38ac649d26e,No,2026,True,799,zkproof_0799_hash,HR_SIGN_0799,CONFIDENTIAL,CONFIDENTIAL,a3ee5b9307f5f4b2f67fa9835e822843f410264ad74bd3417bee55a774fd0525
0x139fee3f8a86eb756b612c6419a8de05c05e4cbc,EMP1802,QJJGO HKEMJH,IT,Intern,74,45,65,56,70,88,24,Yes,3,66.7,No,0,0x1ae727d7ad2b043958c0ed16239b11a24b0573fb,0x2c132552724bbcd153d48032a7d07d6d6e6cb7c2,No,2026,True,803,zkproof_0803_hash,HR_SIGN_0803,CONFIDENTIAL,CONFIDENTIAL,8e6a44a9417de15116ecc6dbd62ac48e4c2bb8e458f9744e16d411c6c4abb851
0x21fa894248078b4e34e2f6e81b8c29d53fb64238,EMP1804,JHXLG AKUTNP,Engineering,Lead,83,30,72,64,65,48,0,No,4,56.6,No,1,0x2ab248ecdf25bfbd9ce3952fe856a3e918d8f176,0xca322bf250ba1821b2e7b009d1116999c6d643e6,No,2026,True,805,zkproof_0805_hash,HR_SIGN_0805,CONFIDENTIAL,CONFIDENTIAL,cbc23deacb96ef81616e91a58f3f040681c9a00653927617855ed3b1439061f7
0xa07045835bea724500275cb61cfa915f2e1347e2,EMP1808,YRESH KQBBRP,Marketing,Engineer,69,55,80,50,55,63,24,Yes,2,62.1,No,3,0x74708ec5e8cdd54bb1d331fd164a6cbf8b07a6e8,0x3cbc3d7a39754713a5884d3f6335a61f91a1503a,No,2026,True,809,zkproof_0809_hash,HR_SIGN_0809,CONFIDENTIAL,CONFIDENTIAL,37969d2552a399392e2a67bb842062db6748bd21e5eabbcfecf9f2a54c0ee7bd
0xa8eb6649871df5ca170b5a064c573472c56f11b0,EMP1811,UNQLM MTRHQO,HR,Intern,73,35,68,80,52,82,0,No,3,62.5,No,0,0x38112dc01a6bb2159fa65efff015951f719cb6f9,0xaf419f52802fca547be51a62aecaf5c422393203,No,2026,True,812,zkproof_0812_hash,HR_SIGN_0812,CONFIDENTIAL,CONFIDENTIAL,545c69e833dcb91022db7666498418781d770b6033a7a1d1d84a829c389c1dd0
0xf7156f2de2cf16fd6d35bebc8b36c69b8facfb71,EMP1813,BDXWV EVFMMI,R&D,Lead,60,52,92,73,53,84,24,No,2,72.8,Yes,4,0x19de7c1a9e6714300e1a72099c783fe9c7b117cb,0xa2ecae6900cdd1b377411447415f0a622e3ed9b5,No,2026,True,814,zkproof_0814_hash,HR_SIGN_0814,CONFIDENTIAL,CONFIDENTIAL,e7653482e3d740b46f87fd93479b71c5e6961e4a5b30d5122b2f64dea4db3200
0x1dc55f409bcac154c15daac0f0d024d438528253,EMP1814,FSUHK EWNAWY,Engineering,Engineer,96,55,72,61,65,71,17,No,7,63.8,No,3,0x1fd5c8ad54271427eeea884b34277141e237b68d,0xff79af89cfa67302a9b81fa22723cf2df5885e1f,No,2026,True,815,zkproof_0815_hash,HR_SIGN_0815,CONFIDENTIAL,CONFIDENTIAL,ebe4ff8e55a10c892c0ddad4bdb1268b066d187bee961fbc9e5e63d8ecf457ab
0xaf7c85049b8e7b335d91207eb693e5c5148af180,EMP1816,NPLQL RPMLEC,Operations,Manager,77,31,88,47,70,40,23,No,7,61.9,No,2,0x57c015fc8cd3dc4dcd9e51940275c19dc1bb2ff0,0x852fb8a59fcd0ee514cf05a481e1d0663583a164,No,2026,True,817,zkproof_0817_hash,HR_SIGN_0817,CONFIDENTIAL,CONFIDENTIAL,23d6faeeaf26185a6eb3972277b82f8bc5a7130ef22c9440ca800734eb87cb98
0x560b0af886d7e480e5eca4dec1017416e744e3cf,EMP1817,FPJFO FQNHKB,IT,Coordinator,96,30,67,81,84,60,15,Yes,6,62.2,No,3,0x0a1c49f221770a062a6a08f1810c27d61261b49a,0x2ce9236b6684520a1afa6625cafeaa343ccc2ee1,No,2026,True,818,zkproof_0818_hash,HR_SIGN_0818,CONFIDENTIAL,CONFIDENTIAL,703007d933fc5be5a158ebb2e1d30ee8924ad08b5ca94559b853e588318284cd
0xa72865183ec9234bfbbfc9a237ca930bc1512bfa,EMP1819,CYWON LDJYTN,Finance,Lead,62,42,87,48,68,68,4,Yes,1,68.9,No,0,0x55353837b9f38babf98bd2a32282aaa2d76e992a,0x28a356a48f15e39d6d457c07746f5ff00652c3e9,No,2026,True,820,zkproof_0820_hash,HR_SIGN_0820,CONFIDENTIAL,CONFIDENTIAL,3e729e55fedd04f0b8b709933643cdd971555d2420d25d66b4887c2c3c7b637b
0xc9fbc22ff66cd92c4d5604a2cd269bfded11fd12,EMP1821,WTNJV AUVYVS,Engineering,Developer,84,53,84,51,85,64,5,Yes,2,70.0,No,0,0x34eb9a56d038d2e61252d36e0bdab33fc21b1119,0x0c7b01ee0c20a9b6b07be25753ecb73f439728ac,No,2026,True,822,zkproof_0822_hash,HR_SIGN_0822,CONFIDENTIAL,CONFIDENTIAL,48b10e1e5c88b59f63d7cba7a707bc6fd9b26f680c41d6512e7ad656fe98757d
0xac2a57cbfa597a04477934f90aab322728ef1333,EMP1823,LUXMG WEMSUL,Marketing,Lead,83,56,98,91,53,60,9,No,1,67.9,No,0,0x56c11ec702a06a59a84a49e70b42b383c7ece64d,0xc208ef0231d42aaea3b5921bbec39957a1784f1e,No,2026,True,824,zkproof_0824_hash,HR_SIGN_0824,CONFIDENTIAL,CONFIDENTIAL,5c6ba0dc636b65d32606a52e2ca9e432bd2fdfae98af4199f75b7e209b253b51
0x8653d746907ad977e05ea199eb6406f5e50491fd,EMP1824,TICKC BBMXLQ,Operations,Developer,79,44,58,85,77,75,13,No,9,62.0,No,2,0xea5dd104893b1f61af98904a1fa07e42f6dfa9d9,0x2c83fecd1e67a49ac356b62035f1cb0ad674b7f5,No,2026,True,825,zkproof_0825_hash,HR_SIGN_0825,CONFIDENTIAL,CONFIDENTIAL,43184dfe96b57a24f47c39cd5b62ff66ad2ec0efaad05bbe79cc04a4e0409c63
0xe0ba5a30817a868acad26e14471e3beb10793346,EMP1825,DTJPQ WOMCXN,Marketing,Engineer,88,57,88,91,52,99,5,Yes,5,75.8,Yes,1,0xf82157957865a3135e4e47006f05e61b9944ee53,0x3f96fdd2027757dabea3e3363a6c1467192ff59d,Yes,2026,True,826,zkproof_0826_hash,HR_SIGN_0826,CONFIDENTIAL,CONFIDENTIAL,4e4c64607b52623126335c0158ba89e86b09f0fdf6e27a9628c8a179d7188e8f
0x26fdc282984df2a35d3405aeb59b1659e445565d,EMP1826,KATNO XQDLDO,IT,Engineer,76,33,65,85,84,43,8,Yes,5,56.2,No,0,0xd6e6e8a30109c6980c6b20adaaf613f0eb5a8324,0x650015adc78fa707b0f36c8a28469b7a93c7ffe1,No,2026,True,827,zkproof_0827_hash,HR_SIGN_0827,CONFIDENTIAL,CONFIDENTIAL,0e167819e4f4480c3db365da8793eca4c8d6af484ba767c94a586102f90debc0
0x1874a7343554e43ba42eadbcc7f3f072e5788a59,EMP1827,HLOUZ CZJMHO,Operations,Lead,98,48,50,53,93,41,4,No,0,50.9,No,2,0x4aa2a0da8e3428f9a6b81fbbd65ff97f71546fc9,0x1f03c9ab2614861a41db9dbb4c880aa5b508764e,No,2026,True,828,zkproof_0828_hash,HR_SIGN_0828,CONFIDENTIAL,CONFIDENTIAL,e5c28645564abcd04eba7eca04423bfc142b3c3ff7cdbda9c034c9d2dc538965
0x983f09ade11a6baec7206e11980830ea34a23bab,EMP1829,YCDFM SADHSJ,IT,Engineer,89,30,68,68,99,88,22,No,7,74.1,Yes,1,0x6dc0f433407192ca6c0ccab0fc91713a6cc3b2ac,0xe7c92296d3205dc2fb50717c69ce8a47ef837d09,No,2026,True,830,zkproof_0830_hash,HR_SIGN_0830,CONFIDENTIAL,CONFIDENTIAL,0cdb5cd086726561f84cf06b9f80a915ce7fce7b9e5cf5d7293b32dd3f8a9fbe
0x1d9d06e9760af7fc4876284aee5b123d509e4e42,EMP1831,ZIMNS IYRQYX,Marketing,Developer,82,37,94,47,77,70,1,Yes,9,74.9,Yes,4,0xebac5579cc19fbd938fb7e55766af6c6776f27d5,0x33fefa8f3a9e852c27085bc1e0187220eba64745,No,2026,True,832,zkproof_0832_hash,HR_SIGN_0832,CONFIDENTIAL,CONFIDENTIAL,5eeb73f2f2ff7df788b63fe2bb5b94d5d6e2924768eb4fe998a4f8a70b7dbb89
0x68eeefafbddb8ec9d1b618355979d82926ab94f7,EMP1833,MCXHZ CJQRFI,HR,Engineer,79,33,96,43,56,98,17,No,1,79.1,Yes,4,0x8af5b731962a2586eabf26e212c916cc538def1c,0xa3ba07481cad8a0ca08305dcce1cad3094a4639c,Yes,2026,True,834,zkproof_0834_hash,HR_SIGN_0834,CONFIDENTIAL,CONFIDENTIAL,2bf4e2896a41d010253f9c2ff8353eb907e9e444291cb4160919529c8249682a
0x0cc67c85b1ce84d3decf9ab124a61db07ee191cf,EMP1835,BCZGC SATTYK,Finance,Coordinator,75,41,75,79,87,63,21,No,9,67.2,No,2,0xd979e7b8ec5ce1274d804e4c247c2e27dee25756,0x0ed943f0df0a9ee40f69caa7d6ada18d2a0f7683,No,2026,True,836,zkproof_0836_hash,HR_SIGN_0836,CONFIDENTIAL,CONFIDENTIAL,11b285646c56ad8fcf245a46437a3b1aa31f8c16aa2e1715a17a7c50c54f0257
0x0edd745de3e07a13f487fa1db8fa0b6203a08090,EMP1838,FOUOF AMXMTW,Operations,Intern,99,37,48,44,64,46,15,Yes,7,46.5,No,1,0xcfe89233b65b70a2275177acb28c9b236f3d2b3e,0x4a32acc5521596de210758ab1b382073eae67498,No,2026,True,839,zkproof_0839_hash,HR_SIGN_0839,CONFIDENTIAL,CONFIDENTIAL,bfdda848ad8c82c4fd81dc040b7ff09d5f1ac0684c7784c95d940c4925b838cc
0xe82367b5516e7f1921d54ece0aadd1fd57db3a7e,EMP1839,XCRFQ LZYMIC,HR,Intern,80,51,55,66,95,47,5,No,5,55.6,No,3,0x060c54d26af092a7215895a9da15f1815291cc4f,0x4a380b0be3ccd094b12e9e77f8573bb233d3503c,No,2026,True,840,zkproof_0840_hash,HR_SIGN_0840,CONFIDENTIAL,CONFIDENTIAL,f8cd84f05e0bc1746d393673ec1791d1fa449691b73dd656b5f05c323a42da23
0x008534ff394a5bcc8ccccad7f591ae063dad602f,EMP1841,BKIKA MRVHVJ,Engineering,Analyst,71,45,86,58,93,84,13,Yes,4,78.6,Yes,4,0x11cdb06309d2500f9dcc3a10e60ed47c5c0ee4c5,0xc7668e3728d54c3aa72da0ea9abc1a2be06311fd,Yes,2026,True,842,zkproof_0842_hash,HR_SIGN_0842,CONFIDENTIAL,CONFIDENTIAL,cd8f9d7cdf3bfde4dab1dfc509af5d100d3e52624bff129e90933b0748d09365
0x56ceceac9c3c2a675ac7c1b4b3d623d75aa5c929,EMP1843,WUURU KEKPPV,Finance,Coordinator,77,38,98,50,63,50,7,No,2,67.0,No,2,0x66f499f6de0da3b4938736083f5d85a0c61be2ac,0x7bafd83f27b273f5f4f9fae3c5dd735c5041318d,No,2026,True,844,zkproof_0844_hash,HR_SIGN_0844,CONFIDENTIAL,CONFIDENTIAL,d7b87caf9c3a384accbab3ff6fcba76a371828f36b88e79384817e348199ecc4
0xf96af24d0d81bd274a915693353a59be832a7516,EMP1844,AAXBL FNBTDX,HR,Developer,62,36,73,71,72,69,11,No,4,64.7,No,2,0x817ce4d55e2f54774e2ac50a9904a8fd4c68fe3e,0x9dc7fc02018c85e986c2d70e32344dbfc4ce7a72,No,2026,True,845,zkproof_0845_hash,HR_SIGN_0845,CONFIDENTIAL,CONFIDENTIAL,82baca79c65d2b548f1dd28b1a20430a55cadaa3d13651de20d13e3e1c45e6a2
0x26685a770e119bdf90858a60de6c43812cc2e827,EMP1845,NGZNX NYGGEF,Marketing,Coordinator,87,54,56,77,70,99,12,No,8,66.9,No,4,0x6e6babc26651a72e1dc686fc11be1700a3098390,0x5bd7413df98f1291d61efe63a9e07782a966fbc2,No,2026,True,846,zkproof_0846_hash,HR_SIGN_0846,CONFIDENTIAL,CONFIDENTIAL,b91a6709b8686ae677602e95a3a16777af915bca3cb0d82afbd8fde64eb74472
0x9c54b96432418c9b0bbcbfc7893b85d4fcf41b5a,EMP1846,TXAZS AZNJVN,Engineering,Coordinator,78,31,95,47,57,74,11,Yes,0,71.6,Yes,4,0xf48f44abe984a38ff99a6bb6fb7d134df954f95f,0x455dde4d0d53e018c2994c1346e88a0bb2c987a9,No,2026,True,847,zkproof_0847_hash,HR_SIGN_0847,CONFIDENTIAL,CONFIDENTIAL,d89e2999c3b684ada1668e5977d2eb38735ff4f00543e014f397a63285dddb2a
0xc9a8b54c7228fb5ee4e998696d9fdb4c6bdbbb87,EMP1847,TBCPA JQQFJV,R&D,Developer,68,32,98,53,69,64,20,No,5,72.7,Yes,2,0x13ae891bb875baf1e555cdd0ef05a2fe967c70bb,0x1336b80e8866ec7a19fedc0753edc7d09ad0d483,No,2026,True,848,zkproof_0848_hash,HR_SIGN_0848,CONFIDENTIAL,CONFIDENTIAL,6afcd1b31e210dd1c409718fc7dd791239057ec426619c838fabc7a0eb7d493d
0x8ccc2910be119809ba87de63853a0189d6344a28,EMP1849,YUTPM VGJTCJ,HR,Intern,95,56,62,72,70,61,12,No,8,57.9,No,3,0xdb13c7ae49629caec69bb63e8035f072b7a28fbd,0xaba38cf9bc5d5b4a315b6c3d0eb6b0a22dae7b2c,No,2026,True,850,zkproof_0850_hash,HR_SIGN_0850,CONFIDENTIAL,CONFIDENTIAL,72b74d12a9db701cb99729dc5a7116c908bbd95cbeebf7380bea1b612d6f8f2c
0xb3239fd8742dc5fb9a536f5b9ca2ada271f3e9b6,EMP1852,DFBNA TMXNQD,HR,Engineer,82,53,70,62,77,62,12,Yes,8,62.8,No,1,0x670f62b6ca247361d1ac0acf0ef1e4517201c0ce,0x5fe452a4e0fdac5354e52695abfebc64ccb2c1d0,No,2026,True,853,zkproof_0853_hash,HR_SIGN_0853,CONFIDENTIAL,CONFIDENTIAL,8df5762fd67cd134f3d7c9028cf6c87ebf46c2a89dc91a84904540943662cb32
0xc447f70e0ae3a48cc2f35f864eeb76c4a4135d49,EMP1854,GRUDX QCCPWV,IT,Analyst,99,36,60,81,99,76,10,No,0,66.6,No,3,0x4df8ed0bda2e0cc5a1793120f4d625159792468a,0xf0b476a30c0df5b49a7225a3c7f9304850464fe8,No,2026,True,855,zkproof_0855_hash,HR_SIGN_0855,CONFIDENTIAL,CONFIDENTIAL,c02a5b8df2a1723763114a1c16c357784918778088cefb1d918cb8f1efeb46dd
0x3899f4b382dea10b8b54f67cb2fbe77d898659e3,EMP1859,YZSRQ BXLPEW,Operations,Coordinator,62,55,76,92,91,71,15,Yes,2,70.1,Yes,1,0x0ea36956102cd0d3a57433580bcd36bf13529b11,0xdda5ab2c4e07d1cce2578281404f348052feff06,No,2026,True,860,zkproof_0860_hash,HR_SIGN_0860,CONFIDENTIAL,CONFIDENTIAL,8079d9173a7e610eeaea78a3c205744c76315cdabbb88da53cd4bebf525c8f2a
0xf6d80c4ab4ec0d6489743d639c314b01f0721abc,EMP1860,FPUQH AJBWBQ,IT,Lead,79,36,91,78,51,76,14,Yes,2,69.6,No,4,0xa2194e9b8b8674930619e8252c92121400a5df7f,0x53a38a6550ccc47025d1221f7b94fe7eae63bdd2,No,2026,True,861,zkproof_0861_hash,HR_SIGN_0861,CONFIDENTIAL,CONFIDENTIAL,b2b379822c361f53385a02cd76e70678493c6b17771c488e5ef3d94833568a32
0xb5f82adb910dd11b1a3ea24c7df858f43deb5230,EMP1861,RQMEB FAWNTS,Marketing,Developer,94,36,71,75,61,84,8,Yes,6,66.4,No,2,0x570d7178a62e20ed39368ed0cf732e3833771680,0xebdfd7ed46da9b3525a8e43a83817441d02de6e1,No,2026,True,862,zkproof_0862_hash,HR_SIGN_0862,CONFIDENTIAL,CONFIDENTIAL,5040d5cd81d939c8b141542b2c46e1b3f74d272779082a0b1297c41f15d5456d
0x8d632e8bf079a228b39aeca02359f8bbd7b4e09c,EMP1863,TVLGO LTXBUU,IT,Analyst,74,41,52,44,93,93,15,No,7,68.0,No,2,0x517c0e10d11ef3837b769e11c7ab7669b24711d1,0x30ed36855d4b3995b8f4ac9fac3340a4eef9b9d2,No,2026,True,864,zkproof_0864_hash,HR_SIGN_0864,CONFIDENTIAL,CONFIDENTIAL,e641d846ebc1b8afc878a9514b7ad1378e22bdbba31b13412666950a099a7efa
0xc6f5250f1877ffef351a08ddd21f1dd9060bc12e,EMP1864,TTHLS KVPMNP,Finance,Intern,63,44,80,64,90,53,18,No,3,66.2,No,0,0x1d458b1ea82630cfa483fc35df6873bff0ec98dd,0x84572449b7b5ab24e288b399dd64eb765f45ad7b,No,2026,True,865,zkproof_0865_hash,HR_SIGN_0865,CONFIDENTIAL,CONFIDENTIAL,4ee74e17638368274125f673745bb378626d1bd80b66e76ca5fcbaef2aba4d74
0x64829d890d2d8f29ec0e76df6fad0ec635ea1a4e,EMP1868,HNGYI VQWQVD,Operations,Developer,77,46,77,51,89,53,12,No,6,65.1,No,0,0xb7105b2023fa95272e8dc2d565eb4bff62bf5672,0xe90dae7936666e13d99e5d240a5ac48b32b7a454,No,2026,True,869,zkproof_0869_hash,HR_SIGN_0869,CONFIDENTIAL,CONFIDENTIAL,67565a440ccc895d92d1e8d0f674fdd27142a88ef965834a63d7b8e34d415ca9
0xda64279548cd32e99c919111707d6e1f77fde68f,EMP1869,UKQWO KTSOWT,R&D,Engineer,98,59,92,42,87,97,16,No,9,84.2,Yes,4,0x2f67583fec5592f14724743a2d1fc00e3c73ac7a,0x887aaf82a5e3a077984c67a1d3c40be45b99ae0c,Yes,2026,True,870,zkproof_0870_hash,HR_SIGN_0870,CONFIDENTIAL,CONFIDENTIAL,f5d31b110f90a956fcd96c418d256e48d1d82c3c39474a5d631b93e2590af1c9
0x0d2a7ab55cbf448a8c58df2dfdeff81a5e57cfa3,EMP1872,YCFWM DPRWLT,Marketing,Coordinator,75,51,83,79,58,45,9,Yes,4,58.7,No,1,0x799bc56e1c7838afda658686e8f774bba628f52d,0x85566da7289f7a972ecd20864f946b4cd7a1dec7,No,2026,True,873,zkproof_0873_hash,HR_SIGN_0873,CONFIDENTIAL,CONFIDENTIAL,f01d33f7c4452b9b1be3c79289f7dacf719e68516c347bd102eeeb32d6eb7926
0x7807a9747a68f091f3853b3a51ed00dbdef62af9,EMP1874,RQCIP QCWPJD,IT,Manager,99,40,82,44,66,69,0,Yes,8,67.5,No,0,0xc2c16975b0ab0fc6ffc38360a0f3b27849dc6524,0xd04eaf4cf51d294cf2ecd18bda36521d842a8351,No,2026,True,875,zkproof_0875_hash,HR_SIGN_0875,CONFIDENTIAL,CONFIDENTIAL,dc6d8d39ed227ce5e282dbe268f5833bb9894e9aa26a238f6ef64f8868589b63
0x09e8042bbaa2cb3d15458644cc2002f41ef7114c,EMP1878,BRASS YFBMVL,IT,Engineer,87,54,67,40,80,85,6,No,4,68.7,No,2,0x3683840474865e92b20f94fe41a46bf13c8eeb6f,0xfc856092ef0f10003201518e99643f4a929e0dfd,No,2026,True,879,zkproof_0879_hash,HR_SIGN_0879,CONFIDENTIAL,CONFIDENTIAL,3085bf30c8214f488f7bc60d7df5d14c89d60142d7b6f0190d8e6f9a17750896
0x0d3047cad2e4d46d72265c71cf6d5021848a0983,EMP1883,YPVDG EJJIMF,Engineering,Intern,60,54,92,72,63,82,3,Yes,5,74.5,Yes,1,0x0407a945159cf2b69c983aac909679f05275d95d,0x38d933535ed8078e0c01b9c2cf4327131b6a4298,No,2026,True,884,zkproof_0884_hash,HR_SIGN_0884,CONFIDENTIAL,CONFIDENTIAL,95ddd7ce69d6f19562ed24b32bdc28195cce505921cfa3123a2f88d28c874d23
0x16517b287cabd8394eaaa5fe9b84aca566e3e4a6,EMP1884,GQXHH MTPBZT,R&D,Coordinator,77,47,95,43,72,40,8,No,4,64.8,No,1,0xa9b0fc248dd5b249c027c04496712439e1ef1be0,0x4668c0087ea78f65fab9f8eb6bf557dd69ef80fa,No,2026,True,885,zkproof_0885_hash,HR_SIGN_0885,CONFIDENTIAL,CONFIDENTIAL,d76b6d6100dc42563fac38d6cdaadd553a55c494849c1eca1222329308810698
0xccb75fb8902440e47ec8da5a6a17936a8012cbee,EMP1885,LJIPF HVRKQJ,Operations,Lead,69,57,55,88,89,40,4,Yes,3,52.1,No,3,0xdb04a95f75785be332c5a8759980dab75935d769,0x495fccef99de3acb1f42354b3cda2247fbf87a56,No,2026,True,886,zkproof_0886_hash,HR_SIGN_0886,CONFIDENTIAL,CONFIDENTIAL,2ddcecca32fe38df506ee9e8c2ee680dc9e2953d1acd15577fd7c4f1dc1b70be
0x0adb90945f2180d9c252e7ba0f87590a3e2a1a40,EMP1886,HRMYG YEVGKM,Finance,Developer,72,45,76,92,63,56,14,Yes,2,60.0,No,4,0x9e5bbe8b4b02b73ad155f5f4cb6f79dbc4877993,0xbb9f5fa51392d1aa8d6053a01cd156878054c277,No,2026,True,887,zkproof_0887_hash,HR_SIGN_0887,CONFIDENTIAL,CONFIDENTIAL,de158a3f7f9621ac9492124f6107987ee88b8137787378ccd7037a40dae56643
0x89ef5a54d9294c963c00d6713616737df8bbea38,EMP1890,ERRYD ANBPNG,IT,Coordinator,98,37,98,51,58,71,7,No,1,72.2,Yes,3,0xfd2f055ea0c513dd53938052c0ee9bbff088fa40,0x0043821d0bf6c4dd98e84d62ad5199af2c6f7b44,No,2026,True,891,zkproof_0891_hash,HR_SIGN_0891,CONFIDENTIAL,CONFIDENTIAL,4c1c1b438df54f373ea33fd0050dd8ab03bcf06a4e8ed9b2710dcc3beb182415
0x8107cfae31f59d179a032c136354e75892e9ddc3,EMP1893,XYPCZ WZAXGM,Engineering,Analyst,97,56,95,47,78,89,18,Yes,3,80.6,Yes,0,0x82bc858a34931562432bd9096424f06e40edb2c5,0x8a0dd4b6805f37b005c936fb4b8e616e572c7bc6,Yes,2026,True,894,zkproof_0894_hash,HR_SIGN_0894,CONFIDENTIAL,CONFIDENTIAL,c5423ea06fcc9919492c7962471cfc4fb06f802330a39d42c6c7e9dbc91d9f07
0x30dc5df95dead2be5a771addc74d45198d0555de,EMP1894,MCWLF CHUYYE,Operations,Developer,61,35,92,86,59,95,19,No,2,77.3,Yes,0,0x15266c6219a0c393490ba75e04fce55578636e48,0xa2e2309518a4f1a215a2970a20acd609a12393ad,Yes,2026,True,895,zkproof_0895_hash,HR_SIGN_0895,CONFIDENTIAL,CONFIDENTIAL,3eeb086bcb0583ff84e691e6c15a92f5430b6f98b282c8cbd395e024961d0cb2
0x1c454f32026631c642dd92496e1c2fa599367321,EMP1895,YMGOT BJWUGH,HR,Analyst,61,58,54,81,60,51,3,No,7,49.6,No,3,0x2a6a8dc181ee188c4a474ab8783771e50bc140cb,0xbfa3e67c1a3898184778c5d48c27ffee4ec40de2,No,2026,True,896,zkproof_0896_hash,HR_SIGN_0896,CONFIDENTIAL,CONFIDENTIAL,e7def58b7d22fc8808450475b7db4a0c5c7af69692263227452057b4c6dc409a
0x654439d1c8aa7f3292e134b02e8eaa750b78dc77,EMP1898,ESMYS MMGPJX,R&D,Intern,85,37,72,73,73,68,13,Yes,6,64.4,No,4,0x32a4c4a9af20924eff8131056dd68066d7d4934d,0x9785e433ca8d556c984bd4ea15e81a7b5c838c88,No,2026,True,899,zkproof_0899_hash,HR_SIGN_0899,CONFIDENTIAL,CONFIDENTIAL,a6a1e277ead4f09eac7394a32d4d2f7cefb81193cfa8b36133fd1aa4e7552595
0xa91ddc026e3e07ebd1df84019c7ae6390048467a,EMP1899,GMCDH RDFXTV,Finance,Engineer,84,53,57,74,80,42,19,Yes,8,52.2,No,4,0x511da8f0cc9eeb75bdefe4de128c4ca366e61a39,0xd70dbd030139c589699e3f9afc880c8c7b6a3be0,No,2026,True,900,zkproof_0900_hash,HR_SIGN_0900,CONFIDENTIAL,CONFIDENTIAL,a6485c16329fe8d46f221700810a2d0c451e7436810d2caf92489cd72dc08d21
0xbec0fde5794c2369d50b99b8c1a79ac9a0c0e6f5,EMP1900,XWIVW CNJZSR,Marketing,Coordinator,91,44,66,92,97,80,2,Yes,0,69.8,No,4,0x657127538f120ae3b711447e22d4ca48549907a4,0xa97aff904e48cafc36b53dfe2633bac6d62b32e7,No,2026,True,901,zkproof_0901_hash,HR_SIGN_0901,CONFIDENTIAL,CONFIDENTIAL,21f4e389974a4be2121cbb812eabb37dadda6d38dc03d07b9a4e6ebc789c8c74
0x2cced90e6532ca90fb42a8df9c2cebcc5d16930d,EMP1907,POJEW MOSYMN,HR,Lead,92,57,57,41,85,81,10,Yes,0,64.1,No,3,0x3d0e7725a43ed39128aa7005888a9e557dec994a,0x10bbf8d6797579f511cd3c263b63deeabcbe444f,No,2026,True,908,zkproof_0908_hash,HR_SIGN_0908,CONFIDENTIAL,CONFIDENTIAL,8757071cfc8e7f52ca69cc06a1307f199692519622298fe02b00363ac7a3cdf0
0x41c28a3023870943fffdf9fc67c805017c4dc936,EMP1910,SSMGQ GDAGUE,HR,Developer,96,32,96,99,68,63,10,No,9,71.8,Yes,3,0x19f3e31db0045d641f34c65cc1a90ee2fe61ac6e,0xd9ab97921d02d5bfa1467e69954fd90409d719f1,No,2026,True,911,zkproof_0911_hash,HR_SIGN_0911,CONFIDENTIAL,CONFIDENTIAL,a1f092a60bd96d5aa554f9109c094dda3bcb5afaa4cc9581cc474391538cea46
0x6410feb453e313d9ab8f72a65a96e5ae46a59669,EMP1914,PONVC YXHOMN,Engineering,Developer,77,30,59,80,99,81,22,No,8,68.5,No,4,0xea7de8bc72b23cb7ee13776d6d6038e76b9df6a4,0x735193afcbee336eacfe979a77d0ce9423f43460,No,2026,True,915,zkproof_0915_hash,HR_SIGN_0915,CONFIDENTIAL,CONFIDENTIAL,be5e1c5464080237f7d134e8dc87978087f21bb5152aa26f1bec54aea7452504
0x27fd76a2a172111de0fdcd5687db058d0dad527c,EMP1915,FGNZK FQWBXN,R&D,Lead,64,41,48,58,82,70,17,Yes,2,56.8,No,3,0x15100ad8c5680091ce0ee8527ce8c444db1d76b1,0x1c01e356c8be5a943acf7cbd18332a551440374e,No,2026,True,916,zkproof_0916_hash,HR_SIGN_0916,CONFIDENTIAL,CONFIDENTIAL,98b095883da749625980cd7bef0cf08159a6a79860cdd7452237a10bed374141
0x94287b7efb15d56c2d67b2185f96b2618786e060,EMP1916,PTVDB PMRSHY,Marketing,Analyst,76,43,55,69,91,51,11,No,9,56.4,No,0,0x0dd56b562bd5d079d7689e7a58f5c327d639651e,0x3a125b87f4188a9b2089b11c6e78b54de302007a,No,2026,True,917,zkproof_0917_hash,HR_SIGN_0917,CONFIDENTIAL,CONFIDENTIAL,2fc9035674d31d0ec7f8f4f4d784314fa3f4a5ebbd0ad153fda30bfa4bd3f4a6
0x1e004068914d498bcaedca64f2082e8e61382700,EMP1917,DGEQP HVYLLC,Finance,Manager,77,53,92,62,87,70,9,No,9,76.1,Yes,0,0xcfd4d38f83e1ae0319964c9a944fd8260f66847d,0x703860f4560dc7b60b50bf5e24128060abcc20a8,Yes,2026,True,918,zkproof_0918_hash,HR_SIGN_0918,CONFIDENTIAL,CONFIDENTIAL,d2be6b542a6c1633b494e1a3d6bc823eb6a08e0719cba98a6cb2b4d4dc159a13
0x45368b8bef20d5fe10b3c814eacbd61e845ba05b,EMP1919,ZIYKG MMXNEI,Finance,Engineer,78,59,80,68,84,45,23,No,4,62.7,No,1,0x1c9155e755b10b7b1c0b5839c1939557b852c8db,0x26e2e780629b99377089eb8014b577d214b7f949,No,2026,True,920,zkproof_0920_hash,HR_SIGN_0920,CONFIDENTIAL,CONFIDENTIAL,5b4481da81e99f73e826ce7bf4db5240b80032a7513a419158c43d3dd1a0170e
0x1fe9f4899d0d4290b229323cfe94814ea8971e17,EMP1923,VRVMH JVBDZZ,Operations,Developer,78,47,53,88,53,44,10,Yes,6,45.6,No,2,0x9f074be4fb0ab4cae43467fb5cafdf6bb96c0410,0x2a261905711fc37e4d49075abe066e41aa76759e,No,2026,True,924,zkproof_0924_hash,HR_SIGN_0924,CONFIDENTIAL,CONFIDENTIAL,2ce339c32975ee373929a75daf0c70273685f09dea0e0c506839965df7c3c7ce
0x328db8187d623065225f12fc115080c2499aabad,EMP1925,NONFS HSKBAM,R&D,Developer,96,41,55,94,85,77,23,Yes,2,62.3,No,1,0x6446e3543c8ae781f61b301088cc7bda7cef34f6,0xaaf29eae28b1782725c7c3d8e8a6798b7ba83eeb,No,2026,True,926,zkproof_0926_hash,HR_SIGN_0926,CONFIDENTIAL,CONFIDENTIAL,317336c26fc0979c5ac352c5acd708e4261d9f16102d3d493c7c4d7ff4b95555
0x0f3c615fcbe84fa241c52f71e65885864452adca,EMP1929,BAJFQ MUCAMZ,Finance,Intern,86,39,54,83,71,78,8,Yes,5,59.7,No,1,0xbdec8779f68fcc2a68056088a3f8a5cca2dc906b,0x0ab3ec59f8be073805ac3a4bff769d0128bd3f7d,No,2026,True,930,zkproof_0930_hash,HR_SIGN_0930,CONFIDENTIAL,CONFIDENTIAL,a2a24539d7b4138e3b93d343484d2f5a19b2fd5ba9fea0f4dee2f50d4ab00186
0xb72736d8e80c88a0265e4aa776fc65b14a9ab635,EMP1930,VXUZD BQPNUV,R&D,Lead,83,35,61,86,88,99,11,No,9,72.6,Yes,2,0x4c4cf4794e3b47644dec6f9a51744ed3b44bec54,0x97cc23ec9859d1486d547eefe6fb0a9021d763ca,No,2026,True,931,zkproof_0931_hash,HR_SIGN_0931,CONFIDENTIAL,CONFIDENTIAL,769f3b209f1e67a5ef346b906be285ecfc5abb2850c18e47ab48945b30b0174e
0x7b511738acc0e1c2fae7c955bcdd7792bb416961,EMP1931,LHMHG UFJKAF,Marketing,Manager,72,50,56,95,78,50,24,Yes,0,53.0,No,2,0x058634c63ed113ce480f4b14a307a3624c14dc86,0x84b657e07aa755834465045227e2a425cfddea01,No,2026,True,932,zkproof_0932_hash,HR_SIGN_0932,CONFIDENTIAL,CONFIDENTIAL,13b125f2b6d6d7aa4628172191aa93786ab413dda8ed7f6dfe9df970e87a8bc5
0xc8939cc835bf52e8003162bf8c36e40f71cfdeb1,EMP1933,HTFUA LLOAJJ,Operations,Manager,91,53,92,68,51,55,8,No,9,64.4,No,0,0x6ed12bd235dc4b55c983ee284f759355898cc8e9,0x54373b4bcead0802d49d39948a735a0d373275d9,No,2026,True,934,zkproof_0934_hash,HR_SIGN_0934,CONFIDENTIAL,CONFIDENTIAL,3ec8e8a39aa4e0ef581b01590cfd3335b2f6bc27cb2d460915989d3240af7784
0xb5b8482f0479af50c1a30fc2f99d57236b7f9f7d,EMP1938,HFKOH JDPFVH,Operations,Coordinator,68,41,80,93,95,85,4,Yes,4,76.9,Yes,2,0x01d50b775d66f3380daa5eac844277924cfd00ef,0x1680f158cadd9e0fdc965cd2d0c0afe071724923,Yes,2026,True,939,zkproof_0939_hash,HR_SIGN_0939,CONFIDENTIAL,CONFIDENTIAL,f95f48a56d044507d2d693fd6aa279f1eb97527f7da0259542694ad535fbbac9
0xedeea9c8129a61e568f946c7aad4a41259def2c8,EMP1939,NGKEQ PJZGDH,Operations,Coordinator,99,49,72,48,52,96,10,Yes,6,68.6,No,0,0xd1adf1c55c9aa37aa35af48e6fe7c75b8a672e4f,0x5b3b549cf490b3abb05360e449588267bfcc3904,No,2026,True,940,zkproof_0940_hash,HR_SIGN_0940,CONFIDENTIAL,CONFIDENTIAL,761f80211d62860a5d1dfee0adbba389acc2edd3a3fdd93bb4228407f4f40148
0xc45f2ca3a1714ba6cf4c0fb967ed2b01ec2f6ee9,EMP1940,GZYIQ NVQBSQ,Marketing,Analyst,71,48,81,41,67,51,23,No,4,61.5,No,2,0x8d26993026754e009fe71825f856aedc905d679a,0x35094be399f569b7ae1378e58361cbc73147423f,No,2026,True,941,zkproof_0941_hash,HR_SIGN_0941,CONFIDENTIAL,CONFIDENTIAL,087ec894d948d05d00908f59d5c3a5e55c3f0ac969607e0cc4ecb2de4ba4afda
0x545e0af40b3e087d3165b55030188662c36d18b7,EMP1943,SHUIM XOWGKY,R&D,Manager,91,31,49,84,65,45,21,Yes,7,46.8,No,2,0x321392396138c985e8f5ccf67cea4057989075ce,0xdf3468c09bb9f98cce4725bc70cc6fbd893fedaf,No,2026,True,944,zkproof_0944_hash,HR_SIGN_0944,CONFIDENTIAL,CONFIDENTIAL,f4ad26cedd04dee13e066eb4cdc958d952b5f47c8d3e5bc5d71422f50eea0fd9
0x9dba06d4d1761cf0c99a5f022a5f53ab4072f22b,EMP1945,BEHOC KMHHQC,IT,Intern,65,32,57,67,87,82,20,Yes,1,64.9,No,2,0xc4bbbf94d79bf55abc24c427085174d17458aabc,0x4ef5fd53b30639cbe0c0fc59a215c896600694a4,No,2026,True,946,zkproof_0946_hash,HR_SIGN_0946,CONFIDENTIAL,CONFIDENTIAL,04975554e0285961138a6d72b672a92565e4138436789fde8f499826e4d6d827
0x616f3ce04225fbb5e9f7bbee2e970013e582494a,EMP1947,BHUDM ZIJFDN,R&D,Developer,88,37,78,72,72,77,10,No,5,69.2,No,4,0x86a43def0519bf4fdbae909c4d044704d5246d1e,0xdd5988cc810a3d1464095f1f1acbdd94b79e6ca6,No,2026,True,948,zkproof_0948_hash,HR_SIGN_0948,CONFIDENTIAL,CONFIDENTIAL,8771becd32f065457948277ba83fb0380c74485b8c84a18c99e5e151e2b0806b
0x89ec8ee46651c6c876fc14cfefb259165c5e4d29,EMP1948,THWRP ZKHEXO,IT,Manager,68,53,75,88,80,87,24,No,7,72.8,Yes,0,0xdba3f9327cc9817d979c84b9bfb2829481488f2f,0xa7ab6758d971f7529ebc9ce6d0a8303eb17cb7d0,No,2026,True,949,zkproof_0949_hash,HR_SIGN_0949,CONFIDENTIAL,CONFIDENTIAL,bec2e550969e202eb889cd309ac818876150de31bc6badbace836f1e5af899c3
0xfd7b6e8cfeb04c2fd63d2e7b11365cf7c6833ebb,EMP1949,YIZER VKBNIM,IT,Coordinator,79,42,49,52,67,51,16,Yes,4,48.7,No,3,0xabb299a9a59cce9d9ce579ac267b79a1d05e2df4,0x5e86ee4ff58c862f96587c571e452f126dbdc719,No,2026,True,950,zkproof_0950_hash,HR_SIGN_0950,CONFIDENTIAL,CONFIDENTIAL,4b18f5bd01d1bd1fc20ccf33d74ba08c30eee828554e6318688f4c1ecb030497
0x8d245215bcc42e76f675085a1972aae764123257,EMP1950,HPMYM XATTBH,Marketing,Intern,73,45,63,71,50,69,7,No,3,56.2,No,4,0x1f38b857d755ea6d751af1d2c123eb0ffd94134f,0x49585ca5b57d1a6daa1735314cf61f6b42351f99,No,2026,True,951,zkproof_0951_hash,HR_SIGN_0951,CONFIDENTIAL,CONFIDENTIAL,f2b66603eacbee6a0fdd50a1d0d420a2cdb7ea0daad9824221c688aa2239730d
0x7384814663dcad1abc4b3107d1dce95f4b5eb5ee,EMP1955,QUUPC TSUSZS,Finance,Engineer,64,39,90,85,83,79,3,No,4,76.7,Yes,0,0x6d36c49fa97424e754450603a8872aa9421e7732,0x3eb427b4af6b330540c1f06abe41fae5e10c36d3,Yes,2026,True,956,zkproof_0956_hash,HR_SIGN_0956,CONFIDENTIAL,CONFIDENTIAL,a1e634231fb2f0ee51b10301fa950f78ec62526296f7bd581342fc870003d850
0x3f5ada5f266f286fbb5e1c6bc0fa62297f41dfa0,EMP1961,DJNZT CMFXSY,Finance,Analyst,76,45,81,85,74,75,8,No,7,70.4,Yes,2,0x4cdac705a417df06498cd581c0ef54c366d1f38c,0xf382a7c5452ae8bdf24b4f0f0919a168847ba2a7,No,2026,True,962,zkproof_0962_hash,HR_SIGN_0962,CONFIDENTIAL,CONFIDENTIAL,85a2b2eb2a60f299225ff9ab581367ded72d133835c7ac50ba1576d53142403d
0x9aa338eeee2e696abd0d14338d6307e4d768d14f,EMP1963,JZODR ZKNJKH,HR,Analyst,84,30,81,96,78,65,11,No,7,68.2,No,4,0xd33dabe4e164db9857addbdcbace37fc6964f8e0,0x34251f0c2f8d30f4cd849b5eaa35ce3c89846234,No,2026,True,964,zkproof_0964_hash,HR_SIGN_0964,CONFIDENTIAL,CONFIDENTIAL,28ac229e357bd5849e7ab0186fc318358d9a39e76672d3cda6d05c6b700631f7
0xd31d6f2e67ea3019971754ad6be1510888248517,EMP1964,AYNZF DQBIVO,HR,Coordinator,88,41,74,68,79,63,21,No,6,64.9,No,4,0x92e6df5ddd0e75ac5d0c481cf017b1c5b5d679e5,0xc0d30e7d30223dce54fdbebe56a9632181d50c54,No,2026,True,965,zkproof_0965_hash,HR_SIGN_0965,CONFIDENTIAL,CONFIDENTIAL,09fe0b6db67601ce3d8775c15a1d52fa1cc5e6420582615e7f3622cc0888c56f
0xcad9e82c58fcaa964dc54589e5518c6fd1b43651,EMP1966,CFGOO VPITEX,IT,Analyst,74,39,86,59,93,63,17,Yes,7,72.6,Yes,1,0x3a38d7fdb2e87edcef2aacfeff3b780be691e156,0xa3489f646808f2dca6486177f4b1adad4b6796ad,No,2026,True,967,zkproof_0967_hash,HR_SIGN_0967,CONFIDENTIAL,CONFIDENTIAL,59f2e07161c3b8246caba46bc4ca10d1d79f767186418e71caf52cc9c7f0cc5b
0x8da3824d4ba57c9187e0a23df7702d9a3569b6cd,EMP1969,QPHTX MXFUZT,HR,Lead,67,41,51,59,88,92,5,Yes,4,66.0,No,4,0xa174c12d7b06703f0f93225839c21082797aa4d7,0x05f118e5a7608354e2698df66e90879f32c71e64,No,2026,True,970,zkproof_0970_hash,HR_SIGN_0970,CONFIDENTIAL,CONFIDENTIAL,d1a37e37ae481f5a43e822dbdae72f52610b194e3078dba7b8089d18a1ff282e
0x885bb9d64a1191214f120ad8d10c3f2ad75fc24a,EMP1972,MYBXD QXKENG,Engineering,Manager,98,40,68,80,66,54,2,Yes,5,57.1,No,3,0x9544e4de11b0fae75a89f2c3be022e7ced81c617,0xe304e64ba44667a7d61a05f26fb192cbc8462d89,No,2026,True,973,zkproof_0973_hash,HR_SIGN_0973,CONFIDENTIAL,CONFIDENTIAL,bc37c4bafd53996005b204ac5b5163f8c664c5d62a750b4533502e8ca4ff6f9e
0x6c6a3699aff17e94d6f6bbe55d52b1fbbaafb421,EMP1973,BXOGS CAXPPT,Operations,Lead,71,48,84,62,85,75,2,No,4,73.5,Yes,4,0xfcfb316bcf2c05982c27ce39c57ddef216f7fea8,0xb10a2f9dde07a1eeb34768b8aeddeab03250ff08,No,2026,True,974,zkproof_0974_hash,HR_SIGN_0974,CONFIDENTIAL,CONFIDENTIAL,249a5dbfab13c6470a8c808a111a6ddf83041bf8fa6d9020c3ff7b0aaddafc1c
0x1c4bd47295b045b0e499c726743132d64f897fb5,EMP1976,EASSC OIFSWE,Marketing,Developer,69,37,55,74,96,81,21,No,2,65.7,No,4,0x419d9482a9f0d72ebd79c7b8b6500018a2fa8d32,0xe6284a5b9a825b4bd95877a65ae02ff56c0ed619,No,2026,True,977,zkproof_0977_hash,HR_SIGN_0977,CONFIDENTIAL,CONFIDENTIAL,d1bd15406553e9cbf5b620c54a39b0d46d53c3e97d52a0cf494861669a7c857d
0xc0df7d90e87afafbd8003d9ff0f399504a407039,EMP1977,TFKTW YYJOEA,R&D,Engineer,83,36,95,64,86,75,21,No,7,78.4,Yes,4,0x9ddb5997785e6acd36d155f86504ba79dbd85681,0xc62c79466c02299b05ec20b4e2b210cb31783412,Yes,2026,True,978,zkproof_0978_hash,HR_SIGN_0978,CONFIDENTIAL,CONFIDENTIAL,5ae108fda5b974c2f490257fd8f45fc050ca84ed05d1e101f8081f991a1cfd24
0x7b80d45ec330d8ddc78fb19f94fa2f729ba24632,EMP1985,WDMYZ LFKGDH,Finance,Developer,68,33,73,60,80,63,6,Yes,0,64.1,No,3,0xb9a1d0a151c96c30510f154308bf670b9ffb7f26,0x5b50dea0739c4cd55da900669f4a68e48d060390,No,2026,True,986,zkproof_0986_hash,HR_SIGN_0986,CONFIDENTIAL,CONFIDENTIAL,20e826d75195bb85275a37a7764eab7973ed46da8a3c642c153dadd23867b34b
0x0435c69dcb085e2cbb864ba0c891090580c7459c,EMP1986,AHSIZ SLEDKL,Marketing,Engineer,62,33,93,82,72,50,18,No,2,66.8,No,2,0xefc11b53292723b753af53fb6ca7c4489766041e,0x4633313a0149204ae9d79fce1c6be20d6fded545,No,2026,True,987,zkproof_0987_hash,HR_SIGN_0987,CONFIDENTIAL,CONFIDENTIAL,d5950cad00e6387fd85e39f71a17e3ae9d4852bce5b604d5869f3f62fc5a8757
0xc2b9d45b5ae1b83f41e039f03596771500db3367,EMP1987,PPYBR HVXUTU,IT,Coordinator,92,31,76,56,62,79,14,Yes,2,66.7,No,4,0x9dd17e217105875aa98d0df42ef20e703b7cdaf2,0xfb12eea3b7d028f37937c949f980b494197b4f2f,No,2026,True,988,zkproof_0988_hash,HR_SIGN_0988,CONFIDENTIAL,CONFIDENTIAL,74e800722f4e3dc7bcf0ba4a10db69eb432257266d8613c0411536681dd55f21
0x6b792902e689bd320ed3b76a7e7ee6ce38cb4a1a,EMP1988,MCFCN RJJQIH,Operations,Analyst,80,31,69,65,79,54,6,Yes,1,59.7,No,0,0x9f59bc539f3dcb4d91d4385c4652dac84d63797f,0x64a51dfdb094bc2fdc94b76dfd3815a7f51f5b33,No,2026,True,989,zkproof_0989_hash,HR_SIGN_0989,CONFIDENTIAL,CONFIDENTIAL,0b88523918c34f0445f719cd2bcb9c2debdb6a29df4d3371e96075613b7832c1
0xc7af0b3ea451c1e87f2153c8d5b44acc29d15a9f,EMP1990,SUCXA KBNZQM,IT,Manager,65,50,77,73,83,81,4,Yes,6,72.3,Yes,0,0x32af5b729e553c04f48a1c8c06bcf8e7f3192c00,0x7fac52692b6cf17fb8e24820c6f6fc0fd306a9e1,No,2026,True,991,zkproof_0991_hash,HR_SIGN_0991,CONFIDENTIAL,CONFIDENTIAL,7df203d4c8ec4f983d9cc5d5c40005e765fb31d0362e801fab503e6bad60720c
0xfdd0654a61ada25e84ea8cf923150be10619365a,EMP1992,DTREW TMYGUX,IT,Developer,94,58,97,70,89,65,11,No,1,76.2,Yes,3,0x256e91cf360651d085d7d75218b13c18ad33e92c,0x3852875e7616be96e8edc4927972383eaa171238,Yes,2026,True,993,zkproof_0993_hash,HR_SIGN_0993,CONFIDENTIAL,CONFIDENTIAL,7434fc989618c5aaef7edcf40d62c7595b7cfe47eb80c9c85510b70d657d140c
0xe3ebdea47b08beb8073dd2c293c844128ddcac27,EMP1995,AIUZF NWNVJO,Engineering,Manager,93,35,63,60,77,78,12,No,5,64.5,No,2,0xa36cf65e86bdf9d0a9cb5f49a71e5599e4de9805,0xf7a6d04ce050fa3880c3c55a06aefd952ef6c1b3,No,2026,True,996,zkproof_0996_hash,HR_SIGN_0996,CONFIDENTIAL,CONFIDENTIAL,572f5e1f46c1cf9acd9b366e07d7cee3e55b83eb0e726707779e63a6bcad4e5a
0x01cebd088b71adb9a434340ecd0a3dcdb4de8b23,EMP1996,ADGOJ TZUVNB,Finance,Intern,84,56,53,52,68,70,24,No,3,56.1,No,0,0x1e571ee851d8cbe9a6f3d2cd7e38cba7fab23065,0xa66536c953362176913cd82e604d3557e519ebfe,No,2026,True,997,zkproof_0997_hash,HR_SIGN_0997,CONFIDENTIAL,CONFIDENTIAL,6aad154c59604fa9b64f0940a9676506ee4542d051dd8a6e1c2e5f49b48648c0
0xf4e94e6c8d4b8d1e3f8ef67348a36c75032c9e3a,EMP1997,KIWBD TEXPDG,R&D,Analyst,87,58,99,43,84,51,7,No,4,72.1,Yes,4,0xe0da7cdcb26f2d197edcf8461af05d0d5ca47c79,0x6a37c136e6ed2ee79669c2cc1c27d8f9efaee8de,No,2026,True,998,zkproof_0998_hash,HR_SIGN_0998,CONFIDENTIAL,CONFIDENTIAL,4f5b6e63ea01fff4b93a972916ebf9234dac2a43d21841bd3e872935f944d7ea
