wallet_address,EmployeeID,Name,Department,Role,Attendance (%),WorkHours (avg/week),PerformanceScore (0–100),ProjectCompletionRate (%),BehaviourScore (0–100),SkillScore (0–100),ExperienceYears,TrainingCompleted (Yes/No),CertificationsCount,ReputationScore (weighted composite),AppraisalEligibility (Yes/No),PreviousAppraisals,EmployeeWalletAddress,ReviewerWalletAddress,DAOEligible (Yes/No),appraisal_year,eligible,sbt_token_id,zk_proof_hash,hr_signature,BaseSalary_masked,ProposedSalaryIncrement (%)_masked,zk_input_commitment
0xcf37173bcc4a4b8d738c47b3eefe060b3dda9e52,EMP1000,RBDBD RBDAML,HR,Lead,64,47,3,90,74,58,7,No,2,33.6,No,2,0x665688320c63f76ae4b19cb5965d395e1deb1dd6,0xe3d9c08cdd3bf83cd2067e8108bdd0d959f55112,No,2026,False,1,zkproof_0001_hash,HR_SIGN_0001,CONFIDENTIAL,CONFIDENTIAL,23d4ea39956f80cf4ea540cdb9c70e2424bb2eaa159b8bb17c98e250bb7d8921
0x8a975e5a8fe756485316bcf76d270eae03b84777,EMP1002,LZIUC ZGQVHQ,Operations,Developer,88,34,5,81,66,52,13,Yes,4,31.2,No,0,0xc5e8e973c56f11ea5c8c11a76fef6477dfeb1a3c,0x1b9bd687a025c90b7e8f1689eaad48a031f5282e,No,2026,False,3,zkproof_0003_hash,HR_SIGN_0003,CONFIDENTIAL,CONFIDENTIAL,518b5f6ddf671a8b5dad023f4badb67359dcf5b32eb63015484de6fdf77e0f45
0x84d62ce0f94277fd07d92f7deafde7a3e3c029bc,EMP1004,TZZCY YUUWGJ,Marketing,Coordinator,87,48,22,91,83,91,9,No,6,53.3,No,2,0x9869c70ae2668102de89b45ad98c93acc3923e60,0x45eadadca969d0128a0f948907be80d26635435b,No,2026,False,5,zkproof_0005_hash,HR_SIGN_0005,CONFIDENTIAL,CONFIDENTIAL,bd4464867a5b80236cf72a9ad0da8377383239e97dcbf7d4293a084c8726e273
0xbd008615f8bef68b7c70b92a77907a65256d9f0c,EMP1007,ZDZMJ KJKHLN,Finance,Developer,60,36,40,81,63,75,16,No,3,51.4,No,3,0xc854ef12d4c120c432235efde173697211514430,0x6de2321f31454eb61c7b714aebd5e8934f4d4e6b,No,2026,False,8,zkproof_0008_hash,HR_SIGN_0008,CONFIDENTIAL,CONFIDENTIAL,4c905d0f67b2dd9f5e6034c7b1722c1575ae8a22873fb5d14482cb439d2886b4
0x2172c627fb736153b37c0c0c0d0c4e54fb3a9970,EMP1009,NKPZN AJIZAF,Operations,Developer,87,30,45,69,93,67,5,No,8,57.5,No,1,0xcbf79783dbb54f36b03e1bbe8cdb429c52ae4abb,0xd9ff66f1b1922ecfbe520e579e3aab116936f88c,No,2026,False,10,zkproof_0010_hash,HR_SIGN_0010,CONFIDENTIAL,CONFIDENTIAL,7a347e873465e0e7b77c3e677009b144cb0f6b62a421fd91185501bb618eaffc
0xfdd94882905cc00e478aefe72244425b428beed3,EMP1013,AJQBU UVATIY,Finance,Engineer,94,54,6,43,77,90,23,Yes,3,45.1,No,2,0xd5f62f03cd8b4d20ec436502e3567b73f665ffdc,0xd226feaba29c7fa8841d7a5ece0f5f713330cae8,No,2026,False,14,zkproof_0014_hash,HR_SIGN_0014,CONFIDENTIAL,CONFIDENTIAL,17499cc2d3989dbadae65ebb9e46d2b9a65e849ca0f8f08b787d60e37ab07a33
0x50a12cc82abfd949d486ba9f21abb3885065cc90,EMP1014,ZOEUJ UKCDVP,Engineering,Manager,67,58,40,71,80,70,12,No,3,53.3,No,2,0xbf775b6ba57b56614619a2c0c679685a03bddf92,0xb1d8fc2d36676f0d6ee7b0c10483a8558b74f672,No,2026,False,15,zkproof_0015_hash,HR_SIGN_0015,CONFIDENTIAL,CONFIDENTIAL,a208f7af714557e6b70670deb4586cf1294ce49edbcaf0642885878b02b86cd8
0x2366c9db986abd2dbf82beb4dbee20f4db3806da,EMP1016,LICCB SJMQDG,Finance,Analyst,62,50,32,65,83,80,2,Yes,1,53.5,No,4,0x2dfd87091aeb53b8ef353239d336b7bb9bffbde0,0x4f5f3b40e50d849466165a738c92b2677d82a081,No,2026,False,17,zkproof_0017_hash,HR_SIGN_0017,CONFIDENTIAL,CONFIDENTIAL,9da83d77eab933d51b7207544720b7e76a3f53522892190c4f9554f864e8de50
0x9ce7c6db2b9401402f8e0b1811f8101500a3ebff,EMP1019,IEQXD HYMVUI,HR,Developer,95,31,31,78,73,44,23,Yes,2,40.4,No,3,0xa7a852c3dc229e8eed09622c90faebb9496d8cf4,0xff7c4d55aa39f435b75a578182e7b0e14a1be607,No,2026,False,20,zkproof_0020_hash,HR_SIGN_0020,CONFIDENTIAL,CONFIDENTIAL,407f62d3ea0f0f52bd46e4831c369cf00c523d2f753e2f995e3df106b9a56dc9
0xb2a27faa0d4475e0d1af0912c8e146f22f280a4e,EMP1020,HQOXF APXDCH,R&D,Coordinator,93,39,42,42,85,83,18,Yes,2,58.9,No,3,0x072fe9a3ebb880b7cd094e6f90cf4f62dd6bdff7,0x5b757f968a003154a21a4e49b38196aa18e2466c,No,2026,False,21,zkproof_0021_hash,HR_SIGN_0021,CONFIDENTIAL,CONFIDENTIAL,bbeb4c6f8440ff1df4ffdac1b07fc717241c6f4e7a40371cede9c625addbc91b
0x52583f00d78bc593a19553bbad1ee7cf2ce94c55,EMP1022,SPWSZ POYIBB,Marketing,Coordinator,86,39,13,59,92,44,19,Yes,8,37.6,No,4,0x6aa20500ca302c2eafe28530478859480d8dc3f1,0xc72a7a74fc1c8590966b8d0ed5a4a37874a34504,No,2026,False,23,zkproof_0023_hash,HR_SIGN_0023,CONFIDENTIAL,CONFIDENTIAL,96316318eed59239cd5e628a018483c648e32bb55273fe77830efff911ebf91c
0x746a7979a70fc443ff39244876adde53b87df1dc,EMP1024,RZVIL FFCIGU,Finance,Manager,78,41,23,99,79,91,10,No,0,52.3,No,3,0xeecd50d4dc5ba322f6185701bd045a53fa70e538,0xb07196657ac3825b83f4a845f21ff258deaad914,No,2026,False,25,zkproof_0025_hash,HR_SIGN_0025,CONFIDENTIAL,CONFIDENTIAL,990b99a204ef3586793c88a97334bc4ac6a79d81011ef4aa50812c7c4bd2752a
0x3cf16888cef51f334974a627a6ffc3fcbebe0cad,EMP1025,UJVOE ZJUYXQ,HR,Lead,89,33,43,78,94,62,15,No,5,55.1,No,3,0x9f870fc1f39e3d01fd8820e888f0c71d21b35e3c,0x81345fd7acfeb8c2d4d528daa38904bc1b13f4b0,No,2026,False,26,zkproof_0026_hash,HR_SIGN_0026,CONFIDENTIAL,CONFIDENTIAL,bc2fe81044fd1396118dd367c9f196ebd26852f3658258ab976801affb9e86a7
0x6eb7f66ea5cf30edc07cc1b1a42be1497ec17bb0,EMP1026,AJRKH QCGGZM,Engineering,Analyst,94,48,40,98,88,96,13,No,0,62.4,No,2,0x4a690164fccf9adc80adcfac6d3ea8d9f951a7fc,0x5d266fa037a4b0c7cc092be97789213ebd90ed06,No,2026,False,27,zkproof_0027_hash,HR_SIGN_0027,CONFIDENTIAL,CONFIDENTIAL,ad0fd6808efe99b451f5a75997f07e1e7eb4ae7b1786ea426c133ea897b77a0b
0x41bb362ee9bad17cc59dc4e5e24e8d01286d771d,EMP1028,TPRDP SUOXBE,IT,Analyst,82,40,21,63,70,63,15,No,1,41.4,No,3,0x27e9de8821b10f676a5806cee53d64cb0a9c2f8d,0x13121df5796cee3c1b2f245515532835d7c8b072,No,2026,False,29,zkproof_0029_hash,HR_SIGN_0029,CONFIDENTIAL,CONFIDENTIAL,202f07fb0ddb33cd12193023426c7c90a8f24f40ecc1b0c6fd456d9f940ef7bd
0x1b5c864b0f93fa62e4ac8f1f8e4c38a8cd0165a7,EMP1029,GVBKN YRBRXW,Engineering,Developer,90,46,46,68,79,73,22,Yes,6,56.7,No,4,0x55931362a324bcafb500a21da52878add532c144,0xb58c9f0b0ca5fb1314f4658a5dbbf7ecd86ddd9b,No,2026,False,30,zkproof_0030_hash,HR_SIGN_0030,CONFIDENTIAL,CONFIDENTIAL,f3b5428fc3c97a39eb0ecec8ebf3fa5a60666b53e8faf3ce15d5dd5c2adffb4e
0x3491de4509b8ed3418f902ca28bd85e053a0cbd4,EMP1031,EJLSX QTGZBV,Engineering,Intern,85,59,18,69,71,84,1,Yes,7,47.3,No,0,0x454182d25c536168b1b5d2160a2510e7c22df793,0xcd81c6e076da51d7f02c857656e45d39721f9ca7,No,2026,False,32,zkproof_0032_hash,HR_SIGN_0032,CONFIDENTIAL,CONFIDENTIAL,7c4a1b83471efa8eaf4297a122ba3a373676744126234f1efc171f1226afe191
0xb4cd1bb4b1b430584cb3f3396684634fcc7dc790,EMP1033,KHMOT KTBJLJ,Finance,Developer,87,32,42,64,62,94,24,Yes,3,57.7,No,1,0x7ce2aa2cc11432d01ab9f9316146c102f18e2800,0xb776875cbcaa93b3d062111cb01aeaa2cf5e95e4,No,2026,False,34,zkproof_0034_hash,HR_SIGN_0034,CONFIDENTIAL,CONFIDENTIAL,a16d18e014384d199575cedc99e0e090fd0ff025e183e0d4a591959e5899ce47
0x309dbaf116e48421658e62d7c7109f01a525d09f,EMP1040,VSBYO VVGAPV,Marketing,Coordinator,95,40,2,41,68,73,23,Yes,2,36.5,No,0,0xdc06ada4e0e49dc8c070fad4c11ec10dcb6d3788,0xab2df1069133def52e46d9607f59bd9a530a1325,No,2026,False,41,zkproof_0041_hash,HR_SIGN_0041,CONFIDENTIAL,CONFIDENTIAL,6f45ef0cab861ca24428dfa22e627de6b5a6d039a1b11b2abe0350846f102c38
0x2f846a00e93d5988b493133d28e630ab52319b51,EMP1042,QTBIL ULJZZA,Finance,Developer,76,46,38,87,58,49,10,No,4,41.9,No,4,0x4b942d4003dd0ff54fc64e3e4cde63cdbe8f6b33,0x716a91564c02394e2bd5d3c45d10a538a6ccc886,No,2026,False,43,zkproof_0043_hash,HR_SIGN_0043,CONFIDENTIAL,CONFIDENTIAL,3a33b19b0a75367fe14d90621f1210125512b619281186cfe5c5902a2825a6de
0xd100562214e8e1ac662cc517d791f69dd3af82a4,EMP1043,NFBLX XDFTSB,R&D,Engineer,85,46,16,49,86,60,10,Yes,7,42.3,No,4,0x933aba9c11246abc6de79cac332715b482783a84,0xe37d6e01524edc102a3c6c33f42f709061a47fd7,No,2026,False,44,zkproof_0044_hash,HR_SIGN_0044,CONFIDENTIAL,CONFIDENTIAL,7271177272c2ab20d6a18a2a37f7e14ade2a7a29ee56f3375ccc2710c1cfdbb0
0xe39e75a5e3e04812d8ae310f6781f9f573322cbb,EMP1045,JOLET EZSEWB,HR,Coordinator,90,33,29,85,56,97,0,No,3,52.2,No,4,0xf63077d65d9a744d5d1f8edbd38d185e2556d5fe,0xf2b96f4b75bcee5317617e3379e29d51d2897d7c,No,2026,False,46,zkproof_0046_hash,HR_SIGN_0046,CONFIDENTIAL,CONFIDENTIAL,b50c718919fec4f559fbeff2a1e653914685953ccdb51c590ee5b75d0812fc76
0x0d38605bd807987311144db59bf433376daad32d,EMP1050,LNMKG JUXZAE,Finance,Intern,87,49,25,79,81,41,1,No,0,38.5,No,0,0x1a9edce7a1eb9a20440a6f2844359746ff558958,0x715213853c8fb489f4842383376122ec4ea60710,No,2026,False,51,zkproof_0051_hash,HR_SIGN_0051,CONFIDENTIAL,CONFIDENTIAL,848b74ec75b184b7e411ec5582cfd28e830b5082f968ae05044b6ad33269f62f
0x2b237e6773595f3090d9619baa91e89c9db0a7d9,EMP1052,MRWXW RDKCFE,Engineering,Coordinator,64,35,1,82,98,42,19,Yes,0,32.6,No,2,0x83fb6e2556e4deff18e24a05530b6398d7b95ebd,0x17bd06e48446615a244db2f136d558fb134e5dcb,No,2026,False,53,zkproof_0053_hash,HR_SIGN_0053,CONFIDENTIAL,CONFIDENTIAL,7185f044cf14830c68693d5f1b0ee7b756b2df4ddf7a4407af8499700b2b94ed
0x6141811b453edf942dcbedad3321efdf3dce4ee8,EMP1053,PNNSO FUEZWC,R&D,Lead,96,51,34,92,53,47,8,Yes,4,38.7,No,4,0x9fbe3147cfa77a0f68401964a34ac36c1db8b9b0,0x719b135fd63b0472c46d10718cef210ea3d09622,No,2026,False,54,zkproof_0054_hash,HR_SIGN_0054,CONFIDENTIAL,CONFIDENTIAL,e083dc99c57e99f43d8a9e4f9dfa70f3b80775cf113f47ab11446ec4a6b2b32c
0x9d88a5b9ecc49c893aaa02aef60b0d59c54d9ab8,EMP1054,TUXPU HZJNGD,HR,Coordinator,65,52,42,56,60,95,6,Yes,5,57.8,No,1,0x08dd645ac102a777e5045ee22708dbc0eafc0333,0x845d6466ab8c50adb5f70b1d29fbe1eadb3b7ee7,No,2026,False,55,zkproof_0055_hash,HR_SIGN_0055,CONFIDENTIAL,CONFIDENTIAL,7f7712c5347e5201bce1456e01f42ff0401c375de786ebca7d8b968b3dcd28a9
0xa636b95668f1a076e0c8525635d66b11ef10076f,EMP1057,QSSDN QBMSCT,IT,Developer,93,41,37,45,91,55,16,Yes,2,49.7,No,2,0xb72030b81a383108189d68fb636aaab2c7cd79e3,0x9b8c9abbfd6ede6ce0f0bd5966afff59c0db578f,No,2026,False,58,zkproof_0058_hash,HR_SIGN_0058,CONFIDENTIAL,CONFIDENTIAL,9dd9ee2bbdea0a61285f3f77f0ec94a22c80e531e8887c2b05ed8a3f1d93145e
0x8a57b375438bbf3587534d289464d6eadbdc029b,EMP1058,QMAZG TYEUNK,Operations,Intern,84,54,8,62,78,41,8,No,4,31.5,No,0,0x547c2765b2ae5dfdcb518d9c69a1fda187bb7455,0x6ad85654e220f5846cb2bbff2bb46246e75135ef,No,2026,False,59,zkproof_0059_hash,HR_SIGN_0059,CONFIDENTIAL,CONFIDENTIAL,7aa2108995c82d80a2601ed3676d2f83e3b0110dbd0c48d1698700b6cea4555b
0xe0a492fa691b152fc548a6b31af40a8231d9f6b7,EMP1059,CYHVD SQEJOE,Operations,Manager,73,51,18,61,54,95,11,Yes,0,46.5,No,2,0x55b94757ca227e0f4daf1bc6dce740007ef53cf9,0x202e8d751bec42a8f58aaa80ab42b216bc612ef7,No,2026,False,60,zkproof_0060_hash,HR_SIGN_0060,CONFIDENTIAL,CONFIDENTIAL,42f5ce40d7fc0836810579553b34d49fb5c47665bf90d752a2bc979bc5642c9e
0xfc71d8f9277909e3a74bed66adefa09490b9431c,EMP1064,NOXZS ZFHCZV,HR,Developer,74,44,35,90,52,49,7,Yes,1,39.2,No,2,0x67af3d89b3452bce5c3ec101a1c20737b076d694,0x6544bfb4860c918cdc869a172fe09b458eea2945,No,2026,False,65,zkproof_0065_hash,HR_SIGN_0065,CONFIDENTIAL,CONFIDENTIAL,e2f07d004c5476c6b7d7d0be2f500968b3895f73c502b335cb584f8551ded0ca
0x3e310461f7d5b0f0bbb5f4cedff1db9d95fefde5,EMP1065,WMKPS GYBYGE,Marketing,Manager,74,45,6,51,83,70,1,No,6,40.6,No,1,0xc932f29dcdb1ae68efc65248c579acb8bbb7b205,0xbe8f224b5ede05fcd461582cd6ade53c5a3a730d,No,2026,False,66,zkproof_0066_hash,HR_SIGN_0066,CONFIDENTIAL,CONFIDENTIAL,40c737178708061ffe627e945acde6de05f0c51c1940c54c38e55cdf745d9b8d
0x6da78d67b19a7852ef2539ed2b8eb418ad96bab7,EMP1070,IKGZM VSTYMQ,IT,Intern,90,34,7,54,78,40,22,Yes,4,30.8,No,2,0xcfef07731e3939cb09437a11c199f1583fbb641b,0xb60950265e637451d15e20a5dae4e1cdbfbb1ba5,No,2026,False,71,zkproof_0071_hash,HR_SIGN_0071,CONFIDENTIAL,CONFIDENTIAL,b793e66148c816ecbd084b4c3845ce4c161293a04dd9272427213ea89f374308
0x7cf3341998a1b548ead4fc42f6bb8e71c72c42ad,EMP1071,AIEER DLECIN,Marketing,Lead,84,57,40,96,59,87,16,No,5,54.4,No,0,0xe45dc591500c83d8d755b4cbf10bdfb49ea6c3db,0xd13291c47ae6bb307be6551e213ae0d98fe54a24,No,2026,False,72,zkproof_0072_hash,HR_SIGN_0072,CONFIDENTIAL,CONFIDENTIAL,54ce84d63b9b7633ec72855a2e16cd07ec46e3eca525795f2a6936d2eba8c86f
0xaccb227d184d5e15565196e8fe325547f3aa3f48,EMP1072,VLHIZ EZEXCK,Finance,Manager,94,59,22,80,65,79,0,No,2,45.7,No,4,0x2e6af3612f6664e3987d74ad3686ee620e284c0f,0xb9680a7241dc5f414c4381ffcd06cba1f95872fa,No,2026,False,73,zkproof_0073_hash,HR_SIGN_0073,CONFIDENTIAL,CONFIDENTIAL,62f84fdd5d6c1669f5d9d0d4350d853ad3391a6ef72a07f5617d56f353d14666
0xc5a5fdb5c6e625b1d27990b390033380415124ca,EMP1073,NHATM VJUDVR,Marketing,Manager,76,58,11,86,82,47,1,No,5,35.4,No,1,0xf19cbbcfd7ed06efa63f49bc9eacf4e8a32915dc,0xffe9c248f9f43480b4030de61c874892773ec804,No,2026,False,74,zkproof_0074_hash,HR_SIGN_0074,CONFIDENTIAL,CONFIDENTIAL,84654237610e6e7682fa518a9f37c68f00a08645064e6234bac228780d918876
0x02d836b6f7983f4ee60b3970f22090a804878abe,EMP1074,QDZSJ HFAZPR,IT,Analyst,95,55,19,80,73,87,5,No,7,49.0,No,0,0x3a3cddfd7eaaa203de30065b6076f5ded0c33e33,0x43a1f85e3bd5bf9071224a4067e59dd92d2d00ac,No,2026,False,75,zkproof_0075_hash,HR_SIGN_0075,CONFIDENTIAL,CONFIDENTIAL,07f8f5f97ddd10532bced662c932bcafd051c50303fceafe0f301fe1a815316d
0x0cf4bbe372368967a47e7f5cb03b7d16df3d389d,EMP1075,CEOUA UKSYOY,R&D,Coordinator,70,53,5,77,60,70,13,No,6,35.6,No,4,0xf106fbb0ef41e625525755cf8030d3152062b119,0x9dfed33ba76c37c9e49fc798c7aa0ba142bfd7fe,No,2026,False,76,zkproof_0076_hash,HR_SIGN_0076,CONFIDENTIAL,CONFIDENTIAL,94ee1b0d28bb4ee773a246835e64732ba6e0d4aad94ebcfc25bab1e5040a7174
0x3dce08209bceaba7fcf081f957d7ee910d92c03b,EMP1077,DNONI XFOHQQ,Marketing,Lead,91,58,5,75,53,53,11,Yes,6,29.1,No,3,0xf8b0dfea11624fd84cec2b716a10cb942d95fcbc,0x75551a2c42ea890502c4b3dc066f50d25e5ca601,No,2026,False,78,zkproof_0078_hash,HR_SIGN_0078,CONFIDENTIAL,CONFIDENTIAL,f02baf89ed3c6bb2858fc87fc814ecdb022d3b29241515b08933ba7289699a62
0x5596335d77e94ca6e8f8164729bf19e702b64e21,EMP1078,CXSHB WOHKIT,Finance,Intern,90,38,18,79,96,40,21,Yes,3,38.7,No,0,0x6d559ec24be9a457051e75ec482857458570dd07,0xda26705f0eff2260bd6b15e697b3d922ea266b24,No,2026,False,79,zkproof_0079_hash,HR_SIGN_0079,CONFIDENTIAL,CONFIDENTIAL,743b3079ac1b14f69f6808a63e55d8f774ba9e558d2c60582d66af7c1cc458c4
0x36f52e50bdcb528ba72005c72167f5ed4c9ef408,EMP1082,IGQSW NDMWYB,IT,Analyst,65,46,3,76,50,90,5,No,9,39.1,No,1,0xfd5fc27737e78364edcd95a985fb99aad5bc7e68,0x158bcaa0540a9849cf3904d6a53dbfa8f7568437,No,2026,False,83,zkproof_0083_hash,HR_SIGN_0083,CONFIDENTIAL,CONFIDENTIAL,65add94a6639b0f2d37ee4d71f73c7ceb1f1892829443401e993bfc575cecb24
0x8ef57c1f9336cf69c989f091c3e7a5ae7e32257a,EMP1084,JRZDH VKFKKL,HR,Analyst,98,35,12,42,86,71,23,Yes,6,43.9,No,0,0xbe23f5777b582d66eb9b71d64af79a44497b588a,0xe1c955f8b373098f6b5b4e9c92a2de6592629ec0,No,2026,False,85,zkproof_0085_hash,HR_SIGN_0085,CONFIDENTIAL,CONFIDENTIAL,f6c449d7df7f339558a956d76ec1c7eeb73108a36fa6cedc2d6e9a078c51a8c9
0x38d2cce066905b6afe60002c413c2eb6e6b820f8,EMP1085,GRBZO BSZGKE,Marketing,Developer,79,45,46,66,73,90,5,Yes,0,60.0,No,4,0x41ce14c51e7a48968eed0beac34708c590ec581e,0x726236a3a37fda7b37191ca6f603f2b75e63bd9f,No,2026,False,86,zkproof_0086_hash,HR_SIGN_0086,CONFIDENTIAL,CONFIDENTIAL,7f15c9ac7f9796b06f0a9ffb7a240e86196db3c17b3be07cad42ca0588b8fec3
0x441e3fa3fdf6293fbcfb953a81ff4b78bb578cd2,EMP1087,QHXDZ JOFGRK,Engineering,Engineer,93,38,19,64,87,64,0,No,8,45.0,No,1,0x9f5c2a560b368dccda7ba854e3e25e49809005cc,0x0abd106e19e418c3909cd8124f53f9b61d866e86,No,2026,False,88,zkproof_0088_hash,HR_SIGN_0088,CONFIDENTIAL,CONFIDENTIAL,98031ec3a7a4f6ccac3529434f755673b55f39bbb41154be2134e3de58195280
0xe4fa4e3b14845286e29aca04ada331e64ce2fe39,EMP1088,UNEAL GRPURE,Marketing,Intern,88,38,6,96,88,78,3,No,5,43.9,No,3,0x24996b9c9856095c1980ac83e3b69422388e67f3,0xe5c4fd5a2312af8a55f8906d21a09613b3b1067f,No,2026,False,89,zkproof_0089_hash,HR_SIGN_0089,CONFIDENTIAL,CONFIDENTIAL,d0c9d8dd7802af0a411db08d60a065ecfb241e80084e11a12f9fe90217a8c669
0x55e4a18efee995b3b4aab331eaa2dfb926a08566,EMP1090,CTCVA JBUKQC,Engineering,Coordinator,61,57,43,95,63,83,12,Yes,3,55.0,No,0,0xd5e3c139bad722c381a20a600f14835276f90406,0x90b122bc008356bc1f96ffb31c1b6bdf4efa4130,No,2026,False,91,zkproof_0091_hash,HR_SIGN_0091,CONFIDENTIAL,CONFIDENTIAL,c635d6c11cbffa45b1a7613b94028d4136d6dae86a8298ab2857d75de6d8668e
0x796259ecd99d11f6606add80ad08ce7a75911c5c,EMP1093,UNJML BJBBHI,Finance,Intern,66,49,16,78,98,54,16,No,6,42.8,No,2,0xff4c58609c66f2c423d9fc31d47938d1073053b9,0x0c4f3cfb5fc82fb4c76ab1a62bc14281f09d7f64,No,2026,False,94,zkproof_0094_hash,HR_SIGN_0094,CONFIDENTIAL,CONFIDENTIAL,8bd586c86cc590c515be56492627bc7bec18de2bdd53d42486fb5ad880050730
0x042065758dc29f3a26a95bf6e147fdd25959edfb,EMP1095,OPHBY OASAPB,Marketing,Engineer,93,41,40,90,66,41,0,No,3,41.8,No,4,0xd1873b9b1fc0e7ac9d45c61fce8cfdbd62bf09bc,0x88afc6713c79c0f8412806be93d44e5b426e4553,No,2026,False,96,zkproof_0096_hash,HR_SIGN_0096,CONFIDENTIAL,CONFIDENTIAL,674b649431cd88c4583dea8a308bc6c01372df8799b1e6f36bb47f6d508f83ed
0x3d85405f5ca79d269d73c24259611b2616fc3866,EMP1099,TBJUC GPMAES,IT,Engineer,88,45,20,49,65,53,8,Yes,0,36.9,No,0,0xa6517ef1673c3ee7b6a1b858d1b0a281c2e4a15b,0x9e7a288a943943b52ff97613a391822d778fe9b0,No,2026,False,100,zkproof_0100_hash,HR_SIGN_0100,CONFIDENTIAL,CONFIDENTIAL,6a6559f3ce41ef24d971dcb9973c6a62cf75013bc786f4176c4dee2bbcbae4e7
0x0aa2d382eec384ce4d80a7347a95c1d0835eaa0b,EMP1102,CVVPV YXPIWH,Finance,Developer,90,48,9,91,99,66,19,Yes,7,43.9,No,0,0x7d4d1f69054b528c6ee5261455377b09ec06bd97,0x2a39ae69fb4d9e3f261989fc7193cde9d2bcaa00,No,2026,False,103,zkproof_0103_hash,HR_SIGN_0103,CONFIDENTIAL,CONFIDENTIAL,4427094d3e63b0e26f7c2fa63ed028ffc9b824bd2593a2ca5de2ccce0c90af3d
0x8d367141f6aee37fd29a62667c4ade99a0179786,EMP1103,TUHSF LYJIRG,HR,Intern,62,49,3,81,96,69,0,Yes,1,41.2,No,2,0xc0381198a5225827f127d6e898a397509cee7973,0x1d3c2d5c2720bf256dde84da02c7bc8cac690e2f,No,2026,False,104,zkproof_0104_hash,HR_SIGN_0104,CONFIDENTIAL,CONFIDENTIAL,97751416b5682e2f30845a5b18f51e20a9698f778160328ce4a476361a788b22
0xa11c8a682268b7d1337f6ed569a0a667a5c43605,EMP1106,VFPER ASNEIC,Marketing,Manager,95,38,25,55,92,61,8,Yes,2,46.9,No,4,0x85e094a3d1d71f396c30f82b7f214746b38a2ac9,0x0a95f6f39533328cf6f92d5f5824bb7f6254f137,No,2026,False,107,zkproof_0107_hash,HR_SIGN_0107,CONFIDENTIAL,CONFIDENTIAL,faf929365aafc2ec5e38009c583dfadcec3b269d771e65aa7c5bdc01f9d16339
0xb18ccafc0e0667160e05f6a1f2a080283df8ed4c,EMP1107,JOSWZ AKUZHX,Operations,Analyst,84,50,27,93,91,62,6,Yes,1,47.7,No,3,0x6a7c604b56462b436acfae9b2a1267b059afe478,0xe2ac878766b79d28521261b1d6def79972d02dbd,No,2026,False,108,zkproof_0108_hash,HR_SIGN_0108,CONFIDENTIAL,CONFIDENTIAL,12718564abcdb39814842f55712a4741d26673eb8b7c361224028fb2c46fef4a
0xb2292660369ee1265b95c22347ba981ee7e84efa,EMP1109,VLXYM QFMOEQ,Marketing,Manager,75,45,4,81,53,50,14,Yes,2,27.4,No,3,0xdff08aad5d3feea4c8416001ce26b241c3fb8cfa,0xe4ad248916d96f955e416726f0bc2fa6ec2d9708,No,2026,False,110,zkproof_0110_hash,HR_SIGN_0110,CONFIDENTIAL,CONFIDENTIAL,1282a0b8525f9298e069555c7046c7605d64333dcec0e60cb3acbb21c14f98cf
0xbf8c7116ad98ee1c79c532d41876e947c8306497,EMP1112,BTTWG ACXTHN,Marketing,Lead,94,56,6,76,95,51,5,No,6,37.3,No,3,0x747de6834f81edbb7c71cc4bed32ebc6dd22a075,0xbb7ed05f7016458ae4ecd8b33079fd28db4dc790,No,2026,False,113,zkproof_0113_hash,HR_SIGN_0113,CONFIDENTIAL,CONFIDENTIAL,e9e0ac2459839237c2f5cb6986f0b5ef516362ff251947d13551b76d15ccd69e
0xdbe65f3dad888314a4b296e5adc0c7f5740954eb,EMP1115,XKTPG ALUPNA,Operations,Developer,87,52,30,56,72,41,9,Yes,4,39.1,No,0,0x52cd6d3240a9ada77f5900e8383189c0fbf96288,0xdf8cfca7d9bbc5956a0fdc86145ea1c04bc7f603,No,2026,False,116,zkproof_0116_hash,HR_SIGN_0116,CONFIDENTIAL,CONFIDENTIAL,c362b417207b90b85e910dc1f0299faf44f606d5201deaaccac7571dfd10e2ba
0x9112ec5eae8f5ad67db3d20e4eae226ce47759ae,EMP1117,NKNAX RSYBPF,R&D,Lead,95,41,17,98,50,78,24,No,1,40.3,No,1,0x7536fe8c71861831fbadf17ea827348aab5cd2ce,0x11d9be0c25bedb2070dff604ae8bb5116b788986,No,2026,False,118,zkproof_0118_hash,HR_SIGN_0118,CONFIDENTIAL,CONFIDENTIAL,7213ed8de75015423f7b49c5ee2e3bc43c62eaaf21fd9d65b9a6a3813f8b0eab
0x4ada6a45a3115da1a59536b803f140d6c762e898,EMP1119,RDOSD GMLBCG,R&D,Lead,66,33,24,65,86,42,21,Yes,2,39.6,No,2,0xa9100d902c512d9462abd16cb649ee803c6c24f6,0x8fe154b4542ef67198a913e211ad57de4339b6ab,No,2026,False,120,zkproof_0120_hash,HR_SIGN_0120,CONFIDENTIAL,CONFIDENTIAL,af890c54330cb6c17d7371691d4de445991168f02d813829b0280e2b35662b8d
0xe475972ad2cea8534a5642ca65d753d098d4f959,EMP1121,MDHKL LIYFGX,Finance,Engineer,73,38,28,96,97,94,4,No,1,58.9,No,2,0x62b6bd0fc352ce9c12af14e8419c5285783fe1c4,0x06dc35703b658aeddf0956d47096fe09908e68bb,No,2026,False,122,zkproof_0122_hash,HR_SIGN_0122,CONFIDENTIAL,CONFIDENTIAL,35c864308a707ffe9b5b0b124ecb95911dd34e3210b203974bfb746561d4ff2b
0x6310c6a4aeed8073cc52a95efbb4543754f88616,EMP1122,UCBFQ JSQPOF,R&D,Analyst,96,35,15,94,72,73,7,No,0,42.3,No,0,0x4f395be703dc263d9122216fccc333811a17717e,0x7805206e59bd356f1f83757d18b6b2c11f74d653,No,2026,False,123,zkproof_0123_hash,HR_SIGN_0123,CONFIDENTIAL,CONFIDENTIAL,d06226def2b2142326a8e0734b4b5251219cb2b9d815154f6444ca0ec2512c91
0xe03d3ec8d5035f8721f5dc64546e59ed790dbcb3,EMP1123,BXBLF SZEKMG,HR,Developer,79,54,4,90,75,45,20,No,3,30.4,No,1,0x5f86f30f3e841a59a3b428d0f7ce8861513e5d6d,0x460afe0ec6b14cc1cba65bdb386693b6da4c43b4,No,2026,False,124,zkproof_0124_hash,HR_SIGN_0124,CONFIDENTIAL,CONFIDENTIAL,3d63f771c1236abdb47294d00aa1feeb8f7fa0756723c8de182f729b9276897f
0xc2b3b044edf521e7d86317941519461ac20523e1,EMP1125,RNAZT UCTAEJ,Operations,Coordinator,68,47,20,45,56,97,10,Yes,8,49.1,No,1,0x6ca99b797159820d3f0c98636e391df0bc9ca443,0x5b985a62938c373c0a7a60f27f39cef46cb66a8a,No,2026,False,126,zkproof_0126_hash,HR_SIGN_0126,CONFIDENTIAL,CONFIDENTIAL,20cd5321252eae3aebbc16ffe0ce74f115af6bdf6ff19d1539c0b125dbd6c295
0x0b26e9546c549815df9cbb5618f6f5b8035fcbdb,EMP1129,JJIZZ RZQOBG,Finance,Analyst,97,49,6,57,89,81,19,No,7,45.2,No,2,0xece457ebf2225037af7e18d20d0b28cba32babfd,0x3aeec522297ff94868dcfd3d5b22d2d220dae9c6,No,2026,False,130,zkproof_0130_hash,HR_SIGN_0130,CONFIDENTIAL,CONFIDENTIAL,eef6c4f12863e782d6bb0f44aa9f2a4e72c1ed131fa4d72fa086bca4f695aa77
0x3ecb56700665689ec10499d96bc69bfcf5d8621d,EMP1130,MYEMX GLTBPF,Operations,Coordinator,79,47,4,66,89,73,15,Yes,0,41.3,No,2,0xa17b8acd3615b7e4f805d9576d72609c138a3487,0x214149e3163f8171975a4f9aff0b025ced098c71,No,2026,False,131,zkproof_0131_hash,HR_SIGN_0131,CONFIDENTIAL,CONFIDENTIAL,c0ab4bd08141cfffaaae816d66e7ab654c5b0b0476b48f2c2ce965881f0d45d4
0x2d17a3c762154129d59824c0f8c40378fccd08ab,EMP1133,BEAAA NBYFUV,HR,Analyst,69,44,42,64,70,45,1,No,6,44.9,No,0,0x03dd6df87362000c4dae3a9d30ed0522fc420c99,0xb4095d0077069fe1532afa47231659760b5c4c4e,No,2026,False,134,zkproof_0134_hash,HR_SIGN_0134,CONFIDENTIAL,CONFIDENTIAL,6a7af37ee3674ff18b07f5802cb6f627dc8e6fb68de4c7d8b33e27374ef5417b
0x5c05a5a5c357bd65b636dafd550ead894890aca2,EMP1134,FMOMI PCPCDO,Finance,Intern,92,41,0,96,61,66,4,No,9,32.9,No,1,0xadfe8cbe5631d2518f86326de4266af2f8665ff3,0x6e3c62e286fcae0960850e139d3002efb6628ec2,No,2026,False,135,zkproof_0135_hash,HR_SIGN_0135,CONFIDENTIAL,CONFIDENTIAL,f0b798031280b35df28a61af97de1c7415dc621c9fc0c9826f78b1aab1f4e9cb
0x80bcc0a94a5cd844f653695c19cdac1c0de69844,EMP1136,YODZG SMURWM,Engineering,Coordinator,73,44,37,87,95,64,22,No,3,53.3,No,2,0x66c6fde988fa039f15f1114e1ecf37fbe9fac3ab,0x922133fe2ec3b8c386a79a6eb8538c6e50d4b96c,No,2026,False,137,zkproof_0137_hash,HR_SIGN_0137,CONFIDENTIAL,CONFIDENTIAL,fdda7413443ec6a31ad1cc577b2237dc171bf724a31f41e84ab7cf5ce9915bf8
0x281f42be7c8f196ad3cde6a3a2ee6f78e0f28543,EMP1137,AZSVC NFQPMU,Marketing,Coordinator,72,52,5,79,84,52,13,No,5,34.9,No,4,0xa96d7ea7e4c18f086ea575aab1064c0c1123c933,0x59372c8fba716f6acdc22c4c1eeb10d563e5d330,No,2026,False,138,zkproof_0138_hash,HR_SIGN_0138,CONFIDENTIAL,CONFIDENTIAL,1a3200102404b1d209f42db62fa49124a0117f79713fac8b8fad6b3814db66b6
0xa32850b96e893e560e22cde42c1b5b98d053ba3d,EMP1138,OUBAT IGEZAJ,Operations,Manager,66,47,15,61,87,81,16,No,4,48.1,No,4,0x256e0e41e0d91cac90fc2e203fc970dba8bc6fcd,0x00d9b0b5d00b0ca96f1eca735ab2e38aa35e203e,No,2026,False,139,zkproof_0139_hash,HR_SIGN_0139,CONFIDENTIAL,CONFIDENTIAL,2553f43a3014df93f8a9fc17ca98ff9646f223e1e85f0d3537429efd3cbe6a84
0xe45de1cf53244f90346db8e081068121be1ef165,EMP1140,ILESI ZDWAFR,Finance,Lead,86,38,1,89,59,84,6,No,8,38.2,No,0,0xc000904168406c2669d6080a2be4afc1d8f39a77,0x00402e9ee9fa6255e6b90b32f594029066bb1451,No,2026,False,141,zkproof_0141_hash,HR_SIGN_0141,CONFIDENTIAL,CONFIDENTIAL,d792fadc6e520966dcdc198c16cffe243bbc55518f33678975021110c44bd06a
0x879e2ffcdc581d539c8164bfa47ec00baf5d6138,EMP1141,HSOEM GBRNOS,Finance,Manager,61,44,5,90,71,51,6,Yes,5,32.0,No,1,0x81142cf1aff2004d5a91cf89443824b4ea03dbd2,0x891009cd6da1baa1242740ff3ea8740c48957797,No,2026,False,142,zkproof_0142_hash,HR_SIGN_0142,CONFIDENTIAL,CONFIDENTIAL,4a8c8040645957ab752d1b768b86e92712e52465e154b5521e262031b8122d72
0x9ae6e8863809b5dd9f19b05834a8b9ce6847bed5,EMP1142,BKGDT SKPXTC,Finance,Lead,95,42,33,44,60,81,5,Yes,6,50.1,No,3,0x9df920946e55d70fc2e81884676385f62c7a6251,0xecc6428dc6fdfecc064c138d1db64bcac601070a,No,2026,False,143,zkproof_0143_hash,HR_SIGN_0143,CONFIDENTIAL,CONFIDENTIAL,133d87163e4739492cc1198e6accfb0712bbb5e1b0bbe6828a7ec09330d21c7b
0xc4183f99f20c9d7a900acd614718789b213f1e66,EMP1144,LCDKZ MMESSD,IT,Developer,68,50,33,84,91,99,17,Yes,1,61.2,No,0,0x17aac4faaa8083d75b15688b636d085367a5b2d8,0x879da5b27b90594ee79b653206bea6bd0dfb38bf,No,2026,False,145,zkproof_0145_hash,HR_SIGN_0145,CONFIDENTIAL,CONFIDENTIAL,635952d2a9f8b20fc4afe494706ae6305da868f44eb35c768e653a2ae20947e9
0x3b710148abed915a922a79546a75a4adf7dc5d6c,EMP1145,IKIAH XYHFKQ,R&D,Analyst,82,40,33,67,82,99,20,Yes,7,60.0,No,3,0xfb507e1e1382b6acf6d202c26229d35ebf5e2b3f,0x1e1c2d9268d0a8af05b80fd11b3aa9805814f97c,No,2026,False,146,zkproof_0146_hash,HR_SIGN_0146,CONFIDENTIAL,CONFIDENTIAL,3557cf012a08ff2778c0ba251cf39ac54b275b9a35cc0b06a9229f71a189243a
0x0ab8bd2957a28953f451764b35dcd029758cca9d,EMP1147,BNJUS NIQKID,Finance,Coordinator,69,33,24,44,73,42,10,Yes,6,37.4,No,1,0xcb1966f18a7c99184d9e3afa6c7d271047abedf2,0x0fa31cbbd0efd98bc84f58ec5d1e31cd0f4b6a19,No,2026,False,148,zkproof_0148_hash,HR_SIGN_0148,CONFIDENTIAL,CONFIDENTIAL,055ac4a7bc1241a5f3f4b5259d7df02832e1ade9e3eb5d04e88777847bb61ea3
0x38174f087dd7c5d85e31a006807932470c11b4d0,EMP1148,PUAOH UGTSJA,HR,Intern,82,55,1,75,91,54,8,No,4,35.2,No,4,0x0f57269119dd794c06020a46d69b514d306d8cb0,0xa20b4bd810ffccedbfd4ced45aac85ff10f1168c,No,2026,False,149,zkproof_0149_hash,HR_SIGN_0149,CONFIDENTIAL,CONFIDENTIAL,b4fee0b93a312057c835c5efeb3fe5ca433595d923c61c35a83cedd4622a22d0
0x22a1511a5c884111bf2a1004c751264336048928,EMP1150,UPZDO SEOTEO,Finance,Engineer,97,59,14,66,92,83,22,Yes,1,49.0,No,2,0x643c958293df1e3d9b2413e5dc84dc88d57c6e86,0x0f32f4dc87e25c4d8398269604e3b4a5680d3ef8,No,2026,False,151,zkproof_0151_hash,HR_SIGN_0151,CONFIDENTIAL,CONFIDENTIAL,38323245e10b219e619acc716f00c35a2c5b89295a5fa36540e2ff1ea3dfea5e
0x31eee75059ecb77c53d78e0444df30d5cf9707ac,EMP1151,LGWDE PDKVCC,IT,Lead,96,36,4,66,68,50,14,No,2,30.4,No,1,0x0259ddc94b6144e92dbbe62984d4786224704cf8,0x8375eb1a5afd5fa4f294ab8f90716a1a67fd9184,No,2026,False,152,zkproof_0152_hash,HR_SIGN_0152,CONFIDENTIAL,CONFIDENTIAL,d5ba665206baed6164443530bc3c292ac0f11bda4a636eb811641e4ab80c4c30
0xcfac4c757cce4445d5f6062bda0f2549225fe39d,EMP1155,CEIVA XBWSAV,R&D,Developer,92,55,36,86,94,41,12,No,0,45.5,No,0,0x18f6d3d59657832c9529fd4c58db4abca67d1e42,0x53640eec02ab0960afc6128f7fa3aefe0ea86810,No,2026,False,156,zkproof_0156_hash,HR_SIGN_0156,CONFIDENTIAL,CONFIDENTIAL,73f987adaf618c4139cbdab0d9b8351d8b5383d36d596161f1c317311babe5fd
0x0156399287b66376593a70df4134b634422dda9f,EMP1159,TMYSX YLCBJG,Engineering,Engineer,71,44,13,78,92,42,19,No,5,36.7,No,4,0xfd20078ba49f4ac4b4cbf21e7c003ee980d353d1,0x6fb7faa9d8987e5b322b6f8d6d456215b13697a0,No,2026,False,160,zkproof_0160_hash,HR_SIGN_0160,CONFIDENTIAL,CONFIDENTIAL,240e5e73768cdf17a5625704c3d532caa01c2744038c5080277bd10550cdfb17
0xfc581b0a8ecaf2bbd6a942240d3a7234bdfb5020,EMP1160,NCUGP NNGWJZ,Engineering,Lead,61,50,21,89,81,93,4,Yes,2,52.7,No,1,0x1914ebfd6965721675be527f425a6da228e8ad76,0x0874b13e5553a194772499cec3c412ee58eb68cc,No,2026,False,161,zkproof_0161_hash,HR_SIGN_0161,CONFIDENTIAL,CONFIDENTIAL,ef94f8ffb7cbfc485d32f4f741cd7907b05e3060790f57a573283c4400872a1e
0xa8da57d953b5b240fcd0c62969a3e7f178cad063,EMP1162,GWCBK CPFEQF,IT,Engineer,96,30,35,43,60,60,22,Yes,9,44.9,No,3,0x8d25c2cf034b95d9aaafa26f856230ec4ca145e2,0xe3868db0e597c2909136fc3c10c53034c716257b,No,2026,False,163,zkproof_0163_hash,HR_SIGN_0163,CONFIDENTIAL,CONFIDENTIAL,79d1e6d5c79ee948b2550702ac3705cb7928f528cb09a63378b8eab4e80c9be9
0x10024904a025f2215cf87f5704b77a3674dc1d2f,EMP1164,YKIAS HNUPDQ,HR,Coordinator,95,34,39,96,51,45,22,Yes,3,39.6,No,4,0xb31d8a8361883874230fcb408f62273ab2510bd0,0x40ada241add12c59d240889efe66003e0d98cedd,No,2026,False,165,zkproof_0165_hash,HR_SIGN_0165,CONFIDENTIAL,CONFIDENTIAL,d149ffc99f37ba850c0bee6e2535b74946f6a356cb2e75de740a2a74656f4882
0x24ccd5ae2957a625c71ac388761ef5b4b3afc71f,EMP1165,VWTKL ZREPLS,Operations,Lead,71,50,34,67,74,72,1,No,9,50.9,No,2,0xa24ff4700759a14f5d046d78954dc2c0368ae4a2,0x86590c36e1c11b4312dcbaacaefe9c20724663c1,No,2026,False,166,zkproof_0166_hash,HR_SIGN_0166,CONFIDENTIAL,CONFIDENTIAL,611e3772d834773a809b0ff740e6566f8ad8c6c674517dbee3c0dc7dd6900d90
0xcdfe5f1b804c442a39a89f33204ebe288cfa2f9c,EMP1166,UCWIQ HEPYTZ,HR,Analyst,69,30,32,64,65,69,7,Yes,1,46.6,No,2,0x80e186e364dbd911b963fd5589cdd2f74aad7e9a,0xd1cb021ba84a759164adfe2e97528bbc24b98c9d,No,2026,False,167,zkproof_0167_hash,HR_SIGN_0167,CONFIDENTIAL,CONFIDENTIAL,8fc51a43c1bc246be946d33a323bdb97fd1bc95b0a4753751af2e86371b311e3
0x406f4a58ed8d9f221ae5ddf2cea92a835da07f48,EMP1168,HFGDO XGFMNZ,Marketing,Lead,86,36,27,63,52,94,18,Yes,4,49.8,No,2,0x2e09f208b1e7eaa6ce1ab6ec1fe6669e6898518d,0x78c99ff2f01bda33203912c6f4840f794f15e58d,No,2026,False,169,zkproof_0169_hash,HR_SIGN_0169,CONFIDENTIAL,CONFIDENTIAL,884518a7d59a54fde36488e1ec970ae6f0fdf78c3a5058217e75b6c0b8fadefa
0x82b899e8a10cb43552dc3a34808dafa60b3bf7db,EMP1170,RFIAQ GDZYAP,R&D,Coordinator,60,47,35,68,86,95,21,Yes,9,60.6,No,0,0x50b0f6e7ae0f17ec8dc22708e7396566ca6442fa,0x887a0b9799bc4e2367fe4b2d0dfaab711f30cd76,No,2026,False,171,zkproof_0171_hash,HR_SIGN_0171,CONFIDENTIAL,CONFIDENTIAL,d8ba6ef5ff1392da6294407995c083fd551e79a60c783821232e59b0b3ea3139
0xb75074095c182f926f67c6fdee7c6a5c61fe36de,EMP1171,JTBEI BPUSKW,Marketing,Engineer,93,41,27,65,83,81,8,Yes,9,52.6,No,4,0x59b953bbadc5f0d2b6e38218e7b6c4bcb026f702,0x72d6f9366fab460293f1985979da70ece458a109,No,2026,False,172,zkproof_0172_hash,HR_SIGN_0172,CONFIDENTIAL,CONFIDENTIAL,4821cd381592e70754d42cf558d52686b61012f3de658065b704716ef9b0dd38
0x7e1faea85a999b2f380528a48cfd7bf384dd7089,EMP1173,CUKXA HBVBKA,IT,Coordinator,87,33,22,76,61,58,4,Yes,0,38.4,No,0,0xa3bc0b7a221d686a8f9fa1cdce705a01cf1762ef,0xd263ee87d0cec355e8048411afb379c5e2a8b50d,No,2026,False,174,zkproof_0174_hash,HR_SIGN_0174,CONFIDENTIAL,CONFIDENTIAL,7d82f99232b0a7d8c0c507650c794e8fa9b1d6106abba2ffd0280fdc70df10f5
0x7313ad04c5d1273def09c9aabcd17644e3fd4dc3,EMP1174,TNPIH TBZAIU,IT,Manager,60,45,12,91,87,76,0,Yes,5,45.5,No,2,0x551c7555eab00f610770262d19755e6b85ae91c3,0x9bda0094f71e5089ded956a865261e600cbdf113,No,2026,False,175,zkproof_0175_hash,HR_SIGN_0175,CONFIDENTIAL,CONFIDENTIAL,8d7c9d801915c960aa590a9b67bb24a75592db99ada14c093e8776cc52b1a076
0xb4bdcaecd668c0d9f8079c8f62f6a7f50a8ca675,EMP1175,XBHYV XLWQYQ,IT,Analyst,65,44,25,66,66,82,3,Yes,6,48.4,No,2,0x547bce7f33fbb7496d90d7656ae5023d8334e1d1,0x1b3dfdae17d6f464ee924d54c38910b052febc8d,No,2026,False,176,zkproof_0176_hash,HR_SIGN_0176,CONFIDENTIAL,CONFIDENTIAL,f514715962bd4888e0151f4f5c30fbad0422005600abaded32dd9491d83c4ab3
0xbd6e686b5a113438914c75e73f2bf5b429922e66,EMP1176,VHLYN XRMNFF,Operations,Lead,74,48,43,91,85,49,10,No,9,49.8,No,0,0x16972d3c21673488836b42ddf0446292d666e449,0x8bba215bec22dc83d1ff56c3c6a5d23fd8fa67c2,No,2026,False,177,zkproof_0177_hash,HR_SIGN_0177,CONFIDENTIAL,CONFIDENTIAL,4b0eed467839c90704da866dd68f6021f0741763a443059bcd50785bf2844cbf
0xfe643dbfbeac8000a7dde55dd6067b2016765f49,EMP1180,DCDVQ NGKHFX,R&D,Developer,94,38,28,50,94,45,20,No,6,44.1,No,4,0x9a07f569ee6d11fe220b5bc7e2e33ea8d4e75e32,0xbe47c91173bc986a969960dc21fe665262991517,No,2026,False,181,zkproof_0181_hash,HR_SIGN_0181,CONFIDENTIAL,CONFIDENTIAL,4268e4a27baed9f7b466fa51dd073fe80f7116a135ee8041578c925075daef17
0xc2a1e4d3361ce155c5918aeb0245347af3d4862a,EMP1181,WSGPD JQVEPG,Engineering,Manager,99,53,19,92,61,53,6,No,1,35.8,No,2,0x72347966f99d28d93fdd7cb07dcb98ca04dc714c,0xa99c8f0bd7295991002cef33ef44a9f87591bb59,No,2026,False,182,zkproof_0182_hash,HR_SIGN_0182,CONFIDENTIAL,CONFIDENTIAL,a48a0a39d9e7d4f36aeb3ad2e5474450da5acb5dc090964adac7dfda17a70e0c
0xf874eaf9b90d3cf9c894397998013c174c413dbc,EMP1183,AAROG KIDVMC,HR,Engineer,79,54,37,96,85,79,9,Yes,2,55.7,No,0,0xae3ede6a493d199a6996eed85f563d54552e58e3,0x1a147f27076f9cf3a06c4f8f42c063a4122f774f,No,2026,False,184,zkproof_0184_hash,HR_SIGN_0184,CONFIDENTIAL,CONFIDENTIAL,d1458b0f2d7eaab8be4d1d0d831cc091485fd4011aee1b58ecfa4ab05a579e96
0x48514883f449e533053027783babe42fcccd769f,EMP1185,CMQSJ DEQGDG,Finance,Manager,73,53,34,61,89,44,23,No,7,45.3,No,3,0xc52486f6085988ce78fb74653224807c6668933b,0x869b7a33af306b6b1f0f597685e5753dbcbf59fb,No,2026,False,186,zkproof_0186_hash,HR_SIGN_0186,CONFIDENTIAL,CONFIDENTIAL,b2e262454ceff626699036dacd1527430d0c6ff0218349bdbfb6f5943e2b9f08
0xfcb6770b3ce2d0abb776a089d82fe75c5c62043d,EMP1186,OVUGJ PPBJBF,R&D,Intern,97,52,22,50,96,92,17,Yes,1,55.7,No,4,0xb355073e2b12a86662b7dc4e1baeb00ceaea60ee,0x4066ff28e00eb2435d847e650c1a6206697fe40d,No,2026,False,187,zkproof_0187_hash,HR_SIGN_0187,CONFIDENTIAL,CONFIDENTIAL,dfcbe54faf7647b5c11e88e4fcf0132e3d0e6f5e4065a43e79f25937ec9af81c
0x37c65e85f48e0b4c609d6c2fcc95bc440630859d,EMP1187,MUEYQ OBXACW,Engineering,Lead,69,33,39,80,56,93,24,Yes,0,54.7,No,2,0xfadf4bb2f67de970863c14daaeed89e674ee11b4,0x03fb035aaeefbd785488b60e04045efd3129af2a,No,2026,False,188,zkproof_0188_hash,HR_SIGN_0188,CONFIDENTIAL,CONFIDENTIAL,2117f221b465aadd68ba7d6fc3ea3977d3d1766df91f7fe21e4bd13973e886cc
0x0345b3d2aa25888bcd7a6e3401347b98f52b2f9f,EMP1188,FFWCP WHYPKQ,HR,Developer,91,42,29,80,53,56,18,Yes,5,39.5,No,2,0xe8aac6f1f309dbfe90e7e7d5dc08ed8ac303d990,0x0ebfc399476d729c07163e1375870896e57148a4,No,2026,False,189,zkproof_0189_hash,HR_SIGN_0189,CONFIDENTIAL,CONFIDENTIAL,b9c928675501b52593f974da4fedfaf319e0d2a9e89d0b558107922bda20fd40
0xa8e8ab45689f63f33c6a96691965ef26f46b2176,EMP1190,LCQJW WUBLCH,Finance,Coordinator,85,42,5,75,88,47,14,Yes,7,34.4,No,4,0x4f1792997e64d93ea2c27cc9898c1d51d727706e,0x6ef589ed15c9f9af57654082eba9a65071977600,No,2026,False,191,zkproof_0191_hash,HR_SIGN_0191,CONFIDENTIAL,CONFIDENTIAL,0387196130516bed0c6dc4044396998e8a9915c5e0dc2a74abfeb0e5676deef0
0x1c4bceb843dc4b8ed59303c33c86382ec2f2cf7a,EMP1192,RLLGR WWTCEN,HR,Engineer,79,45,37,53,62,57,15,No,3,44.6,No,2,0xe0d47cddacadbe96a049d465ae6e4fd59697bfbf,0x1850c066fc0243f03889c4d2a53c3a4cd09a2a22,No,2026,False,193,zkproof_0193_hash,HR_SIGN_0193,CONFIDENTIAL,CONFIDENTIAL,33ccb33252e1aeb7de035d0578f7b4ceff71e6f919415c6a6acae3a92f767408
0x4ca057d0b90fd4c117b20cc1b0dcb094d5f71c2f,EMP1193,KBHUO CDDIAR,Finance,Lead,61,40,24,40,67,50,5,No,7,38.7,No,0,0x692aaad30e45e34c630d7e463523ec290c74ca3c,0xb9f42e063ab032bded8147e20321a93335a50bb4,No,2026,False,194,zkproof_0194_hash,HR_SIGN_0194,CONFIDENTIAL,CONFIDENTIAL,7c613f3e8c441e1dd7cb229818a80df8a1cc66c78b41d9c32095af1c0e4da1d0
0x54b4afdf07a8ac861435ce61faf63bddc9071be3,EMP1194,BDUFK SYDBZL,R&D,Lead,60,48,18,63,90,73,18,No,7,47.8,No,0,0x982c6299cdcfc41b0493c781689120edc1b046a8,0x1302ac52ec8d83ff2111908850beeea18a708e87,No,2026,False,195,zkproof_0195_hash,HR_SIGN_0195,CONFIDENTIAL,CONFIDENTIAL,2374eace78bb436bf7b4c8d049952807f4aa9aa83c43df45fe60bac94b6d3fad
0xbcbb45e01320cf425188b36bc1cbd8423cbcc9a6,EMP1196,WMWOF IUEZBW,IT,Engineer,86,45,20,68,75,87,19,Yes,4,49.5,No,4,0x51a38e2d557fc44ce6a88de8712f69afecb8b93a,0xde0712a3b266ee1436586204d43c9cf086326fa6,No,2026,False,197,zkproof_0197_hash,HR_SIGN_0197,CONFIDENTIAL,CONFIDENTIAL,50772c9848a288500289ba459506555f25b024aa520e9c70d05e3e56901f051b
0xefd71d77a496caedb78e6e7216efaa9f49604020,EMP1200,RMYJY BLQLKK,HR,Developer,63,37,28,79,70,80,1,Yes,3,49.5,No,4,0x2ff7f6dee079807cf9222e26dc4f7e9fde356e65,0x6f4d002e407ccf5e412ea6ce713faf52b39ab54a,No,2026,False,201,zkproof_0201_hash,HR_SIGN_0201,CONFIDENTIAL,CONFIDENTIAL,bf51dab8264585dcaf8204ffe970444afedfee725885f9f094e1974e7a0c003e
0x3156d5ef9298e1bf1e09d07dff54c2100d000eae,EMP1202,CBRMH VTMVRT,Engineering,Engineer,60,36,15,60,98,55,23,Yes,8,42.9,No,0,0xe23a22df26f9583cfe62ae6b5a04e5615e3ea225,0x733265abfc3ec8d59159b80f9f9e640cb09ba1f1,No,2026,False,203,zkproof_0203_hash,HR_SIGN_0203,CONFIDENTIAL,CONFIDENTIAL,45e683bbb5da81db116c2dacafb907f851912746b0c4c57adff7bed55c52f301
0xd672e95a6c04c8b9191712a39f66c71c0297aaed,EMP1206,VSZPU LPXWKI,Marketing,Engineer,77,34,43,52,72,91,19,Yes,0,58.9,No,1,0x9e78389965ac30934b1b64879fefa9ce04dbbda6,0x90dfff58d1b1c9bd18d9d2c18fa72739eae21bf3,No,2026,False,207,zkproof_0207_hash,HR_SIGN_0207,CONFIDENTIAL,CONFIDENTIAL,259468c7cd64703ea4e3ab33b0aace9071f8c2d1bbb083c2c3fa28fc7ce2811f
0xcf87a05a2a21d6acdf8ecd35a9d2ddd7e7e2ea6b,EMP1208,WJJTO UPJYEM,Engineering,Analyst,65,46,42,68,88,52,18,No,3,50.3,No,4,0x131729543d6b1fc4796b729ae4a258079cd1f627,0x17e9c8130cfdf612d7f6a6de34aacd9ccda1684e,No,2026,False,209,zkproof_0209_hash,HR_SIGN_0209,CONFIDENTIAL,CONFIDENTIAL,a39c35c389a35eab8f616425c2aa0f99a8ecc9312ef975bc4fa7c2d2563418ae
0x0058af38f681cb624d7341f6d5272785b8b94a1c,EMP1213,LGSAE HITPHR,Finance,Engineer,96,58,38,42,60,55,17,No,8,44.5,No,4,0x088af5094669c0a04bbb7056c75025ee985eaf90,0x041358557f4c9917a0e827b1c8dfbcc2a6305515,No,2026,False,214,zkproof_0214_hash,HR_SIGN_0214,CONFIDENTIAL,CONFIDENTIAL,552e1727b2deb3977a92dfb22aeea1bbc73870f52b8d28cc125b02bcf5d14a17
0x04328351d3167c51d500681a38c4ddf3f2dd9a17,EMP1214,HZEQX ASVIGD,Operations,Lead,91,34,34,50,82,64,23,Yes,4,49.6,No,2,0xf341846650289614a49b12393584d70e2300e485,0x21520a41cb0ea8fca4b01940db756071db5801ca,No,2026,False,215,zkproof_0215_hash,HR_SIGN_0215,CONFIDENTIAL,CONFIDENTIAL,e44fb6e4bde2dba8022ad6f04918f240f613d2d6bbef68a7067d297b0ba8eeee
0xd0ee0f403fe45c97bc2c5f81c8fca4a5ceec6add,EMP1215,GJZLC SOXWLL,Marketing,Lead,98,34,36,61,67,97,12,Yes,8,57.7,No,4,0x69aeeb65e674ba96653051e7d893fe30a2e6d0a8,0x16ac522263615298dc8acd65fbd5c6bbbe4d50d7,No,2026,False,216,zkproof_0216_hash,HR_SIGN_0216,CONFIDENTIAL,CONFIDENTIAL,53ef38f0768157c22adbca15815b9379fb4b57b53ecb3b964138c2f6b13d7655
0x5f61414425f757686fc20ea63495cf87a7b814ff,EMP1216,LSHSX NMHOOP,Finance,Lead,95,44,20,50,50,46,20,Yes,9,32.7,No,3,0xf1714decdb69fc82f3758def368ad2d58acddc5f,0xfbcda39c0f1722f21d479f71b697c36ede7f7344,No,2026,False,217,zkproof_0217_hash,HR_SIGN_0217,CONFIDENTIAL,CONFIDENTIAL,eb14da28f48ee967bbddc9e1cce5b53a3186d89441ee619527e3c8ca88c29954
0x8ae8cade0290a5192729ff7729b866292f10df4c,EMP1217,XAFZT BWNIHT,Operations,Engineer,98,39,26,63,52,94,6,Yes,7,49.7,No,2,0xcb12aebe20bd33567b5b77d8a5c3c41713dd2c7e,0xf1193e837d20ed7ccf601bd253babddb37df568f,No,2026,False,218,zkproof_0218_hash,HR_SIGN_0218,CONFIDENTIAL,CONFIDENTIAL,fcd381691f91190911424ad632dd5331b3ffbf42eaedb13067e3ec06b39cd1de
0x217498649082587c2dc5bca79771f8bb3d8aeb22,EMP1218,WCBBJ QQZGOL,R&D,Manager,99,37,22,46,53,53,24,No,3,35.6,No,2,0xea964dc4e34a58069f5beaeb067d501fe0448a2b,0x575ff6042c2929acf9273ccd3f891dccb1727386,No,2026,False,219,zkproof_0219_hash,HR_SIGN_0219,CONFIDENTIAL,CONFIDENTIAL,94c5576b07e8f321ebbadd5aaddd341102afc5163abd736fc8bb00bec7edfc9d
0x61a7ac27b85b59a0056d2f482ad052d344369283,EMP1219,EKIMS YVTLSY,Operations,Coordinator,83,32,4,93,53,71,12,Yes,8,34.3,No,2,0xb230ca949a2a6dc948efb8a3199da319d49e153e,0x52e28f4c0bbd19a96b8297c0b8b97537ed6535cf,No,2026,False,220,zkproof_0220_hash,HR_SIGN_0220,CONFIDENTIAL,CONFIDENTIAL,b40675df0097413a48d983a4a96c9c42ab01c41a1bd70befb96f2c642f052d52
0xa16af0df3d825fd3a9d10f68bee1b2d43b9ca501,EMP1220,VOJBP IHFTLT,Operations,Engineer,65,38,12,47,81,47,6,No,4,35.5,No,4,0x32ff39d53ebd7fe7ea3e34f79f87da24b92abe8d,0x3004848d449b387b51fa8ad9611ab7a1c4b646ed,No,2026,False,221,zkproof_0221_hash,HR_SIGN_0221,CONFIDENTIAL,CONFIDENTIAL,ed713a7ad342f7bb350af5d86bf4454e739d03777f58f13d4ec48de056b440af
0x830857cef0bed09894725258378b129e84d3dac2,EMP1221,PUINA CQGWOQ,IT,Analyst,97,53,40,86,67,75,14,Yes,6,52.5,No,0,0xe4500d41de473ca2882c441fc3eaa6f0b6479d87,0x556546fb593fee1891fc5aca262a55ddfba8b3a1,No,2026,False,222,zkproof_0222_hash,HR_SIGN_0222,CONFIDENTIAL,CONFIDENTIAL,21883cd749e436e226a9629e3c389647e7ea6b9927d1d4b22ef1e13d042748f5
0x528ed370b51e56dd6e3e4a8cc86fada976231cf6,EMP1222,KHZZJ DFZTFH,Marketing,Coordinator,75,42,30,78,99,97,16,No,4,61.3,No,3,0x9d1f14ec9c19f1f86525efb20e7d7fd179802bd2,0x2e878f77f158fed5e1d9d2fb49ccebdd2d14b2b2,No,2026,False,223,zkproof_0223_hash,HR_SIGN_0223,CONFIDENTIAL,CONFIDENTIAL,2761ca244e44a9bc9f2a1f5a86dc1ddeb966f9de033f4b107742981328f12229
0xd97cdd6ebc4e02762ff9f9e722be2d2b9dc02f53,EMP1223,QASVH NTRVOI,HR,Engineer,66,59,36,51,81,68,1,Yes,1,51.1,No,2,0x501f2520cb6e714776a50ef4a8ed8034ec02b8ab,0xb20aa281ed4acac3d644ea92c3d6c6375d9826cc,No,2026,False,224,zkproof_0224_hash,HR_SIGN_0224,CONFIDENTIAL,CONFIDENTIAL,e6e3ba8b2eadcf87bf27fd6235ebc63a54fab48e100c965bc5712b4c1f3877b9
0x2519177292f6c31e0203da03d2af5b57d9487999,EMP1225,ZWTJT JABQRF,Engineering,Manager,72,54,20,64,50,70,23,No,6,39.6,No,2,0x48c6d7266ef70cbcd780566b9f16d6cc06c28332,0x225e5bf5ee1a3a79e451f4b1998345b54c1b2b40,No,2026,False,226,zkproof_0226_hash,HR_SIGN_0226,CONFIDENTIAL,CONFIDENTIAL,8073b6198e17e154c9d45b1e8362b77ea5a9aef4464b611d51d1647febf3502c
0xa7221503b458e26b03554920cb0c41229576f148,EMP1230,PKRHM VYSAOX,Marketing,Engineer,83,54,27,76,93,57,5,No,2,46.7,No,1,0x0fc452839fa52ae8cdefd2e9112bb4001836aa16,0xfd728330253908ee88b0c310ae0217f1a67e56b2,No,2026,False,231,zkproof_0231_hash,HR_SIGN_0231,CONFIDENTIAL,CONFIDENTIAL,815c36fdaf1d9b3327eb0af655ec64a9e56cb0571c5ae260cd88b1f72f1b271b
0xdf4e4004e5efc95e1a597e040eff8bf70ec7b162,EMP1233,FDIUS SKVPOZ,R&D,Engineer,97,55,3,89,64,70,17,No,5,35.5,No,3,0x8662a8e2fdfc78156c1ba71a5835a3a5823458bb,0x33b8753f3b811cef22524629c38601683db1378e,No,2026,False,234,zkproof_0234_hash,HR_SIGN_0234,CONFIDENTIAL,CONFIDENTIAL,1169d1b2669bfe51008ef699ba83c05e9403c1e13b5e81714cf4d54dcea197ee
0x9123beb67eba2eb6a7fcc4636bae4ae1248fc24e,EMP1235,SBHIQ HFNCTX,Operations,Developer,89,52,21,58,99,51,22,No,4,43.9,No,2,0xcf8d4b639171d75d72afb5f267453f45d9d876af,0x64645ab0cc47d1370a2e865a56623805b07d169b,No,2026,False,236,zkproof_0236_hash,HR_SIGN_0236,CONFIDENTIAL,CONFIDENTIAL,f2e0d2bb18a57253eeeaad3af522a236541ca2b8f637e659872ac8b5d94b6c4b
0x10c57375eb2a617387d9698b522db4cb93664506,EMP1236,NSMIT WIXEVR,HR,Engineer,87,54,43,62,53,60,4,Yes,8,46.6,No,1,0xb13b6f10c5344be828c8c7d86a4d379577f8d2ee,0x5c1dd708dd32c92d2bbf15d8121ff531e8cfd0f5,No,2026,False,237,zkproof_0237_hash,HR_SIGN_0237,CONFIDENTIAL,CONFIDENTIAL,192162f053182da7b9cfdf8e99a9312a60ff772104718fa1501958ba919ba01b
0x2d9f372638dc3e0ade0a2ce86b92a2b66369c13b,EMP1239,NTDGQ AKHKCW,IT,Analyst,65,37,26,72,62,62,20,No,2,41.6,No,1,0x0b82b9e29a644b130fc5c33933ba1771e7287fc3,0x72d22d728bb8aae1aaf5aa49d33e3c992e295751,No,2026,False,240,zkproof_0240_hash,HR_SIGN_0240,CONFIDENTIAL,CONFIDENTIAL,e82dbacc368629788d4971a7b694e348d5a9c2e294c19b956693e299c1bbf829
0x8c4ca77c7c58658ce533bd761b1bc69e4f3d7779,EMP1241,EJGGR ESETLU,R&D,Engineer,88,45,43,90,99,60,7,Yes,4,55.4,No,0,0x8d302c17e22a889d3d6785ce66553c5e79006b89,0xadfc539742bbd1d08664c80951a41c4f2a9da466,No,2026,False,242,zkproof_0242_hash,HR_SIGN_0242,CONFIDENTIAL,CONFIDENTIAL,9e0587aab179778095eb6fc36e03c66bfbf731d0f7011ee32627e02d39125d59
0x964a40142e002706b9a03de2b2a1568999624169,EMP1242,PNWQH IQDMGQ,HR,Analyst,92,56,39,67,84,80,11,No,3,56.7,No,4,0x9833b16ca9a9c4084cedb074a6b48467c6320b80,0x6203655db4fce629696cbd8336596e9516032626,No,2026,False,243,zkproof_0243_hash,HR_SIGN_0243,CONFIDENTIAL,CONFIDENTIAL,aa713fc6b933593fa166976a98e90872d63ef3c46ab1c0f8681f9dcf97570658
0x76efb67febc1da32a3e9cfd15fd3d7123e8b44e0,EMP1243,NRQZY ZWCDSN,IT,Lead,81,38,35,47,92,65,17,No,5,52.4,No,0,0x0631ca0b9b9851cc05209c6749be841480b85412,0x0fe3f7c5a5677a7545114d9181cce560d52dffdb,No,2026,False,244,zkproof_0244_hash,HR_SIGN_0244,CONFIDENTIAL,CONFIDENTIAL,46af35df4eb6bbced57e21871ea644884b97f4303fa2313a2c4f0e5674cb7106
0x76d9b2aa93133570dc1b8392bbac679a3708380a,EMP1246,PIGRD SVGTCU,Marketing,Intern,77,47,23,47,57,49,24,Yes,7,36.0,No,2,0x93697227686ea6001d5de0a83c450897d73bdca9,0xaa0fe8f382f9c009c25f16a6cc352335ec00691d,No,2026,False,247,zkproof_0247_hash,HR_SIGN_0247,CONFIDENTIAL,CONFIDENTIAL,63e8a3b5c9b4dc79b805eb76ceedc37a6b08aee02ae4b9b740d4c1dd519076fc
0xaaa4e078a420255520c656eb71000ff93f1dd992,EMP1250,UJQVG QARKWB,HR,Coordinator,69,53,41,40,90,82,0,Yes,2,59.2,No,1,0xec4bc691ec7efc00dfa326bad6546d6e0a6a29ea,0x1d1ba900112a03a8fcb3679e0b53afd0f5800222,No,2026,False,251,zkproof_0251_hash,HR_SIGN_0251,CONFIDENTIAL,CONFIDENTIAL,95211462ce88ccf2c0bae2d6d5bad928d5dab68243db47440f216ee32ecd3b42
0xf58232b24e1ce8f3457b4acdf5ba2825bbc08fa2,EMP1252,SNKOS OIVWRY,Marketing,Engineer,76,37,4,42,99,69,8,No,5,42.6,No,1,0xa37fd708f0ce7783508a0ddc7e12f72f604ecb5e,0x61c977ed12f55cf1223e56033f3f442e3e53a94f,No,2026,False,253,zkproof_0253_hash,HR_SIGN_0253,CONFIDENTIAL,CONFIDENTIAL,a46ee2633ab3181804c59137a2be65a999842eadc92b4a6165e47dbf56b662c5
0x0debbfcf898a6bc0d48bc24a4dcf893c29aa3d08,EMP1253,NWCHB FMINWA,R&D,Developer,70,58,9,75,82,98,20,No,5,49.9,No,3,0x06e8f21224b9ca480c74d728273b7831346f2562,0x65a6283c69192864547eb674311d05453e4d4a03,No,2026,False,254,zkproof_0254_hash,HR_SIGN_0254,CONFIDENTIAL,CONFIDENTIAL,3833c73d3a7770526d6e9e3e18719432f78fdfc52f03bbb873d8eb5261fd07d5
0xfccf9dfa643343cc78e9033112d592b4f38092fd,EMP1255,GEEEQ CSWDBE,IT,Coordinator,82,55,7,97,72,57,19,No,8,35.1,No,0,0xc0155a71c8237a28896f9321c5fbf8cf8bac1a7d,0x2d4a178398f84d7b275444ee2843ac45a5435dcb,No,2026,False,256,zkproof_0256_hash,HR_SIGN_0256,CONFIDENTIAL,CONFIDENTIAL,a67a0c32fb320e646d1f2c30c3ce997391386346213e66756bc2644539158565
0xec597f4db461911c40d57a19f4599ceeed4b298b,EMP1256,OSSHU FNTBJJ,IT,Intern,98,41,1,73,71,56,2,No,8,32.2,No,1,0xbcadc89a776cc13843c781506aee24182f64fe6b,0xb56e78deb4f4aab46c0f8428512fbf0b3dda80e2,No,2026,False,257,zkproof_0257_hash,HR_SIGN_0257,CONFIDENTIAL,CONFIDENTIAL,0c7bcb3ea89926e2fb0f5d6d0027f9cb1f4e6f9b1687400b8a335aece970b3ac
0x80884065b983d27e270f4c7eea71a75b2e252eae,EMP1258,KOLYH XACRUO,Engineering,Intern,90,59,2,90,51,61,8,Yes,9,30.2,No,0,0x06f424d3c2f0d672aa93bdad16c50f2bf8c0926d,0xddf04baae0284ff91379db3b235e55cb9a23a8d7,No,2026,False,259,zkproof_0259_hash,HR_SIGN_0259,CONFIDENTIAL,CONFIDENTIAL,c774a60aa3a2a69bf5c19658617cd72ee3325411c12d6ddc9ea9da237179d0e2
0x48f03f7bde892477e3c15105bafd9609f7625e49,EMP1259,GTHJF ISSTNK,Engineering,Coordinator,69,55,7,80,53,99,21,Yes,6,43.7,No,0,0x51bec137c711ce81ab23625193e04de020ee9527,0xe4ec84a6598691474cf289fd3e5a39578f7ab4d2,No,2026,False,260,zkproof_0260_hash,HR_SIGN_0260,CONFIDENTIAL,CONFIDENTIAL,57aa799258f2ff9885b80925135a4a6501a2ee1f12c2b79e2ed00d99f7fa2953
0xb3a5c2cb1cb6c03798ea7e1ec838318f3eb8081f,EMP1261,LDODS HGWBQY,R&D,Intern,78,40,37,96,94,48,9,Yes,4,48.4,No,4,0xda1f6e76788ed7423958b26c2d4737a47031ad5b,0x4b6aa818312c3d932eb8dd5689a99cc10630f279,No,2026,False,262,zkproof_0262_hash,HR_SIGN_0262,CONFIDENTIAL,CONFIDENTIAL,b374eb3ed5dc86f0f5ac066d07fc9d6bec86003b8234631c631b166b6e72c8f9
0xe96ece97a5b1d154db347c876da54706208061b8,EMP1262,KECHO SOPNRN,Engineering,Analyst,62,53,46,81,95,53,9,Yes,9,54.2,No,4,0x9eb0e848fc1f355fa0857a98ecd4135b4a6bc6a6,0x93a2bda92fb17ea8db36a33c823c76ac2919a091,No,2026,False,263,zkproof_0263_hash,HR_SIGN_0263,CONFIDENTIAL,CONFIDENTIAL,78358abbae7e7fb62cc3af3d03acc44babc769ddbec3fe47b713f0242fa4790f
0xd210ddf6fc417af914515bb1087d8151f7411ff9,EMP1267,WMFQW RLULMS,HR,Intern,65,55,22,55,83,50,12,Yes,8,41.2,No,3,0xf605389c9891def1d887a31791569b221dc167a6,0xaecffec2fb8dfc1d46ffc9fb8294443d7761b0e7,No,2026,False,268,zkproof_0268_hash,HR_SIGN_0268,CONFIDENTIAL,CONFIDENTIAL,0670b92f9c4c0f1810b715b056982e2c0e727b6e3d9ec3890bdd726efd9a5146
0xa255d41d56f9f7e93424d7913cd833a3146dda48,EMP1272,CPEIG GEPLBG,R&D,Coordinator,89,31,0,43,63,55,6,No,6,29.7,No,4,0x4f4b020aa026af76e03d6fdef62db5add150802a,0xb271a2d9d38c065126336a42b20004299612de5b,No,2026,False,273,zkproof_0273_hash,HR_SIGN_0273,CONFIDENTIAL,CONFIDENTIAL,00dba484735553f194f374019a6986f098742154b121041e7c50bb247de2d65c
0x2bfc8109cd8f78ddac6897e8a303c5ef24d3e9ee,EMP1273,FCAGD XOGSXC,Operations,Analyst,72,59,20,94,74,82,19,No,4,47.8,No,1,0x3bc0b60f1730aed1629e061758ae0b3024b1ae64,0xf70fafca89fa3e6d028ff5ec607851be2f15c976,No,2026,False,274,zkproof_0274_hash,HR_SIGN_0274,CONFIDENTIAL,CONFIDENTIAL,c13271f166297b1d98ecd3ed5ca19e3cfe939c6a98ff8fc09a1a62d52a0fe661
0x95c48f7fd88f0424cf4baaee933674db99ca3334,EMP1274,SGFYJ NFDWWC,HR,Engineer,91,49,8,76,82,84,9,Yes,1,44.9,No,1,0x446dee32481d5b39002abc6d41985e8fafe6cc60,0x6ec3a400ed54226e9e65bf12721959fd150015de,No,2026,False,275,zkproof_0275_hash,HR_SIGN_0275,CONFIDENTIAL,CONFIDENTIAL,d0a992300a6beb6024795d6d472d390d20e480ee0b84bcf399e0014cac7be39a
0x8540ac4e3a1b22437c411f8edcb0121cfdf16857,EMP1276,UFYGR IVACPY,Marketing,Intern,65,46,20,49,86,93,18,No,9,54.0,No,4,0xf49b80f5891a7d0e9c1e5db89a25658311a0d1be,0xd2f27b897db1579d528b249c328b9192d253d01f,No,2026,False,277,zkproof_0277_hash,HR_SIGN_0277,CONFIDENTIAL,CONFIDENTIAL,3676c57eb183ebb71c6d587e6b39238e073a33edd05943c96ab28fc52a2b9e97
0x3037df8db6ac63997f753a9a8ab0214ada3b0e0d,EMP1280,EILIZ DEJOYX,Operations,Analyst,61,35,28,58,81,76,6,Yes,1,50.3,No,0,0xaf0d2de7142a9ac3b82ca7d493ceacb64ca96328,0x2855f56b43efbf59f147fdea1b80c910f6f14605,No,2026,False,281,zkproof_0281_hash,HR_SIGN_0281,CONFIDENTIAL,CONFIDENTIAL,5c078751edf625ebfd557d43340e170f5737d699acbfff9b27f7e895d2f93a5d
0x8af4a9d53076b2eae81c1c2b1af6664f89a6b199,EMP1282,BDOTG PWLRLN,IT,Analyst,90,58,42,93,79,89,10,Yes,3,59.6,No,4,0x1039c4cfc652b5a3407631f5263d89dadcec38ab,0xf1a017a7f91c52e313608a2f507f2d0d480d36db,No,2026,False,283,zkproof_0283_hash,HR_SIGN_0283,CONFIDENTIAL,CONFIDENTIAL,9f7fa12ae8b21aa6d119e1d8abd76611d3e3229c443ce0913374738962a215b9
0x65dc38d5323976ab8324a5dfa3117d9cd67968fd,EMP1284,MRVGE FVLRWB,HR,Analyst,92,40,46,63,71,77,15,Yes,6,56.3,No,2,0xf2e50535515709aca1b611ff665d73a9d1d9f202,0xea4a0d3a35e87352ac33835f772cbadddf131cd7,No,2026,False,285,zkproof_0285_hash,HR_SIGN_0285,CONFIDENTIAL,CONFIDENTIAL,b3b0df69ac8d3471977940380b46af83fe11b94ab2337b69739e184bc6458598
0xb194a812199a5b78a13702654fcddd20746435bb,EMP1286,PXXLP XXRKJY,R&D,Lead,60,34,24,59,95,52,19,Yes,5,44.7,No,2,0x32d5400c403b84334ca4ad09b9ad2c6ff7b879ac,0x30b7fe63d2479477d4d3a4005f45c0d02b93bd1b,No,2026,False,287,zkproof_0287_hash,HR_SIGN_0287,CONFIDENTIAL,CONFIDENTIAL,c9ddc58298575d58f4f9d919c1fbaa7ff278023244b60d7195795925bd3b6fe2
0xcec3da17db6f6cfb07e6e17fb2478cddc51011d1,EMP1289,MNKBG XAUQEV,HR,Developer,78,42,39,58,86,52,4,Yes,2,48.6,No,0,0x11f241377a2f862bba605388fda2b145dcdb180a,0x61f961d66b912185cf174040158db3799d661de2,No,2026,False,290,zkproof_0290_hash,HR_SIGN_0290,CONFIDENTIAL,CONFIDENTIAL,6f35787116278c04370bc66af1ed8c867b2953aed432ae5a4a0f41d761246134
0xba486c0fa6c37d40bcaccb8bad5c38500580f3e7,EMP1291,UIDXO QESNGX,HR,Analyst,76,52,27,64,62,70,1,No,8,45.0,No,0,0x10a22bc2e5d2f1feddfa779b8e6870ed9af4c056,0x9223882f72e4306b597991392c650e6900d70437,No,2026,False,292,zkproof_0292_hash,HR_SIGN_0292,CONFIDENTIAL,CONFIDENTIAL,978a6f36283caf302f8c9f017e95c3eab2a6aee241c33859bb4cc65d25f46b7b
0x2b1b293bc434fd346502741c651d75935302ee4f,EMP1292,YDXPP XEKVOB,Finance,Developer,63,48,17,43,93,40,22,Yes,5,37.9,No,4,0xf6f10380de33cbccca6edfb15e7d28d2f75a4221,0x892947e1f89cfc3fc38f52887e8cf27422e372f4,No,2026,False,293,zkproof_0293_hash,HR_SIGN_0293,CONFIDENTIAL,CONFIDENTIAL,e33245c2ad30700afc435159ca239f31c3734e5c976050d2b4164d4731714d83
0x49211f27713f932979cc90ded9ac4bbb5a635baf,EMP1294,XSKPM FSMRUT,Engineering,Analyst,96,40,15,63,59,97,10,Yes,6,47.5,No,2,0x2671cc437f5660ac226358842ef8ab8e9c54582d,0x015fa45900789674b57c3f5fb5f35cb3dd981743,No,2026,False,295,zkproof_0295_hash,HR_SIGN_0295,CONFIDENTIAL,CONFIDENTIAL,2bc1113f1929d199f760cba3403af8162caee962f304a7898ca53fa31ffcfb4a
0x12b0c78eb32714ba82a69946fb52d2323aed4fc3,EMP1296,QDZQF LBZJUH,Engineering,Lead,92,48,10,60,50,93,15,Yes,4,42.3,No,2,0x39b959ace278c90afcd938311591833b09208831,0xbd04503cd893aebc399da5aff6131a62fe951325,No,2026,False,297,zkproof_0297_hash,HR_SIGN_0297,CONFIDENTIAL,CONFIDENTIAL,122a22610e83a40c649923278c44c7f723b65796467858faceea64ea61a06733
0x31a00ea84af8a50c46a042341db853d989ca46f3,EMP1302,WAVTM SCDUWM,R&D,Coordinator,89,58,40,70,99,90,21,No,4,63.2,No,2,0xf607c8665770703a4f1204c3a15518b88b92be97,0x8af06fc6524df189640ad604f5c0a694614662c4,No,2026,False,303,zkproof_0303_hash,HR_SIGN_0303,CONFIDENTIAL,CONFIDENTIAL,ef16968930fa389e696c30a21d8b7196ac54d368f469d1d6338a8f99d3c45b53
0x663a027436c81136fbedb22afbf84c67345aaf99,EMP1307,BQJQI FONACA,R&D,Manager,69,30,7,48,89,59,16,No,7,39.0,No,2,0x67fddec024ffb2799f8b37704f6380dd727c5d7a,0x66461d06f95b78ef6ec77e813106c049109d8b3b,No,2026,False,308,zkproof_0308_hash,HR_SIGN_0308,CONFIDENTIAL,CONFIDENTIAL,b9605f4277c9aa6c8aa7b41b973d15023040fc72369d0df08366f7e93d49ee62
0x030daf114e70bd767a9957b8c7d28ecb80957da5,EMP1308,HOJJZ MAUHSN,Marketing,Engineer,98,57,7,48,83,65,19,No,2,39.1,No,0,0x6013b16378c13e849684bb602bdf1769a3c29318,0x17dc95aa44ea70b5aa5a8ecba2f613cb01e385d2,No,2026,False,309,zkproof_0309_hash,HR_SIGN_0309,CONFIDENTIAL,CONFIDENTIAL,57383e37c95629fa0497bc2decdc05da021ac0f6684b049b553696442e25fed3
0x19546bdb9d89468964de1930d8da1f9204d789f2,EMP1310,PBIUY YUIPDP,Operations,Coordinator,95,33,3,53,57,86,23,Yes,9,39.3,No,0,0x5d40c7e3cb61bd88524cea811da00d26be180020,0xab3e5fded7958477adc8117ffb49a9f8f9ebab16,No,2026,False,311,zkproof_0311_hash,HR_SIGN_0311,CONFIDENTIAL,CONFIDENTIAL,a46187db1260b822b7ab9d800eaf087dc48bd0d907f2dd468ed4f46b3d576ec4
0x8802a08d848432638aef95125a4fd3c3eca219d3,EMP1313,PVWSK RSODZT,Finance,Lead,97,38,26,85,54,53,8,No,8,37.9,No,0,0x9b2607e6d4a1a587eba44de2bcb760e6e56deff3,0xe320570961688e63ea939537b255fc380c81c22d,No,2026,False,314,zkproof_0314_hash,HR_SIGN_0314,CONFIDENTIAL,CONFIDENTIAL,d89e0cb4cf9d7fbe9dc257ef3aa8b68629b98e5528a5ac2b10a68d7840e62b18
0x04ef01d04537d2ca677bc866181850d1a8d155c8,EMP1316,KUMQD HVRNUJ,Finance,Coordinator,84,44,27,49,81,68,8,No,4,47.8,No,4,0x9a206cd598a24b56de187618a4ad9f8cae268608,0x1fca2a53b2d6d3b0aab54d3fa6db9aa2ca580cba,No,2026,False,317,zkproof_0317_hash,HR_SIGN_0317,CONFIDENTIAL,CONFIDENTIAL,d3bb31416009ec84bc4c5f90d61c4d7659585c30333adab1d3af8e1c32e65fef
0xa9056c61112caff0c161002e7afdf4f0df66ce08,EMP1317,JVYFF FIMIZZ,IT,Developer,75,31,20,45,73,48,14,Yes,2,37.2,No,4,0xf486cc6d0f4a7a531c5d12ec338d766c9d58ef53,0x487401b1e8f805a1d415d37d8ed029191476614e,No,2026,False,318,zkproof_0318_hash,HR_SIGN_0318,CONFIDENTIAL,CONFIDENTIAL,861ef31c51926a6b9658c4980ddada0cfc2b585500b54ca853686731a0ee7bd8
0x7a93cada00fcd007b013c1974bce91ffb22f8d15,EMP1320,DDFHU BSNOPN,IT,Engineer,64,34,11,44,86,64,7,No,5,41.3,No,0,0x2806dd08936c75d4d71409eb1a82a771cfaaffba,0xa9c5adae4fd4a88e86b531a85e8d55dd7692450c,No,2026,False,321,zkproof_0321_hash,HR_SIGN_0321,CONFIDENTIAL,CONFIDENTIAL,1b8652a28bd259a9442d11842004b35f814e381eff34dcc80f683d1b926f1bb8
0x78525668089fe88fe8d0adda2e9288265b92148f,EMP1322,ADYQE CSUOAY,Operations,Coordinator,97,30,5,92,98,46,1,Yes,3,35.7,No,0,0x0d48164877b67cb9c93b3db54a061e6ba9f08704,0x6b68106ad542b2aa8a4f3c413ab86dc21001f896,No,2026,False,323,zkproof_0323_hash,HR_SIGN_0323,CONFIDENTIAL,CONFIDENTIAL,eafc09b076bcc8ea5b417d158730b277972e2538a93b1d94684e664c0ed3eecb
0x6579069ff4b7033eed38c1d9f196c99413390eed,EMP1323,ZMZUJ HVEQPF,Finance,Manager,87,47,12,51,95,54,18,No,6,40.6,No,3,0xfe877e98329f29ffb34995c7a47e75311b36d185,0x9a1e7215ceb7f2b1aa78419c3876cf5e1bbca320,No,2026,False,324,zkproof_0324_hash,HR_SIGN_0324,CONFIDENTIAL,CONFIDENTIAL,6b55ab724fb4c38c007ad83c433e131e76d8b6f530b5511295359c14d9419fdf
0x2c4b67d240aeeef280ea0e5bbbadd5f6babe8a0e,EMP1324,QPDQF EKQNUQ,R&D,Lead,90,43,34,49,59,42,21,No,7,38.7,No,4,0x2dc500edf1802d157cbd9716bcfb51ee19a2c1d3,0x43af6d3d4d1cb49e748d461bf84a150f4a69c3ab,No,2026,False,325,zkproof_0325_hash,HR_SIGN_0325,CONFIDENTIAL,CONFIDENTIAL,50a7251d208524c0016e79d6b0c06644edd95ea432b814c088fb06f768f183ab
0xba629094f969587ad642a8efe8d612a3106eb0db,EMP1326,XNUAL HWIWSU,R&D,Lead,97,56,0,99,50,57,23,Yes,3,27.4,No,2,0xfa40a5fb492fe45961712dae99ef6a49e99b4cc7,0x3f458998049ad6016172d145bf1cfb443ba725d7,No,2026,False,327,zkproof_0327_hash,HR_SIGN_0327,CONFIDENTIAL,CONFIDENTIAL,70a97ca4a7b72a32e86fa987ebf702a8421573f2809f27173e490654484efe5e
0xeb36a39b3872f0fda2d8472ea65227f9cf0458b0,EMP1327,QTLRU OBPCIJ,Operations,Developer,64,35,43,55,69,60,15,No,8,49.8,No,1,0x736977e0fde9de6bee208ac305741a496143f718,0xc23831f34d8a9006cfd3d4f6b9ec1796a8c09596,No,2026,False,328,zkproof_0328_hash,HR_SIGN_0328,CONFIDENTIAL,CONFIDENTIAL,ec4ef1d812215cbefd7749fbb2f78135876ccad5da3af7855422c18c6e04dbd0
0xc5f62b26b3e865930edd96b21c9bbfb976c5d48c,EMP1329,VZPAV PJLFWS,Marketing,Developer,97,58,10,45,60,52,1,Yes,8,32.4,No,0,0x6d41234e7a86f33918af4d57697803e5682bfae3,0x583df36331d6a75f37ddc7460c2f0a40d361abae,No,2026,False,330,zkproof_0330_hash,HR_SIGN_0330,CONFIDENTIAL,CONFIDENTIAL,20c8522bb9fdc39748bb0dcca344c3f7bc345077cfe16075a0afe1c5da80343d
0xfd011eba6f6d82580d386b25e3c78649ac2945e5,EMP1330,PQJVE XEPAKG,IT,Manager,65,30,16,75,99,90,10,No,8,54.0,No,0,0xfbc921463cdc8a94437434dc8db29be86f975aad,0x9d592b006dc99b2ad9c89de7a053e767b2ee32d0,No,2026,False,331,zkproof_0331_hash,HR_SIGN_0331,CONFIDENTIAL,CONFIDENTIAL,ea4ae239fdcb9b744fa7594924d64afb7c46fb651451191e9cbe555d686570b3
0x2b25fa5adf1878ee14b156c2f5c2d76382a7d34f,EMP1331,BQKTU ANNWQO,HR,Lead,61,39,19,72,67,60,7,No,0,39.0,No,1,0x08e5eab72a69b2565022d9c5f1481a3976ed5e1b,0x9e8dea9a1d4f95025a0ee0efcf8861de58607920,No,2026,False,332,zkproof_0332_hash,HR_SIGN_0332,CONFIDENTIAL,CONFIDENTIAL,09ce693079fbda109262d5af171ba2bd13d5fb2c0583f722cb6d05688f21dc04
0x913762fa0a9da6e8f7f9c7c06c9a276be49eb43c,EMP1332,SUQBY TBQAET,R&D,Coordinator,66,30,28,73,67,93,18,Yes,5,53.0,No,2,0x5ad16dbf95d45c8d6a34ca4c9716a10d916d83b2,0x70091043a8c78f8549c2caee84fe6252308b2efa,No,2026,False,333,zkproof_0333_hash,HR_SIGN_0333,CONFIDENTIAL,CONFIDENTIAL,ba669c4c43a79f32fc5e4b0d9778bc397ac044c701de2fc554d08cb3211f67ba
0x2f590ed2c860a1148c4458c148edaf3d679c0154,EMP1333,NHIRY TGMCZE,Finance,Manager,82,38,20,92,71,43,9,Yes,6,35.7,No,2,0x63845b6e63b007994433b3766603dd5eb30b47e8,0x89b1ba9ece087aa563240a50fda700cf434f5f9e,No,2026,False,334,zkproof_0334_hash,HR_SIGN_0334,CONFIDENTIAL,CONFIDENTIAL,eb2ac4e107df61176a76c09a25c5ca01ee41cf8cf9d093016376583cb7d017d8
0x55245c7a80228b288387653a59f7670c1106d9b3,EMP1334,RHNRI EZZOPR,Operations,Intern,72,56,39,98,74,82,14,No,7,55.7,No,1,0x36ec9ec48de80c80f969094e19e9e8e5573e669e,0xe5f6ef36faf8d2b6a0b349dd9982232987867a28,No,2026,False,335,zkproof_0335_hash,HR_SIGN_0335,CONFIDENTIAL,CONFIDENTIAL,06543fc2398ae8447eb566cd4a52754760f5e6af79d41034612f097dd658089c
0x75041157fc2452aa8093fb5b0ed58c9c80911959,EMP1336,OOIME VAEIEQ,Finance,Manager,72,51,15,43,92,46,2,Yes,9,39.1,No,0,0x6b3b886aed0075d445b3b2285e08a0f838e4e0b5,0xfa9041ae4b0165daf9abded3d22f114b3b1eadc6,No,2026,False,337,zkproof_0337_hash,HR_SIGN_0337,CONFIDENTIAL,CONFIDENTIAL,d53d368a37387ae4af7988a09a7f0c58c6c39d504ed41f5f675065705a38340c
0xbb60049af339536b27dc22f7d0f84d53b520fa32,EMP1340,BISBI COPYCD,Engineering,Intern,95,35,4,67,75,91,7,Yes,9,44.8,No,1,0xd1bae68d0e54f993e0980bda295b74360f824d8a,0xd74c7d91d2db3dd46b8518005d410b917a27dd0d,No,2026,False,341,zkproof_0341_hash,HR_SIGN_0341,CONFIDENTIAL,CONFIDENTIAL,2e67d87c209e9fdc0bc9c438f0775e2f9020e127c321e766c54c8a9728fc1c28
0x403c7e7669ed6d922b386a05e317862e22d7759e,EMP1341,UTMZC XTIZAX,R&D,Coordinator,78,44,46,97,50,64,14,No,2,47.8,No,3,0xa0d350c7da109776474dff7735c036846cb2f84a,0xe127e9fb06156bc6edb029be782cd1dde565302d,No,2026,False,342,zkproof_0342_hash,HR_SIGN_0342,CONFIDENTIAL,CONFIDENTIAL,15678ff9d11051852d1a6531713c6af7d63cf5a6533350dd773aa02138747b91
0x2508c132fe78e314d49fa47c13a1f6395f3aee5f,EMP1342,XVWBM GKEKRQ,Engineering,Developer,79,44,7,72,90,95,13,Yes,0,49.3,No,4,0xdf4b57f781b027a202a43023366c67b3bee06471,0x6a0f00b0c88b9f5f30979762632290da2a4f5306,No,2026,False,343,zkproof_0343_hash,HR_SIGN_0343,CONFIDENTIAL,CONFIDENTIAL,99964f2f21d74d0207a21cdaff31a0c97363e1d9b059bc9d3c11f8114cc7b7d3
0xdccba0354fac94723d03657f10193f39c5db5caa,EMP1343,UXXEX IZTTST,Marketing,Intern,94,45,28,53,85,52,10,Yes,1,43.9,No,4,0x7c188346ce43a7d89a7af5bcfaeb94ad099016a2,0xa6b1b9c54b82510223f6be5776ce0b58065de199,No,2026,False,344,zkproof_0344_hash,HR_SIGN_0344,CONFIDENTIAL,CONFIDENTIAL,18411b7a86b65511e7dc051d3e13ef97fe94cec62783821a174987548c303903
0xf0ed05a20c36be20dfede4d54f3b1f57096772c5,EMP1345,OYLAL AVHPTK,Marketing,Analyst,61,30,27,78,66,44,21,No,7,37.9,No,2,0x32603e0db7e24d5b0d8c09610795fa110dd31561,0xbe419346aa14b8d00180cedfd3e0254b4ae159c2,No,2026,False,346,zkproof_0346_hash,HR_SIGN_0346,CONFIDENTIAL,CONFIDENTIAL,7a4494f3c578cc8cef7f746d5b704ee5b7f0e728292cbee7b9cb3e2cf9c75e25
0x5431ed2c1db164071f505991f89a735cadb957cc,EMP1346,VKMJP NUQXQW,R&D,Intern,83,57,45,51,50,60,14,No,2,46.2,No,0,0xc44364c8062ef2b328343f23ab4d76ef2155308d,0xda5405d3c7959b474c790cfbdf2afd0b3dde25fc,No,2026,False,347,zkproof_0347_hash,HR_SIGN_0347,CONFIDENTIAL,CONFIDENTIAL,2b8fbb5dd0f61e5e10d27fce7c280c843e033d17d465dcffced2ba8f483cabe3
0xefddf7aed9ba9a16506e35fa45af2678ad2c602f,EMP1351,DUUXB QZYNON,Operations,Lead,83,35,18,48,89,76,8,No,2,48.0,No,2,0xccb1693823267263f29b80d63af384db2a7202e2,0x2a7856054af061656b1e32db6d390355e9b6a44e,No,2026,False,352,zkproof_0352_hash,HR_SIGN_0352,CONFIDENTIAL,CONFIDENTIAL,296850fc325283330d66ca3664616151e5546311ca34615e33421c8f25070640
0x55c14640da6b2d64fdf856cb88ecde2401d6db45,EMP1355,XAHRU SYNDMZ,HR,Intern,86,44,3,90,60,46,23,Yes,3,27.3,No,3,0xeb9a2d1996d14f4553bbfdab23d16751d3c96213,0xd19ab7127e880421a439445964f131f481f35257,No,2026,False,356,zkproof_0356_hash,HR_SIGN_0356,CONFIDENTIAL,CONFIDENTIAL,0d374ed0180c7df8951fb0ec510ebfe9b524b1038388e856e669fb9af2c5aaea
0x376ecb750161d1c07d019b7736776aa7be58f6e7,EMP1357,AEBFQ XHGDDX,Marketing,Lead,77,36,3,76,64,58,21,No,8,32.2,No,4,0x4a81f6c7dc1a86a2ef0dd8108f241275b8cb6ea5,0x91b6fbcdb0808f3b4018b804bf2d22a7ddc5a67d,No,2026,False,358,zkproof_0358_hash,HR_SIGN_0358,CONFIDENTIAL,CONFIDENTIAL,fd99ad167f33c2f623b449b9fa018627644853ccfe204f62d370575535bc623e
0xe40cbe8e15448d45e7b2dd15ef5038fe1c32d1e2,EMP1358,XBXAP TNNMYZ,Finance,Analyst,83,50,19,42,52,40,1,No,2,30.2,No,0,0xb193534499812657cfcd9c9ad72376b755322e8e,0x3bfe379446f8b543617326ff1d6001a6d1cf532a,No,2026,False,359,zkproof_0359_hash,HR_SIGN_0359,CONFIDENTIAL,CONFIDENTIAL,c424be9fe5d03b08fd742cbee6d54fa19322ac4a7f745dcb0f8f875fcb0e5d34
0x56b29db515c4b6211191dd95496550651868507e,EMP1361,JJLLT PPGNOV,Marketing,Engineer,75,46,41,43,99,80,13,No,5,60.7,No,1,0x4f2d265eafe5b3bec8d2299ee7754d89e60ad3ac,0x29449537e5f2c75ad1cbb9acad2d083b34bae7cc,No,2026,False,362,zkproof_0362_hash,HR_SIGN_0362,CONFIDENTIAL,CONFIDENTIAL,734c1bf6da15bd496878a65f788601ef45396eea14bc61137474771bf07862f6
0x953a0bb26e7987a82f45b679c2f75147da796476,EMP1362,GJMZC LUTNMN,IT,Lead,84,58,18,75,51,67,4,No,4,37.9,No,1,0x33a75eef132e6ddf5a73579bc2002e0bb5edb069,0x106eb59961a18d5599031eaa67c7d2e388c5620a,No,2026,False,363,zkproof_0363_hash,HR_SIGN_0363,CONFIDENTIAL,CONFIDENTIAL,83f9a898ac81a140f7ac00e966bc0c939a36780ead964ece68fea6940cb9714e
0x7ff0da6bb168123ce418159e840a8985458148a7,EMP1367,OSMIP ZGNXYV,IT,Engineer,75,56,16,82,58,91,13,Yes,4,45.7,No,2,0x288f76fedbb39bcdeb20f8f64d6bf3bee85cb7a7,0x8f404765a9eaf0076f480017646f4e1326e5f2b6,No,2026,False,368,zkproof_0368_hash,HR_SIGN_0368,CONFIDENTIAL,CONFIDENTIAL,5b5575f718d342f49a5c98c5eefbd4ac2fa2a8740482e4845c97b1efb522053b
0x81bae4f0a8a223b1250daa2dc934318e65b3b1c1,EMP1368,FGLKD KGBQPZ,Engineering,Engineer,91,37,15,86,66,76,0,Yes,4,42.4,No,0,0x4f69940c6b7ae21a91efb60cd82427b91b2284e2,0x6a2ae1888e7656f505a8aad9092ef828bb5a8186,No,2026,False,369,zkproof_0369_hash,HR_SIGN_0369,CONFIDENTIAL,CONFIDENTIAL,7e3eb2974c9d054e08f7f725c5170de21d74e7ab8fdc7b392053e9d4080b3bfc
0x172a403626c27be36c280a179748995be990a22f,EMP1370,ERBOV PBXVAN,HR,Coordinator,89,41,9,69,66,91,21,No,2,44.3,No,1,0x8f2b4541b1af8168e22b36d1e83d539e567b6482,0xdfa1c5e71b2bfed4570334fe30163fdce158a3c0,No,2026,False,371,zkproof_0371_hash,HR_SIGN_0371,CONFIDENTIAL,CONFIDENTIAL,987adc07e5aa245eb113ee79e27d7ed64b2462e2ccb43a229f4bb2a6abd80775
0x43f7f4bb724789afcdd5bcd3673a5d908e29dca0,EMP1371,LHNUR HDQPTP,Engineering,Engineer,60,44,2,56,60,73,0,No,1,34.8,No,4,0x4a917f795ed6f033c5c2fd631f6a5233f7aecdc6,0xd1a85b08142490dbd158e1a459386e26d620ce94,No,2026,False,372,zkproof_0372_hash,HR_SIGN_0372,CONFIDENTIAL,CONFIDENTIAL,877240f6b76004c778488bca4ef812979f02f791c69859c21db8874087506001
0x7f91eb814efb04e43318d2217bf3330da7b0a7e1,EMP1374,AZOYZ SHJRRF,R&D,Lead,86,37,2,84,51,45,1,Yes,8,25.3,No,2,0x26e21cf789e8821eca5a4fdc16bb4462cbf80663,0x3eaa1b5b3ecdbbdd8cb65c94574ad8e146055d36,No,2026,False,375,zkproof_0375_hash,HR_SIGN_0375,CONFIDENTIAL,CONFIDENTIAL,212270056141d0d72ad5d1639133191934cc5461d975ef0d63bad82b4270fbbb
0xcbb49a063fa0d27a25d19b88331860297e6a7b97,EMP1375,IOFFR AUHXUT,HR,Analyst,87,55,11,78,71,44,16,No,0,31.8,No,0,0xee4f91f7a8010945ec77ecbfe7f2dba5401c7dd4,0x5b7fb24d72217e5554352c4e0664027600c334fc,No,2026,False,376,zkproof_0376_hash,HR_SIGN_0376,CONFIDENTIAL,CONFIDENTIAL,02e4cdf9b3e328ff0f78e71f4375f77c5f2a9ee7205f7e343a0f4fd8d269b1ce
0x17ef065a2c621d6cbd63c432861660522e125275,EMP1377,AJXEQ OJRPCO,Marketing,Intern,89,44,16,87,82,69,5,No,3,43.8,No,2,0x59f37fb5a13754d252605cb0d44c694cd55c53f8,0x294d4e2cbac0b647ec62bd3ff491589060e7d28d,No,2026,False,378,zkproof_0378_hash,HR_SIGN_0378,CONFIDENTIAL,CONFIDENTIAL,97083ae413d1472c210887c0253646d3dcecf7a526587b3d5ae692043230a633
0x2a74732aaa3b8b3f95e8f6505f0f1a48543416aa,EMP1378,JVUTR PYOCQN,Operations,Lead,97,35,32,89,98,56,22,No,2,49.4,No,2,0x55019ebc5903a89b20c57f3e3e40d5a1509c1f5a,0x12a90f0eb3ff83d7eebe7719c5b21354abfa4879,No,2026,False,379,zkproof_0379_hash,HR_SIGN_0379,CONFIDENTIAL,CONFIDENTIAL,aa7d2da5b1f4e8ee4adabd1f0b32fd42805c259eb858079d0243396c59d46c3e
0x3f95de7122cbcade28f43ba5d13608150c0a9534,EMP1379,PSOBC HLYUZT,IT,Manager,74,44,29,42,88,80,24,No,4,53.6,No,2,0x408f24ec29f6476852f771f3ec555f0b2d88c1b7,0x641965c610b8b96453638a60b96f0622c8dd839b,No,2026,False,380,zkproof_0380_hash,HR_SIGN_0380,CONFIDENTIAL,CONFIDENTIAL,8f76b916ca0759ebb91727212857adf723e01d7a633dc8c189e94e9c69743b10
0x9ffb38305933f2444e8b012e2c3e7e1a24184f82,EMP1384,IENOA HCPBNH,IT,Lead,92,51,24,76,99,43,6,No,6,42.9,No,0,0xef36e33ee630793c6f11df2c088bdc52fe123dc1,0xa58eec0edb460be2bd6df3969147263e23ca7a82,No,2026,False,385,zkproof_0385_hash,HR_SIGN_0385,CONFIDENTIAL,CONFIDENTIAL,707356f5195874610e968d759b610cb4f42ca7f430d86dfe25515e0eb6de6e82
0x86df2cb9b07ce6cd4e8df9c35475945bb7fad32c,EMP1385,CYTKE LEIEVI,Engineering,Intern,72,40,13,91,77,49,0,No,1,35.4,No,0,0x253ef0029f24f25c1bd93dfb4ff764ba7b1f0d9f,0x1907abd2680b0de7c7f5656bcf32b3ad3020d7fd,No,2026,False,386,zkproof_0386_hash,HR_SIGN_0386,CONFIDENTIAL,CONFIDENTIAL,74ce313dddbbd07fda9acbf29b6782e8fc2661f64d5f4a25d0abaa5158807d80
0xa5e2e3fc8aca54282c2592a38d2e8d5ba9190a4b,EMP1386,KFUTV FJXBAE,Operations,Analyst,85,46,21,51,73,69,14,Yes,7,44.4,No,1,0xed31c5a964befd37934d09e37acbbd36a6c6b9f2,0xa9a6275eb827585131a403b30081d34ba3e19e49,No,2026,False,387,zkproof_0387_hash,HR_SIGN_0387,CONFIDENTIAL,CONFIDENTIAL,551685fb94aec30e68df8720d2099d7b7508486b80740809f9388bc402796f54
0xf5b1bb67b72c303d647a738cc0ca0fea8bacb4e9,EMP1389,SMOXB GWZGWX,R&D,Lead,67,45,38,72,98,56,13,Yes,6,52.2,No,3,0x1bddcfb3b0fcebab819050044b928b7708b3a6ae,0x923d588f3f17866488933c7aa34223e9576245c3,No,2026,False,390,zkproof_0390_hash,HR_SIGN_0390,CONFIDENTIAL,CONFIDENTIAL,be3c5f9178a59b0561094e153e315d734f069f1841573e6670ef9a3dbbda09f8
0x3df4112d622e1a676968ee38d6647d678df6a37e,EMP1390,KXSYE VAZOLY,Marketing,Engineer,99,45,12,57,69,57,5,No,0,35.7,No,1,0x6b863d6ff4cfdf872c3dd41da0df2666c8b60561,0x318b45991827530dad9925d84c0cf0199e95b9a4,No,2026,False,391,zkproof_0391_hash,HR_SIGN_0391,CONFIDENTIAL,CONFIDENTIAL,79f4ce9e609afa3c800e56fb4528c41f43f9a8fde3435b2c01ef3e736be70c7e
0xab76c85e45926c021bdf05b3dac141db080b590b,EMP1393,YTDXQ CNKFCT,IT,Intern,68,59,43,40,94,64,0,No,1,55.3,No,0,0x9b20d77a259c2377b3d69b2ee82696342f5a48bd,0x68fe9c77ba955bcf5a213943d60c489a7077c34e,No,2026,False,394,zkproof_0394_hash,HR_SIGN_0394,CONFIDENTIAL,CONFIDENTIAL,a83855104fad2dd175e71f44bd1a05d34af3ccca2e1c3aa794b0ab08d8bbecff
0x2c39f6acadf73783f2bafe2c5125076df04d653c,EMP1398,ZINLB DUGHYN,IT,Developer,63,40,10,49,90,58,14,Yes,9,40.3,No,4,0x1d5a05bc889cc071b639e6ab46066b5a051c78f2,0x5e25e6b2241476fd092dc3cf4b39257da73da953,No,2026,False,399,zkproof_0399_hash,HR_SIGN_0399,CONFIDENTIAL,CONFIDENTIAL,8d5a7d8834dca83bc02dedacc7ef927bef941cf3b64e89d366577db640954288
0xc6a0f2a44c8cc146f2d74947b159942985e16b81,EMP1399,BMPSH HYRWQZ,R&D,Lead,80,43,22,58,80,80,17,No,2,49.0,No,1,0x6e109d4eed76156a76349fe7184460cf03757670,0x5ab4b282330313a4737170eee27feb8e442e8b8d,No,2026,False,400,zkproof_0400_hash,HR_SIGN_0400,CONFIDENTIAL,CONFIDENTIAL,cd081f65fa38d191f0c7a852a01b2b447eba9d0aa07ba5bf2c4cc2d9fb759a34
0x946643d3e8e96106236674b5b05b2793ae7e63a6,EMP1403,MIBMB NCPIAN,Engineering,Manager,87,37,41,65,90,79,6,No,6,58.7,No,2,0x2b9b977e4f78e35ea4b76ddcb37997f2db305ee3,0x9cc32432ac54a6b06cf53d3e06f5e253465dba7e,No,2026,False,404,zkproof_0404_hash,HR_SIGN_0404,CONFIDENTIAL,CONFIDENTIAL,d5cb63a0f42123187fda2834d8dc569f090447ebca238478cf523d6a885a9aa9
0x6229614c2893528e41b65b6dda079464095817b1,EMP1404,TIOPZ BYISNN,Engineering,Coordinator,81,47,18,86,58,45,16,Yes,5,32.8,No,1,0x9c5cd3f7fc3b01589a2350e5b639a30e61253345,0x9ded66a47ee1f27cf6dca91aa4d7985a2706a294,No,2026,False,405,zkproof_0405_hash,HR_SIGN_0405,CONFIDENTIAL,CONFIDENTIAL,c6e64197bd8b8fa48dd067868803ab96351dd8983a3dbc2aafb7f41221647541
0x0dcc083ef6ed9504a50eb6da0c584ef0607d786f,EMP1407,VOOER MZYJOO,Engineering,Developer,67,37,1,46,54,45,11,No,1,24.8,No,4,0x89abe69ff7d85204cd3097a7387963369a1f9e6a,0x465742d611cc42a3dcd488ff8b87a1dd72e40a67,No,2026,False,408,zkproof_0408_hash,HR_SIGN_0408,CONFIDENTIAL,CONFIDENTIAL,0ea677890cababc605003eb9248cc84640291e414028ad94ae29da2b643eda01
0x28deb40d30c95a8b8ddffc55260d275ef6cb66b8,EMP1411,RZFCP UKNMHF,R&D,Analyst,72,31,36,82,67,82,17,No,5,52.9,No,1,0xdbaa69f9db594e7fcb8bb041a0b50a81e3ad73a8,0x91c7da473fa3dc50692cdcfd8d97d1b24b738224,No,2026,False,412,zkproof_0412_hash,HR_SIGN_0412,CONFIDENTIAL,CONFIDENTIAL,4d76ec5cac34c3e752a9653bb4856611749ce3de5ae11c4c112833c28ba8fd1a
0xb6aaea7848c7303edca217ae48f2a38e4d8faa39,EMP1413,PGHKU RUEUOH,HR,Engineer,70,37,44,78,78,88,7,No,4,60.0,No,2,0x017a6bf3b2e29e5ee9566c92bb8c781150801d46,0x945c003d1ce3bce635bbdbaed73b38d1892c0300,No,2026,False,414,zkproof_0414_hash,HR_SIGN_0414,CONFIDENTIAL,CONFIDENTIAL,dd3e096168dc5d7d4bed8f9aae45b91dd9df88aa2ad749eacef121259d811058
0xd19c7d6d6d238ca4166172e44476f8d6d76814d8,EMP1416,WHMWP SZRPGQ,Engineering,Manager,97,46,22,60,70,86,10,Yes,0,48.6,No,0,0x0fa6a8e4a4af4ab5b1305c50ef4d3412affd3264,0xabb358e2115a4ae42242b76d6cb0381f72d7b309,No,2026,False,417,zkproof_0417_hash,HR_SIGN_0417,CONFIDENTIAL,CONFIDENTIAL,9ed07ff0896e6aa64c599b221b314c56b72953b8aa47595579d756dddf3c1650
0xa43f28e733fe89193331a26567cbb7cdaef1fe91,EMP1419,YORDN WWVFCV,Operations,Developer,94,44,4,72,55,96,14,Yes,1,41.5,No,1,0x6b73fe8a7264ad82e037c84f3ee16ff84a8cc44f,0x0aa36f7c4c400881dadf58002920872e72e3fcd5,No,2026,False,420,zkproof_0420_hash,HR_SIGN_0420,CONFIDENTIAL,CONFIDENTIAL,3b68700cd4211c31f1fd91f61c065e95a4980448a4b6320ea55230da12a54ed8
0x5b43c726c4f872ea8ad2735e84afb2f2eaef7ef1,EMP1421,ATYMM UIYICI,Operations,Engineer,69,41,16,56,79,43,0,No,1,35.2,No,4,0xe3cab78613800d8363cbc7a02b4d81455fc2279f,0x3028555b9b26af02f9be309700104e23152147b2,No,2026,False,422,zkproof_0422_hash,HR_SIGN_0422,CONFIDENTIAL,CONFIDENTIAL,0bb0ad36638cd1294df896e026bd0481ed3346e34259dedc1359db3a1217a4bb
0x9cce88fef7dc4d3ceb185c432d6b5d4bdeec0cef,EMP1422,FMUWM NJUDFX,Engineering,Coordinator,97,54,0,94,95,49,14,Yes,5,34.2,No,0,0x78debb96c462d037346e72d38582e61c86508384,0x6f51d43910193f7575e8748de2426041b95a6756,No,2026,False,423,zkproof_0423_hash,HR_SIGN_0423,CONFIDENTIAL,CONFIDENTIAL,837cc4496b76d8e05f04087d5c07bbbe5476c8a17616050206b1e3036a60fe81
0x13a33cb2fd51769a3e31893822259ad7d6db8411,EMP1424,IXVEN BAPDJA,HR,Engineer,60,39,29,84,56,88,18,Yes,4,49.6,No,4,0xe7ea14601672c652a5d6f2ba27892d15f865e261,0xe5a6481152e277c75c147cac7be93e340c1e3bb5,No,2026,False,425,zkproof_0425_hash,HR_SIGN_0425,CONFIDENTIAL,CONFIDENTIAL,666fd70e7fb7c57d7161dae4fefb443b2e69cce9a9d3ed6c71ff5a37f3279b7a
0xa417f11f418ce55334b7500e6d16e6c667a48cc0,EMP1427,ZGZFY LNMSIO,IT,Developer,77,41,45,95,58,47,1,No,5,44.2,No,0,0x4d51931192f09f9b2868ddddae6f4b6d90930b58,0x2748a5859f98bc64e05a8f7866ab8e89903c07b8,No,2026,False,428,zkproof_0428_hash,HR_SIGN_0428,CONFIDENTIAL,CONFIDENTIAL,df7977823b5456677c74ab5b8d6d2a2fb5ce5d4823e155482eb990453cb98c22
0x3b4ef3803b29d28b13007702d514ae0aaaba1937,EMP1429,AJBCV SWVQTJ,Engineering,Developer,84,51,20,42,68,80,18,Yes,2,45.8,No,1,0x4215ee95fe5dad207afadfba42cf01f13524ca53,0x13d5d91eacb6415cd711233b0bff0eadf4e106d3,No,2026,False,430,zkproof_0430_hash,HR_SIGN_0430,CONFIDENTIAL,CONFIDENTIAL,6b989fb0330a868747fc0a225203d4080fcb8dfd35398b2b62eaa9f0e80391d2
0x1798674391e91e6864ccc7405a65fa57ef95b805,EMP1433,JQYSK XMRAFP,Marketing,Coordinator,73,49,27,57,81,44,21,Yes,9,41.1,No,2,0xd8f28c9bc2cc9c09c1defda34658187ca802bffb,0x32eff39d2e53c15da4b19d89814005ebe545f7a4,No,2026,False,434,zkproof_0434_hash,HR_SIGN_0434,CONFIDENTIAL,CONFIDENTIAL,ae408765524927b0e6ce07d1e8eda0aac7d0720abf28d99e3bdcedc90769d510
0xb1f7dbab7aee597f5d86bff10f3b219b45213197,EMP1434,YDHCL VKQBIY,R&D,Engineer,80,37,34,90,68,80,19,Yes,3,51.5,No,4,0x99aab9588ca6f1f6d470c3b09195c81b0145be23,0x8831b1d969d235b716e2182f4c9f9181a8bdffcd,No,2026,False,435,zkproof_0435_hash,HR_SIGN_0435,CONFIDENTIAL,CONFIDENTIAL,f26c04098c86bc8db69cfc2deefc9e918f6d9133b2c86357d5ffcb5bd78cf456
0x6b813325fa7819398ec5be026832dabb478bdc0c,EMP1436,QKEWQ UWFVSS,R&D,Developer,72,58,30,45,63,83,19,Yes,4,49.9,No,0,0x5ce754308a8ff02a73daa0379d645a1c5223f161,0xa87261d86a185d427cc943aafd3babb3a8d8a6a2,No,2026,False,437,zkproof_0437_hash,HR_SIGN_0437,CONFIDENTIAL,CONFIDENTIAL,438b2be11a8c28e429651d38a52ef25b4dbdfa279d6aab8582771d474c90fd48
0x3055ea96e44ee4b1be4fd7ad6cd51da89b78748b,EMP1437,MROQE RCDNRK,Operations,Analyst,60,47,2,77,80,80,2,Yes,0,40.8,No,4,0x2c659e301990a1f4c8aa5f5ad8761d59e872686d,0xe756af16f475fdc5f7bcf5e4ad9f9adbbcbac2f4,No,2026,False,438,zkproof_0438_hash,HR_SIGN_0438,CONFIDENTIAL,CONFIDENTIAL,3a99d00d4aa85e0cca2b30521b74fbd7b05001dacf3e353a68550312cda42ddd
0x16edeee19bfd929f1318513d00de177a617e8103,EMP1439,PPLJZ UUOOIN,Engineering,Manager,93,44,9,42,90,79,14,Yes,6,45.9,No,2,0xf0b5751ff1f1ceac536abc8b7988c4326ac665dc,0x7ebf1a7232272836bf05c4cc037739fecfa759f8,No,2026,False,440,zkproof_0440_hash,HR_SIGN_0440,CONFIDENTIAL,CONFIDENTIAL,888cf2cd1f4f98e0eabb207e36f0f0a8222ddc131fe41699a2821ac4131af200
0xbbd877053d8b4c8b475fe5b4d5f71c95be701399,EMP1440,RIUTP VLHEZP,IT,Engineer,77,56,45,59,62,40,24,Yes,1,42.5,No,1,0xc1cb3e3ef1eb6539c6586d7b2934f0169b2ff65f,0xd0f5885d81267c7ed44e53ed2b73271908fc0f88,No,2026,False,441,zkproof_0441_hash,HR_SIGN_0441,CONFIDENTIAL,CONFIDENTIAL,425e50a73f398134784337a327e4dc075a53bf97efc086670b847b900f83cf5b
0xee4be76ba8cc09b5e6e989b590093bd86f7fc715,EMP1443,DHEZH KXCJOT,Finance,Intern,77,51,1,94,90,50,24,No,7,34.1,No,1,0x2992b32754e4d9b3a0fd8db0b7d56f1e5a2dd895,0x718a47d6a83f4a1bc866bf9e322ce41ebf51cf5a,No,2026,False,444,zkproof_0444_hash,HR_SIGN_0444,CONFIDENTIAL,CONFIDENTIAL,172db3923d7d5de25a3750ea12e1c22d9e7a5660702279ce667406db39b5451a
0x7acac307ec5ab499a92d101b8a4aabf28922a804,EMP1446,LVOUE EYDMXY,Operations,Coordinator,70,48,45,57,92,43,4,No,9,50.2,No,2,0x3a7a026a22e5b2915bdca81a13a9e0ea2a992b8f,0xb8bb5d73f1e565d813e961b908f834f61d59d15e,No,2026,False,447,zkproof_0447_hash,HR_SIGN_0447,CONFIDENTIAL,CONFIDENTIAL,0aa6466eaa7d9af40de10ef8b4e89b07e1edf1923fc8ebd31f91ebf78c31dff0
0xd8c1ddd4b5ba70233c36fab0bcf4ba4b169dd827,EMP1447,TYDXI POXKGW,HR,Manager,81,39,30,78,65,83,23,No,6,50.5,No,0,0x02c10505e9e069361bc87783698ca8135b8365af,0xbf636622b519cdfcf8569171d9de6332d743e896,No,2026,False,448,zkproof_0448_hash,HR_SIGN_0448,CONFIDENTIAL,CONFIDENTIAL,62fced17894ff1b781fa8194d45d6496789079e08b3c1a116afa76f0f9c8494c
0x4b35ed0eda4e383c9cc786bf7fe2b1f93d49550b,EMP1448,UTEHG UJFUTO,HR,Analyst,85,35,1,43,67,46,4,No,8,28.4,No,3,0x1267d637ec7b3ca26429cac3ff4139031dda799a,0x8eaa4ccf778f85fc11c1d6ac6deca9a2671eb0c4,No,2026,False,449,zkproof_0449_hash,HR_SIGN_0449,CONFIDENTIAL,CONFIDENTIAL,fbb2544c7b6c832d40d2a4be8c8ef2032825348296435902efd79c27f8195d1a
0x799fd2cb3ccf97ceb32197e7d4571d945d929939,EMP1449,TLIFX BINWUF,Marketing,Analyst,74,59,20,99,65,57,23,No,7,38.8,No,0,0x547e503ae85d217dce78cd97a7ed3fb9e752c78b,0xb173e1e43c21e95568b8fa679f6661d9bded55c9,No,2026,False,450,zkproof_0450_hash,HR_SIGN_0450,CONFIDENTIAL,CONFIDENTIAL,4dd87b031377f770a5a3e0df61496b2924069cd2ecf33702148a98c09bbdf00d
0x5488e70dbe24d10137b78e26d73e828532c8beb7,EMP1450,RLGMO WXEJPW,HR,Engineer,60,56,45,47,88,76,16,No,8,59.2,No,0,0xf60711ad5015f6276a757f8107e136f5f6787c44,0x2f6424bbd30f222a54ceb25a4895f7190078350b,No,2026,False,451,zkproof_0451_hash,HR_SIGN_0451,CONFIDENTIAL,CONFIDENTIAL,b883f03fe1eebeee37df9873829aa394c329420a6a08885c530bd44ca4dcd0b3
0xc3d99cde2b37dd365de6b5b73bba147960333c2f,EMP1453,DHTFU GGLNZV,Marketing,Developer,77,56,26,84,68,58,21,No,4,41.8,No,2,0x6e1e388c3a888baf631d1490b5541a378ad911d6,0x2d7af3e02f3f56283e004c7fba253b2cbd6e9125,No,2026,False,454,zkproof_0454_hash,HR_SIGN_0454,CONFIDENTIAL,CONFIDENTIAL,764cc55c907ea0ba032a8224f6cd78598caaa8374036c16a183b660e3192f218
0xe06c20c3d8651e9ce98995e2360b87bdaf47b8a4,EMP1455,UTXZF AUZZTY,IT,Analyst,94,42,44,55,82,64,24,No,7,53.9,No,0,0xea78481ca9833a0cf5578de09f15fa0bed638e7c,0xacf6c5596472526aad662d58b3541be6b61161cc,No,2026,False,456,zkproof_0456_hash,HR_SIGN_0456,CONFIDENTIAL,CONFIDENTIAL,c92c80ba631e538853c6b29c43958922e428bd61175bac94fe9a3e56d1615704
0x6446143683163ac0c93b5d277250211a496d3635,EMP1456,GHDFB WKPGBF,HR,Developer,79,43,27,69,73,74,11,Yes,6,48.2,No,0,0x22c12114af8da6114ff09d345bd3ba59cc218c8d,0x85845cfbc3166835ba08a913f0a27e1668d9145f,No,2026,False,457,zkproof_0457_hash,HR_SIGN_0457,CONFIDENTIAL,CONFIDENTIAL,81ee8e803edbb899845fbc77b0b9bfdca6c251b7a39a00d3bf8fc45d37f5b2af
0x61ffb72af37cb028faa26f92e24347fa61c44a7c,EMP1461,ZXEML EYJUDR,HR,Manager,60,59,47,79,57,98,5,Yes,5,60.1,No,1,0x4db84e4f13b82afb9c4b3e3d96c5213b72e65b39,0x10708075e28d50ad73db6835342e4ae56f037e56,No,2026,False,462,zkproof_0462_hash,HR_SIGN_0462,CONFIDENTIAL,CONFIDENTIAL,9c041c51a127b067b89bbefabfc2361e7febeefb40b58090ce84b8700f2c7442
0x73e42b8558e2fc8f1b0262df6ad647af6785a5f1,EMP1469,LZZNQ DMLUKW,R&D,Analyst,98,42,35,64,65,79,14,Yes,4,51.1,No,4,0xd165e8672b18073b49820c65365a0fcec43cdd0b,0xca4ab4140406a8f5374df240890069e9b4265a7f,No,2026,False,470,zkproof_0470_hash,HR_SIGN_0470,CONFIDENTIAL,CONFIDENTIAL,ff70901d6077ea642b55cc0bb93d3ccb608ba7dccaa064077a7134a3e3d9fb09
0x4affd6a4edeba71b9ffff24c84f981b2f1ffa4cb,EMP1473,KLJAD DRPDPE,R&D,Coordinator,83,47,46,56,68,98,22,Yes,7,62.1,No,0,0xb369d5da48e7fe7bf66d288664b19e1182e6b8d8,0x30b497142166768be5236fbc35e26d02da386652,No,2026,False,474,zkproof_0474_hash,HR_SIGN_0474,CONFIDENTIAL,CONFIDENTIAL,20935223289391a1ac962695d1d12bc698140c3ed6577794516a74fa5aeb3e8c
0x1d814550e4ea026c0d56a07c269f36c7ce5d0ffe,EMP1475,XKVDU TDVLVP,Engineering,Analyst,75,30,28,55,53,40,7,Yes,1,33.9,No,0,0x1cfbf5a4c2e634791b949fe229e566e884a5d6c2,0x224195e47fb5870cb1048b801f113aef4d6d0e11,No,2026,False,476,zkproof_0476_hash,HR_SIGN_0476,CONFIDENTIAL,CONFIDENTIAL,20603640ff7c151e1e4f569cf31595dfaaf5b5b2a63b559ff602ae133abb8437
0x76fd365f22d5d8e965c2d82f205b27a2f5d3d3be,EMP1476,KJUPL NTXIQH,IT,Developer,65,30,18,83,76,96,19,Yes,0,51.2,No,4,0xe99c176cb27038af975a18a3f79eb6e77e6fb19b,0x85e2df03cc7373a67e8042acac5a241c52bb8440,No,2026,False,477,zkproof_0477_hash,HR_SIGN_0477,CONFIDENTIAL,CONFIDENTIAL,1ec252180ca89965cb93d2e8862fceac65c1250f91f49e456abf4995e6a73b75
0x748eabea568c9c6df50e3d57db0dda0f85b2bcd1,EMP1477,JTUYH NUCMXQ,Finance,Engineer,68,45,19,80,51,55,21,No,7,35.0,No,3,0x8f3095288aac834936b9b65e67dc9a70c1e9cd43,0x8b10f3b44dfaa931c2f24db3f03863141ea19bad,No,2026,False,478,zkproof_0478_hash,HR_SIGN_0478,CONFIDENTIAL,CONFIDENTIAL,a4e499be68d0fb5cfd65dc330833c1de9bd0294d2bc9fa691ad49459791753b7
0xcc4a09843ebdba7968a68c8e4ef3a87c4e1c6854,EMP1481,PGHGC QWLUQI,Marketing,Coordinator,78,49,36,82,65,49,23,No,0,42.1,No,1,0xb20bbc82735edfbf593ab0287d1f421ccd47ca14,0x1cf61f0bc76da827ae5ff3bc2d4e6094775748b2,No,2026,False,482,zkproof_0482_hash,HR_SIGN_0482,CONFIDENTIAL,CONFIDENTIAL,5c0903b92465d9b79061a9f6ad0f85ba1b36832a7af42697d1c6eacda6ca8862
0xeb692068de6761ce8515d2ec5eea17f2a1b0375a,EMP1485,QXFHR OGHRAN,R&D,Engineer,82,32,4,64,93,63,14,Yes,0,39.1,No,2,0x7825a68bb70c9a52e8599b9a88f691c78554f64f,0xe58869445ae80f5e8ae2da6db40d0666e43db245,No,2026,False,486,zkproof_0486_hash,HR_SIGN_0486,CONFIDENTIAL,CONFIDENTIAL,e7f70c33aa079aab0b465ae9707d2efd6a3467abb477ea424d7e637f1884f15b
0x9363e8e832a39cc445a13223a0ed0f2da4e5d0d8,EMP1487,XHBPC KWMYRC,Marketing,Coordinator,97,47,6,97,94,54,15,No,6,38.0,No,3,0xf7be366c8c1fc89bf62a6e3f763c5cd95608b71d,0xcd376a64bf6cf3f5f69d5e50a6e6aee955990df2,No,2026,False,488,zkproof_0488_hash,HR_SIGN_0488,CONFIDENTIAL,CONFIDENTIAL,6931c8bc653e72faedea486767d3e87bf8b5fc8037f953c253bd9b5268b38751
0x75acac80cf7208c3706734b7ef31ecb8f6640455,EMP1492,DWTFI YRZXGW,Marketing,Developer,94,36,1,40,82,84,3,No,7,42.7,No,1,0x0a60cd6148d628ed4c4e36a56cc199d71aa870c1,0x5b24e6b36e7b6573d0e592dc3b5ae1c9ed8d27a1,No,2026,False,493,zkproof_0493_hash,HR_SIGN_0493,CONFIDENTIAL,CONFIDENTIAL,f716ea3630d088f3d53a9b0de8085732bb94bbd226ed806f402a6eb2d988defc
0x4a697be752e07d253b3f08eeb3612d2d81c715f8,EMP1494,JFDTJ IAKEEH,IT,Coordinator,82,54,0,85,51,45,14,Yes,6,24.3,No,1,0x983ca4807b209eb04cd5c1ab32df8bf18c3538a5,0x591934b210edab05160d72547478957f7f5c6617,No,2026,False,495,zkproof_0495_hash,HR_SIGN_0495,CONFIDENTIAL,CONFIDENTIAL,d2a9581e8fc93671d3a36d90b0c184ac9050488638e5816981146f55bb3979d3
0x86da92d9c2a40604c59085b1befebe66d3bc85e3,EMP1498,RZKCM KTHWGU,Engineering,Developer,63,46,2,93,52,83,14,No,9,37.0,No,1,0x42c5f1215ba14ba3e701754c8fb8696c3d2de545,0xf9c02a809fa1858b97aa0cda16ff79b682905c8a,No,2026,False,499,zkproof_0499_hash,HR_SIGN_0499,CONFIDENTIAL,CONFIDENTIAL,0f42fdbc603a3a505d6e7b92af8bde687b0c2d291875a412ace803a51b1b0645
0x36cbf22e823263f082613635f27253d915d04cf9,EMP1500,WSELP RXCOKG,R&D,Engineer,68,32,41,66,51,66,14,No,6,47.0,No,1,0xf70c92de724aa62cbfe2333880fb61314d2c3d69,0x5c5f3a97020829a85cbf31c0d6588b09fe15456a,No,2026,False,501,zkproof_0501_hash,HR_SIGN_0501,CONFIDENTIAL,CONFIDENTIAL,2245f46d0253fe3222b8bd10ba8a402c26ec6f6471576f5d124316a3d8ef5b15
0xe76e743b70d99c15f23ab3d00a46a10498a0ccfe,EMP1501,JTCYP YUUWVT,IT,Manager,94,35,43,99,90,79,10,Yes,3,59.2,No,3,0xe7f8587639b42620fb1166da29dc076f3a16d638,0x80cf1c7995317681ece0c2841e7a4e3f89adccff,No,2026,False,502,zkproof_0502_hash,HR_SIGN_0502,CONFIDENTIAL,CONFIDENTIAL,07021099e8524efe01e630be6208ca8195c0eb5f9caee90e72f40bb505c06b88
0x094a307c9f51ef96f8372e2556c3d7326c433d68,EMP1504,DGXBC ILNCRW,IT,Engineer,80,43,29,57,59,65,9,Yes,2,43.1,No,0,0x7520daa91b973aab2ed59a9acf9ddb1bf9d00734,0x923b573eb4242cc15459928606bcba9b1ebf9312,No,2026,False,505,zkproof_0505_hash,HR_SIGN_0505,CONFIDENTIAL,CONFIDENTIAL,ef36e63234e982c42371eb56a4b8afae5ec2e9f545dd86ff13bcc5ea499d9d66
0xc4fb8265a8c20143213464d2a3011299f7b55709,EMP1506,VRKMX LSPONC,Operations,Engineer,89,56,18,93,62,92,24,Yes,4,47.6,No,0,0xdb402afd7ae6be22141552452d0d181326156223,0x5ead2074a565bbf72de2607c7dbfb8027101e4a5,No,2026,False,507,zkproof_0507_hash,HR_SIGN_0507,CONFIDENTIAL,CONFIDENTIAL,98f299358a7b952be57d8a5bbb7d2263a129cdb2154047076e33b94f0e48c979
0xbcca02e09762996afa57dff907228293f21badae,EMP1508,PXXTJ IGINSM,IT,Intern,60,32,25,53,54,60,21,No,4,39.2,No,0,0xa4567e8c60393a10d951b16c7287bb6aa3ef3bc5,0xcebff355cbf54f6a1c995792fa42deb89b3c36a1,No,2026,False,509,zkproof_0509_hash,HR_SIGN_0509,CONFIDENTIAL,CONFIDENTIAL,618b8a29d8a8438f28b00103397cc3b021c380f80468aaa285cdaddd3c96ebe6
0x41c869266db41f3c89303a1b97fbcc8c3c5becde,EMP1513,LZFIX OSKWBJ,R&D,Developer,76,30,28,74,68,62,13,Yes,9,44.3,No,4,0xbb82eb609b23748daa38799f82de64ce8977da4d,0x7716248af6c225e2bce0200079d1a70c6f10dba3,No,2026,False,514,zkproof_0514_hash,HR_SIGN_0514,CONFIDENTIAL,CONFIDENTIAL,eb26dbb60fcb484c03f091b1469e48c81fef56a75ec8fe2b1f432adabb09ec19
0x2036fb5f242d77f4affee4a404ddc5bbf12d278d,EMP1516,OEWUA BKRVMD,R&D,Engineer,88,42,47,47,75,60,6,Yes,1,51.9,No,1,0xb06aff9178c349fdfca399098e29d663a2f80883,0x4657c01aad5c6b116adb1b2fc789bf11dfd3129f,No,2026,False,517,zkproof_0517_hash,HR_SIGN_0517,CONFIDENTIAL,CONFIDENTIAL,c80187d720fc67762245de7ccd5fbcbcded3f3cf0c869435d1ed15eb278c5152
0xc878de98092007b97e5046b3dffa528dc329fc9e,EMP1522,LOGIG AKBROP,IT,Engineer,85,37,27,52,94,46,15,Yes,4,43.8,No,0,0x7bcacaff716b8a0255da2b2bb2a1a02adc9695b4,0x90e3e55426adb65c174fea835f0c0c3cb44c79e5,No,2026,False,523,zkproof_0523_hash,HR_SIGN_0523,CONFIDENTIAL,CONFIDENTIAL,a23fbb9657ad3b349dab44301f31788034b0204dd5f5f26151ea9bcf1a3fa4cc
0x7e5c2c90100d8cb4a7f6e913c790fc8df9d65f5e,EMP1527,WRLWS BEKZGS,Engineering,Coordinator,99,51,22,74,79,45,14,Yes,0,38.1,No,2,0xb45ced5074d3b413fefd2e938f8cf2e745be775a,0x12a151de78a1230bb7c57c39397eda717aa904ac,No,2026,False,528,zkproof_0528_hash,HR_SIGN_0528,CONFIDENTIAL,CONFIDENTIAL,afe6584332a7289eda5053075d9db6c11172ac4a2681f90b8c1610766bebcede
0xe56ddf6bd6e3fd4f23e53fac3039a94ba3e236c8,EMP1528,QZETZ XVHXSE,Marketing,Coordinator,97,54,17,84,62,51,20,No,1,34.6,No,4,0x70be3dea65311208dbf87f8e704649b256fe372c,0x1f6e474d31fe53f1d494de05f4b388e82851756c,No,2026,False,529,zkproof_0529_hash,HR_SIGN_0529,CONFIDENTIAL,CONFIDENTIAL,778baf1c52f45102499803263d99caaa7f8ee8a359f0ebf68b021a3baa205996
0x0e755a1695fa657e0cb18ddba39f59347b7052f6,EMP1530,HZIBE MMBEUV,R&D,Analyst,99,38,12,79,84,58,7,Yes,9,39.9,No,3,0xb4ff1ccbfb5f81ee38272095d2df2ffa385aa70e,0x318bfa3c787de67c2029278783caf645b5b597bc,No,2026,False,531,zkproof_0531_hash,HR_SIGN_0531,CONFIDENTIAL,CONFIDENTIAL,5437085037bc2d18a9aba5d0e32b5f82cc4f1882274ae5e5e0929b9315ecbb8f
0x7c51c1cde8a629d20ad362b4e3561d64130610d3,EMP1531,RJDJB OBWTOB,Operations,Analyst,78,40,31,80,55,66,18,Yes,8,44.0,No,0,0xd9be6bee0c59d2b23b51e18d022b0302bc974142,0xf8c910590803d06042d1fb59e2619518c875a9c5,No,2026,False,532,zkproof_0532_hash,HR_SIGN_0532,CONFIDENTIAL,CONFIDENTIAL,4860be53a70eb3dca71b8229e72023b4766270d9501184f0b1e919518da6e871
0xe2983dec8fc5d53bde9f9c6c0e96d2060073c4b8,EMP1533,KKJZD HYOPHG,HR,Manager,65,50,4,83,77,80,20,Yes,7,41.7,No,1,0xbe4e4af0ecd1acf4f3f41a636e698dc0a277d4d0,0xea8434c14aa0088a2b5bb2663033ef8742d85730,No,2026,False,534,zkproof_0534_hash,HR_SIGN_0534,CONFIDENTIAL,CONFIDENTIAL,f9d58d6be9b1c88d0bc169da88683e49089a756052547a1ee8583b90bb5c8a0a
0x998765cc3a77a669188215e86fcfc065cca2a279,EMP1534,AUXOT UJTSOY,Marketing,Manager,69,43,10,66,55,59,17,No,1,32.8,No,0,0x9ca11590ebf9e2bc478e2140064c3c938c8300b2,0xd09632b5ba26a486d0d2336f0aef064cc40e3700,No,2026,False,535,zkproof_0535_hash,HR_SIGN_0535,CONFIDENTIAL,CONFIDENTIAL,5b212e5b44672feda3fddabf53cffe4e28522f8557af5f666f0515deadf1f828
0x69657cc979edff88f861d7aca95412d420779192,EMP1536,DGQGX CBVBMX,IT,Analyst,95,43,7,45,64,42,10,No,8,29.0,No,3,0xfb7013bfad36bee779fca065ea328a9039e2451b,0x61fd59d5e1ad0ee7645f0637f0a2d254317773db,No,2026,False,537,zkproof_0537_hash,HR_SIGN_0537,CONFIDENTIAL,CONFIDENTIAL,b7c1e39eec2864ea3fe42e42ecdca1960ee8b4b13bb7b29c79c6f3827746934b
0xbbb85ffd9f50400cc26ab8774f1e29ff2839fd54,EMP1539,HSADT LHYSOC,IT,Analyst,62,41,6,94,61,61,22,No,0,32.9,No,0,0x2cb3efe523a21ef4b5f22e5db4ca9cef11f396e5,0xbc42a6ffaba53de9a35a46bc95902d4c3ea25944,No,2026,False,540,zkproof_0540_hash,HR_SIGN_0540,CONFIDENTIAL,CONFIDENTIAL,bc2f75dd53b7396b93345ad7c63c5e18c86dd52845a4592d366606610ff6616f
0xd6d08e3b9113b7ddee8fbd9bf873ae4a4df24bae,EMP1540,FKBOM WABCEW,Operations,Coordinator,71,50,7,56,90,75,24,No,9,44.2,No,3,0x8901bcce979bc05342ed825cd9aa750106c905f8,0xa1a6f53138381875ff80d0ed8b81d7b420a2d335,No,2026,False,541,zkproof_0541_hash,HR_SIGN_0541,CONFIDENTIAL,CONFIDENTIAL,fe26be3736d3bde5bb0376b78bc922d509c87231c2f0509a10283a12e615a073
0x9c060c08d6a489d661b941ae47468662337aa907,EMP1544,JIPWG QNBDCT,R&D,Engineer,84,51,25,61,90,97,0,No,0,57.1,No,4,0x9dfe669d1b5e5477a1102d734cd4d0af5e4fb6e2,0x580f49a334ce144c55256ff2e16e4312599d0698,No,2026,False,545,zkproof_0545_hash,HR_SIGN_0545,CONFIDENTIAL,CONFIDENTIAL,cf442b7bb8ba19ea463677424af971bcaf164d19f865dc04e44a212124eb4881
0x2ff487fb1cfc58aa4c3eee3072b4402d6d646553,EMP1545,RCAYJ FAZKSJ,Engineering,Analyst,82,53,44,46,74,49,15,No,7,47.8,No,4,0xe29a9fbc63aed4b8e502f8d4490e5fb97e828584,0x70c83ed826f6c89b76f7ba56254dc91affcbbd4c,No,2026,False,546,zkproof_0546_hash,HR_SIGN_0546,CONFIDENTIAL,CONFIDENTIAL,12020556fae3b7c515a8b97d3128291c1d30230cfc4f2d532ee378861c48c8c0
0x4cbf220154e6befd7f1fcba846194b91683a6617,EMP1547,VZFXS LKJMYV,R&D,Coordinator,80,33,27,82,94,74,13,Yes,2,52.0,No,0,0x27295e01d60897f41b2f6b86def1f168a85805b2,0xac278043878e52bd8295d61cadca73af21f00b81,No,2026,False,548,zkproof_0548_hash,HR_SIGN_0548,CONFIDENTIAL,CONFIDENTIAL,1a2656627ba91fd5eff5079be425d2b2c33026c669aa4903f78022211d1251e6
0xa769f3926425f009941bea7c872a60d73eebf4c2,EMP1550,JBUBK URQJUX,Engineering,Manager,79,47,10,51,75,43,7,Yes,8,32.7,No,1,0x546229f8fd9d98e6a8fb60a1f8d8a4e51242efe1,0x537b4d34886fc3f297711771afd948d7a5b3713e,No,2026,False,551,zkproof_0551_hash,HR_SIGN_0551,CONFIDENTIAL,CONFIDENTIAL,24534465da57198e91e157d1d0c83f33cd051373777d1348fe2cdf8aedf3273c
0x5f0bdc76795bc5790e3c469fb151137eccfb5d80,EMP1551,SEHCY PUXWYM,Finance,Lead,64,46,29,44,56,99,22,No,7,53.2,No,0,0x947ac6e9947d4ed88587c6e0d1d04c0133488b33,0x215ca52765fa7bf1e035a09052afd0b9d4c757fb,No,2026,False,552,zkproof_0552_hash,HR_SIGN_0552,CONFIDENTIAL,CONFIDENTIAL,33fac452090e4d13655fb086eb132ee1ffe1db47dcda83b8d4d83be294dedbec
0x578609ee04b839d84d07deb22ed74bf27390cb2c,EMP1552,TCEEL QEXISC,Marketing,Manager,87,47,7,81,83,43,1,No,5,32.8,No,2,0x7d911a12549006e420b02ed22a967c97dcc7ddda,0x659956407dd203592c0daf0dfa914558d015987f,No,2026,False,553,zkproof_0553_hash,HR_SIGN_0553,CONFIDENTIAL,CONFIDENTIAL,1a94650d678841fa11a90a0d7d65485c05584cdf2c92782c19975ebbc215d71d
0xd32ac4f54574886a076f3338ec1471dd6f3173d2,EMP1553,ATNAB NHVGQX,Operations,Developer,63,48,25,78,72,85,22,No,4,50.3,No,0,0x79a78c8abba132615fad7bc98ac8dd06572df1ba,0x2ecaa124add6b70f14fb107e3643efcb7940291e,No,2026,False,554,zkproof_0554_hash,HR_SIGN_0554,CONFIDENTIAL,CONFIDENTIAL,863633c24def4c714170bdaa3cc4dfed43808341e8a0583f7fb78e0939a7f94f
0xcb71116442f92643acf645275f4e47d35b02d264,EMP1554,SKFVS XFRAXY,Engineering,Coordinator,84,39,31,84,82,62,15,No,6,48.0,No,2,0xefbc65e8df30968d4ffa6c15cf3f7c57637c04bc,0x0550c20a97721975c179940a733c0405359f5785,No,2026,False,555,zkproof_0555_hash,HR_SIGN_0555,CONFIDENTIAL,CONFIDENTIAL,3a3d2b0f51c26d45599afc2b9375c682690fdd3ccf8be77c5dcbdde3f373f484
0x24360e1aa413d0ca016269e22babb3fffe9f6338,EMP1556,NQUAY LMSCLV,HR,Lead,94,47,5,62,75,63,16,Yes,5,36.4,No,4,0x8681cbd9b20c21e819b1a3bf54e2aeb71736f557,0xe842c3ca944d866f061afc3a243f1bb53b7edcea,No,2026,False,557,zkproof_0557_hash,HR_SIGN_0557,CONFIDENTIAL,CONFIDENTIAL,e5dca61f308128e6409e99a20bc296837a4c39ff35b3da013dd3da36cae7aaf3
0x141f7ca4b5ebed70888833b00aecb545bf6612d9,EMP1557,JSCXT TZWFMZ,R&D,Intern,93,42,37,94,71,71,16,No,0,50.3,No,0,0xbea8c8fe459591b056c1f1e307731d283823d956,0x94427f8127038ef84100be00baa0f4c9d617d1d0,No,2026,False,558,zkproof_0558_hash,HR_SIGN_0558,CONFIDENTIAL,CONFIDENTIAL,31de751f128d50f201aa06b9244bb19a790839a21b29c00ea53e57d5613c626f
0x69c025698e047dd42b256a229f33bcfa7f422671,EMP1563,UMBCD LFSCKG,HR,Developer,63,37,46,97,66,50,15,No,1,46.7,No,0,0x929db147a9ffaab9fafcfe8325b7b8833429cbf5,0x39a30addc3a519f8bec04f7fd9ceec3898f62267,No,2026,False,564,zkproof_0564_hash,HR_SIGN_0564,CONFIDENTIAL,CONFIDENTIAL,b867b0f01cb02838a0ab18d124703101e112fb7736a6dd4aa44932e23be5bc98
0x2855b2ac26e4ae287b06d4f97aaa9157fabd5d59,EMP1566,UIPKL DJTQBF,HR,Coordinator,89,45,13,52,54,80,16,Yes,6,40.6,No,3,0x2071f379be1a35fd07aaada113eec4ea3f1cebd8,0x31ae94bd4f7ac57c2413eb5c1038b281e454342e,No,2026,False,567,zkproof_0567_hash,HR_SIGN_0567,CONFIDENTIAL,CONFIDENTIAL,9ea8e940d75e9f7c69b5a198b1b7a35c24a36ce928833c81024ef6767fabcec0
0x8f682a209b646b667e390f7d01da75b751da1a6b,EMP1568,GFNTT GRFNVF,Marketing,Engineer,99,41,30,79,52,63,0,Yes,1,41.4,No,1,0x74186a32d6ac72bdff0e9db9d56f3211fdc62d5c,0xb364faa144dfd93849a4f69b1f20ac96741ce428,No,2026,False,569,zkproof_0569_hash,HR_SIGN_0569,CONFIDENTIAL,CONFIDENTIAL,1ae10e0843f2357954f32d87449edd5768210c7a0c2cfb70ae36548f1be14bbe
0x4a812d55fea1dd7d4e26d100c60b1a73de2cb27a,EMP1569,FLOWC TRMSCX,Operations,Developer,75,54,13,81,91,95,21,No,5,52.4,No,2,0x1685f83a16feef07239ffaab63fdb107318e36b4,0x353b13e619bb62315bb020daf5bf460bb0a95371,No,2026,False,570,zkproof_0570_hash,HR_SIGN_0570,CONFIDENTIAL,CONFIDENTIAL,7fd5bbd6eaf6fec1b7c3771d1d019a6a875b6219b2d8fedfc044d08107ebccf9
0xa17be956b6107c5373199ac7ca61e11dbf9580fd,EMP1570,MBSXO XWXOZI,R&D,Lead,91,43,22,74,95,47,15,No,0,41.9,No,0,0x4b71fe4771e122e10cdebe48939423f1f36ee063,0xd8f58b26b6a23a9efd496875e171cb390115f8b1,No,2026,False,571,zkproof_0571_hash,HR_SIGN_0571,CONFIDENTIAL,CONFIDENTIAL,ff1b7055423fb367177426f3ce0c7efdbb1efd2a20920de24115d16e62ad4c87
0xc312e600d0981ab180a2917de14c6bd739a83149,EMP1573,OYCWM GGNKHL,Engineering,Coordinator,89,34,18,64,67,96,5,Yes,7,50.1,No,4,0xaa844cdb87597f2f5d69f92c9d67141f7da79252,0x57b7204563c6254e8715f5022ff62c499e94a4c8,No,2026,False,574,zkproof_0574_hash,HR_SIGN_0574,CONFIDENTIAL,CONFIDENTIAL,2fbeccdc0b3a83955ef3ce6fef460e0dcfd8259d9b5239ae36a3d0c0e951f4e9
0x56d86e902d859cee1f5b11dd522411ab8a2fbc45,EMP1575,JIRVG QAANQC,Marketing,Coordinator,98,34,33,52,86,55,4,Yes,1,47.0,No,4,0xa58100bb82e80d98ab3b0e718395c6c25d4006fa,0x4091ec39ef188c15d27d28d8bfb64de8f84accca,No,2026,False,576,zkproof_0576_hash,HR_SIGN_0576,CONFIDENTIAL,CONFIDENTIAL,8f96f4e82ed0a41576f009866322ec3f42bdcf103dc599e0d6efc4ce137b7e6c
0xae4c5be10167f9efccbba897b2a51af1fa6895c7,EMP1576,RQYYO WKCMZA,HR,Developer,98,38,34,95,80,47,3,Yes,6,44.3,No,0,0xf6a447bc74da9b27edfa392681aebc97b88a8492,0xc956a83d83429e7cee65f6118427a057a298905f,No,2026,False,577,zkproof_0577_hash,HR_SIGN_0577,CONFIDENTIAL,CONFIDENTIAL,fa164bc0c55e6bea101b4c62a31e7c0af813e6cef6ea3ed9dcc78fc0644e4aca
0xbe95b5874e7450b9944915dea910183b24c12463,EMP1578,RDSWK MMXLNE,Finance,Intern,92,32,23,44,65,85,23,Yes,8,48.5,No,3,0xb1e930137646d52cc42870a3e6a66ccdc9cf78d8,0xf26541917d0b3dc57da52c13e0ef762f5d23b2c9,No,2026,False,579,zkproof_0579_hash,HR_SIGN_0579,CONFIDENTIAL,CONFIDENTIAL,af4e727bc63fe1c6a02d5fe2f82cc4c98d441beceebbac53c74b357a7fae69b0
0x7be6fa8139150e23d6f29693fed97ce717a35b07,EMP1580,QZOXZ HDUFLI,Finance,Developer,65,49,33,66,81,42,6,Yes,2,42.2,No,3,0xd61a5a6b4162311b53b6f7eeafe2f91190adcdef,0xf4e2fe9c459c4cf20ed365d7b13e9db051a3233b,No,2026,False,581,zkproof_0581_hash,HR_SIGN_0581,CONFIDENTIAL,CONFIDENTIAL,7f6c2dbb7253edcd3919c36e41301a762d861468826c051887f171e6ad06ab37
0x146ddf4539372c03f80abf84d3de6159a227f47c,EMP1581,TARIJ YVNBRV,Marketing,Analyst,85,46,16,68,93,96,9,Yes,8,54.6,No,3,0x7843705bed9f3fd7671e2e27f3d9a496ab67adce,0x4978b63b440b63f9fe882584c9ecf3552886ef7d,No,2026,False,582,zkproof_0582_hash,HR_SIGN_0582,CONFIDENTIAL,CONFIDENTIAL,828a6dd2541c989dbfd2556a6e27ef75feb350925ec5a62609a00433264776ab
0x4a995039299321282e2864939ebf5af680190285,EMP1582,CCWUH EZLPSG,HR,Engineer,91,38,19,67,59,71,4,Yes,2,40.9,No,0,0x96e63ea99686964458b639787492f19d205cfc7a,0x36fe5c5ebe7779e8120bc090c7256ec37011dcef,No,2026,False,583,zkproof_0583_hash,HR_SIGN_0583,CONFIDENTIAL,CONFIDENTIAL,616070c2d50c5dcacef4486dc1cf5e7bc30de0a2ce4256f4b64d53d35622c866
0x23739b744d797a3314a61d1551bf481612ad772e,EMP1587,OYLEY QQNOTO,Operations,Lead,78,58,42,67,91,74,3,No,5,57.7,No,2,0xd161a78619dce4d6db35ed7b383312dd2af0083a,0x7e306b5252cbf0ada788e67c65f117ebddd9e2df,No,2026,False,588,zkproof_0588_hash,HR_SIGN_0588,CONFIDENTIAL,CONFIDENTIAL,6fca9f3ec54e0603727639dfab8e9a74ff65b9ccf7b27d09b1cd5e1d870e3ed7
0x3844893034cb454d47a4d76b9fa1281bd3452b81,EMP1588,HQUKI XOEOOJ,IT,Developer,70,30,20,54,61,50,10,Yes,5,35.7,No,4,0xe74fa3e133e44f1a4731b4983fbdc3b79fe66c9d,0x1b72077ade61970972a3d1dbbd57868bd44a6149,No,2026,False,589,zkproof_0589_hash,HR_SIGN_0589,CONFIDENTIAL,CONFIDENTIAL,4bc086c35509ec64edc53a190c5f728f83c975f121e77522913a85a9f0fe7d69
0xf6e5c8783ff0c1fbdf86ee144f9176bf16d07e78,EMP1589,CXXHQ VUNLJX,Finance,Lead,90,56,27,44,98,41,1,No,5,43.2,No,4,0xaf1a2dc6a6b0e56dd7b807b9540fa22dddce3a4e,0x5e6f7ea1e6d9eb2b9ae20ab9380440889c1ed994,No,2026,False,590,zkproof_0590_hash,HR_SIGN_0590,CONFIDENTIAL,CONFIDENTIAL,0c106214aaa96d7c0811b5bb4a96c9e57571d3054f17881bf0b4649b85bba4b4
0x798d4fa4091af83e049b38de37dd1068d8895292,EMP1590,KGRWH SBONZE,R&D,Coordinator,70,46,31,69,69,66,14,No,5,46.5,No,3,0x9381e07d144dd72855118e337c7741a809f729e7,0xee358549c401b8dc964a6f48a8831a6a78846558,No,2026,False,591,zkproof_0591_hash,HR_SIGN_0591,CONFIDENTIAL,CONFIDENTIAL,b8a48aef8a5db540bf97a643c193abf41b56a4c09e9403b6ce9f406e1dce51ac
0xd5d1d91742bf1245fe5578ec374a2d64b254749b,EMP1593,TYYJZ YQYPZV,Engineering,Intern,87,48,9,82,53,57,22,No,7,32.0,No,3,0x70d12aaef871d83d969425d10a3ae0dac2d4a518,0xb066dfb034083b6cc074153b2631f09d01d81d03,No,2026,False,594,zkproof_0594_hash,HR_SIGN_0594,CONFIDENTIAL,CONFIDENTIAL,c2bea2c665049481a6ed3e024f81d00c60090ff84b1f3c12f6f5dcfb7e7bd726
0x17c51c6facdee0a4dae684fe0ef50a27a4b98d9c,EMP1594,AGPOE KYERUW,HR,Coordinator,87,48,9,71,61,82,23,No,9,41.3,No,2,0x1d811982566006826105b68de54a16273536f3d6,0x11b55ee1b9fa3a1b1da3ee52452de29861f62bf0,No,2026,False,595,zkproof_0595_hash,HR_SIGN_0595,CONFIDENTIAL,CONFIDENTIAL,2d7f14ac4460835f7f1c7abf1da6de943f514a7b4411ce08c7bdf5b66ac29f3d
0xe68603d9c4e0a2114487b1916a82b9022c2daeb5,EMP1595,BAQHS ZHQHAY,Marketing,Coordinator,82,50,10,73,98,51,7,Yes,2,39.1,No,0,0x39cfd5c68db4fc0902a2517b9f29509634e72a06,0x0bd9c8753e1736cde1f21c287e80b12a0df967e5,No,2026,False,596,zkproof_0596_hash,HR_SIGN_0596,CONFIDENTIAL,CONFIDENTIAL,6306757c3f8be73b470e5dd442e0d9a2783365c19accabfb71c149cf8f54be75
0xea20568d8f44ce7e64df3757dbf6a7db7283981a,EMP1596,XZNBZ CEKXMS,Marketing,Lead,61,52,20,55,96,49,20,No,7,42.6,No,2,0x6cd2ef07f45526740984e4d48998367454b6aa97,0x2e4ca2c88077a187a20bb72248f361d26adbc95e,No,2026,False,597,zkproof_0597_hash,HR_SIGN_0597,CONFIDENTIAL,CONFIDENTIAL,3aef629d3859b5b3afa33c284f2f4e456695ed432487b4f82dc52c3ef09167d0
0xef1e961663cce21cf010e1675772344a553009da,EMP1598,RUPIM LZZCHY,Marketing,Analyst,96,40,36,64,85,55,9,Yes,0,47.9,No,0,0xd3a1877f1699ae382528430aa23bbc3c7e7bb979,0x175dae8ef269a8ec394e2d98bf2667bfcd4e3da3,No,2026,False,599,zkproof_0599_hash,HR_SIGN_0599,CONFIDENTIAL,CONFIDENTIAL,422c29e937598aa922d7232c62d26eeff745607a486ef38365c7a91662fbbf06
0x3abdd5ef43420fe0133d5a4d9c9f122ff59b8439,EMP1599,KXQZY TYUHKO,Engineering,Intern,90,52,35,97,70,96,20,Yes,5,57.3,No,0,0x0e55c4e807be6a4bf63fd885fd754df5607f02e7,0x1041f8a86ecc7c42cca8517fd37a6e5dceddb4f5,No,2026,False,600,zkproof_0600_hash,HR_SIGN_0600,CONFIDENTIAL,CONFIDENTIAL,b99c73b34ced9152e61bcfd43ee1b088ca583d15b87834231a90d08b5cd89957
0x2efb60ae2169eefe24a6ca9db16a526b69cf035a,EMP1600,SNWBP XKHZHX,Finance,Coordinator,72,33,19,49,89,99,16,Yes,9,56.0,No,3,0xe749b36b7f453f756eb9a25a7bc344bbe80fc1a1,0xb60af962a30568c537c68487c5e5861f77973d44,No,2026,False,601,zkproof_0601_hash,HR_SIGN_0601,CONFIDENTIAL,CONFIDENTIAL,a0337fe1da0af5c3fc3d46552881d8d8084c278f84a0ab2f035d079a94caa2f6
0xc37285c5cbf7404e1f444a9fbe1ed13b832810c7,EMP1603,HFMPG WQHPXQ,HR,Engineer,72,38,23,75,96,82,23,No,4,53.4,No,2,0x3079b8379822303b61c7945084124ce8fc05dc05,0x09cc79d480eaad4fc964258ae45e50a18d8abc00,No,2026,False,604,zkproof_0604_hash,HR_SIGN_0604,CONFIDENTIAL,CONFIDENTIAL,bdf94454d7cf38ff87123da260b8570c5a9775096dfc23863a3851246c1c9cfb
0x0dba93ca55f3f6394befb692033abe04b6565231,EMP1604,JCIWN NWNFLS,Marketing,Coordinator,68,53,22,74,81,56,5,Yes,6,42.4,No,1,0xa2649d64c8ff768f9ff2c4c896fee943d18ed34f,0x545056bfa58307435a7c1297430c1fe2a9862b37,No,2026,False,605,zkproof_0605_hash,HR_SIGN_0605,CONFIDENTIAL,CONFIDENTIAL,602c4dbc5052b2479e3a1d50958a5b8608bfc1dd404acf6ba584cf1cbd6c5907
0x946dbdc3df81a478c8b695fc9d6199e495e443e0,EMP1606,FWUTW KKWGFZ,Marketing,Engineer,73,36,11,99,52,82,15,No,7,40.1,No,3,0x15308f529252942892b67de79d6bd3ee137d89e1,0x5c0bc8c97b961166170e27989c80177c49bd8326,No,2026,False,607,zkproof_0607_hash,HR_SIGN_0607,CONFIDENTIAL,CONFIDENTIAL,988740dc76bc04ea45e8760949bbae97222a3ea38296b36acc8e00ce984aace6
0xe3f7d0e057b9eeb66b2f639e5161b95477e16185,EMP1607,ZQFPZ BYGNZO,Marketing,Manager,77,46,44,62,99,40,7,Yes,8,50.2,No,2,0xc29d7c8286816b9d70550eabf607b20d32291c37,0x6af3c56f1f161756e0cc359789ed72583cf1ceb2,No,2026,False,608,zkproof_0608_hash,HR_SIGN_0608,CONFIDENTIAL,CONFIDENTIAL,e1c9e0fff19b8ef7740e3ac224295b0223a286cc596fac373a62c6bec85b0d1b
0x6cdfc319b9f3a6e8da72d172bc21ac0252c5446c,EMP1609,PWUAF HBYHOS,IT,Developer,88,32,19,64,93,92,7,No,5,54.3,No,3,0xd7d6c9d209b869aa95ddd0ea82846390116d6091,0x0e7ab3a69de86c7c215d5488ce04a21298dd6be9,No,2026,False,610,zkproof_0610_hash,HR_SIGN_0610,CONFIDENTIAL,CONFIDENTIAL,8f3d4445d3ed98e7150189cfa165272ebed9d613de74fafff9029fe19ea439a0
0xab30c7c589c6460e2d02589ae13453a1934351d7,EMP1612,CDFFN FKGNWG,IT,Developer,69,49,7,75,57,77,15,No,0,37.3,No,2,0x0945daa9faec8200276d1122ef56bc27b5aa5aed,0x2c2ef3046ebfc83c629fe421a7b0402a997cd9c7,No,2026,False,613,zkproof_0613_hash,HR_SIGN_0613,CONFIDENTIAL,CONFIDENTIAL,41783130ecc974a686e7262f5199988bbf139fed53c2acb55d12a6dfb6d2362e
0xc00c1866e0986100038c5ace3964a264119adfd0,EMP1613,CLIQH HCWTRB,Finance,Lead,69,43,39,53,55,73,8,Yes,6,49.1,No,1,0x0f03cb12111b8ee9abb0aeddedede223e78462f3,0x605ad2b8c73e7c75e578f2a7c0e6e23e73e75dd9,No,2026,False,614,zkproof_0614_hash,HR_SIGN_0614,CONFIDENTIAL,CONFIDENTIAL,cf82e6988ea881db33d47b6079a8cbc6775eebf12b554b2bbf0d1f43ccf4b98f
0xbf54d63f2d564b239e0d4be94d905697f3ae7c01,EMP1615,FHOGZ CVCCKV,IT,Manager,98,53,32,80,88,80,24,No,9,55.3,No,1,0xc6cccd1d650aba8ad756f546e36eace4d6596186,0x964b9acc1c7b806f55c041287a6ebbd65fb4e6e1,No,2026,False,616,zkproof_0616_hash,HR_SIGN_0616,CONFIDENTIAL,CONFIDENTIAL,04d804f2b53378f4bd251e930b95fc5d0201a86f6342ef4e194477b3a353dca9
0xc646c6b9223ad60e6bc80a5cd4d15c107d36077a,EMP1616,TLDGQ PCEYRK,Finance,Coordinator,77,39,0,88,65,71,12,No,0,34.3,No,0,0xe8a29e98d3fb5d0bbb32c3990ec521f871d32ef3,0xc49f003151fc1555135fa1ee8c6c328bbd74c2ee,No,2026,False,617,zkproof_0617_hash,HR_SIGN_0617,CONFIDENTIAL,CONFIDENTIAL,46c78601f9f0b1a63bc68276c9a997dadc176c21d3685b55b47e04ad2b49caeb
0x8313b3096388c54f0b8ac74e1743ecf10c802dc7,EMP1619,BDEED JRQAEL,HR,Developer,85,31,22,88,99,52,12,Yes,8,45.0,No,3,0x5ecf351ae41cdd14415a11552f06a2286b27fb8f,0x9eb0ca1e4932b8b51e86597b9ddc471b136befa2,No,2026,False,620,zkproof_0620_hash,HR_SIGN_0620,CONFIDENTIAL,CONFIDENTIAL,ca9171a605c8ba05eb0f6330749e1a8fc3e11a761c649f9856b217704b29d1cd
0x5ff7627304cc85c0b82aed52593b75971df19a3e,EMP1620,VVCRU UCAKSY,R&D,Manager,96,44,18,94,59,68,20,Yes,8,40.2,No,2,0xc23cca5be33a45f64599fdcad27be8d207a114ab,0xf047e15e9d68da1c8c1700f77ecedf931f6fbf4a,No,2026,False,621,zkproof_0621_hash,HR_SIGN_0621,CONFIDENTIAL,CONFIDENTIAL,595a0cf5c7955793b9b31548a5d7c4570e76a26ad6d169e5d8fb646b94d57587
0xd87bd3c7165fef58ed07a012d179eda6a11e7362,EMP1623,CTZWY SPDYIK,HR,Analyst,89,32,36,74,72,42,0,No,6,42.0,No,0,0x64c95b619319622bb8ab8c364d57ef7a4de48a9a,0x392f1fc80212501f5826b510f7059590cd3bb1e0,No,2026,False,624,zkproof_0624_hash,HR_SIGN_0624,CONFIDENTIAL,CONFIDENTIAL,2e77df59322792069c11ce713c5ed5db745e8bcd104d2636a4ef1f07f8ff424d
0x6e8d4cd06caa6f3a2521709724a60dc3f4a35102,EMP1625,MGYXU ESBTZR,Finance,Intern,67,43,15,64,93,89,19,Yes,2,51.5,No,4,0x3e2baa60489e26b60389cb74a21226c51986fe53,0xa3a1b97208fedd25e39b605d1b4f939185b04dd3,No,2026,False,626,zkproof_0626_hash,HR_SIGN_0626,CONFIDENTIAL,CONFIDENTIAL,f82cda6b58de6f3ec0b39f5ac9349fcee972011727fe66dc3a68e47ea6b858ef
0xc4af37a0deb903e4884435580c5bd1a1b5d65893,EMP1626,VRUDT MRTSYI,Engineering,Coordinator,80,34,24,64,89,47,0,Yes,1,41.6,No,2,0xce269707cbd123a5547af0e9d1ec02a3d00f30a2,0x506938393df79001dfb7d42cf48f99e3deb3d581,No,2026,False,627,zkproof_0627_hash,HR_SIGN_0627,CONFIDENTIAL,CONFIDENTIAL,7743f7954645308fdfab0233f5678389971eb76323c2d132433d630119cc6de0
0x798a916fb4a2ecf0276679f760e446b3968f7476,EMP1627,CEPBO ITVCJU,Finance,Engineer,76,49,12,61,50,93,20,Yes,7,43.4,No,1,0xa75cc86328673ee087067bdd8f05bd417326fd42,0xb81d7e7a33eda22a38280edaee5ba6366be979ce,No,2026,False,628,zkproof_0628_hash,HR_SIGN_0628,CONFIDENTIAL,CONFIDENTIAL,a8c401f4a1c1830c43d5aab5017c457c745d9dcc6e8d832909218c277a16b09c
0x63dc300879a9bcf5fa3fba0d8a23c6efe5323559,EMP1629,AXNGO MHOGAG,R&D,Coordinator,74,35,28,57,64,67,21,No,2,44.3,No,0,0xb6701c2262aab09672e255950f7ac9dbe296a812,0xec4a55a9b6acb4f53e937900dda26e80c81c8e0e,No,2026,False,630,zkproof_0630_hash,HR_SIGN_0630,CONFIDENTIAL,CONFIDENTIAL,ba0ccf6c7948580c089213807f4fa98de777845bd6d0459b7db30b0c19262fdd
0x1743b185bc7c077f9cb69bc99decff5adf0021c9,EMP1633,HGYDX RWOCOO,Operations,Coordinator,66,54,33,45,54,83,19,Yes,7,49.6,No,1,0x566c15365e6fee11d232d80febcb09633c0d07b3,0xb0b920375bbae37d832ccd042e8aa0c645cbda3a,No,2026,False,634,zkproof_0634_hash,HR_SIGN_0634,CONFIDENTIAL,CONFIDENTIAL,297331e8393eb043efadfd022e4d5b91752e94baeec974781fa9f71b75d6b93c
0x59776aa45b5bcbde5760aee512cea0bbe399823c,EMP1636,UDAWV LMXDST,Finance,Developer,79,49,31,88,72,81,14,No,4,51.5,No,3,0xd41733be26ebac714d3194e0a6a887b7f6c623c9,0x90ce3951055085a6ad8236c298dee3dee636e5c8,No,2026,False,637,zkproof_0637_hash,HR_SIGN_0637,CONFIDENTIAL,CONFIDENTIAL,c665a38a82c7be7bd36aebfc1e6d99fd31b983121f94585e81abe7702ea3438f
0x9b606072a95b2d69bea4acddfbcf6e488b3f4edb,EMP1638,LSRBT YGTJZV,R&D,Manager,73,39,22,80,55,61,20,No,6,38.7,No,4,0x684a6e908690392a605207efd27b4d17ec38404c,0x0d9d826d12e753adfc4937b65b1ace870a39126f,No,2026,False,639,zkproof_0639_hash,HR_SIGN_0639,CONFIDENTIAL,CONFIDENTIAL,9a44a2c05213d53d7d30a511fbae6c1d53c378a3f3778bc76a5e2aa1ee83e379
0xa567b941a2fed88e3e67963e7141ba32e06aa870,EMP1639,FNRNA LONMWK,Engineering,Manager,68,36,18,42,72,82,4,Yes,5,46.7,No,3,0x31db36768ff8bbfd5ad00a217d1aca5e4c4a8a8f,0xbb2ab7359a04f5dc84b6ba47a9613346164e27d5,No,2026,False,640,zkproof_0640_hash,HR_SIGN_0640,CONFIDENTIAL,CONFIDENTIAL,35d3ea85d50c7a661331336cafe758fe96944f14643547fce598986d50a4392a
0xf48be1c0e77f604eaf6c63bc6a528a3ea41e69e8,EMP1640,VITRJ FGCBCN,R&D,Analyst,70,55,26,84,63,90,8,Yes,0,50.0,No,3,0xa5560deba525324a975d8631e0a7e377bec74d9d,0x0801ef922eaf4e5c401dc880fd0132d62f3d4358,No,2026,False,641,zkproof_0641_hash,HR_SIGN_0641,CONFIDENTIAL,CONFIDENTIAL,46f03c3b0c5ff52ce3a16d1afd996a3d25df02ecf80e4e5196bcf47778efe822
0xa1edf3514767b2caa0143a0da384bb012f5d5c24,EMP1641,UKNCJ JZCLWY,Engineering,Manager,96,50,30,52,91,61,2,No,0,48.5,No,0,0xda7510ab8e42bdbacb0d96cc91ec39241484f5d9,0x4d641775cd5e9ab8f4d803d8d435380fa6664020,No,2026,False,642,zkproof_0642_hash,HR_SIGN_0642,CONFIDENTIAL,CONFIDENTIAL,eb69a1f0e6802f2082bfcd281edde95d0b0b490319b394dcca8297ce1a1113c1
0x4b103d96943fa6ea0dfbe953c6c3b8bd502ab6b7,EMP1644,ALGFN NUFYEQ,Engineering,Coordinator,74,48,0,62,78,52,10,Yes,7,31.9,No,3,0xa774c4e8cff1735a054e35471a95dd79c9f83cea,0x26a33be3fc9d7f9b3b9031806f98c15c99bb5cca,No,2026,False,645,zkproof_0645_hash,HR_SIGN_0645,CONFIDENTIAL,CONFIDENTIAL,3454003a71e6e4c8f92612d53e96d17b9843c3bdad8cca4bc6e59e59dd6d76b4
0x82faf0fafabc18df42bddc7a9e04c0fb7db7d7a7,EMP1647,PETWE GLCHNW,Operations,Engineer,67,39,36,75,79,43,3,No,5,43.6,No,0,0x9a5facd7908ad05484ddbf9fc2e514356ae915ca,0xb077028b78fe0a311df32d871ceb3d3075d4f542,No,2026,False,648,zkproof_0648_hash,HR_SIGN_0648,CONFIDENTIAL,CONFIDENTIAL,08dc74e843c24e6284ed491fe2c029353a45d437641407c70dcae3a844dd4d2f
0xe1bc484579ffef351b1e94fa443f4fecba7914ec,EMP1652,CDLNO BSKZDA,Operations,Coordinator,73,38,8,77,60,68,13,No,6,36.2,No,3,0x3bfa8f6105440327c4dddc5e4abfdd901dacddb5,0x5e00b03b90e9fbb7cab1a5f5c300f1fae3b67348,No,2026,False,653,zkproof_0653_hash,HR_SIGN_0653,CONFIDENTIAL,CONFIDENTIAL,5acf65e6e1c5f9fb7b2ded8a95426e788a8c48155038a3a6a9190a8f3cfd9c9e
0x33d0f2f9894a0ad0fbd51d05e3291a8d13b48c91,EMP1653,YLZKH ALYJNC,IT,Engineer,92,36,3,67,56,47,21,Yes,3,26.8,No,0,0xff3686a3d30da47617ccd1bdd465b07c52f842fb,0x09247ad6e4b8bcb4e866652825b825620d3d95dd,No,2026,False,654,zkproof_0654_hash,HR_SIGN_0654,CONFIDENTIAL,CONFIDENTIAL,e3bc1e42d8abbac1d9f3982ad50634a2042f6085148694ea94d778f889ceeb0b
0x9f538cd8cf50968e4e29bedecef98c04d0aa9f23,EMP1654,CVQIQ JTUJRP,IT,Analyst,75,40,8,77,67,63,15,Yes,0,35.5,No,0,0x4b4e24784963e56d64f99ef439233c35cd273e64,0x27e7c8244303569677da40c9ea4b45c84a2bcf0c,No,2026,False,655,zkproof_0655_hash,HR_SIGN_0655,CONFIDENTIAL,CONFIDENTIAL,8d9519db35b817213e99ae291d53dea8868740993874ff3e12c135526ae6a958
0x2685b6e111d113a09d610106b32cda2e51c6f4ac,EMP1655,SUUEY MYZPEL,IT,Engineer,75,34,38,84,90,67,22,Yes,6,53.9,No,1,0x07a08945c3769bcbd32d1855b74ea2f4b65bd958,0x8071a6daf80ef982e69bc6291e5e5157ca8b080d,No,2026,False,656,zkproof_0656_hash,HR_SIGN_0656,CONFIDENTIAL,CONFIDENTIAL,a804037302e041a258f4ea05a7d5adba037543045118e47aebe2a10d7d72767c
0xc31ec434bf3c5a352265e9f85db3605fa1c10251,EMP1657,UDXGT ZDHUGH,Operations,Manager,65,37,21,41,67,62,1,Yes,7,41.1,No,3,0x2f96eb2f3aaadccc44fa240eef97bcd4220ffb37,0xccf01203bccc0028b7fb4e57df104284fa0281b3,No,2026,False,658,zkproof_0658_hash,HR_SIGN_0658,CONFIDENTIAL,CONFIDENTIAL,7f33ba9541390b50c985c3d5f546653fffeda9c59c6c153310756fa08945e6c3
0x8c649c7572a31964dac63fb58788831f2cc7121a,EMP1663,BSDNM GZYNWN,Engineering,Manager,79,34,0,63,74,55,22,Yes,7,32.0,No,3,0x7a0284a309ff9bc525a9edb7683e851a1e4d91c0,0xbf2e6e57b69e3cea924baab3970824e941ce9397,No,2026,False,664,zkproof_0664_hash,HR_SIGN_0664,CONFIDENTIAL,CONFIDENTIAL,8ceb639d3ec16b0441a872458d2ee3fd1c411deaf49ae04d16efa44302f53cd8
0xcc004efe7ed745d5973bd50ace355e3ff2072bf6,EMP1666,ZVGIJ QEFMXO,Operations,Coordinator,71,35,29,40,80,57,18,Yes,1,44.8,No,1,0x44e45c9c0b133944192cf5ecda55b23b3ff90a0f,0x87e516aeca9879e601f947ba422e48c36c5cbd13,No,2026,False,667,zkproof_0667_hash,HR_SIGN_0667,CONFIDENTIAL,CONFIDENTIAL,28a12962258522831cd032d870526f1907ec1ca841375b799815ddc4dc5a5b5c
0x05f78344d46ec27a53f11126b8137ef1e522acf9,EMP1668,NHAIO OGNEFJ,HR,Analyst,61,37,37,46,74,73,20,Yes,7,52.2,No,4,0xb468f342be1ae5d828283384ae42119020c4d327,0xcd331cd8c8da349776477e13b430dd431dc4f557,No,2026,False,669,zkproof_0669_hash,HR_SIGN_0669,CONFIDENTIAL,CONFIDENTIAL,0959fa493ec095b4fb549735e352a2ed2478b2c4cf837e89654902f6780cc988
0x86dd73c88097f3836b08138e88a3485590c4f4fe,EMP1669,LKKNE MSSWHV,Finance,Developer,94,58,9,63,91,68,23,No,7,42.9,No,1,0xca992b1afb282e682e3be9bceed74f7672292e01,0x0d1bbc751df3c736b65079ca2e920a5c3122b8c4,No,2026,False,670,zkproof_0670_hash,HR_SIGN_0670,CONFIDENTIAL,CONFIDENTIAL,e050f01be91e3bbec703dd1abc56afdc842fdc90bf0118bbba3a3c8cb18d0723
0xb38cc6b704893d13978071164e872b726d8b1a17,EMP1670,RZSBC SZUQOU,HR,Manager,70,57,2,54,65,51,4,Yes,5,29.6,No,1,0x1064fd765dbd1957814dbc81a5446deaa98adcae,0xa35e1dde22fd2630e096b78c0ec56af7b360b8a9,No,2026,False,671,zkproof_0671_hash,HR_SIGN_0671,CONFIDENTIAL,CONFIDENTIAL,7fd9d9634a0d34abac5901f4775136b5c7f91b4310d5cc18793aa2e23f58138c
0x6d9c42d7a0417bd64ac375ecbb9b88f8ff7998e6,EMP1672,ATUIM CWGONT,Operations,Manager,85,30,20,47,64,97,10,No,1,50.0,No,1,0x8b7bd85839e24886d8eac774fcfc80a0ca14f263,0x2a804e50a5fb2259ca9550e50fa47ffa5624fdc9,No,2026,False,673,zkproof_0673_hash,HR_SIGN_0673,CONFIDENTIAL,CONFIDENTIAL,8eeffee1f47d72b096c0a9f71d74105412f7b3e921118493ccb932f9855b3f3f
0xa60e9dc6d682eb8e00b86388402d2af50f779751,EMP1674,WRVUA IXZZEK,Operations,Lead,66,51,36,80,55,79,10,Yes,8,49.9,No,1,0xbfc546f1fae6df9cb38c3bb33feae8ec320ef6a3,0x3f4f43a1a1dcd185c61a96806f2b826c2e3935e6,No,2026,False,675,zkproof_0675_hash,HR_SIGN_0675,CONFIDENTIAL,CONFIDENTIAL,2493580a0fd993a2c892fdb4e0fd4c20b4d23ae7437adbc3dd64e71cf1f1a80e
0x92461dca278bf77f0d53997bc82950cdedc9be8f,EMP1675,GTWJG IRFIIX,Finance,Coordinator,69,47,15,96,98,41,7,Yes,1,38.0,No,0,0x66d2f13f4dc1074d0f116e2e2a3fa9c4b32e1c15,0x273da8d2c8d905af845d391e42b9638913801f76,No,2026,False,676,zkproof_0676_hash,HR_SIGN_0676,CONFIDENTIAL,CONFIDENTIAL,f5d7d2fcaf3c38bb67c9f70e371609b9b4a57f8fc0b6b7138f087a9b39fd5efe
0x554ef009a34800140e423fb1bf62e86e345b7898,EMP1678,WWETM IEYVSI,Finance,Engineer,71,48,25,89,62,81,5,Yes,7,47.4,No,2,0xec6086656d81fe5d2bf0caa4a9dac40d8f7d7b56,0xc2d28a32eabbd4e316ad90d5d0cdb0100020f3e4,No,2026,False,679,zkproof_0679_hash,HR_SIGN_0679,CONFIDENTIAL,CONFIDENTIAL,41f31b1d82ace761a13cf92af17324f77e469fc81fd81ee209d18a3ac32be6aa
0x16ff25e5c5a51b019cfd1fbba00c7a97f2eafbf0,EMP1681,YMEUL NCJPUA,Marketing,Developer,96,56,23,68,78,50,9,Yes,6,40.4,No,4,0x90c3352cff149e8d2b59ffa34bb9c15f4da87d4a,0xd7548487c16a32109797cf54e54cd3cb8e582864,No,2026,False,682,zkproof_0682_hash,HR_SIGN_0682,CONFIDENTIAL,CONFIDENTIAL,6d34de04590d728eb5bf159ef3d9e0a3ddf33515743db39408bfbdbe4b812ab4
0x9577ba522b411f7dd227814ff7f538021d7b0be0,EMP1683,ZPOSA VFHNFH,Operations,Lead,80,55,1,41,73,60,5,No,1,33.1,No,2,0x6660d9a959723e1476489a208121470decb7cd2f,0xe58677e2fe551c1588e001bf3ea3fa8e9ef939e3,No,2026,False,684,zkproof_0684_hash,HR_SIGN_0684,CONFIDENTIAL,CONFIDENTIAL,c11fd033ab4583fa09ea644fc8023f355e7ea8b69f603425d3461f3471066ffd
0x2c14e7ead4cacd0d4de5e92fe0a32fd0d60a9af1,EMP1685,HJUKW XSXQAR,HR,Coordinator,71,55,7,81,79,56,16,Yes,8,36.2,No,0,0xe82dee34174fdb7735f751caa7d6bbbeec7a14f6,0x26741abb4c7b23ed125fac04a45bfadae4a4c2eb,No,2026,False,686,zkproof_0686_hash,HR_SIGN_0686,CONFIDENTIAL,CONFIDENTIAL,5d9c0dc102d23ff7faffb8547a0e93543730d72d248e8be1d08933918eb6efc5
0x19175c59cab7bcbb89f2346de30c9f2b95a81fe4,EMP1687,CBMTZ KQWWJD,R&D,Engineer,79,51,46,93,78,80,4,Yes,9,58.9,No,2,0x411d267052b2970ba61b456bdc9bd1bda4b96ae4,0x66f86a9e7083e01554efe997f73c3f08962f422a,No,2026,False,688,zkproof_0688_hash,HR_SIGN_0688,CONFIDENTIAL,CONFIDENTIAL,200ecc8516a17a699a2e02006e25c78b1e8001adea1f3f703427bd34d916d085
0x735eb416b60aeaa7cd404f4bbc1a75757e0027a4,EMP1688,TAAPJ CNDXGF,R&D,Developer,91,54,47,66,78,64,23,No,2,53.8,No,4,0x75341f5b8d72aaca2789927c646e9580f038ddc5,0x665d7495098f22308192696d6131c66101a3d9c8,No,2026,False,689,zkproof_0689_hash,HR_SIGN_0689,CONFIDENTIAL,CONFIDENTIAL,0a42b769e19312f7899eb405c637d474d5e71d8ea63959ad2eca5ef65b731495
0x2f1839e721bacdf3427d53ce46c14e7b63a95154,EMP1689,KSTWX WRWULW,Marketing,Analyst,96,54,13,74,97,76,24,No,0,47.4,No,2,0x1993a2c30997011a55682182306b6ef7e0f1ecd1,0x5af10a90a6a2d6bd58f6adb6843d351381f6c09e,No,2026,False,690,zkproof_0690_hash,HR_SIGN_0690,CONFIDENTIAL,CONFIDENTIAL,2ecfafd6ee3185e58d1b8ddbe25df117e2b17f8c739b0e019084982615544312
0xd444b8eacdd2520ee2dfdbf72501f6ebfad4cb3b,EMP1693,PHECV GGWNCQ,Engineering,Analyst,64,53,7,53,54,79,9,Yes,7,38.0,No,1,0xf1d3480aa49334f79c845f158be23c6a483e3ab8,0x052ce9fa430edef9aa7426b75b346d944547ad54,No,2026,False,694,zkproof_0694_hash,HR_SIGN_0694,CONFIDENTIAL,CONFIDENTIAL,6f642ad56b5d1ae7868d4dfd02464130948b5490fa030ae426cc3b9d61adc761
0x28fc1ed4695fde3daaf4a6ae1cdd653bd33a005e,EMP1695,RNEJF DTBAVF,Engineering,Engineer,95,32,30,44,67,68,2,No,6,46.4,No,3,0x8e2e6a2e0b4dab97cfafbb01cf4fa3a251792c2a,0x0257f7fa2f17a2e98c8501d6d640cf742a7bede6,No,2026,False,696,zkproof_0696_hash,HR_SIGN_0696,CONFIDENTIAL,CONFIDENTIAL,4fdf60ec67431204840b90efa6501bec28698ea182d0e6966b2a8b7ded59031d
0xe9667d8c87da78943841fa81cf5b7358fa785448,EMP1697,BPKEP RPJRWB,Engineering,Analyst,94,51,11,45,67,49,1,No,8,33.3,No,0,0xc2e787ed4114bee29e0b63f1c487818d794de483,0xdba283487d14b3ebc056a556437016763abc49df,No,2026,False,698,zkproof_0698_hash,HR_SIGN_0698,CONFIDENTIAL,CONFIDENTIAL,292aa0b335dbac92fd2e7bf446c7c7e2524594ee39c1bdf45363bc653bac294c
0x57b44b4c5282cad0a4bb68a21713c6d6b6abfab2,EMP1698,VNURQ WJOXJW,Marketing,Intern,97,59,20,42,76,86,6,No,7,49.7,No,1,0xe21e62977a304351c31234100ca2c26eec6a00d0,0xf194140031ff588659a259dbd3c2c9e4796205df,No,2026,False,699,zkproof_0699_hash,HR_SIGN_0699,CONFIDENTIAL,CONFIDENTIAL,0f5f9568fba823dd39c496bc47508b5bb990e0fabe688b9ab99fcb31659770f6
0x2e42f1a06847b76798a19d7809d0b3768652a0fd,EMP1699,OBICQ JDOTQI,Marketing,Developer,84,41,38,98,74,65,14,Yes,2,49.7,No,4,0xe797caa42cbbd1e799303b5750c1a639c3fa6906,0xb7179eb2a820b3158255f5b1a6406128842f2289,No,2026,False,700,zkproof_0700_hash,HR_SIGN_0700,CONFIDENTIAL,CONFIDENTIAL,be35a351e3f7c6079737c716d81cf1b2c9aef1b1f403b9a849269044c78eded9
0x90a4b6fea1f1d08dce79dad40ea7039861552a8f,EMP1700,CKDZL WEMVPF,Operations,Manager,77,32,4,84,94,43,22,No,7,34.0,No,1,0x05e0d329c3e611731c51700080e969dbd212f1b1,0x158105f1784fe4bc0ebb7c8ab7740f9c8b0d31bd,No,2026,False,701,zkproof_0701_hash,HR_SIGN_0701,CONFIDENTIAL,CONFIDENTIAL,4cec1201f0da4328c9bd9d0f08f2fe15bb0fd691370a6d196277c2b59b83fd43
0x01336f990f5d0cc81cc65e2c04e9da05e6d5b933,EMP1701,CIXHE HCDTSS,Operations,Analyst,90,31,6,46,69,62,14,No,8,35.6,No,0,0x037722fad7b43e488f21ebe14756aff85338404b,0x010a66701a0e282ffd081a67412875695d27d097,No,2026,False,702,zkproof_0702_hash,HR_SIGN_0702,CONFIDENTIAL,CONFIDENTIAL,b518bf7adb46b17b226a50f571bee2c20f5f66c31f386f70ad45b09ec10cee5c
0x466193958596ffaccfd11f11d318111dcf724c5d,EMP1702,MDMBU KEDZKK,Marketing,Engineer,75,56,44,81,78,51,3,No,5,49.0,No,3,0xd044c52e02e09529b39e0120e41c40f0465c5fef,0xf23af9c194debb7d2f13829a15dc63bdbd83a349,No,2026,False,703,zkproof_0703_hash,HR_SIGN_0703,CONFIDENTIAL,CONFIDENTIAL,cfc13328346afa32e034d35bbc14131ff09e30c21ef457a87f525601c08bfd54
0x41ab30f05e16ae09b5b6d81605e9101da0ce1bf5,EMP1704,GVTQJ SEWRXQ,Engineering,Lead,99,51,37,40,76,81,6,No,4,54.7,No,4,0xa1f95a5aa0bbdde3f70bf8dc826eb5d1c328c1dc,0x9f427873c0193691b968313c08233a4f472154fa,No,2026,False,705,zkproof_0705_hash,HR_SIGN_0705,CONFIDENTIAL,CONFIDENTIAL,69450ad090e5a81c6c33c33727beb19ea29f6e339b12d560ccf1a50ff11026fc
0x904358ed0db92492c305ab128699535794e5018a,EMP1705,WOYXP ETWAKN,Marketing,Developer,70,53,29,65,75,42,10,Yes,3,39.5,No,1,0xe362dac6a48f1e38a17e7fc7ec974d7ffe815ad4,0x0bd9018cb3221a46bd0a5641d806cc0dfae50de6,No,2026,False,706,zkproof_0706_hash,HR_SIGN_0706,CONFIDENTIAL,CONFIDENTIAL,29faa7d20b004ecc0ad304c358b0c17daf2c7098b45884e420447494b2bc5039
0xd4140d3f2efcc14b9551be52e3846b448723227f,EMP1706,PUMTA FSDUXM,R&D,Intern,93,47,2,90,71,60,0,Yes,2,33.2,No,3,0x712a9e2a5d9532c6d3d74217098b90ca7d62caf1,0x846bfd7758428b46d0aef16a0c9719790d77c0ab,No,2026,False,707,zkproof_0707_hash,HR_SIGN_0707,CONFIDENTIAL,CONFIDENTIAL,a199510cb2e48d6d486b1940ca4680a6f530796a8ab66f0a75aeec8a80442369
0xf230c3cd573634d0cc48dcbe57002e5fc6638ad7,EMP1707,NPFMA YXDWJE,Marketing,Lead,83,31,35,99,84,41,22,No,4,43.5,No,3,0xcc3c7c017e76c5d7d549a69329ba1450ef40bcd1,0xd40f2fe107a1b5c27d07e257ab1df02c04c511c4,No,2026,False,708,zkproof_0708_hash,HR_SIGN_0708,CONFIDENTIAL,CONFIDENTIAL,36fde5f55d472b1e91f8b8ef7f75b7d7c6822833386f440036069881c8d1cdf5
0xc847bb2c115b0ab1dedb1e8b3a3585e26478623d,EMP1709,OSBST HZRWMB,Engineering,Manager,78,41,27,76,57,61,23,Yes,2,40.7,No,4,0xe38916820602caee4ec4bf71089f67b9356ced7c,0x400c26765c76fdfe4757c69114c026f61cf71bb5,No,2026,False,710,zkproof_0710_hash,HR_SIGN_0710,CONFIDENTIAL,CONFIDENTIAL,d51eb7b02617b8d3fa1b9a1698be0de555309988a4b7446c4fc2571f3a363459
0x92d201d4117d0cfa8f74690ce9b4555f3784ef00,EMP1712,KPCGY PNTTIG,Engineering,Intern,96,55,25,75,63,50,11,Yes,9,38.5,No,3,0x82897cdc2712bad3e4c694fc2d72654728fc42bc,0xbeefc50c92fff1f9841c4f536d796fb64fba738b,No,2026,False,713,zkproof_0713_hash,HR_SIGN_0713,CONFIDENTIAL,CONFIDENTIAL,9d937b4ab80ef4b64ee493bd290e3c0bc4054f825baf65dfa4086d399e4a8f91
0x858acc76420e087039a168163a400a7dc31103d8,EMP1717,ETXAA JDROSI,R&D,Coordinator,82,47,26,89,53,96,8,No,9,50.7,No,3,0xb7f7d1bc7a23072848fa1f574585253a4f35dd34,0x61d570dddb8d0e82ea34c0794197e33bd6bfeb4e,No,2026,False,718,zkproof_0718_hash,HR_SIGN_0718,CONFIDENTIAL,CONFIDENTIAL,0eaaba712b7b40e134afaeb3c311bd20f374aada2a8ac67c390673c2603173f7
0x48b5a7e938a93a44db92ac52b5b66371f2b39c59,EMP1719,SNHAC TQYLZZ,Engineering,Manager,64,45,5,78,62,71,21,Yes,3,36.0,No,0,0xe9c79207179a035ae5267c7635980344a5fddced,0x1224d21012f588975d1b9c177c1981cb404e5a02,No,2026,False,720,zkproof_0720_hash,HR_SIGN_0720,CONFIDENTIAL,CONFIDENTIAL,6980548476460f199194d57a3e0320853e34f7f1dee2470d66f82ed9df87b65f
0xb19bcb0b15f8f92119a9508fd17447b548ba8acb,EMP1721,NWMQX UMSJPX,Marketing,Analyst,82,40,8,48,54,64,8,No,7,33.9,No,0,0xcf2e12ef92bb79adde92d87e94120c5d5672ad70,0x8bed0f36c7ca4256108c730545da5c0335f35db0,No,2026,False,722,zkproof_0722_hash,HR_SIGN_0722,CONFIDENTIAL,CONFIDENTIAL,72d2fc645437e3be8e01e6b39b4a6d38ffdf3923d1535656504a82d742ef45e1
0x1dd6c2a102275e44179b13c73e83bdf50a5b3106,EMP1722,PUBXU YTIBKB,Finance,Coordinator,70,59,19,92,92,74,8,Yes,5,48.7,No,2,0x8e3ad930aefd6cfcfd071d96fcd2ab4fb6d1cc6f,0x9f5d92301d560f7578cd6568b194ea46a3ef0a93,No,2026,False,723,zkproof_0723_hash,HR_SIGN_0723,CONFIDENTIAL,CONFIDENTIAL,0f076f71a26d1e4007cf18ff11d7fbb33e870bc5ba35cea23959ab1164ca5301
0x0a782f15b1999be695ff06c39e0cd41293071b98,EMP1725,LOMCJ PLHXKQ,R&D,Lead,74,49,5,76,85,46,0,No,2,33.0,No,2,0x050586a38233ade47abf35282f2ccbf215fb963e,0xe082d5c22b8ed4862a0114d6d81587de672bddbd,No,2026,False,726,zkproof_0726_hash,HR_SIGN_0726,CONFIDENTIAL,CONFIDENTIAL,bd1febb75747dbdc9c09a3d0874a53ec348a2aeaa01b0ca234b5083adbce1dd5
0x09db51dfd4f5b126887216c9635999780cc5939a,EMP1730,DIHWK VIXEJH,Operations,Analyst,91,53,41,67,54,51,6,No,7,43.2,No,2,0xbfb09177724f325bb2eb83ed478a99a3f4c77385,0x87099d87d4848b917d420015a0082522937fabb4,No,2026,False,731,zkproof_0731_hash,HR_SIGN_0731,CONFIDENTIAL,CONFIDENTIAL,b1df1218c4d30beba8a2019bfa816f8f6472f70d72c1cc3db14ef34ca70f01f5
0x01817196d18ef9893d64b5b86b0294b61a683092,EMP1731,INHEU SXJEZA,IT,Engineer,69,49,10,61,95,76,10,No,9,46.7,No,0,0xe2050af69711f0aed2662fab9dbcca27a8c499dc,0x6e5073ade0018429df47e6719af03aca0a9f2f6b,No,2026,False,732,zkproof_0732_hash,HR_SIGN_0732,CONFIDENTIAL,CONFIDENTIAL,ac694a4a68f4789af237f374d7d15a2cf779e129b6b0e7cfc147b9eeb79d8809
0xc0af12ea75d4f93f75c94de15dd7474a15657831,EMP1735,NXFQA TJQNZG,Marketing,Developer,70,41,44,87,75,86,5,Yes,0,58.4,No,3,0xb237fdf14e16ff441e9352b640b5769f53e6ad50,0xb7370095ba8f5424c0dab7849328ec61a6086352,No,2026,False,736,zkproof_0736_hash,HR_SIGN_0736,CONFIDENTIAL,CONFIDENTIAL,3a8713a976aee7634db4bedf19ca8edee33d61bde47205da44eda96fc56f4b95
0x348366f1e38df54a6da84ace1d03f70515b0cbcd,EMP1736,PFGDY EWDTPB,IT,Developer,74,43,28,55,77,76,9,Yes,1,49.5,No,4,0xcb1d06446f022b6f0c1f067c607ea4533d8d7289,0xe806336c2cfb1b476f62e8cc6edf26bdb0ee2256,No,2026,False,737,zkproof_0737_hash,HR_SIGN_0737,CONFIDENTIAL,CONFIDENTIAL,ee38f4f60ec713b874e5ab013a09be18bcefa433f860209b98f2b854de64b27e
0xd39fc1b1c48ee6696b9737890f0ba7e1b37a5e16,EMP1738,FSZME SFAMRZ,Engineering,Manager,77,34,0,46,70,86,13,No,1,39.9,No,0,0x992136b979b86023f71e986f10b773e480a89196,0x5aaa6de0c574aa566978d610061693b77f2996a3,No,2026,False,739,zkproof_0739_hash,HR_SIGN_0739,CONFIDENTIAL,CONFIDENTIAL,cc8ade66bec1e2837c506eddcaacc6b55c6a309d4bf9cc7e60de946f1e6dd4d2
0xe8ca7ae63506fc777900e4cca8926cb6f8e322b3,EMP1739,CGLAE IAWVYV,HR,Intern,98,35,8,44,97,91,15,Yes,2,50.1,No,2,0x375d0447c15e462d8b788f067b8bedf8521e47d0,0xcdb16310a9b78b9d4a7fb5f9eb53eb78d7431134,No,2026,False,740,zkproof_0740_hash,HR_SIGN_0740,CONFIDENTIAL,CONFIDENTIAL,1b83178c14ebb1e76c02d40a32f55b86501c0a0d416a7ee8b00cf67d49da4209
0x492e3bc96d47a6bddf1e97c39b091e6cbd6fe2d9,EMP1742,KMVBZ FERYNX,Operations,Coordinator,74,32,42,54,87,60,13,Yes,3,52.5,No,4,0xfab7c1d6a90d42b2c23b38a7f23be51ed7ee9c56,0xf29b0beeb53fa24e50e3c5673b93a07a9d3f8274,No,2026,False,743,zkproof_0743_hash,HR_SIGN_0743,CONFIDENTIAL,CONFIDENTIAL,4b1a52766714edc4e42937c4af7edd915d860665357128ce4a410ed6fa67fd9d
0x2e43f7b1bd04b2f65904a842a2e94fbd3d141001,EMP1746,LWHJE KWJDHA,Marketing,Engineer,83,32,38,77,63,80,4,No,2,52.0,No,0,0x9ee080352b44ef0743e73b0ea265acc81152fb78,0x9af8c517559da895d57639b5247a5d2030205aa6,No,2026,False,747,zkproof_0747_hash,HR_SIGN_0747,CONFIDENTIAL,CONFIDENTIAL,b91578eb3f2491b5d289e3aaab199bf1f32522c919c7fdeaa16c461f959ef814
0x56c622b8a2d8644bcd7baec4ed79f9c9fefe6632,EMP1747,CRDSV IMQWYH,HR,Coordinator,83,45,1,68,66,57,23,No,0,30.7,No,0,0xde5d1322b46862f6c614f63711040c7782071740,0xfe642f2c18dbce5b251dd19373de2e1e823bf272,No,2026,False,748,zkproof_0748_hash,HR_SIGN_0748,CONFIDENTIAL,CONFIDENTIAL,05709e482a86c595cbfcf9f0f266246aa013c004207260f41e8cd02cc9bd056a
0x898513ca46daf36fe4bd350151171552b28ce68c,EMP1752,LTTZM QMBGAR,IT,Intern,83,36,2,96,54,74,1,Yes,9,34.7,No,0,0x76f3f6de803d0de941e844a00487a541b8da3f3f,0x884248f23485727387d0291bd5e4eaa91261fe10,No,2026,False,753,zkproof_0753_hash,HR_SIGN_0753,CONFIDENTIAL,CONFIDENTIAL,b5b899369675ebc1b45452d3b7729e18c9486b9d6d6e616c5d7985f83b5b8c4e
0x079b0ede180216fae61e28933e83f056c04c3284,EMP1755,ARKXA LZMPNM,Marketing,Lead,96,58,46,76,78,57,11,No,4,51.5,No,1,0xbef8fc473e81379a1e0a6cfdf63368571fcb6f9f,0xe5699e9df4aa9e9292ca7fcd686ebf4abf0f19aa,No,2026,False,756,zkproof_0756_hash,HR_SIGN_0756,CONFIDENTIAL,CONFIDENTIAL,c0a322c845581f2849f76b290059c5b4f88971e12b09535b111c4713bcbe2c8d
0x1c7b70093cc0f1a4219bfdad56f6251eb0d46bd8,EMP1756,UEEBE RZCCVY,HR,Coordinator,61,43,10,98,78,94,13,No,7,48.5,No,4,0x124b6ce7ef64646b1e850798a8594d5101a6f550,0xfe00b3439dbef459cab4fdf82007fef1b43682b0,No,2026,False,757,zkproof_0757_hash,HR_SIGN_0757,CONFIDENTIAL,CONFIDENTIAL,6c8c7e669c0620d7bab273a6d6b85378437c482ed2e672183a7200af33f33f69
0x0c8a0fa73b7f9292de42d8783ce4595530557f02,EMP1759,BRWXC WYKNMY,Engineering,Coordinator,87,56,19,42,98,44,24,Yes,7,41.1,No,2,0xaf45ab87f36812d82e45e6e8244547abc7465dda,0x46212a14c1813c0e0481674d8cb1beac52b96ae5,No,2026,False,760,zkproof_0760_hash,HR_SIGN_0760,CONFIDENTIAL,CONFIDENTIAL,a541ae47c9d7128fb187b7e7fd427b7a8fde018a19c4ad7f9d65c18e8d70f46d
0x2a5674a0fdc78fcab7fd2af448db43653a497735,EMP1760,YWJTZ IMZSXI,R&D,Intern,74,58,4,89,85,79,17,Yes,4,42.7,No,2,0x76e5463b9f8202efdaf537c99e4f90becdb56e44,0x5e3804e775e90d9ae567d9cf9816dbcbda415820,No,2026,False,761,zkproof_0761_hash,HR_SIGN_0761,CONFIDENTIAL,CONFIDENTIAL,154495a80ffebb5aaf5ce18be687ef4061cfc29e90162fe9227c9b6ff5a97cbc
0x2e6d2b0135828ca102ce1522cefc3193733e6193,EMP1761,WQIIC HFHEOD,Operations,Lead,89,40,43,73,61,58,12,Yes,9,47.7,No,4,0xa78f8e54e740d2e4cd7e594502f5ecd75a31972c,0x5fd64b7a7303077ceea66e5fe1ed3f2b88d8b18e,No,2026,False,762,zkproof_0762_hash,HR_SIGN_0762,CONFIDENTIAL,CONFIDENTIAL,87be876cc17445604c79e4c11717b092beb8532590ce31239d4146e8c6b9f1f5
0x5822b95a80af5b15a5e0ee2a3945bd59144f3ce0,EMP1762,QRMDQ TWMGQI,Operations,Lead,69,33,44,67,97,82,22,No,2,61.8,No,1,0x54f609491d790e4b4e68868c9cfd6894645f6c70,0x92bbfccc51608dbd868e523bd192eade766d373e,No,2026,False,763,zkproof_0763_hash,HR_SIGN_0763,CONFIDENTIAL,CONFIDENTIAL,85b0e7d7dd1a5127d2319ec6d45a693cec80033ce276607112d4ce09c03a30d7
0x23bf906a4ec07f17f91edd36b6470d7bf4da34ae,EMP1763,VWGFJ MPOVMM,Operations,Manager,76,59,47,40,60,87,7,Yes,8,57.7,No,0,0xe12da336810cd7a25be6846bab7e4726c48978e6,0xc9d0ff8b72a8764f0f23d299d9dd294fae37e92b,No,2026,False,764,zkproof_0764_hash,HR_SIGN_0764,CONFIDENTIAL,CONFIDENTIAL,4057e05e4b7cbfeb15b263fba0e6f476074d6ecd1ff0fb387b1c9ce835288bb0
0x41471207a3a72870b0683861dbf18d79f0d8e403,EMP1767,SVCNX LFSYDB,HR,Engineer,85,48,45,71,58,89,21,No,2,56.5,No,2,0x9f1c0dea5431624f7f339a762917d1c49899872e,0x2eb1063094a1b61603f2b8fb05173282aa4f6894,No,2026,False,768,zkproof_0768_hash,HR_SIGN_0768,CONFIDENTIAL,CONFIDENTIAL,8436d5819424d9bb84aca2fb0a09d52b28b131813548c15d2d53db94ab2f80ca
0x84739e48ff285c2d2c2fa18a08c66aa8c003f8b1,EMP1768,PVAGT NKBZVY,IT,Engineer,65,54,9,64,68,72,11,Yes,0,38.8,No,2,0x1b6b8c827057f2def079185704769d13143d3d92,0x31a9e1bf6cc4786e6a93e61e00410f8a1c2be136,No,2026,False,769,zkproof_0769_hash,HR_SIGN_0769,CONFIDENTIAL,CONFIDENTIAL,4872ffc0a9feb77361f02a6043514494297e222a5b78c105caaac717cc9aa36f
0x3401afc3dfe9e5208df2d3ee769bfc30df08dd8a,EMP1769,LIMOD QNDGLR,HR,Manager,89,58,13,57,77,79,20,No,5,44.8,No,4,0xe153d099f60a2765439ebfa3b0db90a4c6c87f83,0x02f2c831531a9884fcf6b16bf1b6f78b4d1f5417,No,2026,False,770,zkproof_0770_hash,HR_SIGN_0770,CONFIDENTIAL,CONFIDENTIAL,1f3f96ec388af3129e799beb794d5972d2ec4aac3b4b56cf936c01d5a3827cea
0x74027df1a969e8b3d50dcf7b24d0ac416b607c96,EMP1770,DOUQW KQSZTW,R&D,Developer,84,33,39,63,78,53,15,Yes,2,47.3,No,2,0xd1991a9ba659a683e1c548963ab9c06abe86d19a,0xa6e12afaeb410cb23c8a31c022da718c305e519b,No,2026,False,771,zkproof_0771_hash,HR_SIGN_0771,CONFIDENTIAL,CONFIDENTIAL,30b950700c28ea2609c1e90628c79a867cd0e38a86bc73acfc4721cf4dc6124a
0x5f200d15e43a1f6439bec12204983e1ac90e8099,EMP1772,IQYMC KXWXFE,HR,Developer,61,58,41,74,59,69,5,Yes,5,49.4,No,0,0xf8105c2aa0fb6d4c809343f09cb2399ef45e58e1,0x158a23a8cc895b25e44d80a82f051726297f6237,No,2026,False,773,zkproof_0773_hash,HR_SIGN_0773,CONFIDENTIAL,CONFIDENTIAL,74579082a381802b8b1c36b3c7dff9f927dbb9844943800233cb6e0b27976e3b
0x90f0de9aaad6082c2fec2f3c01c652452b681a6d,EMP1775,WBVEN EZNNYY,HR,Intern,67,58,47,62,89,80,3,Yes,5,61.1,No,0,0x7f9c7e4a50d4e97ec31eac5fb0d8ca679b19831b,0x380ba14f544a67e3b9ee661525a5511e2a5baf4b,No,2026,False,776,zkproof_0776_hash,HR_SIGN_0776,CONFIDENTIAL,CONFIDENTIAL,36bfd583ea31c0bc9325d3604589a93ea221f2afc268e7de5b65fd214bdd27d6
0x764fca811952c4a1c9c64a78467a718ad5cd1539,EMP1777,YILFY VGNXPZ,Operations,Engineer,88,37,24,92,87,60,2,Yes,2,45.2,No,4,0xd6d55fc5e5c56baf6fd870b8abf4177e8eff73eb,0x479f4c7e7e75d2f388fa4a1be207bcdc6a6b82b8,No,2026,False,778,zkproof_0778_hash,HR_SIGN_0778,CONFIDENTIAL,CONFIDENTIAL,9eed7f477b5b5b67c1fc7bc966995b9c75a5e7beb686fc582ee1e6439b0157cd
0x270f45e67ca6803db788cce8dcf548a08e4bd844,EMP1778,ZYRWH DTMMCD,IT,Developer,67,42,43,74,56,73,6,Yes,1,50.4,No,2,0x51a8b20c4f60c2f75c7a3b133a38a686c991340d,0x2b14379996367843e510921793e786d683ec06ba,No,2026,False,779,zkproof_0779_hash,HR_SIGN_0779,CONFIDENTIAL,CONFIDENTIAL,01de4f2b7e13df955325e514720f7f2451276fbd91e54f8836e37a1d3a7a7fcc
0xd7c547d2d0ebfb87a290d96378ebddb94d880f4c,EMP1779,PTTFR HHFQHC,Finance,Coordinator,87,49,30,50,67,96,24,Yes,2,54.4,No,2,0x18942aadbb8df2167c3c24516c6726752149a9cf,0x334cc0504742a7b880837be96135bcf260e1ec1a,No,2026,False,780,zkproof_0780_hash,HR_SIGN_0780,CONFIDENTIAL,CONFIDENTIAL,116a24ea35a6c0b9f6176968f856cb9ad35ae64f9f2d3bd9a83127b57ea4118c
0x2c350a57e8819efed519f7768f7c33b612cbf5cb,EMP1780,AKJQU POFZKQ,HR,Coordinator,80,52,46,46,64,79,19,No,3,55.2,No,4,0xeabef30fa3f528c9e0329aab1637dfc081ff46ad,0x7218cc77b186b57baf67c3a3ec3e3b820a8e3da3,No,2026,False,781,zkproof_0781_hash,HR_SIGN_0781,CONFIDENTIAL,CONFIDENTIAL,59fbed67bda73b9991f65d532a45cddeb8d6a63cde0bfd42517b077801e778d8
0xf9aadfd2fc50e5643df65427002820d7e149b96d,EMP1782,AIFWQ HPJELR,HR,Intern,60,44,40,88,78,80,8,No,9,56.5,No,0,0xdcfd6d723157071b4a7eb40f7adcb70e9a868682,0x7152d35d722657026d0d5febaaa938009635be0f,No,2026,False,783,zkproof_0783_hash,HR_SIGN_0783,CONFIDENTIAL,CONFIDENTIAL,c99f75fcdfde517e512f9250f383f4b38a2b8f061005beb44aa84af936c46a75
0x7c05167aa823a68b60467346d7ee0739ac3124fc,EMP1783,GLDZC PMYZTK,R&D,Manager,87,36,12,46,50,54,18,Yes,5,31.5,No,2,0x034e5c2b127db0533a17297df4e7971b4f1f2d89,0xa6582296b5e1e866e48c1fcbf2be645d50898600,No,2026,False,784,zkproof_0784_hash,HR_SIGN_0784,CONFIDENTIAL,CONFIDENTIAL,753c80369b809b7ffb59fe248a46916a3529f19d791f381a91610a900395d003
0x5018218d30533dfb5d8c8fc920d807777963c1ba,EMP1784,ISPOU UYZDAF,HR,Analyst,85,38,30,41,53,68,1,No,0,43.0,No,0,0xe6eb7e6869bda4a9851e4091a21649309805c625,0xecf04c67f3f188618a79706ba9de1db36c1ce01c,No,2026,False,785,zkproof_0785_hash,HR_SIGN_0785,CONFIDENTIAL,CONFIDENTIAL,fb02077d8e381f054bd0641477df99c2e2d1c988528e5ae007e35cb3633fd021
0x0640e6842787a1f8279b33cbad24850ce0342506,EMP1785,JKWPC ZJOLPM,R&D,Analyst,82,39,25,53,94,83,0,No,9,54.6,No,1,0xc038a937aabe7f1d395c82c2c38d99bfeff65f25,0xb421c3134eb16b61e1eb4149b94d2759b15a9318,No,2026,False,786,zkproof_0786_hash,HR_SIGN_0786,CONFIDENTIAL,CONFIDENTIAL,7e82d75124ce704359fdfcdecdf3a2585830c226db0542ece2210cfeb4863e4e
0x5e25e8f000a12fe0be1ceb1902dad5aa094df3bb,EMP1789,SHDFC ZQIULO,IT,Lead,95,30,23,95,58,77,5,No,5,44.4,No,3,0xb7897770e57a7e4a8cef235ddcce6d10a0512d9c,0x299b8655350a93bfddc133f2833de950ddeaa079,No,2026,False,790,zkproof_0790_hash,HR_SIGN_0790,CONFIDENTIAL,CONFIDENTIAL,e37629887c44cab50efa410a3f7772d456c0d8516678025ae90f9da875cc61ae
0x4c09c25386bc64f5f0a46c4fa012b3ffde7f51ff,EMP1790,QYPRV IASQNG,Engineering,Lead,63,32,46,56,67,85,16,Yes,4,57.7,No,4,0xb895596b59924854e27777d12c0a33c59bdf0aad,0x5b87bd58dc69e46c4c41ed6a03254347deeb0659,No,2026,False,791,zkproof_0791_hash,HR_SIGN_0791,CONFIDENTIAL,CONFIDENTIAL,3fd9a410b8e9f570604d879ea2384efcac510330ebdbfdd9d723bfa08c064fdd
0x38de69e193a48880fd026ee9428766e27cff0351,EMP1793,GZCYC DHMDDL,R&D,Developer,62,56,37,54,89,81,15,No,7,57.6,No,2,0x2a54b9222cb4e68f604719966f1324b8bfa19388,0x1df5cada5c664d6cc19159f29f1f60a02918e6ea,No,2026,False,794,zkproof_0794_hash,HR_SIGN_0794,CONFIDENTIAL,CONFIDENTIAL,3b3ec9595c19f817f7da565e429e3381f956289440d97abdf733d5dd93ae923d
0x1ba5f44488d2b5a62060819f5e9484b151f8df42,EMP1797,PBBQU NCZRIP,Engineering,Analyst,74,36,9,97,53,60,22,Yes,8,33.0,No,3,0x5b8c8c5569cce8df4a00313e5133184db7bc513d,0xd1f1f49aaefb4b0e7e429513fe33d5594a3c0cac,No,2026,False,798,zkproof_0798_hash,HR_SIGN_0798,CONFIDENTIAL,CONFIDENTIAL,0dd49aa38232a843eee0de27b83d64a499829bcad3b5e3c4a82bb68eaaa85b6f
0xe3b0e985c2c1521b68891ca0b1425cf011fabd97,EMP1799,APBSM TJGHLH,IT,Lead,63,56,38,42,91,95,2,Yes,9,62.8,No,4,0x5e3404e8a5a275a198b510271044facfa73314f4,0x7d12d7ff3f9e453cdd1874614b6547aeb2416ff3,No,2026,False,800,zkproof_0800_hash,HR_SIGN_0800,CONFIDENTIAL,CONFIDENTIAL,e42b0e830b24d72ea75aef07187d326a1f6d513fea635a940d0c99a2d0d4f070
0x55388acd2d829cf4d5cc9d7486208348cad77195,EMP1800,VBNBB DGACKB,Marketing,Developer,75,35,23,54,98,57,9,No,0,45.9,No,4,0x841a931a9ba87cc3b7cbb2ef66cdc4dabb892a7f,0x79f0a45476124eb75e3ce5095253229feaa5588f,No,2026,False,801,zkproof_0801_hash,HR_SIGN_0801,CONFIDENTIAL,CONFIDENTIAL,ebd8a46aa525c3edf165275ae45e56ee6e0008ffa008d7d632309528b75d8994
0xe6b68086ead33f36ef2b0af25b585238d7fdae23,EMP1801,FBPCL EJHBBQ,Finance,Manager,95,59,2,58,60,88,23,Yes,5,39.7,No,4,0x39e33fc70a9415a28243910411e6672decee18d3,0xad37eaa804af08a23487e46e9fea2cc78b7bc2de,No,2026,False,802,zkproof_0802_hash,HR_SIGN_0802,CONFIDENTIAL,CONFIDENTIAL,be1d5e1317d56b9d19d1d6e135c4b79fdcdc59bd36d2c4e7b9463157e91f329b
0x4534bb92da55300c1f37c3b937590fc015282709,EMP1803,ZZUEI PKCQHW,Engineering,Analyst,83,31,8,70,98,89,0,No,8,50.3,No,0,0x86d529bac442f924f9384e606604de6285a42534,0x7b8726a0d126915d248f7cb8685491ecb76c622e,No,2026,False,804,zkproof_0804_hash,HR_SIGN_0804,CONFIDENTIAL,CONFIDENTIAL,5d4191efc5324bfb79aa741bf320444594b2c7238f2ab3dc9de8087a149522a4
0x27b114be9085216dbe78f6c04f5e90caa0d31c0c,EMP1805,JWQFB GSNLTK,HR,Coordinator,70,45,43,74,84,61,7,Yes,7,53.0,No,1,0xf026248c031f5a72d9caf402f9f8fe33bc6880d7,0xa82dcfb73f5e76e6ca256151b32c020dc5a39c45,No,2026,False,806,zkproof_0806_hash,HR_SIGN_0806,CONFIDENTIAL,CONFIDENTIAL,0dfd6ab8a998db9cf536b9d900517cf7c131dca149b12c011327c5ca44410cd1
0x329acfe1a61a6cb04af3220b012483b4170af425,EMP1806,BSVSH ENWKBN,R&D,Engineer,80,39,18,99,79,48,21,Yes,8,38.2,No,3,0x01dfc12dfdd8ff858ddc4f87e845e7dd433b8979,0x37eb3f43de43e1352a7c61a4c78d5d34e467cc61,No,2026,False,807,zkproof_0807_hash,HR_SIGN_0807,CONFIDENTIAL,CONFIDENTIAL,d480799c43f9717dfc8b41bff62c0955b5dab205b08a8a987bc7e64f473fdba9
0xdd3af104c2eb02ca7ffd9293cee60e1bfa40ab15,EMP1807,NKBVM LPHBQU,Finance,Manager,81,52,9,57,61,55,16,No,3,32.6,No,1,0xf6c8fc929cfae8d1dad027943a3e51edd7619b70,0x48adfa8baedcc31cb6efa206dd17eb25938d4e0e,No,2026,False,808,zkproof_0808_hash,HR_SIGN_0808,CONFIDENTIAL,CONFIDENTIAL,82845e0777071068fdc735ed6000374dc3440eace1d03c9aa24f1c453a2fb7cd
0x2ee8d0a54302b0c0438383f2de975c6670d2c8e1,EMP1809,PIHIE XJQFAF,IT,Lead,89,30,18,67,92,79,8,Yes,9,50.2,No,4,0x7d5169f5ee5906732ae853050eab64f1522fac3a,0xd3a45dbcd535465281c1298ed7b1e90667ce9340,No,2026,False,810,zkproof_0810_hash,HR_SIGN_0810,CONFIDENTIAL,CONFIDENTIAL,b6dfa8dc49a81d928678e6eb9870aaa5867512162255096dd1761ee84d5102fa
0x7833c50a1278533cadf8d5672105c8a4cb0ce595,EMP1810,ERDUF GDWAIR,Engineering,Manager,89,54,3,75,70,44,13,No,5,28.9,No,4,0xe6d4077e0f9524ea421adcef2aeca5a493a7b70f,0x41fa41a020793c411ee633f212fcf0c207715266,No,2026,False,811,zkproof_0811_hash,HR_SIGN_0811,CONFIDENTIAL,CONFIDENTIAL,b87bd6ee2b46f06e3c25e8ede4f6aba68648073ad6dddb1ef226297b801db0dd
0x8d4c1d738d40f496e7ecfe4ea410cc930838e841,EMP1812,QIGDQ XIZGWD,Marketing,Manager,85,57,17,89,86,59,10,Yes,0,41.7,No,2,0x3c6a47accc6ae13933f992600c206bba990e729c,0x2e74e3e95cf1e1a28e1df5d2ec89eaca92da072b,No,2026,False,813,zkproof_0813_hash,HR_SIGN_0813,CONFIDENTIAL,CONFIDENTIAL,7ba159b9fef6189e64d1c17abc5d77402d045386d8065c16efd8c8fadbca51ba
0x7e1fcec2d801e393de8f32782860a371662d609a,EMP1815,AMMWS JXDRKR,Engineering,Analyst,92,37,35,89,81,66,0,Yes,7,50.7,No,4,0x0fa14ab3789e05c058f7ab67eac1714c29352efe,0xf470fdaaf41981c4769b9ecc9fb599d3c1036aef,No,2026,False,816,zkproof_0816_hash,HR_SIGN_0816,CONFIDENTIAL,CONFIDENTIAL,21ce30f8ab95355cf1e9068bb43b96ca6785e66b0e86bda32ee5cab7d1b50c79
0x349ea6b7cf26ecd3bf8dbd06a1e187f338ec0dc9,EMP1818,GWQLJ FZFTOR,R&D,Lead,82,35,11,53,68,43,14,Yes,6,31.5,No,4,0xa5c25aa06cc6c9ac17eb2ac0681b07a0d920f259,0xaf95a24fb268b7dc8b458a23699e6d6d9580adda,No,2026,False,819,zkproof_0819_hash,HR_SIGN_0819,CONFIDENTIAL,CONFIDENTIAL,759088b38c4685d6e5de029e1e699a92aa41c34b06f4a0098bb390113a3b5269
0x3d2572611226e28895908acc53b04f458b7b8493,EMP1820,JSUZK VUQSZJ,Finance,Lead,73,56,23,80,93,96,10,Yes,6,57.2,No,1,0xac6217289cbb6bae6e89e4d553fe48f65c3083cb,0x8653d5a6879103a8c124f0927f901e20f8809635,No,2026,False,821,zkproof_0821_hash,HR_SIGN_0821,CONFIDENTIAL,CONFIDENTIAL,f270ca91c461c13bdd44b9fabc9a169223a5c5726be650fb105f9425a8eacd9d
0x473a3dfbcb3098f955cdf2d9391353ce6caa7ee4,EMP1822,SPERI CEQMBV,Engineering,Analyst,75,38,29,74,68,57,15,No,0,42.3,No,2,0x74751658c49dc8b1230255dac64d0d12de5fe0ac,0xa9669ea48f9f47337c7af5dabf1c86ed5c1f7a0b,No,2026,False,823,zkproof_0823_hash,HR_SIGN_0823,CONFIDENTIAL,CONFIDENTIAL,66c886f8e73498eb17ca425c745e102835dad109b4b4e74f3e5108b9486f1845
0xbabbff9b6a7a66d4bca06b5c89efaebf0d232440,EMP1828,EHHWK OCBJDT,Engineering,Developer,77,31,45,40,90,64,24,Yes,3,55.5,No,1,0xc93c39e0be18df556a1d6d4fe98350e71e55f45f,0x498b8d362b5c188290892e494229035d99a598df,No,2026,False,829,zkproof_0829_hash,HR_SIGN_0829,CONFIDENTIAL,CONFIDENTIAL,fac7ddebc0bd7492c2dcb8331c86a41b7cbc65cb9a3ba64047b7992fb30d0b2d
0xe56bbf222b59f18340692d579f5e072e61fdf8e3,EMP1830,WVQXM JYGGBZ,Finance,Engineer,65,39,13,49,79,61,8,No,0,39.3,No,0,0x37fddaa1e598a30952b7382f9dcb99e1f13c5954,0xc972f276cdcd4652347384e015952f90693327c9,No,2026,False,831,zkproof_0831_hash,HR_SIGN_0831,CONFIDENTIAL,CONFIDENTIAL,c075ccea0d3f247ed794c433e2f356f4b63e94d7f49bab981dcb3b2bee33ecbe
0xe0013f2f462d6aff91cdea31bd7323982fc63c73,EMP1832,DBIJU ISQKRI,Engineering,Developer,82,49,2,41,67,60,7,No,7,32.9,No,0,0xa55a4c3e64e6e0059d0fb4c5deec975a105e57fa,0xbb04ca0c87ad25b232b9a13bd5860c0864354b9c,No,2026,False,833,zkproof_0833_hash,HR_SIGN_0833,CONFIDENTIAL,CONFIDENTIAL,47cd4a7525d3e54b4324413ca968e418c0961a806307e951395934b5b9957285
0xf707327b00faa4181074a9f5d3a842efc4d3ceda,EMP1834,UBNMZ ADIUHI,HR,Coordinator,61,31,31,45,50,77,22,No,6,46.1,No,2,0x816708d24b553c7f7ada026f5edbe11c1e1340f8,0x4e782ee32bc0b50aaab5407a7011f27fd7fd6ca9,No,2026,False,835,zkproof_0835_hash,HR_SIGN_0835,CONFIDENTIAL,CONFIDENTIAL,6c9b6c401ddc5c136025b85b448e7b682745001807ee71674c9dfab3a05c5e3b
0x9fde7aa47516a845caf92c4d923a5f74074a03ca,EMP1836,BDAFD KYJRCB,Finance,Lead,94,55,18,61,80,40,11,No,2,35.4,No,1,0x549ea83f66b262b07f5aadf991d5ae71db4469c9,0x26bb5621768477cc87107e4b0ceceafd81ded214,No,2026,False,837,zkproof_0837_hash,HR_SIGN_0837,CONFIDENTIAL,CONFIDENTIAL,3a5a3840ded6c43d5799ec9876d17e5ef8022abda6beb8d6e45adcfa8f8f3fba
0x85e1ecc7ebea3401baef9efd0d3bd3e2a99dbea1,EMP1837,RGMJR JKCAZG,Finance,Engineer,75,57,9,74,70,63,7,No,4,36.9,No,2,0x9ea98bae611e2d312ec93b692b46134a6b7c1a81,0xff72039cab45eb2d2ba9b64af23d5a9b5cabdd89,No,2026,False,838,zkproof_0838_hash,HR_SIGN_0838,CONFIDENTIAL,CONFIDENTIAL,98a9ab96634bf4a1d5a7dd5c49f549e3e1206f67f55eeff6588c1e568294a633
0x102b910a3ca25210ece6d9bb0d9e55b619dd253d,EMP1840,DKHJU JWGFKR,Finance,Lead,90,47,36,47,52,76,21,Yes,4,48.0,No,1,0x76d5de5250159280d8a9112a742d0ad2d492d5dc,0x0f502b2b0d0996ac6b8aad8b865b225ecdf6f6b2,No,2026,False,841,zkproof_0841_hash,HR_SIGN_0841,CONFIDENTIAL,CONFIDENTIAL,4f250a510c2e5fe5c3c49103fd981435b8ad44b7c925cadcbb5b547d8df10b28
0xfa0fbec7fcc8d69c223b980a5b9e02b566fd5e5f,EMP1842,YNCGA QFVNWU,Operations,Engineer,69,30,10,99,83,72,0,Yes,7,42.9,No,4,0xd4ede285e60f89b45873abb539bdefb6d5345589,0x3e433500a691e6c000699d49e7deeadacac9bcc5,No,2026,False,843,zkproof_0843_hash,HR_SIGN_0843,CONFIDENTIAL,CONFIDENTIAL,5e7645861b1aa54cd0eedc1bfd41ff47c5169cf538020c0f3be044ca73b037bf
0x758105e27f9d4228933a139b7f64ab1aea72599c,EMP1848,ADVBR BZHWVF,R&D,Intern,99,54,36,57,68,77,21,No,6,51.7,No,1,0x701012a43ba4aec122a65ced651f78e3f9494462,0x51b95f592a24e226372780fdb41934fbb78c19ea,No,2026,False,849,zkproof_0849_hash,HR_SIGN_0849,CONFIDENTIAL,CONFIDENTIAL,711e8f4d47e4fa9d0456bda40ae8476b7edd260c1189d1a7b1b9878273ec2415
0x85569859970e0df6afcde8f3abf0bc0ef9a9d5a2,EMP1850,FQJIJ ZGTREJ,Marketing,Intern,81,30,18,51,66,89,21,Yes,6,47.7,No,3,0x6af2644caa8a0288d65e25f41f3551a8f8d94815,0xdbfca6b120a35bf1720c418736ed5c7ead5f5401,No,2026,False,851,zkproof_0851_hash,HR_SIGN_0851,CONFIDENTIAL,CONFIDENTIAL,88c8d9841528f66f94d7e9c26e5c3d689f7dced97fba29d8b029b4deee498dc2
0xbaf8b00f56db5fb13a986a3cd6bf4da4aec3380d,EMP1851,EKCUJ CYZQGN,R&D,Engineer,93,39,8,86,66,57,16,Yes,0,33.5,No,0,0x8b8e94ab495d4c06e94a5d7966245f743251b9c1,0x25d5fd7d75da0c1a68835780f0e4ea8354d069d0,No,2026,False,852,zkproof_0852_hash,HR_SIGN_0852,CONFIDENTIAL,CONFIDENTIAL,e115a9af20912b47c1ed87a2f8dc0c6bd8a4aa08898085c3718f5b660fb3294f
0xe0e8565c23417a83f3b8641ea09b63dfc0301e85,EMP1853,LZYQR TBBUHK,Operations,Developer,86,41,6,68,64,81,17,No,5,40.0,No,2,0xc6a5fcbdb400a4148b0694092fece55fa3848c7a,0xe61536d797cf463aca4d17b537e557ae6fb0239b,No,2026,False,854,zkproof_0854_hash,HR_SIGN_0854,CONFIDENTIAL,CONFIDENTIAL,c382304c5919739436269f201951c9df1d5da4601411fdee7a1479e3e9991ad3
0x14753e21f43b2c2e9044bbc760d10ee6c576cf38,EMP1855,VMMCD TXHZAB,Operations,Intern,94,58,26,52,96,55,19,No,9,47.0,No,1,0x861f840cdc3b1dccd4ff4e4991b24e0b44997ae9,0x69e0ba4404584eb02329a2822195c9c53e644a8e,No,2026,False,856,zkproof_0856_hash,HR_SIGN_0856,CONFIDENTIAL,CONFIDENTIAL,bd08f932848cbc95796fde8a22af5bc1720b38e12208a9bf2e08f212df45fa9f
0x747845acdfe9c682a9ac9de87d06dd00f4c235ef,EMP1856,MOKDS DMWIJI,Operations,Intern,77,46,37,62,67,70,21,Yes,7,49.9,No,0,0x8673f81c69f4f3b16445503ab925ca276faa8f8c,0x6b2bd1490aca80f328f3f028537a7917e23c8bb9,No,2026,False,857,zkproof_0857_hash,HR_SIGN_0857,CONFIDENTIAL,CONFIDENTIAL,6694f0ddd9f14c561b8add20ea55613ac4f1664bf3d63eba374838216aded4c7
0xdbd410e3f3cacc337cdf0be58b59878f49019f70,EMP1857,GIYMY AUNMGY,IT,Intern,69,34,16,50,68,74,0,Yes,8,43.0,No,4,0xc00a1407074b245aa2b03dfb1356d94b2d2971a2,0x6595896af22ec6b431a5c1a5bb4ce8a4a7e5cc76,No,2026,False,858,zkproof_0858_hash,HR_SIGN_0858,CONFIDENTIAL,CONFIDENTIAL,bf44bdd2f9d8db5cd529970dcfa6374ab858a787465b7d29cb43f8d45933222e
0x4355eb873b6f1217f217377aedc069e51a79069e,EMP1858,JNNWV OCFWHO,Finance,Coordinator,75,38,36,92,65,45,8,No,3,41.2,No,4,0x4e86bd933eb503c8ab71b5e43bee9b3c846e44e0,0x709c8296d7d685782ff7126cc5cf396ecc238936,No,2026,False,859,zkproof_0859_hash,HR_SIGN_0859,CONFIDENTIAL,CONFIDENTIAL,ed26fa6ea01123487f06f38798a6cf437159d46479b166e57670ca0eac253f61
0x058c80364de0d66396802cd3703894f7daa114af,EMP1862,NOTQM GPEEKY,Operations,Coordinator,60,46,12,47,98,71,21,Yes,2,45.9,No,1,0x57554e8d4aeaa383dcb8bdcff738febfcca5270a,0x9767c8f01da62c8fc30e8644494854bc351c2a02,No,2026,False,863,zkproof_0863_hash,HR_SIGN_0863,CONFIDENTIAL,CONFIDENTIAL,98e7fb65e0f4ac5fb0a67f69eb83e07d7f3bc5aa194c1435292e04e51f133e9e
0xd32f97f57e71902d5548f61781d21f95e0738677,EMP1865,CBQSN QKHXYB,Engineering,Developer,82,55,0,97,69,45,15,No,0,27.3,No,4,0x9a23930113676b603c9ab1e27897cb5c34228f40,0x276796ad66c9656df954530888dc13bd81240cfa,No,2026,False,866,zkproof_0866_hash,HR_SIGN_0866,CONFIDENTIAL,CONFIDENTIAL,e16f334946a630343a99a90c2cf837709542da1cee23aa84aa8fbc1284b91f08
0xf97cccb04d2144d9803dba0f0730efb6425bc769,EMP1866,RNHKQ QJVARN,Marketing,Engineer,99,57,30,74,74,98,7,Yes,8,57.0,No,4,0x49d60f2bcdabd3573e3855b88d777734dc2784bf,0x097795eada4d7da87ab8f01194b4acd3dc8d2e2c,No,2026,False,867,zkproof_0867_hash,HR_SIGN_0867,CONFIDENTIAL,CONFIDENTIAL,6756ea2af93ce503e4caf7f9d190ad972556fa121aca2d44a79d807ccda782c4
0xd64bcae51ac41a07ec0c7042b9e881d8759336f6,EMP1867,IENTG CZAEHP,Finance,Coordinator,95,35,20,50,76,96,2,No,6,52.6,No,0,0x161554bd3be7c6451968f41392e7bdbc2533e6b2,0x9328dbcd9d2d4bb5bf2321be2ae844773b1555f4,No,2026,False,868,zkproof_0868_hash,HR_SIGN_0868,CONFIDENTIAL,CONFIDENTIAL,4ce9be91abf4f34841a3ab58b72c3c201a59b93f59bb9b375e34ddeaeb85aa21
0x15ec6c82a0b5ef5758cbb1e38c0d433fa5747698,EMP1870,UBJAP ZCHJFS,Finance,Lead,92,55,45,98,64,57,12,Yes,9,48.8,No,3,0x95e2c1e1d66eeea9d5214ac2eb566cab327ed43a,0x5757e929965bb397c76fe5439267304d54e9dbb5,No,2026,False,871,zkproof_0871_hash,HR_SIGN_0871,CONFIDENTIAL,CONFIDENTIAL,f820fcd233f48351c0f0b897a92e1d1c246caa0fc9141bd00de0606b9c42c032
0xc8c3eb72e93e4680e8c8e8b8f1fbcc0fac6d483f,EMP1871,BEIKJ UYIUWH,IT,Intern,97,55,4,75,70,69,19,No,3,36.6,No,2,0x84e88fb405e1eccfe3e7f6f603986a0c58ce7287,0xd223e77ad6e4f99e8495af8cc942b92ab6efe651,No,2026,False,872,zkproof_0872_hash,HR_SIGN_0872,CONFIDENTIAL,CONFIDENTIAL,f7a33df111d2287cec7bf47cb55042c43fe76cde8d628e832986453f480cb289
0xeb30c8e973f7906e9cafce777ecbb94aa721a2f2,EMP1873,JJDLY KADFDL,Finance,Analyst,99,53,20,58,51,53,2,No,7,34.8,No,3,0x9d6ba32c32356f5c9e0c228fc7daa969d124b9ca,0xf48761889fce21380032d059717fdb527af85d60,No,2026,False,874,zkproof_0874_hash,HR_SIGN_0874,CONFIDENTIAL,CONFIDENTIAL,062ccd281bcea127b49bacad6c679ff64b6f2543bc28d6ebbe11747037ed94a7
0x5d47447b9aab088db6d5dc1e3a3fc3536dc42d5f,EMP1875,OUSRR HUKOXK,Finance,Engineer,99,55,6,77,63,94,20,Yes,9,44.1,No,4,0x83f96a5fd0a550e7190c8f8135a38c991d81939f,0x8d977b3eaa737a7b8a082fe7ea67d0143084d943,No,2026,False,876,zkproof_0876_hash,HR_SIGN_0876,CONFIDENTIAL,CONFIDENTIAL,3f190d1ae61c6d0d764ab94d2fa9441fba09e182c8fb7d060ca7cfc4790ef950
0x57dc713b6cfe6d6a247693a526e20461d42ca5d2,EMP1876,TAIVE LUCBTC,Engineering,Intern,94,34,23,44,70,49,24,Yes,7,38.6,No,3,0xe585bfbbcfcb2c6e82f072160510c830ddf1cdf0,0x3e7fba1c00dc75b4bca61e47277abc17f369c380,No,2026,False,877,zkproof_0877_hash,HR_SIGN_0877,CONFIDENTIAL,CONFIDENTIAL,54bd7d8ea304d05d0b18ce679bba664402e0e37df8945078529e46b324e62bc6
0x36305eb46b19f2ee23210ef2d0b9b8e19b3f3e59,EMP1877,OKTSE DMZCRL,Operations,Developer,78,44,21,64,77,75,3,Yes,6,46.9,No,4,0x6bf82be8fc14fddb5c7877973bd6bba5801def14,0x10749c7308cab24198670f93350fb624496a7c0a,No,2026,False,878,zkproof_0878_hash,HR_SIGN_0878,CONFIDENTIAL,CONFIDENTIAL,0f2afc74de5f0b539113e4c93a0a3afa674b51165511b682e7b41dfd7e5b2ccb
0xce7233535b4621c492952a85ca0e9a3accc869cd,EMP1879,XHWAS NPMKFE,Marketing,Manager,78,33,23,41,65,73,10,No,8,44.9,No,2,0xe2b2b5b085eb6758020cf0c4b6a5f3f6e3f1ff2b,0x9d057c639976b886dd893cf0fd3914a09f07b3e8,No,2026,False,880,zkproof_0880_hash,HR_SIGN_0880,CONFIDENTIAL,CONFIDENTIAL,d1f320dca52d7b69dcef49e180ed5e3ba15d27f2b27f15c09062a429c37a988e
0x5ccbbd101b84232e4efda28f3f1f6745022e97ba,EMP1880,INBJD HIDRGP,Operations,Developer,67,42,45,50,52,70,7,Yes,7,50.1,No,1,0x872a598313628f0f5a7ce29e92e84812d2990e56,0xdc9eb194d61d7530a85c171aac6276b941d9262d,No,2026,False,881,zkproof_0881_hash,HR_SIGN_0881,CONFIDENTIAL,CONFIDENTIAL,f3c735bec5dccb0ff76204259eda90ec8274411f1a9308ef049b753d06ba923a
0x2e210e0a94012557c28ce4532a70576483811397,EMP1881,MRGCF RHGKFI,R&D,Lead,66,34,40,59,61,50,21,No,0,43.2,No,2,0xe07733c377342b32874514bd3bd1964a9b1e51a6,0x43086039dc846674fb7a5150d357a0aa0c98e8c5,No,2026,False,882,zkproof_0882_hash,HR_SIGN_0882,CONFIDENTIAL,CONFIDENTIAL,0fd7618d6544fe211bfef6dbaa75e92834bb8ccb7100f478a4336fde749eebac
0x9d7dc97061c4a622575b0af28298efbe1bde5e0a,EMP1882,XLMBU KOAUWR,Finance,Analyst,69,56,30,88,93,45,4,No,0,44.1,No,2,0xce3f7b2026f1e9b422b3a8b5076e19e0aa86b017,0xe7076ca6b2071ac6b1746e953953c1ea1fcfd1d7,No,2026,False,883,zkproof_0883_hash,HR_SIGN_0883,CONFIDENTIAL,CONFIDENTIAL,2e6669247fe23b81c85721bd0339437aaeede051de0465c94793efb90cac3646
0xc877b1334c84eb724344fcb2452b7c59b9532264,EMP1887,EAIQJ LNNKFP,Operations,Coordinator,83,38,18,96,74,93,21,Yes,4,50.3,No,0,0xe359a9b0f29d226431bcc29db90e3920d2e9a672,0x02d1da258a575cec8f56fe4d53e7ede5307260c6,No,2026,False,888,zkproof_0888_hash,HR_SIGN_0888,CONFIDENTIAL,CONFIDENTIAL,1d5877772ea85ec5182bb7de127e7d0d87b80a969f559dc2ab088f893cbdf7ab
0x8d1c00e2b0bf77e76ed1851fd9304878c7c72f70,EMP1888,MQBVU QBCNPX,Finance,Lead,91,52,0,49,74,85,21,Yes,6,40.9,No,3,0xfa3368d4bc7d053f4e3a7bc705e3b534660cca83,0x9d5eda4a772607c86b002d0134ec135a6b019cdf,No,2026,False,889,zkproof_0889_hash,HR_SIGN_0889,CONFIDENTIAL,CONFIDENTIAL,06902f01bfce1b7b8dc9c774fdc81c8f5b0c770cb9e0ecffa52842f92d09c15c
0xb98623b183d0a6ec895791ee83130e466e3b3529,EMP1889,PQMHW RDEVSQ,Engineering,Manager,65,55,39,95,87,88,9,No,1,59.5,No,4,0xdef54e567e78dbd7fa4a6c6d875891391fc9e056,0x1c32cd5f9ee94d054918f26faad75fef2c754243,No,2026,False,890,zkproof_0890_hash,HR_SIGN_0890,CONFIDENTIAL,CONFIDENTIAL,27ff7de8ecc87f145f4626198e17ca3ddabd06a7deb921eba3e4d0f34785d63c
0x1c0f3c81e426ca7840c368ae1f0eb34ff7ccb8dc,EMP1891,XCHPZ UEDTPZ,Finance,Lead,92,46,11,92,50,54,20,Yes,3,30.9,No,1,0x6b9c57b910ea3ed1614842d323225e21bfe0f8aa,0xab52a659f479c0a389dcd799fc4d677e3e1c17e5,No,2026,False,892,zkproof_0892_hash,HR_SIGN_0892,CONFIDENTIAL,CONFIDENTIAL,e3db57ca47fb28388f91cc88a190d05668510dee7d3069330dd86060c497b044
0x095fbd5e12c7d49a65eea0deeab149325dba199d,EMP1892,CIRMU HAWAZM,HR,Coordinator,99,30,9,74,85,68,17,No,6,41.6,No,1,0x0eec88f6652b551caf7771feddaf444102d29796,0xd54c409f11d20406d127af837b23006c152e0b15,No,2026,False,893,zkproof_0893_hash,HR_SIGN_0893,CONFIDENTIAL,CONFIDENTIAL,217e7dd0ba4666a4501c55c6d81227a23b399f850af8ec28e0b71ed220ce5b78
0x5a82d197ad1055a127f125d958b0faa584c899a5,EMP1896,NVKQH LQYTPA,R&D,Intern,66,32,25,67,69,76,17,Yes,7,47.3,No,0,0xaea22ebdde774bca190b7604775adf43efd2f3ba,0xcad4bdceb76cae3e7d6b9658adf4e0a7b2392011,No,2026,False,897,zkproof_0897_hash,HR_SIGN_0897,CONFIDENTIAL,CONFIDENTIAL,a9be2efc9dccdbb62e6cfb95e9edec146b50385a9f25108121e9d3d6d552d172
0xa1d4d22ba5a9d67fa68f8b3879d04f3475fd8f66,EMP1897,XXTES BOBKZS,Operations,Developer,77,54,9,81,71,77,21,No,3,41.2,No,1,0xda68623a657e500aef0b087141e075d6407a53d2,0x1342eec47c918ab94546fdfdc89c5a678318caec,No,2026,False,898,zkproof_0898_hash,HR_SIGN_0898,CONFIDENTIAL,CONFIDENTIAL,fad682918643dbc40bd26c94e68ff6db79b6a350114a8d3d7c94626af57bb285
0x23d526a8d707fc6f7aeb8b0d9d469b14964d0e46,EMP1901,ESDQD ZJZGWK,Engineering,Developer,69,44,26,88,90,72,15,Yes,1,50.1,No,3,0x25ac83d4677bfca17201006c4716e50df5fb3826,0xa16f657c12d6a346b704db188238d4c73208f03f,No,2026,False,902,zkproof_0902_hash,HR_SIGN_0902,CONFIDENTIAL,CONFIDENTIAL,4b5c198b6f912f262bc8400a39f897c4725f60b80136204902438f2e76882fdc
0x6048cf1aaf01469d59f48d9f05fd7a08150b3543,EMP1902,IEGYG GMLKXY,Marketing,Engineer,93,43,2,92,65,92,2,No,0,41.4,No,0,0x5d61e3c357465acd3618eee10fd0b75b0b230aa9,0x5a6bd4ef13640193278c890519fa91ed9a068c4d,No,2026,False,903,zkproof_0903_hash,HR_SIGN_0903,CONFIDENTIAL,CONFIDENTIAL,1ab3ee54151bbddb9a965a89ca20a32a5c731b3b9381f433f2fcf5b2013052a2
0x1c642db7476de136cd4ef25a23b25a7a4de0c80c,EMP1903,XFGAP FXNKLI,R&D,Analyst,60,41,26,89,91,78,5,No,5,52.5,No,0,0xe521ed2c2a2ffdc36b5bf1413ec8c21004f878b3,0xb59efb2650b684202f3c5158b7d4747d9a1c8d54,No,2026,False,904,zkproof_0904_hash,HR_SIGN_0904,CONFIDENTIAL,CONFIDENTIAL,51bd79807a21aa8b1953265680d420881a01227924f56c6f996898ea2459abaa
0xd38d936f3b5661bf1c1800b054235d98e8b0d035,EMP1904,NIRKJ UVFJRK,HR,Intern,98,50,39,85,74,89,3,Yes,2,57.3,No,1,0x8aef20dacb5803b11adb6e115999db093113c1ee,0x4eec7631e4a681ff06bfaf4bd84f2604c8ebc83f,No,2026,False,905,zkproof_0905_hash,HR_SIGN_0905,CONFIDENTIAL,CONFIDENTIAL,8319659843c6b16fe24c732424ac0d94d6e4d9cffe1e0099165fc6cf838c5d2c
0xce76a05253b74dda52c950fc02868df186048173,EMP1905,KEPGR GOVFIU,Marketing,Intern,74,37,12,46,50,75,22,Yes,3,37.6,No,1,0x8ceeda7a81b7f61faec9357925d44475eee30358,0x8d246d28017d332fbaea937257bb7b10c5720ff7,No,2026,False,906,zkproof_0906_hash,HR_SIGN_0906,CONFIDENTIAL,CONFIDENTIAL,e74a74e5c30faa62e012ce2caca31013ce349eb979f49dfb4a81ca797ffb7c4d
0x2f60976b3ef7e5f40a6c07cbede1af36750d24ee,EMP1906,SYVFC LSKUBC,Marketing,Manager,98,54,22,97,93,42,22,No,6,40.6,No,1,0xfb965b4eedb5f04d25153ae1f8f063be7809fb90,0x0565ee2cc9dc5a68e2155abf9a8c0cb954ea1abd,No,2026,False,907,zkproof_0907_hash,HR_SIGN_0907,CONFIDENTIAL,CONFIDENTIAL,a832601071ad409b22a7731971d0674577fd6271f52b21f72f79bfa55fd63d2d
0x35b804efcb4d9bb2951dda50cd71e45a1a956e66,EMP1908,SMLPT UJFVLG,Engineering,Developer,74,37,34,44,75,95,24,Yes,1,57.2,No,0,0xd790d76fcabb1cba8662eb748147c10c24f97461,0xf03418212c59721082abadae4dafd096c10372d4,No,2026,False,909,zkproof_0909_hash,HR_SIGN_0909,CONFIDENTIAL,CONFIDENTIAL,3635679499e74e69d24984020bc81dbe1b1e895b162f85076ee4ab9279c630d0
0x4403ade5c9da12a27cda80a524324e8363804c41,EMP1909,UYIVH FSDIDI,HR,Analyst,76,59,40,60,83,85,8,No,4,58.5,No,4,0xbaced357ac5fedad29fc30cc46ddd12c14f6a18b,0xc483f68bbfa1f107578a508722c1e0ea5e739aaf,No,2026,False,910,zkproof_0910_hash,HR_SIGN_0910,CONFIDENTIAL,CONFIDENTIAL,dcedc4724079080494e8f55b8f47b591e48b43684d90b01cfd7df67abed57c88
0xdcd208e50f34aa8e25145e99357096bb16b986b7,EMP1911,WSDEG HMKGPH,Marketing,Lead,88,39,7,56,63,54,16,No,3,31.9,No,3,0x796df64a14fbd18ede4cf692ba217f221c449b1f,0x20fd5451bdff9a54f46df563ef3e0aa051535570,No,2026,False,912,zkproof_0912_hash,HR_SIGN_0912,CONFIDENTIAL,CONFIDENTIAL,5fd5ea996e203e3c0c0bb8923f02abce0b7cdd3c1f19f505f84c630b703852a3
0x774b5a96b6d155e1d08f56a5398490a7779385d1,EMP1912,EFWYZ SAMXOL,R&D,Analyst,79,42,47,62,67,53,7,No,2,48.3,No,1,0xc55e5ac2f95cbca73a35caead82adf841a669466,0xacb916810c0a3649727fd57265e705de2432f62f,No,2026,False,913,zkproof_0913_hash,HR_SIGN_0913,CONFIDENTIAL,CONFIDENTIAL,4a09ee1140cf0757eecaa3d6492c1a04e33ce1c6256c082480d90a4ed1993c56
0x40cdccedc787dbd1eb3101216e86474c586e1b98,EMP1913,DFCAB RUWLFZ,Marketing,Analyst,83,45,20,41,64,81,18,Yes,1,45.2,No,4,0x733c8de37ada78e840fc90d8a39b145ab1bc2f02,0x8aaf2ba8b5b54f6b8dac1a1b457f85418a35b165,No,2026,False,914,zkproof_0914_hash,HR_SIGN_0914,CONFIDENTIAL,CONFIDENTIAL,9f04adf96d5f60dca8e86f77a7ce1ea81e6c209565853d5907a8e996f823f473
0xfa9c8d805afbbbc972e9ff15ff68bc79311ce5ac,EMP1918,JISOA SHRXQC,Operations,Engineer,67,43,39,59,62,96,4,No,8,57.6,No,2,0x261eb9a78b1b7fa8a19be4128610ef5371eeb7ba,0xb25cfcb88b27dbf1b39e6df8b5cca9a0b55c7c95,No,2026,False,919,zkproof_0919_hash,HR_SIGN_0919,CONFIDENTIAL,CONFIDENTIAL,b258f418e2568fd89ed705a19777d448705e7d96676bee34f42ebee2c3aa8796
0xfd7ae8dfb8ef2dfded2721d89611126b71d64e86,EMP1920,LQISF LBDMBI,IT,Engineer,89,42,0,45,99,90,1,No,7,47.5,No,1,0x346ecb3642429cda523acd356c02707ce52dab4f,0x5ae6ff56dadf2236ebf6e288d7a98a50b280956f,No,2026,False,921,zkproof_0921_hash,HR_SIGN_0921,CONFIDENTIAL,CONFIDENTIAL,b78025f430aba9d9e74718637803d34c2acd934d13f51ed4b95d06e7e82186c2
0x3e51ef03931bcf80ca3106ac8db498e648091826,EMP1921,OZUNI RRUJNK,Operations,Engineer,64,55,27,51,58,80,2,Yes,0,46.4,No,0,0x211cab1f94df0c21dacefcc053b63853da6f959a,0xb5e9f772a42d20a6b84881c631462e01d086a112,No,2026,False,922,zkproof_0922_hash,HR_SIGN_0922,CONFIDENTIAL,CONFIDENTIAL,0d3ba8ae2dd74472bf585e7c26de9054541a67b66782256ca3bf7a338dadf31f
0x8b637ea8efdbe65282ff9eabdff75fe653c87597,EMP1922,STSGU JCFWOU,HR,Analyst,83,49,36,50,63,43,17,Yes,0,39.9,No,1,0xa65c62b1abbb787301328f32ea407d2ccb99f8d4,0x881358d3c02a07def4da0efc980a95e761167000,No,2026,False,923,zkproof_0923_hash,HR_SIGN_0923,CONFIDENTIAL,CONFIDENTIAL,5b5d31b6a466d9a9958ef42e4955bee3590248e4e6605c8d3b124a24edee1140
0x601281c46997e3c246df7e29c149dcaa90cb7c30,EMP1924,ZXXEC GQASZR,IT,Developer,95,45,35,54,53,79,7,Yes,9,49.2,No,2,0x1d7acf7f5a6f9088bd681cf1ac3a57370629e86f,0xc0a252f6d825641780088a4ef3d55298e43d1015,No,2026,False,925,zkproof_0925_hash,HR_SIGN_0925,CONFIDENTIAL,CONFIDENTIAL,0783e757ac9d00400f34d53090aacdd00599e75e4d72dfdd4008724efbb74dad
0x21f1508f8f55c75241986a0a480fbfb785cff717,EMP1926,WQJIW QEGBOK,R&D,Analyst,62,31,8,86,63,65,0,No,4,35.7,No,1,0x376ded4a9bba89fbc44955fb9b31b84a0118b150,0x78233346541228ba4b652eb6697b31bd0d585ef9,No,2026,False,927,zkproof_0927_hash,HR_SIGN_0927,CONFIDENTIAL,CONFIDENTIAL,c4dedcd9f748206217ae77c7f6080d3b36af2ee41b1d072730571ff76c63aea9
0xe1d9ea4fc61fef845f989c4dcce2fc2c465a7af2,EMP1927,MLMSP DOKUQF,Finance,Engineer,81,35,30,80,75,94,10,Yes,9,56.1,No,2,0x6d362c4ec8678ffd2935f8a59fe27c32bece9026,0x837f8b1b694daea0b6a7ffc74a942c571cf64177,No,2026,False,928,zkproof_0928_hash,HR_SIGN_0928,CONFIDENTIAL,CONFIDENTIAL,0049d2f2c0249fe991c3408490c7f605f60afd2cc8eb931c1b48b93dca251551
0x4f9db59b33c99ba3eeadfeceaad162fea3c1f6cf,EMP1928,UOXWP BJAHKP,Finance,Intern,86,49,38,72,82,99,7,No,0,61.3,No,2,0x6fddda5d495e89fbcd768133b19dc662e3b37d63,0xb4be61abb70a381439a4a995ff2ed5b59386320a,No,2026,False,929,zkproof_0929_hash,HR_SIGN_0929,CONFIDENTIAL,CONFIDENTIAL,241ac901e411a5b5a9874228b345864fe8f715af114add4287b301fad278ce06
0xffe604f92bfe68a4efdb7d23059f65f246573727,EMP1932,TTLIJ ZOAAIL,Finance,Engineer,92,56,26,96,55,70,7,Yes,5,42.9,No,4,0xb3ea8882769c9eb9f03e65555349da682881bba3,0xb8192c12b8fcdc33b50ac0070441dcc614fa4ac7,No,2026,False,933,zkproof_0933_hash,HR_SIGN_0933,CONFIDENTIAL,CONFIDENTIAL,4fb19c7d208af55be77b0b723a497dcb2a0353a737cd8e7761b8035bc171d62d
0x87ebc89b1b6c6957968b1caa9d786f1fbfc98171,EMP1934,WEXOQ IOONSK,Engineering,Intern,83,33,32,72,63,59,0,No,7,43.8,No,3,0xc55fcbcdd38ee400ef2fb3acec15f34ff0f2a906,0xd015bb3042d132bfafd2dab9840cb88510fd5226,No,2026,False,935,zkproof_0935_hash,HR_SIGN_0935,CONFIDENTIAL,CONFIDENTIAL,b6b2ecd03951085daa63d62ee6bcf88244f7ef989bea8e0ef8e09bb427183779
0x3df2fc65fce3e6f2e602d0c391c2719b2d93d8fb,EMP1935,RNNRR AWELNG,HR,Manager,95,47,11,79,96,91,20,No,5,51.4,No,4,0xd2ee40b9a5f545f56e601b3cf0af33f79086a031,0x51c943d1552e13f7585554de187e6eed460b39f1,No,2026,False,936,zkproof_0936_hash,HR_SIGN_0936,CONFIDENTIAL,CONFIDENTIAL,61bb9f6faafe37967c59811ffe596e747d01bfa180fa3551fff3c299c883cd1b
0xb36da0de69830c16d727925044ba317ad4e4b003,EMP1936,WBUCE SEMGHK,Engineering,Analyst,96,33,22,81,73,98,20,Yes,3,53.1,No,0,0x87e8312d093c884d55ff27a853732226bdeda9fc,0x15fc2b5954e568dde926b0a569dcfb0c099e743b,No,2026,False,937,zkproof_0937_hash,HR_SIGN_0937,CONFIDENTIAL,CONFIDENTIAL,98f771547a36622e64b18635c7cf7ca7c9bf919dfb2d86708dbd02b46681c78d
0x54c19b8b0e882bf110a71e25a30dddad51663e6a,EMP1937,OHMPL LPNSTS,R&D,Developer,88,52,20,95,81,96,23,No,9,53.9,No,0,0x01e8e7839d6562c91dd38fa1c196d88b9eda5200,0xbc81c26335e408a06c7c9ae21c5cbfb58dc086c8,No,2026,False,938,zkproof_0938_hash,HR_SIGN_0938,CONFIDENTIAL,CONFIDENTIAL,7e63066ff7c2f69d7941e8ac78bae3432e8ec330ccc36beac34dd2aa4334d214
0x5eb7d1316d39bb4dedfcd89dcce59c9f9f800e61,EMP1941,ZDJXJ YUEIPI,HR,Manager,65,38,45,74,89,97,19,No,2,65.1,No,4,0x74e6959abc9bd1b660ebe2d24f971cfdd0853f84,0xa2500c0ff676c90ee37460ccc0ee674d8d5ba659,No,2026,False,942,zkproof_0942_hash,HR_SIGN_0942,CONFIDENTIAL,CONFIDENTIAL,6357d25389788ac6899d01c083260c901cc5344f91637cf1a4b21286b51af6d5
0x5456189be3e6cfb018f0027a4e7d80b508079a33,EMP1942,DYYNL XQKCLV,IT,Coordinator,78,41,15,44,52,89,1,Yes,8,43.9,No,1,0xf6e72498425a911117384d15d3c3246a809fceb7,0x44b110d7fbb896328c4482ac2166d4c8e107a0dc,No,2026,False,943,zkproof_0943_hash,HR_SIGN_0943,CONFIDENTIAL,CONFIDENTIAL,dee91c161f5c0b5a90e1b187cf92cbc0eed7d4584cd4111e050948eb30372aa0
0x569002ec5b580805a8299fc329cd4b52cbc85548,EMP1944,JYAGG MFXGIV,R&D,Developer,81,45,41,61,98,82,18,No,9,61.5,No,0,0x331b8019cc41d52edc128ca9d2e6c73dbf825bea,0x2ef5714494d90c3c89244ccc20f58f8468abf15f,No,2026,False,945,zkproof_0945_hash,HR_SIGN_0945,CONFIDENTIAL,CONFIDENTIAL,8ca4d7067834934d7d8a5224d5c20c4d50013d03ed20fe6b021a988eb211dd0c
0xd0a4043a7473d072ff24acd88a51699ecd3a60af,EMP1946,XJTGQ DFTAEQ,R&D,Lead,63,35,43,90,58,54,8,Yes,9,45.9,No,2,0x17ac06dc5f7278db14a44b3a40208cdf01218bdb,0x99eb88b7f88b42bc1c6e020f6a3a3e0d37ec350d,No,2026,False,947,zkproof_0947_hash,HR_SIGN_0947,CONFIDENTIAL,CONFIDENTIAL,f806527814bdab23729f58f9fd8ab4836e6c1a7ccdc4d94f96325db922733231
0x947186cdef4cbd177cfd453ed4c327a56e5e8a36,EMP1951,QXBHZ RAVMIX,Marketing,Intern,88,39,4,88,90,59,0,No,4,37.7,No,4,0xe56172d84c91e34c1a45b042a61a832c4552378c,0xc70d5a1356d514882b6f9089fab8cd4afb4e266e,No,2026,False,952,zkproof_0952_hash,HR_SIGN_0952,CONFIDENTIAL,CONFIDENTIAL,0cbb0cf9404328dccea52d5ea37343df5300dbd70dd3814640316d9a22334c25
0xfb8c93cfb75899d3196ae8a09cc06bae5be22a26,EMP1952,FGBXH RWQTPC,Finance,Analyst,69,54,2,98,96,69,10,No,3,41.0,No,3,0x3ec043a7982611bf4a803604e1638b0627e4b4e9,0x43172b6beca61a21aacdbca6d60855d8779b7f63,No,2026,False,953,zkproof_0953_hash,HR_SIGN_0953,CONFIDENTIAL,CONFIDENTIAL,97f49e36965c28ca1be76763bbf18c10272de128710bccad7833339764ba35d3
0xcc1e846d5681cca85747da16e0351e526a69fd02,EMP1953,YVMEN GFQMHJ,Engineering,Engineer,92,47,26,79,82,72,21,Yes,3,48.7,No,1,0x1dfb9733ba43f18db64941e9143581ff29d918be,0x53f3df5cfe019aa798e1e2d0b3a9ddacb3749de3,No,2026,False,954,zkproof_0954_hash,HR_SIGN_0954,CONFIDENTIAL,CONFIDENTIAL,19a1fc81c6e0afd63368feb5c5c4bf041ab98c2b81ca7b3a6074d5f98869dbbd
0xf5c9bd4ecc4ca6b3a60d0840aafad7d865b39145,EMP1954,RINCM WJAQZK,R&D,Manager,64,36,25,49,87,56,0,Yes,7,44.9,No,0,0x68cef13700b24243b392bae75be504ea26bab797,0x985dfa145f3991ccf183327048df37204f0287f5,No,2026,False,955,zkproof_0955_hash,HR_SIGN_0955,CONFIDENTIAL,CONFIDENTIAL,53e473ef0e92e22c4b1395dcc0277a01f93cfe8c2d096e5202f374c6555bd934
0x6d87dd196979767bd6b9924adb409237f5443326,EMP1956,FAOBC FJKGOK,IT,Intern,99,43,14,88,72,42,6,Yes,0,32.6,No,3,0x673e205f20f5fa5148652d832f04d7d543a55cbc,0xa5ddb2d967c552ca9bd81f4b8f362098d99874e4,No,2026,False,957,zkproof_0957_hash,HR_SIGN_0957,CONFIDENTIAL,CONFIDENTIAL,c14ab3aede0234b542bf34d3c1de52a0f8300ee5f7a54aa56ef47e89cf81b37a
0x41e4604ae682d90868168a14ed9ff1d15a2865db,EMP1957,UKOQK QOFFQD,Operations,Engineer,62,35,12,69,75,54,17,Yes,8,36.8,No,3,0x603e2f6e62746cadf62643c5983fab5d7637d3ef,0x363d7ca329289b2d8df99164ebfa2c85f2349455,No,2026,False,958,zkproof_0958_hash,HR_SIGN_0958,CONFIDENTIAL,CONFIDENTIAL,02b36fd287b8d3db163e564642fe37acc11569d18738ff258f411a53f2d59de5
0xeec7b0377a5fc06325443088584b35498c4b3766,EMP1958,NDKFZ BXQFCU,Finance,Analyst,78,38,20,47,63,73,24,No,9,43.4,No,2,0xe7ce5cd5e88745f618b095d903641342bdc4eeb7,0x70c3042cc46681cbe2df700aa7c356bbec035dbc,No,2026,False,959,zkproof_0959_hash,HR_SIGN_0959,CONFIDENTIAL,CONFIDENTIAL,397ab6646bd96f45a08dc7179b24a0d89be18dce9425fefa7ac991403822a797
0x0f710bfa16d6b86d41090f0fd7309cb241b5d726,EMP1959,RRNZM LRZERW,Engineering,Developer,85,43,11,84,52,48,0,Yes,4,29.6,No,0,0x6102d5aca5a4d2b117c98ebb2f53fb81871d6581,0xe67ab8f5fa70ef2fd88d351adf474c99bb96be7a,No,2026,False,960,zkproof_0960_hash,HR_SIGN_0960,CONFIDENTIAL,CONFIDENTIAL,ed9d64284318681c564d00a8bb18217b5ccdcc634a74248691b9104e2a739299
0xc06df5be02ae81c7b842d05b6b716d9a40cd3d7e,EMP1960,ZBLSC INUYFN,Engineering,Developer,85,41,2,93,86,79,8,Yes,0,41.7,No,3,0x49e97bf7f699666b57a1912baa524d6fa19ba865,0x0a4790d131791edeceb4840b36562ab3ae1caeb5,No,2026,False,961,zkproof_0961_hash,HR_SIGN_0961,CONFIDENTIAL,CONFIDENTIAL,a97ffd1cc1afd6ccd36940014eafe637975e95c02e73b8f75c56a78fa5e7f644
0xf36cdf83e2748eb3468911bc623e326acf31baf3,EMP1962,GWVAL QIXHFL,HR,Developer,71,50,29,71,70,76,9,Yes,3,48.7,No,0,0xb953bfe7b86741bbaba24bfb3c18fbf66aeb9b85,0xc94c77e243a879c136d3ce51e562d82d44ed10aa,No,2026,False,963,zkproof_0963_hash,HR_SIGN_0963,CONFIDENTIAL,CONFIDENTIAL,94e373fc85462ed21da9033a794047f811110fbc6113fb0edfd2b0e435a1f1c6
0xe9ccd20b428c97ddc78bea1c56c06053394a1866,EMP1965,SPEXG DOAUUU,HR,Analyst,86,33,35,91,98,93,15,No,5,62.0,No,4,0x1a99ba45043442b7b8a56bcceae786a08bb39765,0xd0a9f1ff425ef8be5e31a2a2ea8425311100c5ec,No,2026,False,966,zkproof_0966_hash,HR_SIGN_0966,CONFIDENTIAL,CONFIDENTIAL,a39b37a46dbbba8e6cf48ed462c7b4ae30645a501d0d859dcedd02764ad119b1
0x6372faf812ccd02766748ab1ae2ed4947be0120d,EMP1967,HXMKI THTXRV,Finance,Intern,97,54,11,77,71,49,20,No,8,34.1,No,0,0x5a10a5ad23a9cf3272b575140f0d8935cfc8940e,0x363c4ca4bf89b42958f881b9ee1f89a78188f225,No,2026,False,968,zkproof_0968_hash,HR_SIGN_0968,CONFIDENTIAL,CONFIDENTIAL,b1e91d1e3c30e7e617904a5d0024cf75cc5900cf9e6755c9a2c53fce1a3439c0
0x5c3c2d62b7ef24e130d0e7213e59edf28f05e9b0,EMP1968,SWPFB BLJZSG,Finance,Manager,69,50,29,66,52,44,10,Yes,9,36.1,No,0,0x0f69f21e91ab266077c2bd98cb9b70fb726682eb,0x70b42bcf21e14ef7d4f8417f1dc498d4eb3dc04c,No,2026,False,969,zkproof_0969_hash,HR_SIGN_0969,CONFIDENTIAL,CONFIDENTIAL,18af846c0fdf65d0d6f82465299b915647c367776411aa547289d06ef078fc0c
0x6ba10c5c00088778c769071c622b3c31b3d4253e,EMP1970,ACJBC MACCQZ,Engineering,Manager,78,45,31,53,80,64,17,Yes,1,47.7,No,4,0x6f51cad8a9e9935f13bf420c7735c4c4363d35fb,0x64b625abc3b90d3cd93fb0dac51bc74ffd0c1dac,No,2026,False,971,zkproof_0971_hash,HR_SIGN_0971,CONFIDENTIAL,CONFIDENTIAL,03aac3eef384849b95e4ab13aaf95dfe9ffc886f7b954c96b2d6843ecbeae3e1
0x0aaf95f157117c05508e2a03b91a5e78390789bb,EMP1971,WHNEF NUJESH,Operations,Intern,60,53,29,58,95,86,7,Yes,6,57.0,No,0,0x0bd868450c86759bd932dd6777405a0eb7a84dd3,0xad79bbc9427978da4f6f5ac7f8706422a1ab4539,No,2026,False,972,zkproof_0972_hash,HR_SIGN_0972,CONFIDENTIAL,CONFIDENTIAL,f470d008745a47e9c29a5081f65b8dde6a28308d8303bfad630c2660eca3bdbc
0xfe3b4e1380238461a54bd043715c40b1030c0a61,EMP1974,GGAVC MGCUWN,HR,Manager,74,44,30,49,76,46,24,No,2,41.2,No,1,0xae5a381065773f34e46c3b1f2139c803bbdffe2b,0x03af12cd247c937b756ac67f6a4f32e8fdbdf0c3,No,2026,False,975,zkproof_0975_hash,HR_SIGN_0975,CONFIDENTIAL,CONFIDENTIAL,7a77cfbbf8f008bdf120891d202c8ee40cd62d9b31512d771076f61b9e7c3bb2
0x98d3b19449e44ca8e9b77a48b05e94e10b230808,EMP1975,LPMTK ZBHBJT,Operations,Coordinator,60,41,6,64,75,65,4,No,2,37.1,No,4,0xcbdd5cf29f0ab5ea9ccc053185c79f0b1cf37208,0x9c82a019f8b05fe701b56099e0a1cec164d3d731,No,2026,False,976,zkproof_0976_hash,HR_SIGN_0976,CONFIDENTIAL,CONFIDENTIAL,3c10ef9424be688a5c0e49556af75bdfe7c2b7fd10af34e38f44bc4870e560a6
0x0a1ca068604409eec4cc1e27dcb64dba926d4cdf,EMP1978,ZIEPM IKTDBW,Finance,Developer,94,33,27,43,90,95,19,Yes,6,57.9,No,1,0xea1b88bedbe1e5486e5a388f3aefd2e2ff9c0b78,0x2ddbeedc39c3a16f974aa71c5556a510b9e132ab,No,2026,False,979,zkproof_0979_hash,HR_SIGN_0979,CONFIDENTIAL,CONFIDENTIAL,7e51e31148fa378a95826dec84276462214d603dee7eb4f84473a8dfcc1b11aa
0x7374d4df876e13723f3a30ca412472fe24991c28,EMP1979,MZDAC TUTXMN,Marketing,Intern,84,36,28,84,73,53,14,Yes,9,42.6,No,2,0xdc5ce205ac140ce11b394741823a39bc773c56c8,0x92cc601377ae7a0a8f9644d88e11d8115f02d708,No,2026,False,980,zkproof_0980_hash,HR_SIGN_0980,CONFIDENTIAL,CONFIDENTIAL,d0d934119dd55fb575cecc28bff6a503e501575a57874f5c860ffa7c2a268821
0x060c9a7659fd5153aa8fe207d88083af6c20f6a9,EMP1980,WPCRC BTGUDE,Operations,Engineer,84,43,2,55,87,90,13,Yes,6,45.8,No,2,0x1b1e588822704109dc6fd3c4cde2e063f4d0d736,0x52d5500f5ec4d3ad408bf5b369e6cbcc377c5fc1,No,2026,False,981,zkproof_0981_hash,HR_SIGN_0981,CONFIDENTIAL,CONFIDENTIAL,858987594de22a3c80fbebcf47a9a09549775e3a60615c9b3b31383197fba20b
0x78a7f6d6b93ad924f53f018b7fde6de5ab09a31c,EMP1981,RDGCV GVQOLG,IT,Manager,69,35,37,58,65,86,16,Yes,6,54.2,No,4,0x045a9da4f7d62d8c309d5aa3a7d1d699ed4f324d,0x7a2417cfdcfbddd8c83d225f3bd87a806421e934,No,2026,False,982,zkproof_0982_hash,HR_SIGN_0982,CONFIDENTIAL,CONFIDENTIAL,01e3c7028777cea59221a2591697ee63191e6af2014d79446967f150baff0aae
0x8e0b51e8fdaffb8cf7e64cc6a1c2b99be93ce7ad,EMP1982,WBQOV NFPXQH,Finance,Manager,98,44,9,94,70,59,13,No,5,35.8,No,1,0xf2ef597f0f3bfc8e82ad12509b56dab6f700981d,0x40a7a1b4ba57cd5864e3d4452935db8d28354a8e,No,2026,False,983,zkproof_0983_hash,HR_SIGN_0983,CONFIDENTIAL,CONFIDENTIAL,c33e753c8c1e61eea055a88baa806226907f363fa6a356ba886b6adc09eb7085
0xc69078a844e27b0a198259ff7044c524c46318b9,EMP1983,QVREW JUEWIM,Engineering,Manager,96,57,43,86,62,86,22,No,6,56.0,No,3,0xc67269ec1200f2f580dbed44acce7f1be105b5bb,0xeffaae48fcb07000633e39f2d0ee3b61b815f38c,No,2026,False,984,zkproof_0984_hash,HR_SIGN_0984,CONFIDENTIAL,CONFIDENTIAL,94651bbe45b940358035ac57abe1ed36c34ba1f8dc49ec66688bd7e49316b2d5
0x428428ce2200065088cd516fce3dbb75ceb82965,EMP1984,YWVOW OGZZQX,HR,Manager,66,55,47,93,95,54,21,Yes,3,54.3,No,3,0x33a976cbe9deedfd3bf16eab9977861e3482b7aa,0xb59ba30804a51c7a9f8f77a0c02a04596bfbac4a,No,2026,False,985,zkproof_0985_hash,HR_SIGN_0985,CONFIDENTIAL,CONFIDENTIAL,3b1ce14e12d4bedf9a13641753a977300834bdda4b0ae94fb9835900fb1c1a04
0xf0d3985b7d257e9efe2601c42eb80d98eae2c9dc,EMP1989,MRLII LLBJEH,IT,Intern,89,34,35,42,90,98,5,No,3,61.7,No,0,0x064186c49268db1289852aae69ffe50be7a2464b,0x0281592e261b415325645fa056ca0afeea55b893,No,2026,False,990,zkproof_0990_hash,HR_SIGN_0990,CONFIDENTIAL,CONFIDENTIAL,b54a955398390f0462718eb45c968e46fac01e7ed75f016c91ecce2f7b8b8854
0x82057ac0ea17eeac66be4054f8f942c49ccbf4d5,EMP1991,ODTTD HYYAKT,Marketing,Developer,72,46,42,73,62,77,11,No,3,52.6,No,1,0xaf52ef0be2ffcc4209ad93a348d06e0504ebd093,0x17ebc2e8df19865172f4c1fd999374e6ef7aa19d,No,2026,False,992,zkproof_0992_hash,HR_SIGN_0992,CONFIDENTIAL,CONFIDENTIAL,5153c17ac0f3afcd52e5e51421c4621a0e1111335f143acc948f979b56f13bf2
0x6a57247188bedaa6d7225e1eef5c92e452ee8556,EMP1993,INEMR BVKKRS,Finance,Coordinator,90,54,35,81,85,67,14,Yes,8,51.9,No,0,0x4404472eff95012e739ab0eaafc39b20c59047db,0xbf3c119dadbcf75eea6256c0f083c4f0029b9dbc,No,2026,False,994,zkproof_0994_hash,HR_SIGN_0994,CONFIDENTIAL,CONFIDENTIAL,2578ee507782dcb41cb12f15211134626018446c143fd1eb3bdb41e194f98150
0xd153366aa7ba8ecd4dc15ad358735dd9acfbf0a5,EMP1994,ECQBW ESSLNM,Engineering,Lead,83,31,25,80,86,63,0,No,6,46.7,No,1,0x00b5c8832f839e53303eff060d18aeaeb4807708,0xfa9dd62791e222063f8b00662c261278169b3079,No,2026,False,995,zkproof_0995_hash,HR_SIGN_0995,CONFIDENTIAL,CONFIDENTIAL,f9aae32e1274402bb60fe90da2d0ea9dbf2f8d564244d6c6fddcd3281b06031e
0xbbb986dcbc670b02e2bd4de3868023e95b8dd7e2,EMP1998,JCXKS KEAZGT,Marketing,Intern,65,39,2,40,52,58,11,Yes,2,28.8,No,4,0xd86c08fb44bfb7d098f79d710f30cba8be840353,0x980cf1265a9799ecbb6133c3675b9874777b047b,No,2026,False,999,zkproof_0999_hash,HR_SIGN_0999,CONFIDENTIAL,CONFIDENTIAL,badc6d2fc54b8d04050ff199f3c9ea1d005c31497d380a10c931029350be58d4
0xc3b6f5afc1102e3c60ef77953890b2c4e945ec14,EMP1999,HIIOO MSMRKL,Finance,Manager,92,43,38,83,85,54,5,No,0,48.4,No,3,0x9fcda1730fa0fc4d1c5a6449806783c416b28d01,0xc6d9b3c392e3d4c4ea1c8a61fb6f4131f9c65f25,No,2026,False,1000,zkproof_1000_hash,HR_SIGN_1000,CONFIDENTIAL,CONFIDENTIAL,cf4557406c7f32a22d2beeba0ae9987e82512b9f266eedb3582e03f6e59d19af
