wallet_address,appraisal_year,eligible,zk_input_commitment
0xcf37173bcc4a4b8d738c47b3eefe060b3dda9e52,2026,False,23d4ea39956f80cf4ea540cdb9c70e2424bb2eaa159b8bb17c98e250bb7d8921
0xd63d630861a3c7ad1f06a9aaecb6d8753908ae8c,2026,True,1a29fb1cb3cc7e4faf6cc74a71751c132812dc65daa7ca00b8120484e18ec77b
0x8a975e5a8fe756485316bcf76d270eae03b84777,2026,False,518b5f6ddf671a8b5dad023f4badb67359dcf5b32eb63015484de6fdf77e0f45
0x0e9d2e52fb97e95051386fcb576c0bc94809d721,2026,True,c3332e628d1cfc80ae6c1ff509730aa34850e9b73802bb00c163569e5781cca1
0x84d62ce0f94277fd07d92f7deafde7a3e3c029bc,2026,False,bd4464867a5b80236cf72a9ad0da8377383239e97dcbf7d4293a084c8726e273
0x80fe01a81f9d3c617ef69d9eedebd711afe8992a,2026,True,c4a5a8ef707693c84f4bd14c476ea4335664f353370e6005fc049427dd840a1c
0x68afdcd52ac5e783a2b0af237b31dd8f3edd98c2,2026,True,a1902f6603da27a5d82e57f9ec8db4e0fdfb6256803c9a73ba5bb6de5a893224
0xbd008615f8bef68b7c70b92a77907a65256d9f0c,2026,False,4c905d0f67b2dd9f5e6034c7b1722c1575ae8a22873fb5d14482cb439d2886b4
0xadb94db88315ced47f7f67c3cbccba95c4599d07,2026,True,cf2895eca7e6fbc38fcf43ef0f6e9964b99a0df5bd2a4f1974661f90341dd9ee
0x2172c627fb736153b37c0c0c0d0c4e54fb3a9970,2026,False,7a347e873465e0e7b77c3e677009b144cb0f6b62a421fd91185501bb618eaffc
0xb6716cd4f919934a2b405fd0579af53841e4e339,2026,True,511dc005f1c1539bd546431958b323d69fbc06bf7d4ea70c24600aef795d3403
0xdc3c3bf52b3b53628fb90d68d81f2a4f062a3f24,2026,True,0af9522cd6fda0a4acb3f4a9a356a108586f6ceda3e48d22607a591e0fe2ca40
0xe294dcb825c0b73e9ef5bb14d7647023472708ea,2026,True,a4a0af412d361b565cdde1d8d40bd8255593d0bc9edd2f955ed76f3b475f3bdd
0xfdd94882905cc00e478aefe72244425b428beed3,2026,False,17499cc2d3989dbadae65ebb9e46d2b9a65e849ca0f8f08b787d60e37ab07a33
0x50a12cc82abfd949d486ba9f21abb3885065cc90,2026,False,a208f7af714557e6b70670deb4586cf1294ce49edbcaf0642885878b02b86cd8
0x7546d6341f672786cb7ff67870e12b867db96eaf,2026,True,6d5bcb9606d26fad08ff8a99814d9744ce0e9a904af9724a81ddd2c3680d292c
0x2366c9db986abd2dbf82beb4dbee20f4db3806da,2026,False,9da83d77eab933d51b7207544720b7e76a3f53522892190c4f9554f864e8de50
0x89de5333ad720f9a6cb9a07bc67ba4a2f7beb814,2026,True,d4f94184b74e1c41964312feb3cd81482d28415805b98dd63a39ff5cbb52f9d4
0x4e18499694137ca6155d51d3e43b04139bb8a4f9,2026,True,2202e51631da833053cf1bec991bf761c54768af6a0c555fcf9d2889e7933fd5
0x9ce7c6db2b9401402f8e0b1811f8101500a3ebff,2026,False,407f62d3ea0f0f52bd46e4831c369cf00c523d2f753e2f995e3df106b9a56dc9
0xb2a27faa0d4475e0d1af0912c8e146f22f280a4e,2026,False,bbeb4c6f8440ff1df4ffdac1b07fc717241c6f4e7a40371cede9c625addbc91b
0x2e0810dd9e993db3ad3a9d8f5699d87f90b02d14,2026,True,c164ac1c9698d65d02e6a819b152b1e860bdf4391dc491fdaa169010f7ea6d24
0x52583f00d78bc593a19553bbad1ee7cf2ce94c55,2026,False,96316318eed59239cd5e628a018483c648e32bb55273fe77830efff911ebf91c
0xa9e64ba0f0949288607bde471fda35d2ec671a3f,2026,True,69bca9c6658efe5c18e0af6bc16f4dd64ba42b0937461b0490099fc9525c6fb9
0x746a7979a70fc443ff39244876adde53b87df1dc,2026,False,990b99a204ef3586793c88a97334bc4ac6a79d81011ef4aa50812c7c4bd2752a
0x3cf16888cef51f334974a627a6ffc3fcbebe0cad,2026,False,bc2fe81044fd1396118dd367c9f196ebd26852f3658258ab976801affb9e86a7
0x6eb7f66ea5cf30edc07cc1b1a42be1497ec17bb0,2026,False,ad0fd6808efe99b451f5a75997f07e1e7eb4ae7b1786ea426c133ea897b77a0b
0x4a74234878b9f10e37ba40b258636fd8d718058c,2026,True,f1a93708a0dc4de4db07c860878c436c5ec438695c10ab1e47d57dc298f6c0b2
0x41bb362ee9bad17cc59dc4e5e24e8d01286d771d,2026,False,202f07fb0ddb33cd12193023426c7c90a8f24f40ecc1b0c6fd456d9f940ef7bd
0x1b5c864b0f93fa62e4ac8f1f8e4c38a8cd0165a7,2026,False,f3b5428fc3c97a39eb0ecec8ebf3fa5a60666b53e8faf3ce15d5dd5c2adffb4e
0x9694edf8f0c82fdef7c67d7e26c656230c901587,2026,True,5f513b8dda34acfc9eee4d7d33d3bb54aa982a4a396c9ed085de33d5ce00acd8
0x3491de4509b8ed3418f902ca28bd85e053a0cbd4,2026,False,7c4a1b83471efa8eaf4297a122ba3a373676744126234f1efc171f1226afe191
0x6803f3df08fa5b5ab86d8ea8b30f18bce6d1c5b4,2026,True,16ace3e92eb41145d47ff8e9131ce8244b317502ed829cbda4bc392ad07ad837
0xb4cd1bb4b1b430584cb3f3396684634fcc7dc790,2026,False,a16d18e014384d199575cedc99e0e090fd0ff025e183e0d4a591959e5899ce47
0xab63f54f9378645559017e030b64f357e7d10cc0,2026,True,2c8f851a945279abc5a89e7f4096ce5fc352b313c04dc369c5591480074efba7
0x75277eeb5de7d5fe8738fe01adcf098a4e5dca17,2026,True,1c9969eebdb8413103f178ff0417b5025bf57774bfd577a3389e8b077a668c76
0x4448c0732f5129a390881b69b21f46c9540945fe,2026,True,b3b8100a20d07574b405ed02c275fae4b83c5c675e5e66c5088703ffec381293
0x4c21d6d7e79aa765b71f45eb29f31d4bd8e88ade,2026,True,a49fe5e7d4b25dfe5b6a387adc544db5bb2962251fb179101f213a8e05f260d5
0x6f36007e429266591f3a592df950cddbfcdf5183,2026,True,eda576f8bdf237a693304fbc1ceaef1f14cd0c323fa53b6432c3262569ce72b3
0x0966f3e21c912133627179b4b814b268635a92f5,2026,True,e692d270d1fc77928e25defb6c0cff791d21128ad4728433d9a3610adb1ba75f
0x309dbaf116e48421658e62d7c7109f01a525d09f,2026,False,6f45ef0cab861ca24428dfa22e627de6b5a6d039a1b11b2abe0350846f102c38
0x91de153a33bc057efd29c37e697e8ec94a0031c1,2026,True,e89c88f6c46f74906cca41790d654db67c86ceba8a7d32cc165d3d8c6b314b4b
0x2f846a00e93d5988b493133d28e630ab52319b51,2026,False,3a33b19b0a75367fe14d90621f1210125512b619281186cfe5c5902a2825a6de
0xd100562214e8e1ac662cc517d791f69dd3af82a4,2026,False,7271177272c2ab20d6a18a2a37f7e14ade2a7a29ee56f3375ccc2710c1cfdbb0
0xeebed888c1a27b3764cac08e8b796d44c9b9bdf5,2026,True,a423865c67db70729bb5a6cc953276382775ea2ae5dc382cf9124b6322a93869
0xe39e75a5e3e04812d8ae310f6781f9f573322cbb,2026,False,b50c718919fec4f559fbeff2a1e653914685953ccdb51c590ee5b75d0812fc76
0x355d59ef6017deda67744fd552cd5fbb8b969465,2026,True,3f1b38a776515bdf2b8f3075eb6395e29e0c9ffd72f9cae7850c8f55bb865d32
0xf39ed7a910335c0b7cf678aa0b04856e03ce7e2e,2026,True,89ce58e271dd54aaa078f048f015ef56e73d3a30ada8a216b8f6fe7fb3bedf5a
0xd076d981f4fd8e915d42e8bca9d8f918ae253cc2,2026,True,8c5e628b34b00d36fa75fc884b5c6606bf1f1ec784758aefcdbe847dce110506
0x724741df27f0d9ca082b6d7d899bbaf11fea4578,2026,True,80146cce48cf2af2b08cac53cd4fcca9b731d614a7bcecd226bc07974699b08a
0x0d38605bd807987311144db59bf433376daad32d,2026,False,848b74ec75b184b7e411ec5582cfd28e830b5082f968ae05044b6ad33269f62f
0x03451f1ad85d40eeb2388fbb06a45e0d73b542e1,2026,True,b35ccf73f8b7aab82b7315d7ef94b794a2645414305af6a5cb41ab699b99a772
0x2b237e6773595f3090d9619baa91e89c9db0a7d9,2026,False,7185f044cf14830c68693d5f1b0ee7b756b2df4ddf7a4407af8499700b2b94ed
0x6141811b453edf942dcbedad3321efdf3dce4ee8,2026,False,e083dc99c57e99f43d8a9e4f9dfa70f3b80775cf113f47ab11446ec4a6b2b32c
0x9d88a5b9ecc49c893aaa02aef60b0d59c54d9ab8,2026,False,7f7712c5347e5201bce1456e01f42ff0401c375de786ebca7d8b968b3dcd28a9
0x26f25dd11d85e5e0fab5005c04e0b5c56db1fb79,2026,True,b5c29bc7b6e28b9f4d1bfd1c21dcd5a96a19a99b4f155bef7be44e29900b02e0
0x48040ae84943b4513a25554ec9c46bd22e12ff57,2026,True,fd09d1392d09be929e945693218a6546fc61c5850a25ceb6ef1be73d31fc111d
0xa636b95668f1a076e0c8525635d66b11ef10076f,2026,False,9dd9ee2bbdea0a61285f3f77f0ec94a22c80e531e8887c2b05ed8a3f1d93145e
0x8a57b375438bbf3587534d289464d6eadbdc029b,2026,False,7aa2108995c82d80a2601ed3676d2f83e3b0110dbd0c48d1698700b6cea4555b
0xe0a492fa691b152fc548a6b31af40a8231d9f6b7,2026,False,42f5ce40d7fc0836810579553b34d49fb5c47665bf90d752a2bc979bc5642c9e
0xb3f8612ad48f779372a87cf83e053c6bec59f895,2026,True,06c923efedd2e03dab27e9d94956441137b61636cc1ccbae0d9493b16bbe2dff
0xf7b7051793c615b982d5695f599e0ea69a851d78,2026,True,516a8b0bf170e10921129b7f66cfe8fa28054c406cbcc3ef0e86aabc7a0de69b
0x6f1473074802b51d363fec03fe06ba9f9c0d10b1,2026,True,17b371d8e310a18e72835ebfa32c59a6919aeb06cab33b821cd438dff574b76c
0x122e4d4d96d7fa47097538888e46dcbe68bce4a0,2026,True,f682bdbb6330d91e32d611cb409a7d27f43b9ce62af4653c2014a16302aa480f
0xfc71d8f9277909e3a74bed66adefa09490b9431c,2026,False,e2f07d004c5476c6b7d7d0be2f500968b3895f73c502b335cb584f8551ded0ca
0x3e310461f7d5b0f0bbb5f4cedff1db9d95fefde5,2026,False,40c737178708061ffe627e945acde6de05f0c51c1940c54c38e55cdf745d9b8d
0xc609d69a4b3a12c5faa5745c78e245ab665dff83,2026,True,5778212da50bcce1bdb0113517f0facedced13bab4eba4a1a1427ba28387d1c7
0x43c079cf124915295ebf630085633699bf2161b4,2026,True,e4c02b745146f2da5a498b0636c61cd8c84df6fba4685d88b787ffa9f34d7d33
0xe21766720656fba84a4d10a233484c0347bf5e83,2026,True,745a6ebcad689baf626dc53edde10fab392b9989d8f83ed2739488a2cd213279
0x1729cba5f46673973e036b8a7593f9f9d0e5c81a,2026,True,59a0c7be627094e3513d347260bf37f3281fa6f590ac4163f570bb71015b1374
0x6da78d67b19a7852ef2539ed2b8eb418ad96bab7,2026,False,b793e66148c816ecbd084b4c3845ce4c161293a04dd9272427213ea89f374308
0x7cf3341998a1b548ead4fc42f6bb8e71c72c42ad,2026,False,54ce84d63b9b7633ec72855a2e16cd07ec46e3eca525795f2a6936d2eba8c86f
0xaccb227d184d5e15565196e8fe325547f3aa3f48,2026,False,62f84fdd5d6c1669f5d9d0d4350d853ad3391a6ef72a07f5617d56f353d14666
0xc5a5fdb5c6e625b1d27990b390033380415124ca,2026,False,84654237610e6e7682fa518a9f37c68f00a08645064e6234bac228780d918876
0x02d836b6f7983f4ee60b3970f22090a804878abe,2026,False,07f8f5f97ddd10532bced662c932bcafd051c50303fceafe0f301fe1a815316d
0x0cf4bbe372368967a47e7f5cb03b7d16df3d389d,2026,False,94ee1b0d28bb4ee773a246835e64732ba6e0d4aad94ebcfc25bab1e5040a7174
0x5bffd14bf57b6ef81650db0842f508e907625066,2026,True,cbed03678d09ddfc77cd5bf070c7d86303017fb106e9341dce7c8b4c9fd2c2b8
0x3dce08209bceaba7fcf081f957d7ee910d92c03b,2026,False,f02baf89ed3c6bb2858fc87fc814ecdb022d3b29241515b08933ba7289699a62
0x5596335d77e94ca6e8f8164729bf19e702b64e21,2026,False,743b3079ac1b14f69f6808a63e55d8f774ba9e558d2c60582d66af7c1cc458c4
0x10d16c82e0a2ef29935293319a04c1c200ed4eda,2026,True,d47c93fd813c884653a222ab14686fff43aab137238ac3ef4895e173857367dc
0x2b1af4f908e243862f6f47fda5fbf380b55e36df,2026,True,58646892f8f33a16feba8be85757abe374c51a8f0cb24af3318d66431e4fe651
0x78b3fb6c9c99e8fef1dde569c1321319c26e5c68,2026,True,8b02f0861d1a90d80de01262090fb522f19384594c950911e17af6005275f9f8
0x36f52e50bdcb528ba72005c72167f5ed4c9ef408,2026,False,65add94a6639b0f2d37ee4d71f73c7ceb1f1892829443401e993bfc575cecb24
0x866c0dad6a6aa99750906c301955ffcf39bb1fe6,2026,True,c6d76369da2d3c3251e4dee887837a9ded7497b4dcbe1f50885e83492fa2de80
0x8ef57c1f9336cf69c989f091c3e7a5ae7e32257a,2026,False,f6c449d7df7f339558a956d76ec1c7eeb73108a36fa6cedc2d6e9a078c51a8c9
0x38d2cce066905b6afe60002c413c2eb6e6b820f8,2026,False,7f15c9ac7f9796b06f0a9ffb7a240e86196db3c17b3be07cad42ca0588b8fec3
0x758bddb641ffd990fd986c24b1b2fb202f57662c,2026,True,83bdfd3f9bc1998e82d1eee6ec3e0c3dc5a8a289c6b85fe97871e57d76882783
0x441e3fa3fdf6293fbcfb953a81ff4b78bb578cd2,2026,False,98031ec3a7a4f6ccac3529434f755673b55f39bbb41154be2134e3de58195280
0xe4fa4e3b14845286e29aca04ada331e64ce2fe39,2026,False,d0c9d8dd7802af0a411db08d60a065ecfb241e80084e11a12f9fe90217a8c669
0xcd64152c995831e4f1e1c302b801e7ca4eb21539,2026,True,81a8c1993202c8ed1dd7fe3ca98f312f8f819a0163140eda1361e49e7e24d068
0x55e4a18efee995b3b4aab331eaa2dfb926a08566,2026,False,c635d6c11cbffa45b1a7613b94028d4136d6dae86a8298ab2857d75de6d8668e
0xccb348d08f84d1d3fc9057d0d98a981c9e146739,2026,True,d3c2ce129aeb3daa365f76894103bea6d16c24c1bc8a59fe4fedf6b46825e11e
0x1dfad0305c4d8596fcdacbc1ac6270dd695e627e,2026,True,f1f362a2816ef9f8e43b15c51d2697bdeb920056859123add736e8bb2ffce6ab
0x796259ecd99d11f6606add80ad08ce7a75911c5c,2026,False,8bd586c86cc590c515be56492627bc7bec18de2bdd53d42486fb5ad880050730
0x46af7320dd067d2f5c2932d8ee059d919a159935,2026,True,16cae8c5ab452d46bdbd5d83f2d0a890eb3b55b5fdf6bed76ef4019aacbe53a2
0x042065758dc29f3a26a95bf6e147fdd25959edfb,2026,False,674b649431cd88c4583dea8a308bc6c01372df8799b1e6f36bb47f6d508f83ed
0x21ce4defe633080bf065c1ffc6e3baf20fcf436c,2026,True,58cdacd9da4fe9a6c3442452a0f4f02100b4da224059229f57e1cc202e9588e7
0x3ed80fdeeaa4f1f1f83a0bd2f15a70a03d9c91cd,2026,True,521d0803599a529f456f94c0ad016c3f5f4907e1d8c7a0c8d3c7a83618cd5063
0x55dfc38bbe94dac33c78ba8f737e080f91405371,2026,True,55479ebfcc8bbffe91e34f25e48758552022fd5d2a7d4e35b24a2445cef0c2f1
0x3d85405f5ca79d269d73c24259611b2616fc3866,2026,False,6a6559f3ce41ef24d971dcb9973c6a62cf75013bc786f4176c4dee2bbcbae4e7
0x8b1db9c52a0bcbafd5e55226c8dda4faedf82768,2026,True,a7e43ee1529dc50f2d30946839e419929afabb5748bf7db655e63c7718de1868
0x7f660d07a7e693f51c083c142adf14739e7f3abb,2026,True,ad5420c0484a3382af99e78a9f18eea07938fe10d8b7ae4ba4ad63078c78ebba
0x0aa2d382eec384ce4d80a7347a95c1d0835eaa0b,2026,False,4427094d3e63b0e26f7c2fa63ed028ffc9b824bd2593a2ca5de2ccce0c90af3d
0x8d367141f6aee37fd29a62667c4ade99a0179786,2026,False,97751416b5682e2f30845a5b18f51e20a9698f778160328ce4a476361a788b22
0x03a596f830b1639dc4835be88caa2cc02cc051c8,2026,True,9087454a526db5b3e01d780727dd58d765d0be692ff5f8d05ff40ed4909d6468
0x70d5cf03587f1dd04689d54543bb281afe1fcc14,2026,True,3a589c74fbcc5f1d9b85e239803a6acf7cd2a85dd8a1631520ec96816b7347fd
0xa11c8a682268b7d1337f6ed569a0a667a5c43605,2026,False,faf929365aafc2ec5e38009c583dfadcec3b269d771e65aa7c5bdc01f9d16339
0xb18ccafc0e0667160e05f6a1f2a080283df8ed4c,2026,False,12718564abcdb39814842f55712a4741d26673eb8b7c361224028fb2c46fef4a
0x49dc038680294219e4b76d73836a848190ed7210,2026,True,51e4242b383489d942628f2affc73afb17c2c7a0c9e93389494e1df17caf60f6
0xb2292660369ee1265b95c22347ba981ee7e84efa,2026,False,1282a0b8525f9298e069555c7046c7605d64333dcec0e60cb3acbb21c14f98cf
0x8932cf9338869b3b40657e119b810aae8bfae59b,2026,True,5f01743f4842f492d06dcec8920fa0eab2cdeb9d10900f368df2065363c3fcd3
0x726843bffb93979e909d484583ecb3e23fde1094,2026,True,69e5c253bae67b1b612cf47432e920fedeef895725b4549d2c39f5718b7614fc
0xbf8c7116ad98ee1c79c532d41876e947c8306497,2026,False,e9e0ac2459839237c2f5cb6986f0b5ef516362ff251947d13551b76d15ccd69e
0x193ff6b26887a52ae1c6aa2e986666e349c3ddfa,2026,True,7a914b292eca770bbddd6789896059e5b3c6f7128477901f9b7bc111afb566ca
0xbd4c267c9d411349f227ff9fbc635998f33effda,2026,True,3b8fae7fea4038fef1fbc19cd2eaba4d134d02ae52fa50ba852441d7ed9d6042
0xdbe65f3dad888314a4b296e5adc0c7f5740954eb,2026,False,c362b417207b90b85e910dc1f0299faf44f606d5201deaaccac7571dfd10e2ba
0x2ae8f6653e38e62c80bf7ab28bb0f1fd63339f93,2026,True,03fb90e9ff2850e877d2e5d0cf3a15281d1480d4ef344c65d88b9e9b32711283
0x9112ec5eae8f5ad67db3d20e4eae226ce47759ae,2026,False,7213ed8de75015423f7b49c5ee2e3bc43c62eaaf21fd9d65b9a6a3813f8b0eab
0x3bd134bc1a91e5d91f40c31526b4ee98f8a4a201,2026,True,f13450fba5d5807c84e6d1aba4667156c668b828389bb446e18f6471790652eb
0x4ada6a45a3115da1a59536b803f140d6c762e898,2026,False,af890c54330cb6c17d7371691d4de445991168f02d813829b0280e2b35662b8d
0x7da9fa32c2138412090ccc13a2445ed917e997cc,2026,True,7733ddad2514119063fbb5d4e0f9f28da2df0b8f8b3522326d90fbeee51e743b
0xe475972ad2cea8534a5642ca65d753d098d4f959,2026,False,35c864308a707ffe9b5b0b124ecb95911dd34e3210b203974bfb746561d4ff2b
0x6310c6a4aeed8073cc52a95efbb4543754f88616,2026,False,d06226def2b2142326a8e0734b4b5251219cb2b9d815154f6444ca0ec2512c91
0xe03d3ec8d5035f8721f5dc64546e59ed790dbcb3,2026,False,3d63f771c1236abdb47294d00aa1feeb8f7fa0756723c8de182f729b9276897f
0x0d8920806c4f35c83b6d14e7cee38c3f6d332268,2026,True,742b91a8f7c3442c141da34446ac5c38414829c0ce064461910ddaf42583c4bc
0xc2b3b044edf521e7d86317941519461ac20523e1,2026,False,20cd5321252eae3aebbc16ffe0ce74f115af6bdf6ff19d1539c0b125dbd6c295
0x5bd1cdb8061e9db87bcc8e40f8841ba4a1a336de,2026,True,7e419022afc63a80b4c5c54e92527e2ce1f2a507e0c066708d5100dadffd6ba8
0x467ed9ed183239c0372fa89de4107f6b8891df36,2026,True,716f10773cdb97f22f5d8c1ee070c8ef3c5d8b569447af2cd1dd2b9ea7ce9eb0
0x07930cb1630d1fa7619b50ca47649598825a4bb4,2026,True,0cf73a529b9c10ea619149a6e660286738a05f50504b2ac6a219793fa94995fb
0x0b26e9546c549815df9cbb5618f6f5b8035fcbdb,2026,False,eef6c4f12863e782d6bb0f44aa9f2a4e72c1ed131fa4d72fa086bca4f695aa77
0x3ecb56700665689ec10499d96bc69bfcf5d8621d,2026,False,c0ab4bd08141cfffaaae816d66e7ab654c5b0b0476b48f2c2ce965881f0d45d4
0x00dd0386ca1d9bf6aa7fd5c2f16a36169da906b6,2026,True,903b00dae5e73c1a41a39c24f65b97e7d8f74fad33ec4edd2d72b0f959f0478b
0xf749619e932b659e813ebb0a18bceff50bf96df7,2026,True,bdbdcd35c57c178e6e43a62e2752d29834078babc2a1991ec60e8fc4f4144119
0x2d17a3c762154129d59824c0f8c40378fccd08ab,2026,False,6a7af37ee3674ff18b07f5802cb6f627dc8e6fb68de4c7d8b33e27374ef5417b
0x5c05a5a5c357bd65b636dafd550ead894890aca2,2026,False,f0b798031280b35df28a61af97de1c7415dc621c9fc0c9826f78b1aab1f4e9cb
0x2a3091b1fb8ba514f9b127ec38b5f0cbb4da4979,2026,True,11c645205f6427549e2130358386e238c43a7b0745ec481bed0b99e82dcf5367
0x80bcc0a94a5cd844f653695c19cdac1c0de69844,2026,False,fdda7413443ec6a31ad1cc577b2237dc171bf724a31f41e84ab7cf5ce9915bf8
0x281f42be7c8f196ad3cde6a3a2ee6f78e0f28543,2026,False,1a3200102404b1d209f42db62fa49124a0117f79713fac8b8fad6b3814db66b6
0xa32850b96e893e560e22cde42c1b5b98d053ba3d,2026,False,2553f43a3014df93f8a9fc17ca98ff9646f223e1e85f0d3537429efd3cbe6a84
0x7c4c8bbef6f2f1c058d15d463bf8b589858ae1e5,2026,True,9f7f7e8c5dfc84edb6a74939413bbcb42379abd49f54701cb3510a822b3c4313
0xe45de1cf53244f90346db8e081068121be1ef165,2026,False,d792fadc6e520966dcdc198c16cffe243bbc55518f33678975021110c44bd06a
0x879e2ffcdc581d539c8164bfa47ec00baf5d6138,2026,False,4a8c8040645957ab752d1b768b86e92712e52465e154b5521e262031b8122d72
0x9ae6e8863809b5dd9f19b05834a8b9ce6847bed5,2026,False,133d87163e4739492cc1198e6accfb0712bbb5e1b0bbe6828a7ec09330d21c7b
0xa5b193e323f46f6683d45f9f414232e397fc210c,2026,True,b42ec049f04149e32ebefb026635c100b5f186ef00d1fe08544b264f2b7ed2c5
0xc4183f99f20c9d7a900acd614718789b213f1e66,2026,False,635952d2a9f8b20fc4afe494706ae6305da868f44eb35c768e653a2ae20947e9
0x3b710148abed915a922a79546a75a4adf7dc5d6c,2026,False,3557cf012a08ff2778c0ba251cf39ac54b275b9a35cc0b06a9229f71a189243a
0xf1732bea15abc2e8c4c45e45f2021a516ae579c2,2026,True,ab0be4d04e7215310c6e15a1178e0182ef3b5b3623d30e474dc98746130b50f6
0x0ab8bd2957a28953f451764b35dcd029758cca9d,2026,False,055ac4a7bc1241a5f3f4b5259d7df02832e1ade9e3eb5d04e88777847bb61ea3
0x38174f087dd7c5d85e31a006807932470c11b4d0,2026,False,b4fee0b93a312057c835c5efeb3fe5ca433595d923c61c35a83cedd4622a22d0
0x90e79a11a57ebd2196c32d0246f4e8910827c73f,2026,True,322b9293a3bf4fb39caf77558c8aacc78e3621bf8706c91d75ab143233ae1794
0x22a1511a5c884111bf2a1004c751264336048928,2026,False,38323245e10b219e619acc716f00c35a2c5b89295a5fa36540e2ff1ea3dfea5e
0x31eee75059ecb77c53d78e0444df30d5cf9707ac,2026,False,d5ba665206baed6164443530bc3c292ac0f11bda4a636eb811641e4ab80c4c30
0x2e857e72bd531bf5f84fab09c6206306a553cc80,2026,True,d75e98b1a0fd64157fb22d5003d6ef42d97022aeb8b899dc358fc68862d6858a
0x0f7e903226281dc7b36980b3249b9e28e7b4eaea,2026,True,3b31c63a351558516c076b9f6282a8784d35ea3c9a4527b6d649af070379afb4
0x0fc0316012db29a2e6b6e73311997dcfb39f080b,2026,True,482ca367840741fa093093c8cc8c5f46b61066b1c9bc76a46044eb701a0c2a56
0xcfac4c757cce4445d5f6062bda0f2549225fe39d,2026,False,73f987adaf618c4139cbdab0d9b8351d8b5383d36d596161f1c317311babe5fd
0x5834f529673b89201df7ca6775c19b7737c420bd,2026,True,a32709d58cda19801f952e7c7ef233e6cd2b79a393045e5032959c7cb9bb17a7
0xceca4fe4b87380f8b0f6d6aa7c82d6d25b22949e,2026,True,e15a3e211a1abd12fab9d9126004fb4832d4c7dd89023e4479cd56d66135999e
0xe6381187f42fd410ba388429f06a06fa9997d2f1,2026,True,dad8f75918bf0c82fc247c4e1a884487c48065e079c7ae3d2f70e78f152e3a61
0x0156399287b66376593a70df4134b634422dda9f,2026,False,240e5e73768cdf17a5625704c3d532caa01c2744038c5080277bd10550cdfb17
0xfc581b0a8ecaf2bbd6a942240d3a7234bdfb5020,2026,False,ef94f8ffb7cbfc485d32f4f741cd7907b05e3060790f57a573283c4400872a1e
0xaa21d3736ecb49c2163ec3d300d86e010c05a5e9,2026,True,35b7ba11ba9f35d0e9ab6089930aa9236ad633fbd62e7674dcc58ead5ce8bbd0
0xa8da57d953b5b240fcd0c62969a3e7f178cad063,2026,False,79d1e6d5c79ee948b2550702ac3705cb7928f528cb09a63378b8eab4e80c9be9
0xf2c064ee2643f43121908b0f943bb162dee2bfb2,2026,True,0e9a876fc18730748b14b05de4160fbcfbc6cbc27e67508af7225a1396bb846c
0x10024904a025f2215cf87f5704b77a3674dc1d2f,2026,False,d149ffc99f37ba850c0bee6e2535b74946f6a356cb2e75de740a2a74656f4882
0x24ccd5ae2957a625c71ac388761ef5b4b3afc71f,2026,False,611e3772d834773a809b0ff740e6566f8ad8c6c674517dbee3c0dc7dd6900d90
0xcdfe5f1b804c442a39a89f33204ebe288cfa2f9c,2026,False,8fc51a43c1bc246be946d33a323bdb97fd1bc95b0a4753751af2e86371b311e3
0x15487c337143749f1a108852954cb9029c4026d9,2026,True,645b12c44868d8ac5cf04868b7f4f22f57da0925d944963d53a9ea430f2f7fcd
0x406f4a58ed8d9f221ae5ddf2cea92a835da07f48,2026,False,884518a7d59a54fde36488e1ec970ae6f0fdf78c3a5058217e75b6c0b8fadefa
0x3b7a34a557a5ed15581f082f773752e5760a2b9c,2026,True,b6eb25f3977d6489a28ad653b34bb2dea8796058db866ebc4c0916e31fdcc823
0x82b899e8a10cb43552dc3a34808dafa60b3bf7db,2026,False,d8ba6ef5ff1392da6294407995c083fd551e79a60c783821232e59b0b3ea3139
0xb75074095c182f926f67c6fdee7c6a5c61fe36de,2026,False,4821cd381592e70754d42cf558d52686b61012f3de658065b704716ef9b0dd38
0xae005f9bb7ef197d6ed93a2e45427768f94f4266,2026,True,12cad5f4854bea6cef404edbc7d3b17d7cdbee6a6bf1d5a3258f7d7a82791458
0x7e1faea85a999b2f380528a48cfd7bf384dd7089,2026,False,7d82f99232b0a7d8c0c507650c794e8fa9b1d6106abba2ffd0280fdc70df10f5
0x7313ad04c5d1273def09c9aabcd17644e3fd4dc3,2026,False,8d7c9d801915c960aa590a9b67bb24a75592db99ada14c093e8776cc52b1a076
0xb4bdcaecd668c0d9f8079c8f62f6a7f50a8ca675,2026,False,f514715962bd4888e0151f4f5c30fbad0422005600abaded32dd9491d83c4ab3
0xbd6e686b5a113438914c75e73f2bf5b429922e66,2026,False,4b0eed467839c90704da866dd68f6021f0741763a443059bcd50785bf2844cbf
0x4c12c44b13995427f7aa4ba4bf347c8ab28e9a44,2026,True,20831c3b6b4645552fd4aed347e52c5cfae1e9f24825dfbbe8c222c8a09e96ef
0x5ad7033e9610233e7a895a849e26a3e6d4cd0380,2026,True,692b2381ca9ad14335b69f132a22fedc1ef6782d2b31a93f1fceac5500e13950
0x9bed09802650a2af3809e33cf64c5c8bf9c50e84,2026,True,463ca3ebbdb059bd362bfef5491793e774a09b614bfd501d7f5f8adfd2004c33
0xfe643dbfbeac8000a7dde55dd6067b2016765f49,2026,False,4268e4a27baed9f7b466fa51dd073fe80f7116a135ee8041578c925075daef17
0xc2a1e4d3361ce155c5918aeb0245347af3d4862a,2026,False,a48a0a39d9e7d4f36aeb3ad2e5474450da5acb5dc090964adac7dfda17a70e0c
0x2b2162f3982c8ae1fe3d544ce024669b4d82e33b,2026,True,04bb377394506a7ce0f5fd9673155d6ec3e8408e19b2b3640cd5d7791634247e
0xf874eaf9b90d3cf9c894397998013c174c413dbc,2026,False,d1458b0f2d7eaab8be4d1d0d831cc091485fd4011aee1b58ecfa4ab05a579e96
0x6fcd69f7d4c188b788f03e4779f9dd14c6fc34bb,2026,True,9b1c6b96dfdc189adaa6798a713ae5aaae017e09000db90cdbe6c62848b82e07
0x48514883f449e533053027783babe42fcccd769f,2026,False,b2e262454ceff626699036dacd1527430d0c6ff0218349bdbfb6f5943e2b9f08
0xfcb6770b3ce2d0abb776a089d82fe75c5c62043d,2026,False,dfcbe54faf7647b5c11e88e4fcf0132e3d0e6f5e4065a43e79f25937ec9af81c
0x37c65e85f48e0b4c609d6c2fcc95bc440630859d,2026,False,2117f221b465aadd68ba7d6fc3ea3977d3d1766df91f7fe21e4bd13973e886cc
0x0345b3d2aa25888bcd7a6e3401347b98f52b2f9f,2026,False,b9c928675501b52593f974da4fedfaf319e0d2a9e89d0b558107922bda20fd40
0x3e1fe53fcd2deafa2ec6f5ce114017cdfa2f98d7,2026,True,e570312c003063209d32b973acfd4e2cee7cc3f8d2b6c3623250e8aada2da80a
0xa8e8ab45689f63f33c6a96691965ef26f46b2176,2026,False,0387196130516bed0c6dc4044396998e8a9915c5e0dc2a74abfeb0e5676deef0
0x4c9044cbf81a5fa123649df05e2e7d0ac1b2999f,2026,True,2478052c67179be219ca034c81c36914e7503eac1a62f3912eeef45cea504712
0x1c4bceb843dc4b8ed59303c33c86382ec2f2cf7a,2026,False,33ccb33252e1aeb7de035d0578f7b4ceff71e6f919415c6a6acae3a92f767408
0x4ca057d0b90fd4c117b20cc1b0dcb094d5f71c2f,2026,False,7c613f3e8c441e1dd7cb229818a80df8a1cc66c78b41d9c32095af1c0e4da1d0
0x54b4afdf07a8ac861435ce61faf63bddc9071be3,2026,False,2374eace78bb436bf7b4c8d049952807f4aa9aa83c43df45fe60bac94b6d3fad
0x0a27e614d4e6787557dc154d1cd845ea6aa0c319,2026,True,b395869a9e09a3b97bfb80014748c7ca81d56cec4f7d5edcbe8fe378e823d1cc
0xbcbb45e01320cf425188b36bc1cbd8423cbcc9a6,2026,False,50772c9848a288500289ba459506555f25b024aa520e9c70d05e3e56901f051b
0x4f11f07905bd8669bfa8e623bb7cbdeb05c0313f,2026,True,eaf7c7574e59b989589d9d239f26c958a87a16d9fe409d35501e89736c98c825
0x5b575244dc75ca22402b7b4bddf1405399c1f189,2026,True,c75d63b39db581d1891ebe56bfd4c8f9bef5a2474cd0a92f3302c4b02cf6ce70
0xff5dba9ad2fdffafa28b5e7d097232da3f974bb6,2026,True,e0b9f7a0b05f5b344bd6bc3326b3c4976bd5292797c662994f17cf57d1cb565d
0xefd71d77a496caedb78e6e7216efaa9f49604020,2026,False,bf51dab8264585dcaf8204ffe970444afedfee725885f9f094e1974e7a0c003e
0xddad9c4959161c80d2110a3edaa266ad0745f909,2026,True,cb3e5974151fcc47363e1e0c4fce153e1842ce22f9c4aa44cfeb2984fb64e896
0x3156d5ef9298e1bf1e09d07dff54c2100d000eae,2026,False,45e683bbb5da81db116c2dacafb907f851912746b0c4c57adff7bed55c52f301
0x89649e63be7b8e7d17a4684fc183176d3706bda9,2026,True,eddabf8e24e2f845c3ac951fa133c65e01bcc615432c491e1af900dd4390a026
0xc0ac132e793e69f4fd3e24d4b41ca843ed5456ed,2026,True,48e866ac38f9840bd6c577e588b5ff6d8c824774745b8b04a6841cfa4fc76a2e
0x8df73bf5f46d94c0389413d3d71dfc41f729dd28,2026,True,24884a3162e4ad55adebbccddd105097c7f114f64a4840bbbff1d25a362cee31
0xd672e95a6c04c8b9191712a39f66c71c0297aaed,2026,False,259468c7cd64703ea4e3ab33b0aace9071f8c2d1bbb083c2c3fa28fc7ce2811f
0x1db7e449940191f4b69d741f5d78515b2243feac,2026,True,c6691bdf49835b4145c8a4fb986f031348f62d832db35c2584330e5c43065ef9
0xcf87a05a2a21d6acdf8ecd35a9d2ddd7e7e2ea6b,2026,False,a39c35c389a35eab8f616425c2aa0f99a8ecc9312ef975bc4fa7c2d2563418ae
0xc4432fc6223a5d659dbf589be997ce0efad6ad2d,2026,True,fe03082dea9ca6affcf0ad0e5bd6988a5c57c602dff785ebf0fc06cf8ed585ef
0xe41afa3b161bb0edd6925af3a36cce620b38c877,2026,True,a202cf6314a0e6ae37c24c0fe63b55314099aa7a10a52c8b9328ebe2fc38e782
0xe8a0db0777bd8ffc66f03e4f07222c30980a0a68,2026,True,4b5045672afc8b88eacfc242998663016048418866498c249906fe804ef6f4c1
0xc7ada5092de40206a22f3e6417cff39a07a09580,2026,True,68140a662c5d5b37677ac285f7a13509fed6c3557c16b9d059327f71e8c5b92f
0x0058af38f681cb624d7341f6d5272785b8b94a1c,2026,False,552e1727b2deb3977a92dfb22aeea1bbc73870f52b8d28cc125b02bcf5d14a17
0x04328351d3167c51d500681a38c4ddf3f2dd9a17,2026,False,e44fb6e4bde2dba8022ad6f04918f240f613d2d6bbef68a7067d297b0ba8eeee
0xd0ee0f403fe45c97bc2c5f81c8fca4a5ceec6add,2026,False,53ef38f0768157c22adbca15815b9379fb4b57b53ecb3b964138c2f6b13d7655
0x5f61414425f757686fc20ea63495cf87a7b814ff,2026,False,eb14da28f48ee967bbddc9e1cce5b53a3186d89441ee619527e3c8ca88c29954
0x8ae8cade0290a5192729ff7729b866292f10df4c,2026,False,fcd381691f91190911424ad632dd5331b3ffbf42eaedb13067e3ec06b39cd1de
0x217498649082587c2dc5bca79771f8bb3d8aeb22,2026,False,94c5576b07e8f321ebbadd5aaddd341102afc5163abd736fc8bb00bec7edfc9d
0x61a7ac27b85b59a0056d2f482ad052d344369283,2026,False,b40675df0097413a48d983a4a96c9c42ab01c41a1bd70befb96f2c642f052d52
0xa16af0df3d825fd3a9d10f68bee1b2d43b9ca501,2026,False,ed713a7ad342f7bb350af5d86bf4454e739d03777f58f13d4ec48de056b440af
0x830857cef0bed09894725258378b129e84d3dac2,2026,False,21883cd749e436e226a9629e3c389647e7ea6b9927d1d4b22ef1e13d042748f5
0x528ed370b51e56dd6e3e4a8cc86fada976231cf6,2026,False,2761ca244e44a9bc9f2a1f5a86dc1ddeb966f9de033f4b107742981328f12229
0xd97cdd6ebc4e02762ff9f9e722be2d2b9dc02f53,2026,False,e6e3ba8b2eadcf87bf27fd6235ebc63a54fab48e100c965bc5712b4c1f3877b9
0xbc748151e89a25f7e1b3d714e8cc46dacbc6fd4d,2026,True,234899869d09474e19fd966288a66127803faacb73d697b12b977b483cc17f8f
0x2519177292f6c31e0203da03d2af5b57d9487999,2026,False,8073b6198e17e154c9d45b1e8362b77ea5a9aef4464b611d51d1647febf3502c
0x34aebce518f7bbf270b9baa2e1ad5cb41ac8fdc0,2026,True,5b371015c7b10a16cb007454c518e6011573db985c2c510abdcf3d4eb2c35180
0x2385a0e5d471b281ae2c30d49ec29d6e2f1fd782,2026,True,d0325bfff2ff80f3a261562c6069199bf634ecad3d77c019edb9ce85739f1445
0x97916639b618ce62b39d584cd944b879a8ebbf14,2026,True,b667df2dc40b038308a725be24dff67fba4eed8b054c9e27774e0f77fd26167c
0xc1c698f2c8c0d673007ec091ed1869b8f22c94d7,2026,True,2ff55ba347f7b845295421024f043ed5b0ade8b6506ac5a57502499554304683
0xa7221503b458e26b03554920cb0c41229576f148,2026,False,815c36fdaf1d9b3327eb0af655ec64a9e56cb0571c5ae260cd88b1f72f1b271b
0x85ed4ae06a8e193e77f23d83713fe0108036d104,2026,True,cf5f1ac9597d4c9dceb72d4bc6524bf65110468a7d248551f07b344e66f7ca7d
0xb90bb0e907d944428b05228fe4a15821bec015b6,2026,True,c6c169110e7d6cd1bebfb3cd01308fb99455c10981e3d1255537d39647919816
0xdf4e4004e5efc95e1a597e040eff8bf70ec7b162,2026,False,1169d1b2669bfe51008ef699ba83c05e9403c1e13b5e81714cf4d54dcea197ee
0x41caee7261b97d24c062229c0f800d9155c63d7c,2026,True,6086e531b42b0249d7edbd2cc2ac208aa2719ab2cab293b1be65b9e598618a1f
0x9123beb67eba2eb6a7fcc4636bae4ae1248fc24e,2026,False,f2e0d2bb18a57253eeeaad3af522a236541ca2b8f637e659872ac8b5d94b6c4b
0x10c57375eb2a617387d9698b522db4cb93664506,2026,False,192162f053182da7b9cfdf8e99a9312a60ff772104718fa1501958ba919ba01b
0xe829773bbe718d560175ef731eb66f3f29c0fdbf,2026,True,8763150b7fef8b47561b6fbaef489e7d07ea4e59a4845eb0e5d1dd5f69764b19
0xbd03a6fb094784c2366eb74d7936a7b8ca1991d6,2026,True,5b22c3a8cd3eee8a6f524879004725be31b06412c80df544e16286f8d2da639c
0x2d9f372638dc3e0ade0a2ce86b92a2b66369c13b,2026,False,e82dbacc368629788d4971a7b694e348d5a9c2e294c19b956693e299c1bbf829
0xf3846af5c34da9ce0414a0e729efb47eba773131,2026,True,048eeb9409a6b5bfa54f8406e2f7faece0a2831dffbd26a0ee44227b5ea110df
0x8c4ca77c7c58658ce533bd761b1bc69e4f3d7779,2026,False,9e0587aab179778095eb6fc36e03c66bfbf731d0f7011ee32627e02d39125d59
0x964a40142e002706b9a03de2b2a1568999624169,2026,False,aa713fc6b933593fa166976a98e90872d63ef3c46ab1c0f8681f9dcf97570658
0x76efb67febc1da32a3e9cfd15fd3d7123e8b44e0,2026,False,46af35df4eb6bbced57e21871ea644884b97f4303fa2313a2c4f0e5674cb7106
0xf1f9e6f12090d8b5176f83c5fd32a3ea3a7d0f6f,2026,True,6e8e9385b7608ffcf2b4c02abc8d2f079c387ce2f1c2a1496163fea64e7944f7
0xf732309181bf684a6ba69cba5a0bbb6cba777291,2026,True,7e08e7af5651a8a3c73fbba93ac5fd208728ac3314236bb30407654232f69ab7
0x76d9b2aa93133570dc1b8392bbac679a3708380a,2026,False,63e8a3b5c9b4dc79b805eb76ceedc37a6b08aee02ae4b9b740d4c1dd519076fc
0xde34f8ec7578619b1ec7ecaf606cc1670d96bf97,2026,True,d214eafba5f80accc5e693476fa4ed00df051b04ac96f0b351a36bfb91ecbf64
0xe61bbe51210009ce845932d4271c42977600a33f,2026,True,e70dca73d1c70dfd1caa9c90d722ceb40242f568889b40718825ffa5ca294439
0xca6dbae70cabecf54106e8e8a4f5848c9458f7af,2026,True,078ae96785062616e18842433ff057df983535e098877f99462e6881a2920471
0xaaa4e078a420255520c656eb71000ff93f1dd992,2026,False,95211462ce88ccf2c0bae2d6d5bad928d5dab68243db47440f216ee32ecd3b42
0x780dee30028e32b0c58b2f0db21ec886d4bc5c8a,2026,True,86d9ecc9ff124147fbf9835ad2f23424cc860d4697c7e0cfd1ea2e1fed1080a2
0xf58232b24e1ce8f3457b4acdf5ba2825bbc08fa2,2026,False,a46ee2633ab3181804c59137a2be65a999842eadc92b4a6165e47dbf56b662c5
0x0debbfcf898a6bc0d48bc24a4dcf893c29aa3d08,2026,False,3833c73d3a7770526d6e9e3e18719432f78fdfc52f03bbb873d8eb5261fd07d5
0x8ddc6fbbbb2071b49e18d7d8c2fc40165522a487,2026,True,4a03ee15bc29af6069076a599004aa1c2997dc57f03bad5ea4b07e50e892344a
0xfccf9dfa643343cc78e9033112d592b4f38092fd,2026,False,a67a0c32fb320e646d1f2c30c3ce997391386346213e66756bc2644539158565
0xec597f4db461911c40d57a19f4599ceeed4b298b,2026,False,0c7bcb3ea89926e2fb0f5d6d0027f9cb1f4e6f9b1687400b8a335aece970b3ac
0x29eeb82af55c215843bb743192537b06bf323eab,2026,True,32d81cb18b6b5f33fb6ec05434271b9d6c675d7c762976b427c27fd78fd73559
0x80884065b983d27e270f4c7eea71a75b2e252eae,2026,False,c774a60aa3a2a69bf5c19658617cd72ee3325411c12d6ddc9ea9da237179d0e2
0x48f03f7bde892477e3c15105bafd9609f7625e49,2026,False,57aa799258f2ff9885b80925135a4a6501a2ee1f12c2b79e2ed00d99f7fa2953
0xce68bed43bc798866c2fcacb27601238b80028e0,2026,True,3fefc28b2400d4ac17e955766bef63bde5561fa18a5c770b48de14b16a59d122
0xb3a5c2cb1cb6c03798ea7e1ec838318f3eb8081f,2026,False,b374eb3ed5dc86f0f5ac066d07fc9d6bec86003b8234631c631b166b6e72c8f9
0xe96ece97a5b1d154db347c876da54706208061b8,2026,False,78358abbae7e7fb62cc3af3d03acc44babc769ddbec3fe47b713f0242fa4790f
0x24530ad181fc81a7f8bc762cafba2e0982a0d149,2026,True,375615bdd5fa906ddb343683d0aef555831dbea3b8dfc68a2cf13bb89055bede
0xa30da0c5f32c44e379edec6d6a4f75d6b8aa4a13,2026,True,d2aff6d80eb64f41e317f67ded1a0bf07f7c69cb69a1fa91ffdcf8b09c54ed02
0xb26f762edd82eae2a28d17fddb666a9149805e18,2026,True,7ff00213a2cce2beddf41ddc2be6b0f2c1ddb16582738b8b7a822dbabeca8bf0
0xdb1efdca22165faed6c9796c2eae7ef74b186253,2026,True,86599667bdf7888a77a4896c6e96cb7b55ae327d8ec647a3cbf6ec04d527b211
0xd210ddf6fc417af914515bb1087d8151f7411ff9,2026,False,0670b92f9c4c0f1810b715b056982e2c0e727b6e3d9ec3890bdd726efd9a5146
0xc4ef0ff0ed9e3cfa3d97dceb2d6e7a072dff24c1,2026,True,ae4bee83a0438c7e091502820514dbe753eafaf0b630b17d48f3a753fbdb0a9f
0xb17c814a997977a8a35991a176245425fa483263,2026,True,27a343ca4c76bccd02cc70b4492244aa6ecefeb5959addf247fb8706c1665be3
0x4e4146f53bdc05f189b19d43329b814d640943c2,2026,True,408836afd5b582db3f037a062467a7e1f34827e3fe1b947b4d74e94cae0b5f13
0x2b7dddd0f1e647993975c43e47229029c4b1d44b,2026,True,3559197cba2e7d0db6b71421c2c7267b5df7baea5750db7e72278e97969779fd
0xa255d41d56f9f7e93424d7913cd833a3146dda48,2026,False,00dba484735553f194f374019a6986f098742154b121041e7c50bb247de2d65c
0x2bfc8109cd8f78ddac6897e8a303c5ef24d3e9ee,2026,False,c13271f166297b1d98ecd3ed5ca19e3cfe939c6a98ff8fc09a1a62d52a0fe661
0x95c48f7fd88f0424cf4baaee933674db99ca3334,2026,False,d0a992300a6beb6024795d6d472d390d20e480ee0b84bcf399e0014cac7be39a
0x08e8757e29315576c57e89be528ea7cc6e285129,2026,True,79d7d2b7933cc132e8c4a02c399c87f0c8f69f00791537057cdcaae954bc00e9
0x8540ac4e3a1b22437c411f8edcb0121cfdf16857,2026,False,3676c57eb183ebb71c6d587e6b39238e073a33edd05943c96ab28fc52a2b9e97
0xa058b76a1b46dfc9d1862d8602ae83530c26e86d,2026,True,aa1e8d2afc8ce468af884edaaa97141dab27f44fba3d7adce7b7396136bbe0db
0xb5384144a12dc8fdcec694c53a42ed077fa0ab63,2026,True,144ffb446db746beee99a319369ea286ec58d21c6522bf8ed28e9908e0411d97
0x0defd5d9c2a99e73cd94ecaf0393a9a60e3750de,2026,True,e0706c727ca08741c9c85211bdf55ea50bbc5a1664df015fea4fbefe8c6ce596
0x3037df8db6ac63997f753a9a8ab0214ada3b0e0d,2026,False,5c078751edf625ebfd557d43340e170f5737d699acbfff9b27f7e895d2f93a5d
0xb7627c28e48417beaedd36d44ad7846f5c9a31e6,2026,True,dfd3f532fc2d518e87a8926727a5c506354cf416c9d4d0aa06b46286790ba706
0x8af4a9d53076b2eae81c1c2b1af6664f89a6b199,2026,False,9f7fa12ae8b21aa6d119e1d8abd76611d3e3229c443ce0913374738962a215b9
0xcbd481bed0da0b9a5eb831ab7f5a878bae025bca,2026,True,843e2ffd26483722a301bf45594e8290bd2140796c418da357c718c86403fabf
0x65dc38d5323976ab8324a5dfa3117d9cd67968fd,2026,False,b3b0df69ac8d3471977940380b46af83fe11b94ab2337b69739e184bc6458598
0xd27fe0ccd9d7f970f2887b409cb9dcc2a49bbfb3,2026,True,a379131b0664aa65a3228d7d60fae05ed8f5733dac9c657600e707edc7e37759
0xb194a812199a5b78a13702654fcddd20746435bb,2026,False,c9ddc58298575d58f4f9d919c1fbaa7ff278023244b60d7195795925bd3b6fe2
0xa7504576c49b9b3c68ec813e41bbb86ae50238d6,2026,True,91fe6e0b09a40eff3bdf44e29798b4d4b7b923c8f8afe78df97fd2bdee11bb6f
0x5a343e21877127b09b31f6f427b024e381c8bc8b,2026,True,3b0fc9b77c78dd2167ed57b8cf68a16385ac58a975bac62e6933cf24628c8211
0xcec3da17db6f6cfb07e6e17fb2478cddc51011d1,2026,False,6f35787116278c04370bc66af1ed8c867b2953aed432ae5a4a0f41d761246134
0xf1e16c333c9439efaf0e73709a05fa2b0dd604fd,2026,True,951f3f2aa00d0a4147d7cd5f4a74b00616a819d6fcd7c2f3971bd06b96dd41c1
0xba486c0fa6c37d40bcaccb8bad5c38500580f3e7,2026,False,978a6f36283caf302f8c9f017e95c3eab2a6aee241c33859bb4cc65d25f46b7b
0x2b1b293bc434fd346502741c651d75935302ee4f,2026,False,e33245c2ad30700afc435159ca239f31c3734e5c976050d2b4164d4731714d83
0x4d9140ca35f7a0e79f733e0dfb60613d4566f3ff,2026,True,2f4e17e9e432993ef0be88e8864fab5218b4fb0b3a3cc2190cd4e9dbd27258de
0x49211f27713f932979cc90ded9ac4bbb5a635baf,2026,False,2bc1113f1929d199f760cba3403af8162caee962f304a7898ca53fa31ffcfb4a
0x59ca3038d5832f9655e0b693896dad2db80c5661,2026,True,bf95b82f60a7e655b58e89eaea1ae95e99727bb983a5df57b7749c21b317dc20
0x12b0c78eb32714ba82a69946fb52d2323aed4fc3,2026,False,122a22610e83a40c649923278c44c7f723b65796467858faceea64ea61a06733
0xcfff22a3fa0760179efe2f04a3f796fe38c9cc90,2026,True,ccccf5b8870311c591a884e74b39de3fd4784b03109fdb67bb12a54683d16081
0x8f846bacdc95e5ade028e95a4a7dc0322ea162ab,2026,True,40cccaa47054434d9a6fa796d15eb3f1ddcecb0896a7f93bf72a6ff67a696a85
0x2b1f84f3547f031a412b645cd61926d8eeb62020,2026,True,ac47d3016a1f76bb6d0c6907be5c85e57ff1daf4a4b3d47b5047db388a1951bf
0xdb8cf5af3c9dbae1f59c2beca0c73f89210b53f5,2026,True,ec805a0191cd74151d9ef5dace3b8ed00cde475107163764be7001fd763d8ba3
0xa6af9cac18875fab0678b3d175ebc4a95b974842,2026,True,53a36d029bba6783fa99249382eba07859fff43bb7f00c565fc2f80a9930bd35
0x31a00ea84af8a50c46a042341db853d989ca46f3,2026,False,ef16968930fa389e696c30a21d8b7196ac54d368f469d1d6338a8f99d3c45b53
0xcdda6014381d9a3a0005480482d04d0f1994b208,2026,True,466e45e00689b944a8f34b1c74a7ca162f8b90ce8d2d1242b389aa9caca503af
0x6e2a36636edf0ff9a9a39b514f0c1403ebb9ceaa,2026,True,f9a92bfd3a764721448cd1c1bb75460485b892e984b763b1a1144771702ea888
0xd0c5764209224d902ca38aea205e70621bba2918,2026,True,a962f63ce04fd3231153f55090fe9bd104ac63256eb9297cc56e5ef9bd545d93
0x8407eb2191daecef54c48c61ceeebe62684231cc,2026,True,46a6e591bee0aff1e9b8024ee7412e5f3b37d96d11e630bd56228d7ded4fb785
0x663a027436c81136fbedb22afbf84c67345aaf99,2026,False,b9605f4277c9aa6c8aa7b41b973d15023040fc72369d0df08366f7e93d49ee62
0x030daf114e70bd767a9957b8c7d28ecb80957da5,2026,False,57383e37c95629fa0497bc2decdc05da021ac0f6684b049b553696442e25fed3
0x9b33ccee1ecf70cc96cbbdc4df87f31b965ba8e3,2026,True,0f14fb3ea06ac36d7ace60aef25a53d1b399d4329045e8850473eeb7aa472e75
0x19546bdb9d89468964de1930d8da1f9204d789f2,2026,False,a46187db1260b822b7ab9d800eaf087dc48bd0d907f2dd468ed4f46b3d576ec4
0x73fe803a3c8d94d8c26e90ce91fa5f37be68e238,2026,True,1fd1815a3632cbda2f036e491b32299b137cdfea5ad4ccad69ffdd346ba68a14
0xb355f7dccc3a7d2c5d7d984299de4abeb7e579d7,2026,True,a379c9e6a60731ee04ecbb82df7201ee5099791b6229f2038d0cf7c44468cf78
0x8802a08d848432638aef95125a4fd3c3eca219d3,2026,False,d89e0cb4cf9d7fbe9dc257ef3aa8b68629b98e5528a5ac2b10a68d7840e62b18
0xd5fbf70b4b3fcf0db9cab2f8876c4d0fbe9265b1,2026,True,7603c94d7e14746269a1731d3ba0cff04d43f2d168d4bad052a5f024d18cb05d
0x5f2b2dc915a9018c805bff4821d5637134a960ae,2026,True,7eb5d9651fcf40d1a45cb79a9e8100d111fa6924a2254918ca5a13727257089a
0x04ef01d04537d2ca677bc866181850d1a8d155c8,2026,False,d3bb31416009ec84bc4c5f90d61c4d7659585c30333adab1d3af8e1c32e65fef
0xa9056c61112caff0c161002e7afdf4f0df66ce08,2026,False,861ef31c51926a6b9658c4980ddada0cfc2b585500b54ca853686731a0ee7bd8
0x03ae5098d34ea9553ff771367a5ead8ee8bf6887,2026,True,14591506bddb2920b78ae77bd012f0678ecf08c2ffc60eb570c8b02208a75d03
0xb5914b76972dd1ac84c7b70e0f57d2194a30215b,2026,True,a6d1c8695d32983e308bf5ab227f7a50ca6f84e0c9b07274085e4318a6b903d9
0x7a93cada00fcd007b013c1974bce91ffb22f8d15,2026,False,1b8652a28bd259a9442d11842004b35f814e381eff34dcc80f683d1b926f1bb8
0x7f108a6c42c26b6d287330bb6cf5f022ac9eff49,2026,True,cda17328892713e854628a2141a8680055aa006a4aed7f4fe1495de83bbb7b79
0x78525668089fe88fe8d0adda2e9288265b92148f,2026,False,eafc09b076bcc8ea5b417d158730b277972e2538a93b1d94684e664c0ed3eecb
0x6579069ff4b7033eed38c1d9f196c99413390eed,2026,False,6b55ab724fb4c38c007ad83c433e131e76d8b6f530b5511295359c14d9419fdf
0x2c4b67d240aeeef280ea0e5bbbadd5f6babe8a0e,2026,False,50a7251d208524c0016e79d6b0c06644edd95ea432b814c088fb06f768f183ab
0x3e3fb43ff2677cf22558198ddcdacbb2e3458082,2026,True,8fa409bae7c714a6cf940d9d0ec6bcd94ce188cb0c3ac6d4c95383fea51fbdb7
0xba629094f969587ad642a8efe8d612a3106eb0db,2026,False,70a97ca4a7b72a32e86fa987ebf702a8421573f2809f27173e490654484efe5e
0xeb36a39b3872f0fda2d8472ea65227f9cf0458b0,2026,False,ec4ef1d812215cbefd7749fbb2f78135876ccad5da3af7855422c18c6e04dbd0
0x271bc950286769e306b1b8b35eb7d71b904a1f20,2026,True,c1a961dcf525c86feb3ca55a9402d657a046a31920649820210ffb3bb0c0aa17
0xc5f62b26b3e865930edd96b21c9bbfb976c5d48c,2026,False,20c8522bb9fdc39748bb0dcca344c3f7bc345077cfe16075a0afe1c5da80343d
0xfd011eba6f6d82580d386b25e3c78649ac2945e5,2026,False,ea4ae239fdcb9b744fa7594924d64afb7c46fb651451191e9cbe555d686570b3
0x2b25fa5adf1878ee14b156c2f5c2d76382a7d34f,2026,False,09ce693079fbda109262d5af171ba2bd13d5fb2c0583f722cb6d05688f21dc04
0x913762fa0a9da6e8f7f9c7c06c9a276be49eb43c,2026,False,ba669c4c43a79f32fc5e4b0d9778bc397ac044c701de2fc554d08cb3211f67ba
0x2f590ed2c860a1148c4458c148edaf3d679c0154,2026,False,eb2ac4e107df61176a76c09a25c5ca01ee41cf8cf9d093016376583cb7d017d8
0x55245c7a80228b288387653a59f7670c1106d9b3,2026,False,06543fc2398ae8447eb566cd4a52754760f5e6af79d41034612f097dd658089c
0xe000e030417a2e1bc25005f788dc361862132c17,2026,True,2f9223b9a15babc50bceadf47041cebc062a2b0dd6fd12a5b9e44cf910cc468b
0x75041157fc2452aa8093fb5b0ed58c9c80911959,2026,False,d53d368a37387ae4af7988a09a7f0c58c6c39d504ed41f5f675065705a38340c
0xb76caeaeb2430866d5d1924eda530249befd0cc7,2026,True,51bb4c438eaa305e6bc24c269b003e0b826b5d2e60df53576ead04cbb54b5208
0x4017d01c660c6c9ec85fc25ca25948b6a8bbfe31,2026,True,88cc81091cc625c2c0ef38a18048676133e7e87a4db3c04e487fb8a0bb9f9550
0x6a09b9cf0a91b2e7faa315258714b096c91763b3,2026,True,0ce2120a8689c993744f9ab4cf1940fa912c86c59e4912b4fe9f067a51553493
0xbb60049af339536b27dc22f7d0f84d53b520fa32,2026,False,2e67d87c209e9fdc0bc9c438f0775e2f9020e127c321e766c54c8a9728fc1c28
0x403c7e7669ed6d922b386a05e317862e22d7759e,2026,False,15678ff9d11051852d1a6531713c6af7d63cf5a6533350dd773aa02138747b91
0x2508c132fe78e314d49fa47c13a1f6395f3aee5f,2026,False,99964f2f21d74d0207a21cdaff31a0c97363e1d9b059bc9d3c11f8114cc7b7d3
0xdccba0354fac94723d03657f10193f39c5db5caa,2026,False,18411b7a86b65511e7dc051d3e13ef97fe94cec62783821a174987548c303903
0xb4e54f9965e0170c5e372e288a5acd0459e4401b,2026,True,36fbadc4ebb269456d998ed3db1beb1261a6be9f34a93ff600f5ef2a366eb529
0xf0ed05a20c36be20dfede4d54f3b1f57096772c5,2026,False,7a4494f3c578cc8cef7f746d5b704ee5b7f0e728292cbee7b9cb3e2cf9c75e25
0x5431ed2c1db164071f505991f89a735cadb957cc,2026,False,2b8fbb5dd0f61e5e10d27fce7c280c843e033d17d465dcffced2ba8f483cabe3
0x5dd1f75e7f29971d275629c02b3e51ef0439c38a,2026,True,af0a125b74e2155b5f74f111b5a4e37810ea4286f7f705a1addee1a5fc67b200
0x0ab81f57a2e71de63542648add536bf2343a1289,2026,True,10955e72b8e7b7fd2bc1138addc6eb0a09ec226200e57b2a9b05139dc96f7cef
0x215acd18988bd544ad38dac2006196f78da4189d,2026,True,a38604e5dfb06baeb1d99bf59336a414d2c8738f788dce82c03d2f4ab4202d0d
0x516e4b81edfbc1475932f3d91f69bfd4f81c85a1,2026,True,1b03bb03cae70e3e9bba191912db4a96583f8f6cbd69f9fe2f843163338538cd
0xefddf7aed9ba9a16506e35fa45af2678ad2c602f,2026,False,296850fc325283330d66ca3664616151e5546311ca34615e33421c8f25070640
0x44d6e4ff0183bb7aa85f3e07d0704ba00978087b,2026,True,daf92b262bb3e88d5424b8db071cc7c367cf235af289b909add691eddb64de1a
0x34623b524b71877f62be4f4c4a6975648852b0a3,2026,True,ecce89f47080d87b71d0a107978bce0512b4418ff9dfd977fe0688e50e5b664c
0x4adc3d5757f965edd9b327ce4299ff66f1b9a6a6,2026,True,2ea5090fa1b0a0578966a63ae3518a9d8fcb8fb847e2a53a3edb998da3a7c5cd
0x55c14640da6b2d64fdf856cb88ecde2401d6db45,2026,False,0d374ed0180c7df8951fb0ec510ebfe9b524b1038388e856e669fb9af2c5aaea
0xe0b2171898eee9742ac044f10853f45c013aa254,2026,True,8e1086fc78d7341d36176c69f32276aa99d749e152dd2ec897c810aa0654b0b1
0x376ecb750161d1c07d019b7736776aa7be58f6e7,2026,False,fd99ad167f33c2f623b449b9fa018627644853ccfe204f62d370575535bc623e
0xe40cbe8e15448d45e7b2dd15ef5038fe1c32d1e2,2026,False,c424be9fe5d03b08fd742cbee6d54fa19322ac4a7f745dcb0f8f875fcb0e5d34
0x99238032170fceba29813a6c56c96f8a75e76d2a,2026,True,f564b2c5ca18d3e6bde9b93bbfadf93a1bb59f1b3245f8fd1e7a8ce5b00540b4
0x8dd46a0e6079df28958b2c56377b76b17a76fd00,2026,True,0a69f36a57cb85c18656208e920fa9fe9b9a6e0093523e20fecc2cea44509016
0x56b29db515c4b6211191dd95496550651868507e,2026,False,734c1bf6da15bd496878a65f788601ef45396eea14bc61137474771bf07862f6
0x953a0bb26e7987a82f45b679c2f75147da796476,2026,False,83f9a898ac81a140f7ac00e966bc0c939a36780ead964ece68fea6940cb9714e
0x1a97fd54b9e22340b03c56680f919bde8fa08263,2026,True,56ea3aa283747806d911c6fed15f1d03a6344ac2c451e6f9d93667a346a5ab9c
0x70bbe377a679d8a081cd5142ea783a8ace995d2c,2026,True,67be0da1ce60814d35a86206087fe8d45fc933360b27911af1f43d9c32a67e82
0x5fa878d4730a9ac217eeaaa97f0e823315ff2fc3,2026,True,6ec87dccec553610a05d8fba81353ab08e188b5e10af97ca737226729418769c
0x33a4043892555364953689c7facc85ec4e8dda57,2026,True,41fc09820af570c25f0fcb61166aff9ebd2e8daa71e6487788bc1d89406fd5ff
0x7ff0da6bb168123ce418159e840a8985458148a7,2026,False,5b5575f718d342f49a5c98c5eefbd4ac2fa2a8740482e4845c97b1efb522053b
0x81bae4f0a8a223b1250daa2dc934318e65b3b1c1,2026,False,7e3eb2974c9d054e08f7f725c5170de21d74e7ab8fdc7b392053e9d4080b3bfc
0xf4bd4dd57dd68dc76af95fd18d7336968d51a4e2,2026,True,32ba290210c9ae5576872bd5d44fce10675ed3c64e3d67792458381a8f960d15
0x172a403626c27be36c280a179748995be990a22f,2026,False,987adc07e5aa245eb113ee79e27d7ed64b2462e2ccb43a229f4bb2a6abd80775
0x43f7f4bb724789afcdd5bcd3673a5d908e29dca0,2026,False,877240f6b76004c778488bca4ef812979f02f791c69859c21db8874087506001
0x713a9a4ca2ae01c254d6bc327e2d0d63b18e4cf4,2026,True,6557499207a3c6cfe3142c659c1ce6a3412f331b107153e9f824f5f235a3092c
0xbedce2c2f285fc27260bcbf062bde05d017e9eef,2026,True,093920108bba3c257658227f7c14642dfb0e642da85d044ab94e675a2dbcd95a
0x7f91eb814efb04e43318d2217bf3330da7b0a7e1,2026,False,212270056141d0d72ad5d1639133191934cc5461d975ef0d63bad82b4270fbbb
0xcbb49a063fa0d27a25d19b88331860297e6a7b97,2026,False,02e4cdf9b3e328ff0f78e71f4375f77c5f2a9ee7205f7e343a0f4fd8d269b1ce
0x058e068fecdfb051e5cb168f6beeb810760a9805,2026,True,5d32e66a51de93e087223b7c6e56c8ae1b03f4c037c9ec4edba4cf09d13db126
0x17ef065a2c621d6cbd63c432861660522e125275,2026,False,97083ae413d1472c210887c0253646d3dcecf7a526587b3d5ae692043230a633
0x2a74732aaa3b8b3f95e8f6505f0f1a48543416aa,2026,False,aa7d2da5b1f4e8ee4adabd1f0b32fd42805c259eb858079d0243396c59d46c3e
0x3f95de7122cbcade28f43ba5d13608150c0a9534,2026,False,8f76b916ca0759ebb91727212857adf723e01d7a633dc8c189e94e9c69743b10
0x1285d5bbaf1630131c4927420c85cc44af5c66e3,2026,True,17dde0961dbe46659f46c4163d8d62b61e43bd1d6cb5810d975d60869e139898
0x42913e7f1f13c2aab48a6c106943563662745dc6,2026,True,06546e5364cec1bc52902da084b4952d41070e8d0e822167498ff86411212691
0x698979968948f04d5618c76ff0edd9eae19bd171,2026,True,84f77b101db3fd8cea8931a8ddc180c542b5b507958d439f6e4f23878cbf1f63
0x026783d6702db5c7f1efe403741a3703eb362c58,2026,True,6eddd7076e020c3db5c1414dde85e5df6adc792b2cf9410ee6e7a42d57e78daf
0x9ffb38305933f2444e8b012e2c3e7e1a24184f82,2026,False,707356f5195874610e968d759b610cb4f42ca7f430d86dfe25515e0eb6de6e82
0x86df2cb9b07ce6cd4e8df9c35475945bb7fad32c,2026,False,74ce313dddbbd07fda9acbf29b6782e8fc2661f64d5f4a25d0abaa5158807d80
0xa5e2e3fc8aca54282c2592a38d2e8d5ba9190a4b,2026,False,551685fb94aec30e68df8720d2099d7b7508486b80740809f9388bc402796f54
0xa30e9cbe86ff74bd64c931ffa81f1f7984acdae9,2026,True,44f1162989a8a2accdf3c37f2781c3a674f7a6d625d0462e506129c81d4fe812
0x98e65a33db7a2b01ed8c6d0247f2a255da9aa392,2026,True,f1804fe68e5c40d16f43cd05d9213072f7e10b3b69810990ac3dc934670b498b
0xf5b1bb67b72c303d647a738cc0ca0fea8bacb4e9,2026,False,be3c5f9178a59b0561094e153e315d734f069f1841573e6670ef9a3dbbda09f8
0x3df4112d622e1a676968ee38d6647d678df6a37e,2026,False,79f4ce9e609afa3c800e56fb4528c41f43f9a8fde3435b2c01ef3e736be70c7e
0x898522629862dc7ebe51027fdbd3637e25c6d193,2026,True,6886633c788a6dadb73fd1177504083991ac449586f7a30098e71f5f976065ed
0x4a620f990f8109cb24b3b00e9dcd846d051aa248,2026,True,79dcde43c35adc5467214bdd2e88d74ef35fcd84fd89a36145fb55b6ba36d1c8
0xab76c85e45926c021bdf05b3dac141db080b590b,2026,False,a83855104fad2dd175e71f44bd1a05d34af3ccca2e1c3aa794b0ab08d8bbecff
0xd3fdc41967c466c796765b2c60d85c7661029151,2026,True,e50534e2a5766159936001d2d9f06cef40934f41f7045295f64bbc25716ab736
0xa496fbbfca136483fcbc7fe45556b5dceb306e43,2026,True,35a200df44152e901a0dd6b29fa837950385a51b474f8d4b757c4b54a370a6bc
0x023739d377416ae59ced4121219821b0b3bc3177,2026,True,c17ea8f5fc4de668f29adb081ac423e587f4f119341d31e9b01ff7f6305a1923
0x12936eed5308b683c4c4de0da573ad123dbce957,2026,True,53c41c52e5216ad021bf8a0bbbf04402c5ef30a603af68b1146cd2f20259d504
0x2c39f6acadf73783f2bafe2c5125076df04d653c,2026,False,8d5a7d8834dca83bc02dedacc7ef927bef941cf3b64e89d366577db640954288
0xc6a0f2a44c8cc146f2d74947b159942985e16b81,2026,False,cd081f65fa38d191f0c7a852a01b2b447eba9d0aa07ba5bf2c4cc2d9fb759a34
0x57e53aa32439814350a0285ed38d5256fb8206b2,2026,True,a01e99fe7b0068a3f79e4b9710f64f19304783217895f7261cc62aec2c3e1af0
0x2358244f2cf7021b4e6bb06dd4e67ac59ebdfc3c,2026,True,1cf370b4379ecee82491bda19c65adce290803335cb95afeb2927d6c0224e04d
0x5b49c14f4cefc9c5513c5bca76138271e730a8f0,2026,True,e2e518ae44fabe9e458c9fa051c05a7802445c48b5a4f9c171beed5ad8af1577
0x946643d3e8e96106236674b5b05b2793ae7e63a6,2026,False,d5cb63a0f42123187fda2834d8dc569f090447ebca238478cf523d6a885a9aa9
0x6229614c2893528e41b65b6dda079464095817b1,2026,False,c6e64197bd8b8fa48dd067868803ab96351dd8983a3dbc2aafb7f41221647541
0xb2fce2fd1b675ccfd3b8654096d33cab9a52c16f,2026,True,d4b7610f6db3356da2cbaa2117695b3a762b0f723328f4036d3ff6a68817a2e2
0x59419ad362077494b66d35c2b8fd4354fe1dc6e3,2026,True,5115598923bdf7058c55da3cc240bf00ab0a3f9bb563bd46680b8860996ad565
0x0dcc083ef6ed9504a50eb6da0c584ef0607d786f,2026,False,0ea677890cababc605003eb9248cc84640291e414028ad94ae29da2b643eda01
0xc79a97fc05a941e1110e5d6e5713ea9e55d895f9,2026,True,a1f43efbd4025ae4533916f054afd0592764158c6cccd3a876c8b85d6e9dd23d
0x5b7f2773ded06f7ba4d872fc1a43c771a790a8f9,2026,True,52e293763ae1386774f1d6e877613117814d52c391126a48c2361f2d3e3da407
0x92f2e44974faf943e90bfcfc3811b4b49b6339fb,2026,True,bfee9a2889e2fad3cc2ee88b0dac522dea672ce418e0daab68e633e17713e26c
0x28deb40d30c95a8b8ddffc55260d275ef6cb66b8,2026,False,4d76ec5cac34c3e752a9653bb4856611749ce3de5ae11c4c112833c28ba8fd1a
0x79e7ce216989821fd10c592415e3db889641df8d,2026,True,e6947051bd40cea900359830156721bd8fc0d0ceea5a3dc586a9cdf75c2699e4
0xb6aaea7848c7303edca217ae48f2a38e4d8faa39,2026,False,dd3e096168dc5d7d4bed8f9aae45b91dd9df88aa2ad749eacef121259d811058
0xf1a4b00ae492a545ee847249548094cbc1108634,2026,True,e58c2906ac70c0af7b1911c7fd3ab7628892710e29951a8425a916d0e57bd4f8
0x12d7b3e51da5977f0fa3ba81d741cc9ad35be606,2026,True,d9151beb4de90747a298d2cb438a0c671552f754af5384b16b0d2ffca6da3668
0xd19c7d6d6d238ca4166172e44476f8d6d76814d8,2026,False,9ed07ff0896e6aa64c599b221b314c56b72953b8aa47595579d756dddf3c1650
0x7ea854350d1cad7a50031a6383b23fecc5809ca1,2026,True,e54d5739820949b82098460dd9609c601b1ab01e800cd6abb482c7adc31f7b2e
0x3163f5b270b2d01ddaa4dac9f2279e1cd504582a,2026,True,ad3ce443c07eccb9a1ed68ad2281f890bac2e0a4523a70d292f911ae8768ea1e
0xa43f28e733fe89193331a26567cbb7cdaef1fe91,2026,False,3b68700cd4211c31f1fd91f61c065e95a4980448a4b6320ea55230da12a54ed8
0xcc31ecae0531c4bd49ed5039d5c17bfe622157bb,2026,True,e3eb16033d341fc442b863721a671bbd3ebd3cae2f712cdd78d947def05239dd
0x5b43c726c4f872ea8ad2735e84afb2f2eaef7ef1,2026,False,0bb0ad36638cd1294df896e026bd0481ed3346e34259dedc1359db3a1217a4bb
0x9cce88fef7dc4d3ceb185c432d6b5d4bdeec0cef,2026,False,837cc4496b76d8e05f04087d5c07bbbe5476c8a17616050206b1e3036a60fe81
0x7e995abdf0cb5ce5f825e16420fa546cb162a39c,2026,True,f86164a49bd591cf8a2e97265d9edfe69745a7d543c048b65b2915656050a395
0x13a33cb2fd51769a3e31893822259ad7d6db8411,2026,False,666fd70e7fb7c57d7161dae4fefb443b2e69cce9a9d3ed6c71ff5a37f3279b7a
0xa4126ff71449cdf085bd6b0f7a8b56cb960dd4b9,2026,True,4d0921c52bece519bf61a524e6358d740e7a46159f8630ce15a65f2e37484bd9
0x50c2a78db2d803678567fdf11d4f624647d4e623,2026,True,f78732ed0b75c33dd898c6c8c858f271037c5314429e372e6530f3a3433d9347
0xa417f11f418ce55334b7500e6d16e6c667a48cc0,2026,False,df7977823b5456677c74ab5b8d6d2a2fb5ce5d4823e155482eb990453cb98c22
0x57f0c855d00f11db7fd444d315a6f4081706ffb7,2026,True,926c458aa76b41599328be917257bb0c496ed337180b957401b6630cfc36ace6
0x3b4ef3803b29d28b13007702d514ae0aaaba1937,2026,False,6b989fb0330a868747fc0a225203d4080fcb8dfd35398b2b62eaa9f0e80391d2
0x22dbad1caf36c607858946b5cf7732b22622fa6b,2026,True,9056057985011456c740a753f69d41f0b87191703c14058ecde32a02ba8799f0
0xa49b104a99414e54294f454d6148e46d107691d4,2026,True,a9436b518c671b9bd80707214e4c8982be74d4c6abad9f2c22f32687663be666
0xd88d0ac6d5f134f0c3c2384bd762d55b3b40f584,2026,True,175000eed0f2c893fd7c752d1b53f6370d7d6d2f17e95f485a7a6fe7d94f7b40
0x1798674391e91e6864ccc7405a65fa57ef95b805,2026,False,ae408765524927b0e6ce07d1e8eda0aac7d0720abf28d99e3bdcedc90769d510
0xb1f7dbab7aee597f5d86bff10f3b219b45213197,2026,False,f26c04098c86bc8db69cfc2deefc9e918f6d9133b2c86357d5ffcb5bd78cf456
0xd87edcd4f494ef6f2eea27a19ef533daf705db9e,2026,True,242185413d3f0a23c44b948e4940cf5e77669f55db71cda0586a964fb6b35c54
0x6b813325fa7819398ec5be026832dabb478bdc0c,2026,False,438b2be11a8c28e429651d38a52ef25b4dbdfa279d6aab8582771d474c90fd48
0x3055ea96e44ee4b1be4fd7ad6cd51da89b78748b,2026,False,3a99d00d4aa85e0cca2b30521b74fbd7b05001dacf3e353a68550312cda42ddd
0x02a95fb055c1b7e6d897c0d598473686f2834473,2026,True,2003e82524d3b90db7ace4927eb45ac0d9f665edfb7040cd01ba48a19be4dce7
0x16edeee19bfd929f1318513d00de177a617e8103,2026,False,888cf2cd1f4f98e0eabb207e36f0f0a8222ddc131fe41699a2821ac4131af200
0xbbd877053d8b4c8b475fe5b4d5f71c95be701399,2026,False,425e50a73f398134784337a327e4dc075a53bf97efc086670b847b900f83cf5b
0xd6f57c957eb9e1008a0984a56c658b4c9cffe8f1,2026,True,42b9ed5144584ff606e3288c3750ceb732baf3d6e1a25de349e9a66e2ba31fda
0x0694a2a853626a97b5daca41b9548605b1f8922e,2026,True,fe2e70d73e8a0577fac4972283d3ed920f62a677c2d3bc79102772e811176507
0xee4be76ba8cc09b5e6e989b590093bd86f7fc715,2026,False,172db3923d7d5de25a3750ea12e1c22d9e7a5660702279ce667406db39b5451a
0xe97519b8ba1b8d1a6582c5a4b1aab2c28663155f,2026,True,c852c7615986f928343284888f919e5e89355f82b8956acc20ad39604212d2af
0xb5e0ab7197aa41c46110b29230c3f80156590768,2026,True,0cca3922e432c44e9b131b5ca000340e7f731cc536f4ff8cbe4e85cace23225a
0x7acac307ec5ab499a92d101b8a4aabf28922a804,2026,False,0aa6466eaa7d9af40de10ef8b4e89b07e1edf1923fc8ebd31f91ebf78c31dff0
0xd8c1ddd4b5ba70233c36fab0bcf4ba4b169dd827,2026,False,62fced17894ff1b781fa8194d45d6496789079e08b3c1a116afa76f0f9c8494c
0x4b35ed0eda4e383c9cc786bf7fe2b1f93d49550b,2026,False,fbb2544c7b6c832d40d2a4be8c8ef2032825348296435902efd79c27f8195d1a
0x799fd2cb3ccf97ceb32197e7d4571d945d929939,2026,False,4dd87b031377f770a5a3e0df61496b2924069cd2ecf33702148a98c09bbdf00d
0x5488e70dbe24d10137b78e26d73e828532c8beb7,2026,False,b883f03fe1eebeee37df9873829aa394c329420a6a08885c530bd44ca4dcd0b3
0x8d67dfbfaa7e51d8c5fb9958a28d6b8ee6db30cf,2026,True,d85300f78033879a4c8daf58eaadf6cc0c07c7f87a8d24450245dc8b1d5acfbd
0x5199ded0693b2ead624399fae6a60fc22e254b9a,2026,True,bc45e79e1ea395f9060e3400375cf71d70a6d0783b6db2c6766194a4e644edd3
0xc3d99cde2b37dd365de6b5b73bba147960333c2f,2026,False,764cc55c907ea0ba032a8224f6cd78598caaa8374036c16a183b660e3192f218
0x626b45033536f8da675adac5b9575679ab25d36f,2026,True,e0b8b4bd40a50a23caad8d509e77d3af28ba79f90dc931fc15cfcdbe08b87871
0xe06c20c3d8651e9ce98995e2360b87bdaf47b8a4,2026,False,c92c80ba631e538853c6b29c43958922e428bd61175bac94fe9a3e56d1615704
0x6446143683163ac0c93b5d277250211a496d3635,2026,False,81ee8e803edbb899845fbc77b0b9bfdca6c251b7a39a00d3bf8fc45d37f5b2af
0x4a855f0e2a37e7027038c8232abe4bb3c7346293,2026,True,17b520c179d1b8476d854078a3766457d62888af634ec63c03c8f71078c35617
0x385752526c9c4d8e64f8649c422d0dd2c2f0302f,2026,True,8838799208c3c0cef2175197b7ba95e8821d6d941ed385c22137ffaf134737e6
0x896b69ff9d80e49b00c81c0cc389be8dc0c8a2a7,2026,True,bd25f92d16e95314ed6b19f666e0e3ccc8c471a66f52c652e3e91b578076784b
0x860d634b31a0a2496b5f90ef12d47eceb8405711,2026,True,eea3d2592870c66b7554bd3b98d5de9d62de4b491e3fcfaef75b7e079bfb33dc
0x61ffb72af37cb028faa26f92e24347fa61c44a7c,2026,False,9c041c51a127b067b89bbefabfc2361e7febeefb40b58090ce84b8700f2c7442
0x1836813390530db5819e26cbbd5ff7c2d956943c,2026,True,d4b1cff517c0e81b98206f0ba21edf55be7750b64e6531e171f8248815e58746
0xf62539ddb5b5b0d21691dfe35fcb2a486baab351,2026,True,2db23689f31a6a669e04e6b60525f26ad33884e6ec1946502ad96696ed7f8fea
0x21dcfee91a4e741b6f8b0ac34f191dd2771cada8,2026,True,4f4bcf2cdf24347ed8d7539abd70521ffe0801688a38c2b00dab4368bc17adba
0x4d2bb61f2bcb86f63301eb3ec60f88775cf2e70a,2026,True,b02a24ed9fb483499817ea169530a0dea89ee7c4a3b1f888d219b7cd3b3483af
0x7d7b312cbb4a92683669d09eb54d56feda5fbeb0,2026,True,00365fc4630a95e2229eba7dd732a100122374d1e1c70ed716e8a9736fed8e09
0xb3e8596860ba7bbaf622c348dc9edd1c11ebcd35,2026,True,6970a593f4fdb2f2d45b64179cc4d0d89cf67d6ee2dbfc4fc765dcb1b44712bf
0x16ec61e03036ef983a1ace1cee6de4f58390be03,2026,True,ab7c83112c79220e25037d1cd35fa1586264f441c3b693c3168bf011ebb2ddfc
0x73e42b8558e2fc8f1b0262df6ad647af6785a5f1,2026,False,ff70901d6077ea642b55cc0bb93d3ccb608ba7dccaa064077a7134a3e3d9fb09
0x29a4db567c0a5d757d85a34e4ec21bda619c64c7,2026,True,c4efdb432cec8accca23434e5ece1983d3ee31950d2f31c9b3d60d9697cbf975
0xa77a6d23f5c5c920f96a39dd577fce80972ed932,2026,True,c42ca6c5466910297247d1eafc4d17fffb055d5ff3c036a0039a756329fa7b73
0x656e4b59dd365e23e0473af219fcf5163984b616,2026,True,0593b74b544cf6c0e1586ef2eb7f3ed8a32c6ccf61144927540e00e6169efab9
0x4affd6a4edeba71b9ffff24c84f981b2f1ffa4cb,2026,False,20935223289391a1ac962695d1d12bc698140c3ed6577794516a74fa5aeb3e8c
0x644a3b9a8c16635317c7ac8aeb9fdd55d668917b,2026,True,8188024553d89de1d1ba65be6b8e8b06fecd648016aef2471fce64fbd3787945
0x1d814550e4ea026c0d56a07c269f36c7ce5d0ffe,2026,False,20603640ff7c151e1e4f569cf31595dfaaf5b5b2a63b559ff602ae133abb8437
0x76fd365f22d5d8e965c2d82f205b27a2f5d3d3be,2026,False,1ec252180ca89965cb93d2e8862fceac65c1250f91f49e456abf4995e6a73b75
0x748eabea568c9c6df50e3d57db0dda0f85b2bcd1,2026,False,a4e499be68d0fb5cfd65dc330833c1de9bd0294d2bc9fa691ad49459791753b7
0xb435e511462c98d1c12b552a55a3a9a0c0b7b396,2026,True,6f9de5251c5778c1a11f50c4ba4feb93257c2136d54b94780f4bcfdc31d4b8c7
0xf3479f51eda02f36584e357cc3888c7e99eed0f1,2026,True,906caa73f8a71dbbc2f6dbe2aacadc06eaf3ae6b4e908565ccadc318f5c0255b
0x7b11beb9e10cd505c4abd51c1e33dddd0b53b4c1,2026,True,0d8ffb766836ccf7ac0500782c22a6af0519bdb70fd05d35f8c5953b23a6911a
0xcc4a09843ebdba7968a68c8e4ef3a87c4e1c6854,2026,False,5c0903b92465d9b79061a9f6ad0f85ba1b36832a7af42697d1c6eacda6ca8862
0x5762f62ba2870b4e79cf5989b35832f31faaef1c,2026,True,8492c766356c71ee53f76af4c096ec7e7639724a80969c3c477362dbfcb001e6
0x4d5e70223cf06b0073fe1b4084afe51a0c17f890,2026,True,a41611dba41590549fcd2019c058d347a2ab8f9686e37d445d92b1e325bcfad4
0x1c7fcfe7170db224a21ffcfc34e9aa735d408221,2026,True,15adc1aa46b5e9513d7fd1bc42f7d643e231d766ba60ad1d783af7bc18465d7b
0xeb692068de6761ce8515d2ec5eea17f2a1b0375a,2026,False,e7f70c33aa079aab0b465ae9707d2efd6a3467abb477ea424d7e637f1884f15b
0x6f9f67742e407b83a2cc1ece8521131ad65add32,2026,True,0f195102940c1b9bf98bd5cab52071a00dee5e5e8d2915f2d260f89452bf7a1d
0x9363e8e832a39cc445a13223a0ed0f2da4e5d0d8,2026,False,6931c8bc653e72faedea486767d3e87bf8b5fc8037f953c253bd9b5268b38751
0x001e5ad783af3e17b9cf7990be7e61c71e79525d,2026,True,4d07dc73d217cc6471e20b21816353d531cd5c8e14022f24251e2b863edea4a9
0x364a45f60549a6b2fe57712bdcabefc9eab31c7c,2026,True,00cc0830a9e407aa927356a5046627cd38f676f2f8820d43d9d5443555e2a30e
0xb67862a74564078d2a715a2bcb1ebfd43e61780a,2026,True,11d499bb8bb9c5eb1c1caaf24cf9a1a624be6fbb895c969bdf0cae501e2068eb
0xfb4a5f854a9c7bbfe8f95d6449afcb7b3a0b8511,2026,True,8a0c545dabd7f7684f4ea455f9dd29ac99582ca123b47e5f36a6ef7afc5f9d4e
0x75acac80cf7208c3706734b7ef31ecb8f6640455,2026,False,f716ea3630d088f3d53a9b0de8085732bb94bbd226ed806f402a6eb2d988defc
0xc1fdc73d152c30ffb8249f676f6212bca5a77523,2026,True,8d35294d34067cb1aa53995afa1a2d37b5350667c2c66eba96b743964d20f52a
0x4a697be752e07d253b3f08eeb3612d2d81c715f8,2026,False,d2a9581e8fc93671d3a36d90b0c184ac9050488638e5816981146f55bb3979d3
0x7ee1c030ac468ba564243141a6a3fee8aab3220e,2026,True,e3f535c260195939a0c83628a051037cebf3e74371571756d6b1bd0a8ad4f9c0
0x7f05ef254b940abaa5c2e5a3e5844ffbf4dd8fa9,2026,True,55797e8507052668d6b7b34b81da274c96ebd405893343a7d2bc23887d983f05
0xce516a61f9829b713eb357690c6ca7997fa6fc31,2026,True,f70cf7624943e701af2c1dc2073f447da8cc4ebd9e4f55373203da67bc3e5196
0x86da92d9c2a40604c59085b1befebe66d3bc85e3,2026,False,0f42fdbc603a3a505d6e7b92af8bde687b0c2d291875a412ace803a51b1b0645
0xd55d28d9ed0b08178b16ebbd6b15e793736ce5d9,2026,True,dc71c68a6bcf9f48f9108a1b6a4b50aeb1b305b29afdc352157cd9ca3bceb5be
0x36cbf22e823263f082613635f27253d915d04cf9,2026,False,2245f46d0253fe3222b8bd10ba8a402c26ec6f6471576f5d124316a3d8ef5b15
0xe76e743b70d99c15f23ab3d00a46a10498a0ccfe,2026,False,07021099e8524efe01e630be6208ca8195c0eb5f9caee90e72f40bb505c06b88
0xdeae36785429b6a179591e42425155495a5711e1,2026,True,9b61e07a05fb06a6a051bbd0c06ce5c8b76084e0f236442d952c9deb78f77029
0xa2c871e989db3c89149c7a61efe86d3d1ed96628,2026,True,cd099ced5c6f11f2b2b742c87d240d8fd4df417c556a82c4fa07bebcb3bb1553
0x094a307c9f51ef96f8372e2556c3d7326c433d68,2026,False,ef36e63234e982c42371eb56a4b8afae5ec2e9f545dd86ff13bcc5ea499d9d66
0xfadb1e18007c2a7ab2bd0aa138089cf1b0c27665,2026,True,fbbabb9db67573fc08dcb48f891c04e5ab1502efca79db224b5071b72811a663
0xc4fb8265a8c20143213464d2a3011299f7b55709,2026,False,98f299358a7b952be57d8a5bbb7d2263a129cdb2154047076e33b94f0e48c979
0xe0cdcce2a481cc09006b7e88c5cb1724247bcbc6,2026,True,b44fa7d016de720bc0138f58b74f7522ff136c0d1d5ef9cdcb75fd33fe780cdf
0xbcca02e09762996afa57dff907228293f21badae,2026,False,618b8a29d8a8438f28b00103397cc3b021c380f80468aaa285cdaddd3c96ebe6
0xd2cba9acc824fdf8bc5d4d14b4917c52113d7f56,2026,True,f81d7e049822a452df02c85e740b9dc5c67e806f90c83c32ce5f62af7ae73d93
0x30b32d4d440e856586293f648edf9742b5875072,2026,True,dbc86f666c50dd2c6b9728fe0fd31c185c4eac1183287f6dbdfa0e398b1740c1
0x982bd90be132898ea64add3a1ac692ff86fbc237,2026,True,5ee5d30b72465525848fbd5acd6f8b21f1d6c7a939d9f7ed65597b8083e24ca4
0x39274d51272ab8c6d1e4ba63be5d554042305bc3,2026,True,92a6ab50029b4ab36df1f280023bb4460c747c6dc40f19f67e9862d6139be41d
0x41c869266db41f3c89303a1b97fbcc8c3c5becde,2026,False,eb26dbb60fcb484c03f091b1469e48c81fef56a75ec8fe2b1f432adabb09ec19
0x2719700f5fc15c0ecf1220e83744f24a5c9ee2c5,2026,True,3722ee6c726b5443949827fb29d933e04ceed74d11e2a10c4d2f44071347726e
0x25a28343e49d65ca7753508293fb03b1634294bd,2026,True,223be21c7f515a87bcfd0178c35a8e512addcdc72a58d3d5d9ef9fcf074c7667
0x2036fb5f242d77f4affee4a404ddc5bbf12d278d,2026,False,c80187d720fc67762245de7ccd5fbcbcded3f3cf0c869435d1ed15eb278c5152
0x14b676e3e169e8cc50588db4e23d8f70076fee5f,2026,True,aa8c077869f3e0044dcf872c72df6d287fa5a5e18b239cd584c26d7e9c64a148
0x6d9b19136352f36a6861957d3a69995b1a0fd174,2026,True,ec79346fd969733418d4ee0bdbcc9e77fc9a3bd217d57c1160ef7785a00fe883
0xbb49238e5bb170aac4f58e0de3d3259ec3178566,2026,True,41ea0aba5445d05dfb03a521cdc20babb0b16d8f7000f128112b97860ecd1df4
0x8445ac140a33899238584c3edcc0b02fdd8c213f,2026,True,2632eee2f8a79493dbef05477830075872386b80f3083865a0e2d87ec7375969
0x432a70cd825caa84e5499b346b8d08998d2bbcfb,2026,True,980b8214a5f5393f6f4802efde54b3ff4e1b33c295ca684c912f2b1a4ed4a9ea
0xc878de98092007b97e5046b3dffa528dc329fc9e,2026,False,a23fbb9657ad3b349dab44301f31788034b0204dd5f5f26151ea9bcf1a3fa4cc
0xf3a701f0bab3ccf94b5e5c021565448c24e0388f,2026,True,12013948fe83d7214cf1ea7a6652200027aa18891e10b0dbf9f8ceafdf85b803
0x0a26940b756843ea33ae2bf8cdd4535d03e9c94e,2026,True,c3e847c4d90f89be201efcfd123f911528f3070fc7fa6795bd0b59cb7f7b5493
0xf7b2f4893a7d707d92029587a02a1b079df019b0,2026,True,c7f64ca60aa3f880c6b1fdedf6223f3d0d8fcec47e3d7266dc12ad8c6d291ea5
0xec2545492fcf1d68b9863497212e881185d3f00b,2026,True,596f8d71d0ba65d696914fa2349a78dec6286421f28967d70cd18ba609ee2e54
0x7e5c2c90100d8cb4a7f6e913c790fc8df9d65f5e,2026,False,afe6584332a7289eda5053075d9db6c11172ac4a2681f90b8c1610766bebcede
0xe56ddf6bd6e3fd4f23e53fac3039a94ba3e236c8,2026,False,778baf1c52f45102499803263d99caaa7f8ee8a359f0ebf68b021a3baa205996
0xfcfddefa12534e1629d91227c33aa2eddaef2e29,2026,True,215c5b35bc10240314beb05e63fc91f9b834223fddff2958314802d669cc6709
0x0e755a1695fa657e0cb18ddba39f59347b7052f6,2026,False,5437085037bc2d18a9aba5d0e32b5f82cc4f1882274ae5e5e0929b9315ecbb8f
0x7c51c1cde8a629d20ad362b4e3561d64130610d3,2026,False,4860be53a70eb3dca71b8229e72023b4766270d9501184f0b1e919518da6e871
0xf124a15020dfddd41c6831605945fd0ce9b23f21,2026,True,047e46c84ae653a0b05e91a5389082fa1a1cab4772c2c98cb63a0c21d3fafd69
0xe2983dec8fc5d53bde9f9c6c0e96d2060073c4b8,2026,False,f9d58d6be9b1c88d0bc169da88683e49089a756052547a1ee8583b90bb5c8a0a
0x998765cc3a77a669188215e86fcfc065cca2a279,2026,False,5b212e5b44672feda3fddabf53cffe4e28522f8557af5f666f0515deadf1f828
0xe6731a85ccd20f9fec197e1ae09db8baf9a3172b,2026,True,20ef8f9ef2365c55e8daef65678656a398827dbadadbffcc83f43a6cc27f723c
0x69657cc979edff88f861d7aca95412d420779192,2026,False,b7c1e39eec2864ea3fe42e42ecdca1960ee8b4b13bb7b29c79c6f3827746934b
0x27d444a628171225c57706d6ba62aa17966cb04e,2026,True,b1d1e54c4944bacc53e984a10c61fea69a1111e0050caffc07b46b0e4181fe16
0x4aaad0b77f3640ae2c0c0c23f9adf7f9bfc53f28,2026,True,ecee30c5b134070ab01300d0b48f774ff6b9cd08a62ea46dd943e000d9eb5eb8
0xbbb85ffd9f50400cc26ab8774f1e29ff2839fd54,2026,False,bc2f75dd53b7396b93345ad7c63c5e18c86dd52845a4592d366606610ff6616f
0xd6d08e3b9113b7ddee8fbd9bf873ae4a4df24bae,2026,False,fe26be3736d3bde5bb0376b78bc922d509c87231c2f0509a10283a12e615a073
0x7a8287d9bbe7a15a6efa190e7fa657523a8ced46,2026,True,af156e7c497390e9e9dae85d7500e8973940c92b6b31b71be3ccd843a38d7fc3
0x423da053cf16e286676e532842ed7dcafe2b02e2,2026,True,e61c6d8ce545131f546c2a05b1dfc13d6b9747884ec371412b537a3fd38eac0b
0xc992c800caaa7f0598a5b425aea1d4028bc9eb0d,2026,True,c9bd4d0819580dca4ada4363ffce31ed44a171bf7e23221a1f9c550f60eeb7e9
0x9c060c08d6a489d661b941ae47468662337aa907,2026,False,cf442b7bb8ba19ea463677424af971bcaf164d19f865dc04e44a212124eb4881
0x2ff487fb1cfc58aa4c3eee3072b4402d6d646553,2026,False,12020556fae3b7c515a8b97d3128291c1d30230cfc4f2d532ee378861c48c8c0
0xed4e7b6332d0a15524fb7aa00aaa2e8da31e842b,2026,True,3d37f4f708ea8230380e418c0f0e53755a2e02b4fa6ea88701a2735b668d5677
0x4cbf220154e6befd7f1fcba846194b91683a6617,2026,False,1a2656627ba91fd5eff5079be425d2b2c33026c669aa4903f78022211d1251e6
0xf4b4a9e0faa5288f6d60d8963b6f383b9ee43b24,2026,True,4a944ed38cc5b518d649c8739e053289df8586cae51a93c9c20a6fc494d32564
0xcb2eef1e93d586f8a1ce9fa4a28d6964db61a915,2026,True,1a76296042dfccdc0c6cff4f95f1e250ae4c1ecaadd87e105a4c6eb0b1e525c1
0xa769f3926425f009941bea7c872a60d73eebf4c2,2026,False,24534465da57198e91e157d1d0c83f33cd051373777d1348fe2cdf8aedf3273c
0x5f0bdc76795bc5790e3c469fb151137eccfb5d80,2026,False,33fac452090e4d13655fb086eb132ee1ffe1db47dcda83b8d4d83be294dedbec
0x578609ee04b839d84d07deb22ed74bf27390cb2c,2026,False,1a94650d678841fa11a90a0d7d65485c05584cdf2c92782c19975ebbc215d71d
0xd32ac4f54574886a076f3338ec1471dd6f3173d2,2026,False,863633c24def4c714170bdaa3cc4dfed43808341e8a0583f7fb78e0939a7f94f
0xcb71116442f92643acf645275f4e47d35b02d264,2026,False,3a3d2b0f51c26d45599afc2b9375c682690fdd3ccf8be77c5dcbdde3f373f484
0xf93648c4097d15264494fa8e72802bd27ed0cefb,2026,True,0cb4c116ed806aa6096ee15ef05fa373c5dd2c54f13919f373384ebbcbc887e3
0x24360e1aa413d0ca016269e22babb3fffe9f6338,2026,False,e5dca61f308128e6409e99a20bc296837a4c39ff35b3da013dd3da36cae7aaf3
0x141f7ca4b5ebed70888833b00aecb545bf6612d9,2026,False,31de751f128d50f201aa06b9244bb19a790839a21b29c00ea53e57d5613c626f
0x699323fc6aa442a3421726152512a8942847b63f,2026,True,4cd266134ead905ed7a168788052e5d4c94c3d00448c28cb2dfbafeb8399da85
0xe5be0c085bbbe9dd8ce66b87da56fcebf5ea899e,2026,True,bcc4e1f584f8eca4b1e6ea5585a3a24447b3a21d93a6e8e737d273a8fc1468e1
0x482269b627f0cc1da75be29aac202c60887feb89,2026,True,bda7fd3ee6f6da2bc13c3ced584b143065978e02a06bfe60b6cc0750a6d786ac
0x25cb2808ca5242fb4563e7a0ecd85346a4c8be60,2026,True,d13de249c3bfdae6ee61d8d050ccba6290cfedbe4d4afcb30406e66e2c01f381
0xae01e614d318d64f51eb223fceed33cabd9f8372,2026,True,01b8db9b8775927579b2cad0b87be1dfce10e1a48204368256024cffb693fcda
0x69c025698e047dd42b256a229f33bcfa7f422671,2026,False,b867b0f01cb02838a0ab18d124703101e112fb7736a6dd4aa44932e23be5bc98
0xebcb3d195d410023e8af3349fb462baeb84a5d16,2026,True,4d2b1cef34c64b050376127e9ccd4e2e357c6fecd1c40a4781c04f03443e8a7b
0x3bc8a594bc573f1e004428564cdebf8fb38ac89a,2026,True,9015799eec9b2cb092c21abedb164cf7d17748efc7f380354095a56395160b7c
0x2855b2ac26e4ae287b06d4f97aaa9157fabd5d59,2026,False,9ea8e940d75e9f7c69b5a198b1b7a35c24a36ce928833c81024ef6767fabcec0
0x39c475a5ef60958c1dca95cda5982004b84a0a32,2026,True,7fe0f425de7de68e668b52b850fd47bd17a782a71d453da2ea94643e3f9b9a03
0x8f682a209b646b667e390f7d01da75b751da1a6b,2026,False,1ae10e0843f2357954f32d87449edd5768210c7a0c2cfb70ae36548f1be14bbe
0x4a812d55fea1dd7d4e26d100c60b1a73de2cb27a,2026,False,7fd5bbd6eaf6fec1b7c3771d1d019a6a875b6219b2d8fedfc044d08107ebccf9
0xa17be956b6107c5373199ac7ca61e11dbf9580fd,2026,False,ff1b7055423fb367177426f3ce0c7efdbb1efd2a20920de24115d16e62ad4c87
0x59b718e08353edea166cd9cc09ccbfea2bec6fd2,2026,True,3433c863e0cef24ec983fd5278479d2df64c47dab68bd6a097f76ed72a389a96
0x4246284e00ae4a51c3a96ffcc5cf6a8ef7b0aa76,2026,True,4562fe034c0d43a22ad28f93c529ab67bcff081d63fd126a85844402a21c21eb
0xc312e600d0981ab180a2917de14c6bd739a83149,2026,False,2fbeccdc0b3a83955ef3ce6fef460e0dcfd8259d9b5239ae36a3d0c0e951f4e9
0x9b4ef48d4d0d72a89d70b29230aab4cb15f06c5a,2026,True,aed1202e9aea911246301c77a8b0db73f7d71a5495a78219d61bb3c2c73f417a
0x56d86e902d859cee1f5b11dd522411ab8a2fbc45,2026,False,8f96f4e82ed0a41576f009866322ec3f42bdcf103dc599e0d6efc4ce137b7e6c
0xae4c5be10167f9efccbba897b2a51af1fa6895c7,2026,False,fa164bc0c55e6bea101b4c62a31e7c0af813e6cef6ea3ed9dcc78fc0644e4aca
0x2de9abc0e498a4b31107616ac8308e3d897f0b02,2026,True,66d603470ecb10952c279e5e82e0819a782a52a28141d16e91843c7abe08b4e7
0xbe95b5874e7450b9944915dea910183b24c12463,2026,False,af4e727bc63fe1c6a02d5fe2f82cc4c98d441beceebbac53c74b357a7fae69b0
0x7d886d7908b1b11e28ec1d5f32dde5c572788024,2026,True,6108abfd245ab882aa2d205d11b17c4d5d862c0607ad06f092190f72a0621b3d
0x7be6fa8139150e23d6f29693fed97ce717a35b07,2026,False,7f6c2dbb7253edcd3919c36e41301a762d861468826c051887f171e6ad06ab37
0x146ddf4539372c03f80abf84d3de6159a227f47c,2026,False,828a6dd2541c989dbfd2556a6e27ef75feb350925ec5a62609a00433264776ab
0x4a995039299321282e2864939ebf5af680190285,2026,False,616070c2d50c5dcacef4486dc1cf5e7bc30de0a2ce4256f4b64d53d35622c866
0xe4778934df870626e776810914b12a911f6cfea0,2026,True,30b8453faf411919fcafdd70dffd2730d0d65ade5a5e24753bedd32377fabf22
0xab3042a027903b47f0b714a0eda44f6bf1a7b2cc,2026,True,6958f2205180a0046d53d1ea9c8021393ece5581a1e865b94cac1b273c7a233c
0x4c23c08c7f32408803c641003dc82e18de68e60f,2026,True,2607338963e100a5ad5daae9cd2a4ca5961cf57720f42f719adf2000c92903db
0x2f76692b9ddd2c542410d594cfa95a47200a1131,2026,True,708596aaa189816c7239ca798ae4e94e805d968bcdbcf954cea7d2d3cdbdbf37
0x23739b744d797a3314a61d1551bf481612ad772e,2026,False,6fca9f3ec54e0603727639dfab8e9a74ff65b9ccf7b27d09b1cd5e1d870e3ed7
0x3844893034cb454d47a4d76b9fa1281bd3452b81,2026,False,4bc086c35509ec64edc53a190c5f728f83c975f121e77522913a85a9f0fe7d69
0xf6e5c8783ff0c1fbdf86ee144f9176bf16d07e78,2026,False,0c106214aaa96d7c0811b5bb4a96c9e57571d3054f17881bf0b4649b85bba4b4
0x798d4fa4091af83e049b38de37dd1068d8895292,2026,False,b8a48aef8a5db540bf97a643c193abf41b56a4c09e9403b6ce9f406e1dce51ac
0x8304934537829106e8efce3f4b7f46a037497dac,2026,True,da92ecedf7e6ae804a384a7c2bdcf409159d4208c947e1f86744d4e0376dd3d0
0x8a296dd13c96d86ba2108826f49dd8ec9d71b74f,2026,True,9cdc4831f491da6eb3a10d392fb066d7c15cc38d00311da243c205a9e61efc89
0xd5d1d91742bf1245fe5578ec374a2d64b254749b,2026,False,c2bea2c665049481a6ed3e024f81d00c60090ff84b1f3c12f6f5dcfb7e7bd726
0x17c51c6facdee0a4dae684fe0ef50a27a4b98d9c,2026,False,2d7f14ac4460835f7f1c7abf1da6de943f514a7b4411ce08c7bdf5b66ac29f3d
0xe68603d9c4e0a2114487b1916a82b9022c2daeb5,2026,False,6306757c3f8be73b470e5dd442e0d9a2783365c19accabfb71c149cf8f54be75
0xea20568d8f44ce7e64df3757dbf6a7db7283981a,2026,False,3aef629d3859b5b3afa33c284f2f4e456695ed432487b4f82dc52c3ef09167d0
0x996917894ee8214821446c63f6292279ac42e795,2026,True,f21bb2f260363430525c905ab0a704dfa87b8e715e37bd7d399ba247b9717476
0xef1e961663cce21cf010e1675772344a553009da,2026,False,422c29e937598aa922d7232c62d26eeff745607a486ef38365c7a91662fbbf06
0x3abdd5ef43420fe0133d5a4d9c9f122ff59b8439,2026,False,b99c73b34ced9152e61bcfd43ee1b088ca583d15b87834231a90d08b5cd89957
0x2efb60ae2169eefe24a6ca9db16a526b69cf035a,2026,False,a0337fe1da0af5c3fc3d46552881d8d8084c278f84a0ab2f035d079a94caa2f6
0x1db47b87e40a1511f78db015206e794f5020065a,2026,True,2066c669e969130bdf7f2d899e9c8544e117c355833332737eb2ec4ba1298dfc
0x15dd9aa28b223ae1cd4f47373af28e1683bf8092,2026,True,81512ca9445d5698906efb598a269591eb8770ab3a77c520fd8cd75cb421038c
0xc37285c5cbf7404e1f444a9fbe1ed13b832810c7,2026,False,bdf94454d7cf38ff87123da260b8570c5a9775096dfc23863a3851246c1c9cfb
0x0dba93ca55f3f6394befb692033abe04b6565231,2026,False,602c4dbc5052b2479e3a1d50958a5b8608bfc1dd404acf6ba584cf1cbd6c5907
0x8ce0433ab3ac05f7c41aedb0ccb2de489db3feda,2026,True,c5db16066daa752daf7086773c8cc8f31c60e6b943bcf82bfe84dfad8856c038
0x946dbdc3df81a478c8b695fc9d6199e495e443e0,2026,False,988740dc76bc04ea45e8760949bbae97222a3ea38296b36acc8e00ce984aace6
0xe3f7d0e057b9eeb66b2f639e5161b95477e16185,2026,False,e1c9e0fff19b8ef7740e3ac224295b0223a286cc596fac373a62c6bec85b0d1b
0xfd8d58485850f612b6eebaa26dcca577780695ac,2026,True,0d9b3d9aec5e5b335e922e988a097a41ff3d225b0de08e2647752246c9b2cf33
0x6cdfc319b9f3a6e8da72d172bc21ac0252c5446c,2026,False,8f3d4445d3ed98e7150189cfa165272ebed9d613de74fafff9029fe19ea439a0
0x0ae073485a4bc3f7ece70f757bcc06b26173ad0b,2026,True,d7cd514897e8c3db7ef21f8b87d7b231b35c1c6c59443097f6cadee1164415f4
0x273906c2ef1cdf9269ae7d8fcd47acf36baeb0ad,2026,True,0c391fe25d77a6bfa88a9739c0cb789adc7f8a7fa80cc63650c3595b65f6da5b
0xab30c7c589c6460e2d02589ae13453a1934351d7,2026,False,41783130ecc974a686e7262f5199988bbf139fed53c2acb55d12a6dfb6d2362e
0xc00c1866e0986100038c5ace3964a264119adfd0,2026,False,cf82e6988ea881db33d47b6079a8cbc6775eebf12b554b2bbf0d1f43ccf4b98f
0x93a04649ca012c49cfe8837ecff59c51d098d5ee,2026,True,ec54c686bca24d02d977589b6d4e805c845ececdce5bc7ff751dc1c1106fa17b
0xbf54d63f2d564b239e0d4be94d905697f3ae7c01,2026,False,04d804f2b53378f4bd251e930b95fc5d0201a86f6342ef4e194477b3a353dca9
0xc646c6b9223ad60e6bc80a5cd4d15c107d36077a,2026,False,46c78601f9f0b1a63bc68276c9a997dadc176c21d3685b55b47e04ad2b49caeb
0xe0e3f695cecacdb039f82f232d8156403cd5ea11,2026,True,8036c59786fabf6577c907ef697baa7d449f55d91d77441a610971e27ed3edba
0x41b12f783080bcde4fd3c039786a9ab646d703ac,2026,True,e5ef67bc635cc9bffe7207956259f3ce8896dc8b71460cf8bae8069ed37f8231
0x8313b3096388c54f0b8ac74e1743ecf10c802dc7,2026,False,ca9171a605c8ba05eb0f6330749e1a8fc3e11a761c649f9856b217704b29d1cd
0x5ff7627304cc85c0b82aed52593b75971df19a3e,2026,False,595a0cf5c7955793b9b31548a5d7c4570e76a26ad6d169e5d8fb646b94d57587
0x1ca785a263c9f69434f98bfe4f277eee515a1d67,2026,True,f14be8b725218010bfab341a6f6f536b14c05182cec41cb0c88b5bc6a359f385
0x64687f35aae9f8f6f0c012a7ca107db1a5ed5d05,2026,True,bb0dccb0097c5fa6dcbf78994014b549d3bbbb625cfcf83402341ddc45cf40ea
0xd87bd3c7165fef58ed07a012d179eda6a11e7362,2026,False,2e77df59322792069c11ce713c5ed5db745e8bcd104d2636a4ef1f07f8ff424d
0x867b4b2bbecf536a4eaf63932b7404b1ad1ba9b4,2026,True,490458379a51868c4ab50b71b032f1b951c72f240ab004158018ec8e34f894e0
0x6e8d4cd06caa6f3a2521709724a60dc3f4a35102,2026,False,f82cda6b58de6f3ec0b39f5ac9349fcee972011727fe66dc3a68e47ea6b858ef
0xc4af37a0deb903e4884435580c5bd1a1b5d65893,2026,False,7743f7954645308fdfab0233f5678389971eb76323c2d132433d630119cc6de0
0x798a916fb4a2ecf0276679f760e446b3968f7476,2026,False,a8c401f4a1c1830c43d5aab5017c457c745d9dcc6e8d832909218c277a16b09c
0x526d34ba336e60194465f42404667a00646ce43f,2026,True,644fca3fcb6792b2b8b31eb43e9d9a2448494aca95c37c89b30239343e649ab3
0x63dc300879a9bcf5fa3fba0d8a23c6efe5323559,2026,False,ba0ccf6c7948580c089213807f4fa98de777845bd6d0459b7db30b0c19262fdd
0xeeb13edc8f56e7c486314502b33a2b94778034ae,2026,True,e465b94a7a08da7d3741280dfbe80b3f9f4dcd1e67af228b836f9e5df7f10622
0x811f3cfeabf6b8a131bdb23155a94b897fbd206e,2026,True,725ce6c410ae717730f1a18653fa0be7ccf762d8626589fe719959cd538605f2
0xda5632f35093805ba61bae7431ebee2a434a04c1,2026,True,f472d926e8bbc1fdffa85ee3879817208152e763547ce93458dc2a7157e976f9
0x1743b185bc7c077f9cb69bc99decff5adf0021c9,2026,False,297331e8393eb043efadfd022e4d5b91752e94baeec974781fa9f71b75d6b93c
0x8b93d4951ec1e4204893fe3c0bff00464512166c,2026,True,69469a968b0769ce5c7e206a8f15d55cc28134c0f249c31cf6a73378e8771f22
0x8127ccbf1f47a2f32a9fb1f2796b7b80c2dce49c,2026,True,41213f81a4f3909f9b7752b28272aea70b99f25336232b2f817c4ddef19ae454
0x59776aa45b5bcbde5760aee512cea0bbe399823c,2026,False,c665a38a82c7be7bd36aebfc1e6d99fd31b983121f94585e81abe7702ea3438f
0x78047ea9fbe96a6c8b876908f98a829dd390778c,2026,True,144e45b7a500710347e259f93a04e3f76a8fd7fc4f41d4691b838a8ac1508b44
0x9b606072a95b2d69bea4acddfbcf6e488b3f4edb,2026,False,9a44a2c05213d53d7d30a511fbae6c1d53c378a3f3778bc76a5e2aa1ee83e379
0xa567b941a2fed88e3e67963e7141ba32e06aa870,2026,False,35d3ea85d50c7a661331336cafe758fe96944f14643547fce598986d50a4392a
0xf48be1c0e77f604eaf6c63bc6a528a3ea41e69e8,2026,False,46f03c3b0c5ff52ce3a16d1afd996a3d25df02ecf80e4e5196bcf47778efe822
0xa1edf3514767b2caa0143a0da384bb012f5d5c24,2026,False,eb69a1f0e6802f2082bfcd281edde95d0b0b490319b394dcca8297ce1a1113c1
0xb084b13306f5a3e769d7a57da6bb980f94873386,2026,True,5f31819a4916284a8eaab51f737f26c39c727a2f9a9768d226edbc8903325ae8
0x1da51eacb30dcb2cbc4a4f8696fd4a578ed73c11,2026,True,a78771ce7df787c5e976ebfe0748cc3e70d3c0a63e5241620bb2bc237d397292
0x4b103d96943fa6ea0dfbe953c6c3b8bd502ab6b7,2026,False,3454003a71e6e4c8f92612d53e96d17b9843c3bdad8cca4bc6e59e59dd6d76b4
0x6f2d384554de31cfc437dda31f85a3deb7059f8f,2026,True,6df465b5a0ce12803baa8395f2f17657de121623dc49091f0d95aff6c9a52a95
0x69d0a2a6a962b216075c1b1b787d6830297b1f5c,2026,True,feb016fd6a786b0efa2339895fb66a6c79e7f3f8e39cc75f91d6bedac1f98888
0x82faf0fafabc18df42bddc7a9e04c0fb7db7d7a7,2026,False,08dc74e843c24e6284ed491fe2c029353a45d437641407c70dcae3a844dd4d2f
0x37db32b80f32280e643dcde432d88110a3a6f7bb,2026,True,9099dbae2fb91215294dc946eae4dafa7d0c7ae324a60217fc44bf7f5a6ab945
0x3f0d2086031d3628ab040ee47699b8afe4798e79,2026,True,dcc9dbb17d93a4c3f7fe026682829760c6646ef8fe5f5d5eef67fc1b81e59b6d
0x55a62784d585f47405b12bbbacc756e5325e7b23,2026,True,247590cec54c9b11b46f7b306f82bc574ef36f87f3cf4a87ae58433d4666beb2
0x9eb363cc3a1436b961dca8216df6aeadf0aca23b,2026,True,9d97124b7e1e1bfc79fcc3b757c674e68e8e4181470c9b5297fcf5bad7fc7b45
0xe1bc484579ffef351b1e94fa443f4fecba7914ec,2026,False,5acf65e6e1c5f9fb7b2ded8a95426e788a8c48155038a3a6a9190a8f3cfd9c9e
0x33d0f2f9894a0ad0fbd51d05e3291a8d13b48c91,2026,False,e3bc1e42d8abbac1d9f3982ad50634a2042f6085148694ea94d778f889ceeb0b
0x9f538cd8cf50968e4e29bedecef98c04d0aa9f23,2026,False,8d9519db35b817213e99ae291d53dea8868740993874ff3e12c135526ae6a958
0x2685b6e111d113a09d610106b32cda2e51c6f4ac,2026,False,a804037302e041a258f4ea05a7d5adba037543045118e47aebe2a10d7d72767c
0x4da17e9dd04c8de4ed918c099e5d6d6c0eaad2f3,2026,True,ea6faeeb46f618472cf8a9d281c94cb63486913f0bb1962fd706b6f9cf8ca587
0xc31ec434bf3c5a352265e9f85db3605fa1c10251,2026,False,7f33ba9541390b50c985c3d5f546653fffeda9c59c6c153310756fa08945e6c3
0x10d23335c14c1bb271ba73c1ae1bbcce80c4a6e2,2026,True,cb25f3eda17084444726fc4565659399cf9836cccca5adbc9f6c4abea177c3f8
0x8af99723f3bae71a31d709404ee62580e3346fbb,2026,True,39deb89c89cd01c512c4045a7593ccd4925cb51c92f1b30a29ba621532713e2a
0x2727d545054144d25e361f457597196601cb0b06,2026,True,a81620184f95e08110e7380d7e78b8632fcbb7d18872d290651867b03459bf80
0x5cb2dd93d95d4980b2b85d1c174a8ecfcb27233a,2026,True,f76ee4062da730dff96aaca2652186245cb525f3026ab344bc0a0c2a6b135413
0xb4f6d8d69eb9ca03c10391740abc16932cfdaa2c,2026,True,da8a3039a21a3307889dacf7c2f1ca43b653cf598ffd817bf011a0d1860d2b22
0x8c649c7572a31964dac63fb58788831f2cc7121a,2026,False,8ceb639d3ec16b0441a872458d2ee3fd1c411deaf49ae04d16efa44302f53cd8
0xe24d06435b946607b588c900798d38bcd9147dbf,2026,True,9017e25005cff18d93c8341edd09157e448b9468531c09aa737ffb414218e337
0x25b27e6dd285c0535d9e0505c576bbb6b31ae6b1,2026,True,42a8e5effde86715989eea03d5c8172be1a1f280b134a2d408a4a295ecdb3840
0xcc004efe7ed745d5973bd50ace355e3ff2072bf6,2026,False,28a12962258522831cd032d870526f1907ec1ca841375b799815ddc4dc5a5b5c
0x3063b541a14288c5bce185c5059efac7139b4cf9,2026,True,dd583b087e908f838a3ee7c9d1efd324bf3a9a770753db643ef914b9b06ff98b
0x05f78344d46ec27a53f11126b8137ef1e522acf9,2026,False,0959fa493ec095b4fb549735e352a2ed2478b2c4cf837e89654902f6780cc988
0x86dd73c88097f3836b08138e88a3485590c4f4fe,2026,False,e050f01be91e3bbec703dd1abc56afdc842fdc90bf0118bbba3a3c8cb18d0723
0xb38cc6b704893d13978071164e872b726d8b1a17,2026,False,7fd9d9634a0d34abac5901f4775136b5c7f91b4310d5cc18793aa2e23f58138c
0xdbbc8f4a632b07a6388f45956a28d218dd109090,2026,True,07039968fb1d98719df8761dd03bc0a2f7e2c01be72539ad87c62b5fea596a5d
0x6d9c42d7a0417bd64ac375ecbb9b88f8ff7998e6,2026,False,8eeffee1f47d72b096c0a9f71d74105412f7b3e921118493ccb932f9855b3f3f
0x5f4dcdbecb37ac71ade53dd3f154a95e5bd12c90,2026,True,6deec11d4407dbfb78a1719198a5c5e0b6b1527c960686ff8fddd9073dfc8c6a
0xa60e9dc6d682eb8e00b86388402d2af50f779751,2026,False,2493580a0fd993a2c892fdb4e0fd4c20b4d23ae7437adbc3dd64e71cf1f1a80e
0x92461dca278bf77f0d53997bc82950cdedc9be8f,2026,False,f5d7d2fcaf3c38bb67c9f70e371609b9b4a57f8fc0b6b7138f087a9b39fd5efe
0xbd52d83c2fa7e38eadb476f567ade06d0bf6605e,2026,True,143a5df53824ef9beffffecdd028c09cf830ebb6035720e6ae8809d16e4c9ca8
0x79c1817771d93acf06728d30a4d59583934d39b0,2026,True,7e4ab0bdeedaa38f9dfbee13f89bc9bbb982257653314fac48ec740e6d28f6aa
0x554ef009a34800140e423fb1bf62e86e345b7898,2026,False,41f31b1d82ace761a13cf92af17324f77e469fc81fd81ee209d18a3ac32be6aa
0x6f3a6c104f4a7b0260b439d99482e911ce319537,2026,True,513928bd1350980f870f0f32871a21ab935ebbcea50ef423537833f332b374c1
0x0bd58a94f477d28180763921693cae11e83e533f,2026,True,2b70ea53745106cc37389f9257e96fc156960cf5a9aaa0f065941e304df5ab68
0x16ff25e5c5a51b019cfd1fbba00c7a97f2eafbf0,2026,False,6d34de04590d728eb5bf159ef3d9e0a3ddf33515743db39408bfbdbe4b812ab4
0x5cf361e2d948c3978f694e620cd67f1cf6e400d9,2026,True,95cd0f629eac096d01c89d10f8bdbcbd03d8b0aa66657f5baf5108fea6dde9b0
0x9577ba522b411f7dd227814ff7f538021d7b0be0,2026,False,c11fd033ab4583fa09ea644fc8023f355e7ea8b69f603425d3461f3471066ffd
0x9df0fb84f8ef9d89ed2204538982390a8ec12ce2,2026,True,00ecafff2c4aeafbf6abece47a9638d242a809488170511c57f660e76238bc03
0x2c14e7ead4cacd0d4de5e92fe0a32fd0d60a9af1,2026,False,5d9c0dc102d23ff7faffb8547a0e93543730d72d248e8be1d08933918eb6efc5
0x72fd643a53bbd839b7c433f806337b48b2245ec5,2026,True,9328701658f12e540926ddcddf2a6098a83e20bed4fc471c78064b34bc6a1686
0x19175c59cab7bcbb89f2346de30c9f2b95a81fe4,2026,False,200ecc8516a17a699a2e02006e25c78b1e8001adea1f3f703427bd34d916d085
0x735eb416b60aeaa7cd404f4bbc1a75757e0027a4,2026,False,0a42b769e19312f7899eb405c637d474d5e71d8ea63959ad2eca5ef65b731495
0x2f1839e721bacdf3427d53ce46c14e7b63a95154,2026,False,2ecfafd6ee3185e58d1b8ddbe25df117e2b17f8c739b0e019084982615544312
0x41142ecbefb60b5640d9755b57e879df45730279,2026,True,b15666ed525e599b227e5258acc9d383532734f88e6ddcf89106f06fa950cc17
0x16ccd9ec2133b501071aa4bc7709fc98d08c9677,2026,True,ffde177e10be8497b63839137e6f93c03e1c4d84183f7a410ab1e33abbfb39cc
0x120548886b92a80328be482f0fe7a5f835f68238,2026,True,fa666a1c6d3e314bc2ca142e479727cfc183e99688045d284a4a6ff1536147b0
0xd444b8eacdd2520ee2dfdbf72501f6ebfad4cb3b,2026,False,6f642ad56b5d1ae7868d4dfd02464130948b5490fa030ae426cc3b9d61adc761
0xeca0d0b3392b4cfb1a8d96e10935c8bf38e439b5,2026,True,0e06feea905bb2027074314aa5d511e60deb8d2de86e76d53f95ed533e544fee
0x28fc1ed4695fde3daaf4a6ae1cdd653bd33a005e,2026,False,4fdf60ec67431204840b90efa6501bec28698ea182d0e6966b2a8b7ded59031d
0x96d90e9327f19c7ed8570a86d66c31f9baf794c7,2026,True,e4d554b446b87d8033fa16026a3eaa6fb15c9013796590df1c760ac65810e7c7
0xe9667d8c87da78943841fa81cf5b7358fa785448,2026,False,292aa0b335dbac92fd2e7bf446c7c7e2524594ee39c1bdf45363bc653bac294c
0x57b44b4c5282cad0a4bb68a21713c6d6b6abfab2,2026,False,0f5f9568fba823dd39c496bc47508b5bb990e0fabe688b9ab99fcb31659770f6
0x2e42f1a06847b76798a19d7809d0b3768652a0fd,2026,False,be35a351e3f7c6079737c716d81cf1b2c9aef1b1f403b9a849269044c78eded9
0x90a4b6fea1f1d08dce79dad40ea7039861552a8f,2026,False,4cec1201f0da4328c9bd9d0f08f2fe15bb0fd691370a6d196277c2b59b83fd43
0x01336f990f5d0cc81cc65e2c04e9da05e6d5b933,2026,False,b518bf7adb46b17b226a50f571bee2c20f5f66c31f386f70ad45b09ec10cee5c
0x466193958596ffaccfd11f11d318111dcf724c5d,2026,False,cfc13328346afa32e034d35bbc14131ff09e30c21ef457a87f525601c08bfd54
0x7e6be5425f5821693a5e01cecca6e3c9f38ff1b4,2026,True,b9fb2bf97bcae29ec4fdd85b98ffb13377674cf12f38724f32d19adcfea204dd
0x41ab30f05e16ae09b5b6d81605e9101da0ce1bf5,2026,False,69450ad090e5a81c6c33c33727beb19ea29f6e339b12d560ccf1a50ff11026fc
0x904358ed0db92492c305ab128699535794e5018a,2026,False,29faa7d20b004ecc0ad304c358b0c17daf2c7098b45884e420447494b2bc5039
0xd4140d3f2efcc14b9551be52e3846b448723227f,2026,False,a199510cb2e48d6d486b1940ca4680a6f530796a8ab66f0a75aeec8a80442369
0xf230c3cd573634d0cc48dcbe57002e5fc6638ad7,2026,False,36fde5f55d472b1e91f8b8ef7f75b7d7c6822833386f440036069881c8d1cdf5
0xe928a59a866283580d82028aff8926f253685137,2026,True,2072f2132958a98c71890122378696ced4bfe60d94472b82068e4b6f2fa22fe4
0xc847bb2c115b0ab1dedb1e8b3a3585e26478623d,2026,False,d51eb7b02617b8d3fa1b9a1698be0de555309988a4b7446c4fc2571f3a363459
0xc08bdcc19c6e098ddcc6b93b9659e16d8c79cb10,2026,True,34953013800e77d2592f4925b66cc71c8c02d1725e207d9322aa1179ea10c5d0
0x16ba6d1e1dc33b3ec1eb77a1c3b4671a138a19e9,2026,True,ec430eeb13904bb5fbb6452f331080397ba8e9e3f6ce087a9679f3a9f31fc3fc
0x92d201d4117d0cfa8f74690ce9b4555f3784ef00,2026,False,9d937b4ab80ef4b64ee493bd290e3c0bc4054f825baf65dfa4086d399e4a8f91
0x4362a98a751d89c9f10ce59bd710081a29600e80,2026,True,455f5ca31b735a2a1757991c5c74f98dff3f896ca93027c92db592e693821c8f
0x401cd3b9374a05dec2e851b8f3f5f85d18bfafab,2026,True,47f80042482b331cc3291bff4a27def109f1901eed076708df8c4c067646c2ed
0x50b15a1305b1aa7cc9128786935431ea09fc58ed,2026,True,7172e17f643d1f757f063a4b2c2185dcdba0ec0314e45c7aca845cbdce912146
0x8e3543aa03f8559085cf39cbfff4f3fa15114de2,2026,True,6c891d12f03c98e0ae8cbb3209e2e4275959daae26a768aaf1fecf706696d02b
0x858acc76420e087039a168163a400a7dc31103d8,2026,False,0eaaba712b7b40e134afaeb3c311bd20f374aada2a8ac67c390673c2603173f7
0xda38c8b915885d10bb9739bdd3805602812b9e12,2026,True,a18b7a4cc7f4953f75cddc49e9ca2e3f06db4f05220d425e197d95f8c93dbb49
0x48b5a7e938a93a44db92ac52b5b66371f2b39c59,2026,False,6980548476460f199194d57a3e0320853e34f7f1dee2470d66f82ed9df87b65f
0x202a0d7297d628ede5f61167ec07e8b77dba127f,2026,True,491e66caac6a1b042e7bc5662d51540d831fb1ce545351929883dbf82d2d914b
0xb19bcb0b15f8f92119a9508fd17447b548ba8acb,2026,False,72d2fc645437e3be8e01e6b39b4a6d38ffdf3923d1535656504a82d742ef45e1
0x1dd6c2a102275e44179b13c73e83bdf50a5b3106,2026,False,0f076f71a26d1e4007cf18ff11d7fbb33e870bc5ba35cea23959ab1164ca5301
0xb0aa48006f9efdb408be717849efc8cebf0433a3,2026,True,5902a1815c89ebfe6e297988c5df56b4aa611c3d4bf8b2b1e98fd862e94e8501
0x31b2a840a6d5252616137a5d588065776bce434c,2026,True,ff299f2ec60969cd1c900b4baae59feac9d2321f185d576c21e8e77e6645c78a
0x0a782f15b1999be695ff06c39e0cd41293071b98,2026,False,bd1febb75747dbdc9c09a3d0874a53ec348a2aeaa01b0ca234b5083adbce1dd5
0x1b40a4968e597a38969ba4bc8b65f81b409d3fd0,2026,True,cf11dd4f31f24266191eddc330d7e86464edf035ca0a0f5d9ea6153671103299
0xbd14c023d7e008d893ce51beb53e728012eb0912,2026,True,187fc367f9eb196108b9abcf3ec2d6fa7e1be2f81dd0960a225f9391bc9ea5df
0x1cba769aadc99398eb1d6abf5e6383644a20bf57,2026,True,efed43151844426e36b0188f3440412002c01724b1dfc2c562325060885199cd
0x2459cc7c617b2bd5274146102b2b42d147f096f8,2026,True,02a17a53b7720d6a47d0c03cf76a1a1f84372ec9106438cb4acfe8f52e65ca7c
0x09db51dfd4f5b126887216c9635999780cc5939a,2026,False,b1df1218c4d30beba8a2019bfa816f8f6472f70d72c1cc3db14ef34ca70f01f5
0x01817196d18ef9893d64b5b86b0294b61a683092,2026,False,ac694a4a68f4789af237f374d7d15a2cf779e129b6b0e7cfc147b9eeb79d8809
0xfed3201f9b701735f7a446b8ca45d99474eda13c,2026,True,5d69b01c9a3dc1f504a40d32349f4c4b74ba4fc9534714409173b11c700ca2cf
0xab31ec9444331373af8e580720c9c5bf777a9717,2026,True,9c97635b877902163dc1573ae66912dba6b7b364562bb222e394ab25b357f481
0x618231c890ed8ff1199940c94f9f73460f8d7e14,2026,True,e27d53d1bd0f969abeff2563798c98a1153efeb605d2d7ee717b21d5e9013184
0xc0af12ea75d4f93f75c94de15dd7474a15657831,2026,False,3a8713a976aee7634db4bedf19ca8edee33d61bde47205da44eda96fc56f4b95
0x348366f1e38df54a6da84ace1d03f70515b0cbcd,2026,False,ee38f4f60ec713b874e5ab013a09be18bcefa433f860209b98f2b854de64b27e
0x69b1214d65cca6c354608c194fadef51bd78fd32,2026,True,b86af10afad87d2f63a98db8c1aab1077a3c4f936355dec7d0e349a66a223c7f
0xd39fc1b1c48ee6696b9737890f0ba7e1b37a5e16,2026,False,cc8ade66bec1e2837c506eddcaacc6b55c6a309d4bf9cc7e60de946f1e6dd4d2
0xe8ca7ae63506fc777900e4cca8926cb6f8e322b3,2026,False,1b83178c14ebb1e76c02d40a32f55b86501c0a0d416a7ee8b00cf67d49da4209
0xfe957bd1c0732506a0057ad2ecfdc4985ff7b136,2026,True,06a6a8e293168d156fe3f0d8b5e9be4541247417bb89bfc4083c998a620729ab
0x19c49e243ee4ae0a70ff59916327c2e193f2b3f4,2026,True,bcf166911659d4cf267636a34cf35d93ebcfa7bc6e4fb27a4b55f5cbf5a938c2
0x492e3bc96d47a6bddf1e97c39b091e6cbd6fe2d9,2026,False,4b1a52766714edc4e42937c4af7edd915d860665357128ce4a410ed6fa67fd9d
0x7268140585d4d1caf29a5faa0ddc2a84b20c0a2a,2026,True,55041ec6e17971b36e401687880dcef5b06def30439bf9af3856273df2d09a5b
0xf767235cffbd1a721052a618b86a06ab6441cfd8,2026,True,1b4b581a24cee713213e311c2e0baa0bab9158fc1a946ddd3b38f57434f91a1b
0xbe308a756ddf66df3a1d838223db5914a27fc5a9,2026,True,a036d97d5f935fbed758bd413926db2a75d86d14fe215c01dcd0289bdccc01ac
0x2e43f7b1bd04b2f65904a842a2e94fbd3d141001,2026,False,b91578eb3f2491b5d289e3aaab199bf1f32522c919c7fdeaa16c461f959ef814
0x56c622b8a2d8644bcd7baec4ed79f9c9fefe6632,2026,False,05709e482a86c595cbfcf9f0f266246aa013c004207260f41e8cd02cc9bd056a
0x0a8240336245f723921b7e28018139716de7a91e,2026,True,7ce7e04d665c658a156ce343a9644b6168d0e5034bf73eb92ddce0f321aad8a4
0xeeb7abdcda8d4921edc83d4ee67ece072386d14b,2026,True,795df2500dc44ce8c45b20eeac155ee5e03e90a4336a89785703874eef04be06
0xcc42b2a0be97d752e057ff9ccc7a87e6a0422991,2026,True,a0633d9f628c475678589d4baf3b9ad66485ebcbad973bb7b4ed8867a6071eed
0x9eead8e3b785d3ca32e9acd634d8be46bd89b0f1,2026,True,b66f2ac1228980cc25bc5430a1741731eb9a679d9a4c0550950cf2edb8321b15
0x898513ca46daf36fe4bd350151171552b28ce68c,2026,False,b5b899369675ebc1b45452d3b7729e18c9486b9d6d6e616c5d7985f83b5b8c4e
0x664c55dfbc7a048a6ac0c0639992eb3f0c278ae7,2026,True,ac9131d674ab008cd587f2a0423e754eeafb8f7bb84301afb6d85efbb5e25871
0x6b2ba4e2d44d4f36bc32ac928e478d0d5bbc9e23,2026,True,a460edf2850f80a4cf83fa6a1350519b0814538bc0f5109e0e3f6b1ae1ad7c06
0x079b0ede180216fae61e28933e83f056c04c3284,2026,False,c0a322c845581f2849f76b290059c5b4f88971e12b09535b111c4713bcbe2c8d
0x1c7b70093cc0f1a4219bfdad56f6251eb0d46bd8,2026,False,6c8c7e669c0620d7bab273a6d6b85378437c482ed2e672183a7200af33f33f69
0xe6e0f90bb6020fd9a70d11c984b864491fd34f08,2026,True,df5cd6d0b94573d9170b06e24abd8d45464d77556eb01bb9901ce757bace9e13
0xcb8580553f1a5cfcc7c421dc1a5d58a477b28ee1,2026,True,1f21c026c9cbd273c0657ae38088c3fa93328f9013a380563034f6205b2a4db0
0x0c8a0fa73b7f9292de42d8783ce4595530557f02,2026,False,a541ae47c9d7128fb187b7e7fd427b7a8fde018a19c4ad7f9d65c18e8d70f46d
0x2a5674a0fdc78fcab7fd2af448db43653a497735,2026,False,154495a80ffebb5aaf5ce18be687ef4061cfc29e90162fe9227c9b6ff5a97cbc
0x2e6d2b0135828ca102ce1522cefc3193733e6193,2026,False,87be876cc17445604c79e4c11717b092beb8532590ce31239d4146e8c6b9f1f5
0x5822b95a80af5b15a5e0ee2a3945bd59144f3ce0,2026,False,85b0e7d7dd1a5127d2319ec6d45a693cec80033ce276607112d4ce09c03a30d7
0x23bf906a4ec07f17f91edd36b6470d7bf4da34ae,2026,False,4057e05e4b7cbfeb15b263fba0e6f476074d6ecd1ff0fb387b1c9ce835288bb0
0x6ca50a9dc16f86eed391e9d956cd6cbc5ab9319e,2026,True,19f7298b14fa85b76124dba545dc8b2eade1284ab96d67090cbb127c1912456a
0xbd56073e9525caed1fae373330eadb74bd5e4f9a,2026,True,547d0b952acca86d2b9761b1a58bdf4276f2bd7f9354ecaaccc46a55c988b98e
0x02a6812a349f09e358340086c1edcf8fa1993213,2026,True,e9dcbbc1b2b158acbc3a5a171d04f70e1cfb812886600f98082cfbec34d858fc
0x41471207a3a72870b0683861dbf18d79f0d8e403,2026,False,8436d5819424d9bb84aca2fb0a09d52b28b131813548c15d2d53db94ab2f80ca
0x84739e48ff285c2d2c2fa18a08c66aa8c003f8b1,2026,False,4872ffc0a9feb77361f02a6043514494297e222a5b78c105caaac717cc9aa36f
0x3401afc3dfe9e5208df2d3ee769bfc30df08dd8a,2026,False,1f3f96ec388af3129e799beb794d5972d2ec4aac3b4b56cf936c01d5a3827cea
0x74027df1a969e8b3d50dcf7b24d0ac416b607c96,2026,False,30b950700c28ea2609c1e90628c79a867cd0e38a86bc73acfc4721cf4dc6124a
0x16bbb822d981de6923d3dd21e9cda35aaf5e7d6e,2026,True,07ff4721954712b8e06ac159a7688f5419bde6edd4cb85492bd239e0b073a287
0x5f200d15e43a1f6439bec12204983e1ac90e8099,2026,False,74579082a381802b8b1c36b3c7dff9f927dbb9844943800233cb6e0b27976e3b
0x15905aaadfd4d1d6d1378ab2745a7781ccb2c29d,2026,True,e2e7b3e42d7f8e74f35b343afc36f9926a8934363ed2ad953bb7eceb1c8c4a6b
0x471fb1ba114acdd2411b0c87265a208430eb5ffd,2026,True,cb2306b18ee927ec6efb369b5c814315d2a863a4a3dd6bc36bc9823d65ece5be
0x90f0de9aaad6082c2fec2f3c01c652452b681a6d,2026,False,36bfd583ea31c0bc9325d3604589a93ea221f2afc268e7de5b65fd214bdd27d6
0xee1c819122eafef7db69c28f9e741de5b92288c6,2026,True,a285057f35999c0b9a60070fd0a63a905d146a8d0d456e335f2ab010a5184de0
0x764fca811952c4a1c9c64a78467a718ad5cd1539,2026,False,9eed7f477b5b5b67c1fc7bc966995b9c75a5e7beb686fc582ee1e6439b0157cd
0x270f45e67ca6803db788cce8dcf548a08e4bd844,2026,False,01de4f2b7e13df955325e514720f7f2451276fbd91e54f8836e37a1d3a7a7fcc
0xd7c547d2d0ebfb87a290d96378ebddb94d880f4c,2026,False,116a24ea35a6c0b9f6176968f856cb9ad35ae64f9f2d3bd9a83127b57ea4118c
0x2c350a57e8819efed519f7768f7c33b612cbf5cb,2026,False,59fbed67bda73b9991f65d532a45cddeb8d6a63cde0bfd42517b077801e778d8
0xb7e2818b9ddeac4e315135327b8ec5dc04feb96a,2026,True,fa91d0ce6e1a8609573146915f8b12d2624a2ef3aac3825a21e779a1665b2430
0xf9aadfd2fc50e5643df65427002820d7e149b96d,2026,False,c99f75fcdfde517e512f9250f383f4b38a2b8f061005beb44aa84af936c46a75
0x7c05167aa823a68b60467346d7ee0739ac3124fc,2026,False,753c80369b809b7ffb59fe248a46916a3529f19d791f381a91610a900395d003
0x5018218d30533dfb5d8c8fc920d807777963c1ba,2026,False,fb02077d8e381f054bd0641477df99c2e2d1c988528e5ae007e35cb3633fd021
0x0640e6842787a1f8279b33cbad24850ce0342506,2026,False,7e82d75124ce704359fdfcdecdf3a2585830c226db0542ece2210cfeb4863e4e
0xa1b733589f906e9ed2564e1d9263b37d3e84b84a,2026,True,366abf6caecd41363a60b9d35a4cddbbb43418562833b2483413760bb71910b0
0xf46ed446aca2328199b36d7dbf44e0601331afa6,2026,True,03e7f8cdc8d4631b7ae4a01ff2fca2b06b5f8c1636648c910909c652c5242fc2
0x60642b62ea64689475a29ace1340d96e1b0f535b,2026,True,d398876922d2b33ec7f4e62087416327c4a7c1e4d24745b2f5d462c56733d49f
0x5e25e8f000a12fe0be1ceb1902dad5aa094df3bb,2026,False,e37629887c44cab50efa410a3f7772d456c0d8516678025ae90f9da875cc61ae
0x4c09c25386bc64f5f0a46c4fa012b3ffde7f51ff,2026,False,3fd9a410b8e9f570604d879ea2384efcac510330ebdbfdd9d723bfa08c064fdd
0x54d2a44249015c4230556eb7d1bbb5e5d6f236d0,2026,True,42213f0e704fb252a5ba3c1280c440163c10fe1df454fb9bd1d15821280e4fbb
0x62b15b99d85694fd52bc643e9c715b0be043473c,2026,True,4fc5da1f3bf71a3fd3a1ac10c6bc1534220ece98e6dc2ca61269e51516082d0f
0x38de69e193a48880fd026ee9428766e27cff0351,2026,False,3b3ec9595c19f817f7da565e429e3381f956289440d97abdf733d5dd93ae923d
0xb7e884eb95c573b127c33e4df7dc467e808c9cea,2026,True,49d262af04082e5696fe4aef5e583a3b0d52512220e4bf6fe8daed403ac973fb
0x3f1c9910318c65c12f00cb97cea4c5dd85c49acd,2026,True,64e0ec52ba7beeb97d256c7169acd481c3dcd2e94cbc6e3477378948b1488d9d
0xd40a32feb38ed787b111b33625a3847132587037,2026,True,da69b5f7bfcb4d138dd9b1ca7ba8f7e9b8a19766415a19565bcf12461a3b6b36
0x1ba5f44488d2b5a62060819f5e9484b151f8df42,2026,False,0dd49aa38232a843eee0de27b83d64a499829bcad3b5e3c4a82bb68eaaa85b6f
0x00c2debbfe907aa4c59595d86c4136147f3ff7e9,2026,True,a3ee5b9307f5f4b2f67fa9835e822843f410264ad74bd3417bee55a774fd0525
0xe3b0e985c2c1521b68891ca0b1425cf011fabd97,2026,False,e42b0e830b24d72ea75aef07187d326a1f6d513fea635a940d0c99a2d0d4f070
0x55388acd2d829cf4d5cc9d7486208348cad77195,2026,False,ebd8a46aa525c3edf165275ae45e56ee6e0008ffa008d7d632309528b75d8994
0xe6b68086ead33f36ef2b0af25b585238d7fdae23,2026,False,be1d5e1317d56b9d19d1d6e135c4b79fdcdc59bd36d2c4e7b9463157e91f329b
0x139fee3f8a86eb756b612c6419a8de05c05e4cbc,2026,True,8e6a44a9417de15116ecc6dbd62ac48e4c2bb8e458f9744e16d411c6c4abb851
0x4534bb92da55300c1f37c3b937590fc015282709,2026,False,5d4191efc5324bfb79aa741bf320444594b2c7238f2ab3dc9de8087a149522a4
0x21fa894248078b4e34e2f6e81b8c29d53fb64238,2026,True,cbc23deacb96ef81616e91a58f3f040681c9a00653927617855ed3b1439061f7
0x27b114be9085216dbe78f6c04f5e90caa0d31c0c,2026,False,0dfd6ab8a998db9cf536b9d900517cf7c131dca149b12c011327c5ca44410cd1
0x329acfe1a61a6cb04af3220b012483b4170af425,2026,False,d480799c43f9717dfc8b41bff62c0955b5dab205b08a8a987bc7e64f473fdba9
0xdd3af104c2eb02ca7ffd9293cee60e1bfa40ab15,2026,False,82845e0777071068fdc735ed6000374dc3440eace1d03c9aa24f1c453a2fb7cd
0xa07045835bea724500275cb61cfa915f2e1347e2,2026,True,37969d2552a399392e2a67bb842062db6748bd21e5eabbcfecf9f2a54c0ee7bd
0x2ee8d0a54302b0c0438383f2de975c6670d2c8e1,2026,False,b6dfa8dc49a81d928678e6eb9870aaa5867512162255096dd1761ee84d5102fa
0x7833c50a1278533cadf8d5672105c8a4cb0ce595,2026,False,b87bd6ee2b46f06e3c25e8ede4f6aba68648073ad6dddb1ef226297b801db0dd
0xa8eb6649871df5ca170b5a064c573472c56f11b0,2026,True,545c69e833dcb91022db7666498418781d770b6033a7a1d1d84a829c389c1dd0
0x8d4c1d738d40f496e7ecfe4ea410cc930838e841,2026,False,7ba159b9fef6189e64d1c17abc5d77402d045386d8065c16efd8c8fadbca51ba
0xf7156f2de2cf16fd6d35bebc8b36c69b8facfb71,2026,True,e7653482e3d740b46f87fd93479b71c5e6961e4a5b30d5122b2f64dea4db3200
0x1dc55f409bcac154c15daac0f0d024d438528253,2026,True,ebe4ff8e55a10c892c0ddad4bdb1268b066d187bee961fbc9e5e63d8ecf457ab
0x7e1fcec2d801e393de8f32782860a371662d609a,2026,False,21ce30f8ab95355cf1e9068bb43b96ca6785e66b0e86bda32ee5cab7d1b50c79
0xaf7c85049b8e7b335d91207eb693e5c5148af180,2026,True,23d6faeeaf26185a6eb3972277b82f8bc5a7130ef22c9440ca800734eb87cb98
0x560b0af886d7e480e5eca4dec1017416e744e3cf,2026,True,703007d933fc5be5a158ebb2e1d30ee8924ad08b5ca94559b853e588318284cd
0x349ea6b7cf26ecd3bf8dbd06a1e187f338ec0dc9,2026,False,759088b38c4685d6e5de029e1e699a92aa41c34b06f4a0098bb390113a3b5269
0xa72865183ec9234bfbbfc9a237ca930bc1512bfa,2026,True,3e729e55fedd04f0b8b709933643cdd971555d2420d25d66b4887c2c3c7b637b
0x3d2572611226e28895908acc53b04f458b7b8493,2026,False,f270ca91c461c13bdd44b9fabc9a169223a5c5726be650fb105f9425a8eacd9d
0xc9fbc22ff66cd92c4d5604a2cd269bfded11fd12,2026,True,48b10e1e5c88b59f63d7cba7a707bc6fd9b26f680c41d6512e7ad656fe98757d
0x473a3dfbcb3098f955cdf2d9391353ce6caa7ee4,2026,False,66c886f8e73498eb17ca425c745e102835dad109b4b4e74f3e5108b9486f1845
0xac2a57cbfa597a04477934f90aab322728ef1333,2026,True,5c6ba0dc636b65d32606a52e2ca9e432bd2fdfae98af4199f75b7e209b253b51
0x8653d746907ad977e05ea199eb6406f5e50491fd,2026,True,43184dfe96b57a24f47c39cd5b62ff66ad2ec0efaad05bbe79cc04a4e0409c63
0xe0ba5a30817a868acad26e14471e3beb10793346,2026,True,4e4c64607b52623126335c0158ba89e86b09f0fdf6e27a9628c8a179d7188e8f
0x26fdc282984df2a35d3405aeb59b1659e445565d,2026,True,0e167819e4f4480c3db365da8793eca4c8d6af484ba767c94a586102f90debc0
0x1874a7343554e43ba42eadbcc7f3f072e5788a59,2026,True,e5c28645564abcd04eba7eca04423bfc142b3c3ff7cdbda9c034c9d2dc538965
0xbabbff9b6a7a66d4bca06b5c89efaebf0d232440,2026,False,fac7ddebc0bd7492c2dcb8331c86a41b7cbc65cb9a3ba64047b7992fb30d0b2d
0x983f09ade11a6baec7206e11980830ea34a23bab,2026,True,0cdb5cd086726561f84cf06b9f80a915ce7fce7b9e5cf5d7293b32dd3f8a9fbe
0xe56bbf222b59f18340692d579f5e072e61fdf8e3,2026,False,c075ccea0d3f247ed794c433e2f356f4b63e94d7f49bab981dcb3b2bee33ecbe
0x1d9d06e9760af7fc4876284aee5b123d509e4e42,2026,True,5eeb73f2f2ff7df788b63fe2bb5b94d5d6e2924768eb4fe998a4f8a70b7dbb89
0xe0013f2f462d6aff91cdea31bd7323982fc63c73,2026,False,47cd4a7525d3e54b4324413ca968e418c0961a806307e951395934b5b9957285
0x68eeefafbddb8ec9d1b618355979d82926ab94f7,2026,True,2bf4e2896a41d010253f9c2ff8353eb907e9e444291cb4160919529c8249682a
0xf707327b00faa4181074a9f5d3a842efc4d3ceda,2026,False,6c9b6c401ddc5c136025b85b448e7b682745001807ee71674c9dfab3a05c5e3b
0x0cc67c85b1ce84d3decf9ab124a61db07ee191cf,2026,True,11b285646c56ad8fcf245a46437a3b1aa31f8c16aa2e1715a17a7c50c54f0257
0x9fde7aa47516a845caf92c4d923a5f74074a03ca,2026,False,3a5a3840ded6c43d5799ec9876d17e5ef8022abda6beb8d6e45adcfa8f8f3fba
0x85e1ecc7ebea3401baef9efd0d3bd3e2a99dbea1,2026,False,98a9ab96634bf4a1d5a7dd5c49f549e3e1206f67f55eeff6588c1e568294a633
0x0edd745de3e07a13f487fa1db8fa0b6203a08090,2026,True,bfdda848ad8c82c4fd81dc040b7ff09d5f1ac0684c7784c95d940c4925b838cc
0xe82367b5516e7f1921d54ece0aadd1fd57db3a7e,2026,True,f8cd84f05e0bc1746d393673ec1791d1fa449691b73dd656b5f05c323a42da23
0x102b910a3ca25210ece6d9bb0d9e55b619dd253d,2026,False,4f250a510c2e5fe5c3c49103fd981435b8ad44b7c925cadcbb5b547d8df10b28
0x008534ff394a5bcc8ccccad7f591ae063dad602f,2026,True,cd8f9d7cdf3bfde4dab1dfc509af5d100d3e52624bff129e90933b0748d09365
0xfa0fbec7fcc8d69c223b980a5b9e02b566fd5e5f,2026,False,5e7645861b1aa54cd0eedc1bfd41ff47c5169cf538020c0f3be044ca73b037bf
0x56ceceac9c3c2a675ac7c1b4b3d623d75aa5c929,2026,True,d7b87caf9c3a384accbab3ff6fcba76a371828f36b88e79384817e348199ecc4
0xf96af24d0d81bd274a915693353a59be832a7516,2026,True,82baca79c65d2b548f1dd28b1a20430a55cadaa3d13651de20d13e3e1c45e6a2
0x26685a770e119bdf90858a60de6c43812cc2e827,2026,True,b91a6709b8686ae677602e95a3a16777af915bca3cb0d82afbd8fde64eb74472
0x9c54b96432418c9b0bbcbfc7893b85d4fcf41b5a,2026,True,d89e2999c3b684ada1668e5977d2eb38735ff4f00543e014f397a63285dddb2a
0xc9a8b54c7228fb5ee4e998696d9fdb4c6bdbbb87,2026,True,6afcd1b31e210dd1c409718fc7dd791239057ec426619c838fabc7a0eb7d493d
0x758105e27f9d4228933a139b7f64ab1aea72599c,2026,False,711e8f4d47e4fa9d0456bda40ae8476b7edd260c1189d1a7b1b9878273ec2415
0x8ccc2910be119809ba87de63853a0189d6344a28,2026,True,72b74d12a9db701cb99729dc5a7116c908bbd95cbeebf7380bea1b612d6f8f2c
0x85569859970e0df6afcde8f3abf0bc0ef9a9d5a2,2026,False,88c8d9841528f66f94d7e9c26e5c3d689f7dced97fba29d8b029b4deee498dc2
0xbaf8b00f56db5fb13a986a3cd6bf4da4aec3380d,2026,False,e115a9af20912b47c1ed87a2f8dc0c6bd8a4aa08898085c3718f5b660fb3294f
0xb3239fd8742dc5fb9a536f5b9ca2ada271f3e9b6,2026,True,8df5762fd67cd134f3d7c9028cf6c87ebf46c2a89dc91a84904540943662cb32
0xe0e8565c23417a83f3b8641ea09b63dfc0301e85,2026,False,c382304c5919739436269f201951c9df1d5da4601411fdee7a1479e3e9991ad3
0xc447f70e0ae3a48cc2f35f864eeb76c4a4135d49,2026,True,c02a5b8df2a1723763114a1c16c357784918778088cefb1d918cb8f1efeb46dd
0x14753e21f43b2c2e9044bbc760d10ee6c576cf38,2026,False,bd08f932848cbc95796fde8a22af5bc1720b38e12208a9bf2e08f212df45fa9f
0x747845acdfe9c682a9ac9de87d06dd00f4c235ef,2026,False,6694f0ddd9f14c561b8add20ea55613ac4f1664bf3d63eba374838216aded4c7
0xdbd410e3f3cacc337cdf0be58b59878f49019f70,2026,False,bf44bdd2f9d8db5cd529970dcfa6374ab858a787465b7d29cb43f8d45933222e
0x4355eb873b6f1217f217377aedc069e51a79069e,2026,False,ed26fa6ea01123487f06f38798a6cf437159d46479b166e57670ca0eac253f61
0x3899f4b382dea10b8b54f67cb2fbe77d898659e3,2026,True,8079d9173a7e610eeaea78a3c205744c76315cdabbb88da53cd4bebf525c8f2a
0xf6d80c4ab4ec0d6489743d639c314b01f0721abc,2026,True,b2b379822c361f53385a02cd76e70678493c6b17771c488e5ef3d94833568a32
0xb5f82adb910dd11b1a3ea24c7df858f43deb5230,2026,True,5040d5cd81d939c8b141542b2c46e1b3f74d272779082a0b1297c41f15d5456d
0x058c80364de0d66396802cd3703894f7daa114af,2026,False,98e7fb65e0f4ac5fb0a67f69eb83e07d7f3bc5aa194c1435292e04e51f133e9e
0x8d632e8bf079a228b39aeca02359f8bbd7b4e09c,2026,True,e641d846ebc1b8afc878a9514b7ad1378e22bdbba31b13412666950a099a7efa
0xc6f5250f1877ffef351a08ddd21f1dd9060bc12e,2026,True,4ee74e17638368274125f673745bb378626d1bd80b66e76ca5fcbaef2aba4d74
0xd32f97f57e71902d5548f61781d21f95e0738677,2026,False,e16f334946a630343a99a90c2cf837709542da1cee23aa84aa8fbc1284b91f08
0xf97cccb04d2144d9803dba0f0730efb6425bc769,2026,False,6756ea2af93ce503e4caf7f9d190ad972556fa121aca2d44a79d807ccda782c4
0xd64bcae51ac41a07ec0c7042b9e881d8759336f6,2026,False,4ce9be91abf4f34841a3ab58b72c3c201a59b93f59bb9b375e34ddeaeb85aa21
0x64829d890d2d8f29ec0e76df6fad0ec635ea1a4e,2026,True,67565a440ccc895d92d1e8d0f674fdd27142a88ef965834a63d7b8e34d415ca9
0xda64279548cd32e99c919111707d6e1f77fde68f,2026,True,f5d31b110f90a956fcd96c418d256e48d1d82c3c39474a5d631b93e2590af1c9
0x15ec6c82a0b5ef5758cbb1e38c0d433fa5747698,2026,False,f820fcd233f48351c0f0b897a92e1d1c246caa0fc9141bd00de0606b9c42c032
0xc8c3eb72e93e4680e8c8e8b8f1fbcc0fac6d483f,2026,False,f7a33df111d2287cec7bf47cb55042c43fe76cde8d628e832986453f480cb289
0x0d2a7ab55cbf448a8c58df2dfdeff81a5e57cfa3,2026,True,f01d33f7c4452b9b1be3c79289f7dacf719e68516c347bd102eeeb32d6eb7926
0xeb30c8e973f7906e9cafce777ecbb94aa721a2f2,2026,False,062ccd281bcea127b49bacad6c679ff64b6f2543bc28d6ebbe11747037ed94a7
0x7807a9747a68f091f3853b3a51ed00dbdef62af9,2026,True,dc6d8d39ed227ce5e282dbe268f5833bb9894e9aa26a238f6ef64f8868589b63
0x5d47447b9aab088db6d5dc1e3a3fc3536dc42d5f,2026,False,3f190d1ae61c6d0d764ab94d2fa9441fba09e182c8fb7d060ca7cfc4790ef950
0x57dc713b6cfe6d6a247693a526e20461d42ca5d2,2026,False,54bd7d8ea304d05d0b18ce679bba664402e0e37df8945078529e46b324e62bc6
0x36305eb46b19f2ee23210ef2d0b9b8e19b3f3e59,2026,False,0f2afc74de5f0b539113e4c93a0a3afa674b51165511b682e7b41dfd7e5b2ccb
0x09e8042bbaa2cb3d15458644cc2002f41ef7114c,2026,True,3085bf30c8214f488f7bc60d7df5d14c89d60142d7b6f0190d8e6f9a17750896
0xce7233535b4621c492952a85ca0e9a3accc869cd,2026,False,d1f320dca52d7b69dcef49e180ed5e3ba15d27f2b27f15c09062a429c37a988e
0x5ccbbd101b84232e4efda28f3f1f6745022e97ba,2026,False,f3c735bec5dccb0ff76204259eda90ec8274411f1a9308ef049b753d06ba923a
0x2e210e0a94012557c28ce4532a70576483811397,2026,False,0fd7618d6544fe211bfef6dbaa75e92834bb8ccb7100f478a4336fde749eebac
0x9d7dc97061c4a622575b0af28298efbe1bde5e0a,2026,False,2e6669247fe23b81c85721bd0339437aaeede051de0465c94793efb90cac3646
0x0d3047cad2e4d46d72265c71cf6d5021848a0983,2026,True,95ddd7ce69d6f19562ed24b32bdc28195cce505921cfa3123a2f88d28c874d23
0x16517b287cabd8394eaaa5fe9b84aca566e3e4a6,2026,True,d76b6d6100dc42563fac38d6cdaadd553a55c494849c1eca1222329308810698
0xccb75fb8902440e47ec8da5a6a17936a8012cbee,2026,True,2ddcecca32fe38df506ee9e8c2ee680dc9e2953d1acd15577fd7c4f1dc1b70be
0x0adb90945f2180d9c252e7ba0f87590a3e2a1a40,2026,True,de158a3f7f9621ac9492124f6107987ee88b8137787378ccd7037a40dae56643
0xc877b1334c84eb724344fcb2452b7c59b9532264,2026,False,1d5877772ea85ec5182bb7de127e7d0d87b80a969f559dc2ab088f893cbdf7ab
0x8d1c00e2b0bf77e76ed1851fd9304878c7c72f70,2026,False,06902f01bfce1b7b8dc9c774fdc81c8f5b0c770cb9e0ecffa52842f92d09c15c
0xb98623b183d0a6ec895791ee83130e466e3b3529,2026,False,27ff7de8ecc87f145f4626198e17ca3ddabd06a7deb921eba3e4d0f34785d63c
0x89ef5a54d9294c963c00d6713616737df8bbea38,2026,True,4c1c1b438df54f373ea33fd0050dd8ab03bcf06a4e8ed9b2710dcc3beb182415
0x1c0f3c81e426ca7840c368ae1f0eb34ff7ccb8dc,2026,False,e3db57ca47fb28388f91cc88a190d05668510dee7d3069330dd86060c497b044
0x095fbd5e12c7d49a65eea0deeab149325dba199d,2026,False,217e7dd0ba4666a4501c55c6d81227a23b399f850af8ec28e0b71ed220ce5b78
0x8107cfae31f59d179a032c136354e75892e9ddc3,2026,True,c5423ea06fcc9919492c7962471cfc4fb06f802330a39d42c6c7e9dbc91d9f07
0x30dc5df95dead2be5a771addc74d45198d0555de,2026,True,3eeb086bcb0583ff84e691e6c15a92f5430b6f98b282c8cbd395e024961d0cb2
0x1c454f32026631c642dd92496e1c2fa599367321,2026,True,e7def58b7d22fc8808450475b7db4a0c5c7af69692263227452057b4c6dc409a
0x5a82d197ad1055a127f125d958b0faa584c899a5,2026,False,a9be2efc9dccdbb62e6cfb95e9edec146b50385a9f25108121e9d3d6d552d172
0xa1d4d22ba5a9d67fa68f8b3879d04f3475fd8f66,2026,False,fad682918643dbc40bd26c94e68ff6db79b6a350114a8d3d7c94626af57bb285
0x654439d1c8aa7f3292e134b02e8eaa750b78dc77,2026,True,a6a1e277ead4f09eac7394a32d4d2f7cefb81193cfa8b36133fd1aa4e7552595
0xa91ddc026e3e07ebd1df84019c7ae6390048467a,2026,True,a6485c16329fe8d46f221700810a2d0c451e7436810d2caf92489cd72dc08d21
0xbec0fde5794c2369d50b99b8c1a79ac9a0c0e6f5,2026,True,21f4e389974a4be2121cbb812eabb37dadda6d38dc03d07b9a4e6ebc789c8c74
0x23d526a8d707fc6f7aeb8b0d9d469b14964d0e46,2026,False,4b5c198b6f912f262bc8400a39f897c4725f60b80136204902438f2e76882fdc
0x6048cf1aaf01469d59f48d9f05fd7a08150b3543,2026,False,1ab3ee54151bbddb9a965a89ca20a32a5c731b3b9381f433f2fcf5b2013052a2
0x1c642db7476de136cd4ef25a23b25a7a4de0c80c,2026,False,51bd79807a21aa8b1953265680d420881a01227924f56c6f996898ea2459abaa
0xd38d936f3b5661bf1c1800b054235d98e8b0d035,2026,False,8319659843c6b16fe24c732424ac0d94d6e4d9cffe1e0099165fc6cf838c5d2c
0xce76a05253b74dda52c950fc02868df186048173,2026,False,e74a74e5c30faa62e012ce2caca31013ce349eb979f49dfb4a81ca797ffb7c4d
0x2f60976b3ef7e5f40a6c07cbede1af36750d24ee,2026,False,a832601071ad409b22a7731971d0674577fd6271f52b21f72f79bfa55fd63d2d
0x2cced90e6532ca90fb42a8df9c2cebcc5d16930d,2026,True,8757071cfc8e7f52ca69cc06a1307f199692519622298fe02b00363ac7a3cdf0
0x35b804efcb4d9bb2951dda50cd71e45a1a956e66,2026,False,3635679499e74e69d24984020bc81dbe1b1e895b162f85076ee4ab9279c630d0
0x4403ade5c9da12a27cda80a524324e8363804c41,2026,False,dcedc4724079080494e8f55b8f47b591e48b43684d90b01cfd7df67abed57c88
0x41c28a3023870943fffdf9fc67c805017c4dc936,2026,True,a1f092a60bd96d5aa554f9109c094dda3bcb5afaa4cc9581cc474391538cea46
0xdcd208e50f34aa8e25145e99357096bb16b986b7,2026,False,5fd5ea996e203e3c0c0bb8923f02abce0b7cdd3c1f19f505f84c630b703852a3
0x774b5a96b6d155e1d08f56a5398490a7779385d1,2026,False,4a09ee1140cf0757eecaa3d6492c1a04e33ce1c6256c082480d90a4ed1993c56
0x40cdccedc787dbd1eb3101216e86474c586e1b98,2026,False,9f04adf96d5f60dca8e86f77a7ce1ea81e6c209565853d5907a8e996f823f473
0x6410feb453e313d9ab8f72a65a96e5ae46a59669,2026,True,be5e1c5464080237f7d134e8dc87978087f21bb5152aa26f1bec54aea7452504
0x27fd76a2a172111de0fdcd5687db058d0dad527c,2026,True,98b095883da749625980cd7bef0cf08159a6a79860cdd7452237a10bed374141
0x94287b7efb15d56c2d67b2185f96b2618786e060,2026,True,2fc9035674d31d0ec7f8f4f4d784314fa3f4a5ebbd0ad153fda30bfa4bd3f4a6
0x1e004068914d498bcaedca64f2082e8e61382700,2026,True,d2be6b542a6c1633b494e1a3d6bc823eb6a08e0719cba98a6cb2b4d4dc159a13
0xfa9c8d805afbbbc972e9ff15ff68bc79311ce5ac,2026,False,b258f418e2568fd89ed705a19777d448705e7d96676bee34f42ebee2c3aa8796
0x45368b8bef20d5fe10b3c814eacbd61e845ba05b,2026,True,5b4481da81e99f73e826ce7bf4db5240b80032a7513a419158c43d3dd1a0170e
0xfd7ae8dfb8ef2dfded2721d89611126b71d64e86,2026,False,b78025f430aba9d9e74718637803d34c2acd934d13f51ed4b95d06e7e82186c2
0x3e51ef03931bcf80ca3106ac8db498e648091826,2026,False,0d3ba8ae2dd74472bf585e7c26de9054541a67b66782256ca3bf7a338dadf31f
0x8b637ea8efdbe65282ff9eabdff75fe653c87597,2026,False,5b5d31b6a466d9a9958ef42e4955bee3590248e4e6605c8d3b124a24edee1140
0x1fe9f4899d0d4290b229323cfe94814ea8971e17,2026,True,2ce339c32975ee373929a75daf0c70273685f09dea0e0c506839965df7c3c7ce
0x601281c46997e3c246df7e29c149dcaa90cb7c30,2026,False,0783e757ac9d00400f34d53090aacdd00599e75e4d72dfdd4008724efbb74dad
0x328db8187d623065225f12fc115080c2499aabad,2026,True,317336c26fc0979c5ac352c5acd708e4261d9f16102d3d493c7c4d7ff4b95555
0x21f1508f8f55c75241986a0a480fbfb785cff717,2026,False,c4dedcd9f748206217ae77c7f6080d3b36af2ee41b1d072730571ff76c63aea9
0xe1d9ea4fc61fef845f989c4dcce2fc2c465a7af2,2026,False,0049d2f2c0249fe991c3408490c7f605f60afd2cc8eb931c1b48b93dca251551
0x4f9db59b33c99ba3eeadfeceaad162fea3c1f6cf,2026,False,241ac901e411a5b5a9874228b345864fe8f715af114add4287b301fad278ce06
0x0f3c615fcbe84fa241c52f71e65885864452adca,2026,True,a2a24539d7b4138e3b93d343484d2f5a19b2fd5ba9fea0f4dee2f50d4ab00186
0xb72736d8e80c88a0265e4aa776fc65b14a9ab635,2026,True,769f3b209f1e67a5ef346b906be285ecfc5abb2850c18e47ab48945b30b0174e
0x7b511738acc0e1c2fae7c955bcdd7792bb416961,2026,True,13b125f2b6d6d7aa4628172191aa93786ab413dda8ed7f6dfe9df970e87a8bc5
0xffe604f92bfe68a4efdb7d23059f65f246573727,2026,False,4fb19c7d208af55be77b0b723a497dcb2a0353a737cd8e7761b8035bc171d62d
0xc8939cc835bf52e8003162bf8c36e40f71cfdeb1,2026,True,3ec8e8a39aa4e0ef581b01590cfd3335b2f6bc27cb2d460915989d3240af7784
0x87ebc89b1b6c6957968b1caa9d786f1fbfc98171,2026,False,b6b2ecd03951085daa63d62ee6bcf88244f7ef989bea8e0ef8e09bb427183779
0x3df2fc65fce3e6f2e602d0c391c2719b2d93d8fb,2026,False,61bb9f6faafe37967c59811ffe596e747d01bfa180fa3551fff3c299c883cd1b
0xb36da0de69830c16d727925044ba317ad4e4b003,2026,False,98f771547a36622e64b18635c7cf7ca7c9bf919dfb2d86708dbd02b46681c78d
0x54c19b8b0e882bf110a71e25a30dddad51663e6a,2026,False,7e63066ff7c2f69d7941e8ac78bae3432e8ec330ccc36beac34dd2aa4334d214
0xb5b8482f0479af50c1a30fc2f99d57236b7f9f7d,2026,True,f95f48a56d044507d2d693fd6aa279f1eb97527f7da0259542694ad535fbbac9
0xedeea9c8129a61e568f946c7aad4a41259def2c8,2026,True,761f80211d62860a5d1dfee0adbba389acc2edd3a3fdd93bb4228407f4f40148
0xc45f2ca3a1714ba6cf4c0fb967ed2b01ec2f6ee9,2026,True,087ec894d948d05d00908f59d5c3a5e55c3f0ac969607e0cc4ecb2de4ba4afda
0x5eb7d1316d39bb4dedfcd89dcce59c9f9f800e61,2026,False,6357d25389788ac6899d01c083260c901cc5344f91637cf1a4b21286b51af6d5
0x5456189be3e6cfb018f0027a4e7d80b508079a33,2026,False,dee91c161f5c0b5a90e1b187cf92cbc0eed7d4584cd4111e050948eb30372aa0
0x545e0af40b3e087d3165b55030188662c36d18b7,2026,True,f4ad26cedd04dee13e066eb4cdc958d952b5f47c8d3e5bc5d71422f50eea0fd9
0x569002ec5b580805a8299fc329cd4b52cbc85548,2026,False,8ca4d7067834934d7d8a5224d5c20c4d50013d03ed20fe6b021a988eb211dd0c
0x9dba06d4d1761cf0c99a5f022a5f53ab4072f22b,2026,True,04975554e0285961138a6d72b672a92565e4138436789fde8f499826e4d6d827
0xd0a4043a7473d072ff24acd88a51699ecd3a60af,2026,False,f806527814bdab23729f58f9fd8ab4836e6c1a7ccdc4d94f96325db922733231
0x616f3ce04225fbb5e9f7bbee2e970013e582494a,2026,True,8771becd32f065457948277ba83fb0380c74485b8c84a18c99e5e151e2b0806b
0x89ec8ee46651c6c876fc14cfefb259165c5e4d29,2026,True,bec2e550969e202eb889cd309ac818876150de31bc6badbace836f1e5af899c3
0xfd7b6e8cfeb04c2fd63d2e7b11365cf7c6833ebb,2026,True,4b18f5bd01d1bd1fc20ccf33d74ba08c30eee828554e6318688f4c1ecb030497
0x8d245215bcc42e76f675085a1972aae764123257,2026,True,f2b66603eacbee6a0fdd50a1d0d420a2cdb7ea0daad9824221c688aa2239730d
0x947186cdef4cbd177cfd453ed4c327a56e5e8a36,2026,False,0cbb0cf9404328dccea52d5ea37343df5300dbd70dd3814640316d9a22334c25
0xfb8c93cfb75899d3196ae8a09cc06bae5be22a26,2026,False,97f49e36965c28ca1be76763bbf18c10272de128710bccad7833339764ba35d3
0xcc1e846d5681cca85747da16e0351e526a69fd02,2026,False,19a1fc81c6e0afd63368feb5c5c4bf041ab98c2b81ca7b3a6074d5f98869dbbd
0xf5c9bd4ecc4ca6b3a60d0840aafad7d865b39145,2026,False,53e473ef0e92e22c4b1395dcc0277a01f93cfe8c2d096e5202f374c6555bd934
0x7384814663dcad1abc4b3107d1dce95f4b5eb5ee,2026,True,a1e634231fb2f0ee51b10301fa950f78ec62526296f7bd581342fc870003d850
0x6d87dd196979767bd6b9924adb409237f5443326,2026,False,c14ab3aede0234b542bf34d3c1de52a0f8300ee5f7a54aa56ef47e89cf81b37a
0x41e4604ae682d90868168a14ed9ff1d15a2865db,2026,False,02b36fd287b8d3db163e564642fe37acc11569d18738ff258f411a53f2d59de5
0xeec7b0377a5fc06325443088584b35498c4b3766,2026,False,397ab6646bd96f45a08dc7179b24a0d89be18dce9425fefa7ac991403822a797
0x0f710bfa16d6b86d41090f0fd7309cb241b5d726,2026,False,ed9d64284318681c564d00a8bb18217b5ccdcc634a74248691b9104e2a739299
0xc06df5be02ae81c7b842d05b6b716d9a40cd3d7e,2026,False,a97ffd1cc1afd6ccd36940014eafe637975e95c02e73b8f75c56a78fa5e7f644
0x3f5ada5f266f286fbb5e1c6bc0fa62297f41dfa0,2026,True,85a2b2eb2a60f299225ff9ab581367ded72d133835c7ac50ba1576d53142403d
0xf36cdf83e2748eb3468911bc623e326acf31baf3,2026,False,94e373fc85462ed21da9033a794047f811110fbc6113fb0edfd2b0e435a1f1c6
0x9aa338eeee2e696abd0d14338d6307e4d768d14f,2026,True,28ac229e357bd5849e7ab0186fc318358d9a39e76672d3cda6d05c6b700631f7
0xd31d6f2e67ea3019971754ad6be1510888248517,2026,True,09fe0b6db67601ce3d8775c15a1d52fa1cc5e6420582615e7f3622cc0888c56f
0xe9ccd20b428c97ddc78bea1c56c06053394a1866,2026,False,a39b37a46dbbba8e6cf48ed462c7b4ae30645a501d0d859dcedd02764ad119b1
0xcad9e82c58fcaa964dc54589e5518c6fd1b43651,2026,True,59f2e07161c3b8246caba46bc4ca10d1d79f767186418e71caf52cc9c7f0cc5b
0x6372faf812ccd02766748ab1ae2ed4947be0120d,2026,False,b1e91d1e3c30e7e617904a5d0024cf75cc5900cf9e6755c9a2c53fce1a3439c0
0x5c3c2d62b7ef24e130d0e7213e59edf28f05e9b0,2026,False,18af846c0fdf65d0d6f82465299b915647c367776411aa547289d06ef078fc0c
0x8da3824d4ba57c9187e0a23df7702d9a3569b6cd,2026,True,d1a37e37ae481f5a43e822dbdae72f52610b194e3078dba7b8089d18a1ff282e
0x6ba10c5c00088778c769071c622b3c31b3d4253e,2026,False,03aac3eef384849b95e4ab13aaf95dfe9ffc886f7b954c96b2d6843ecbeae3e1
0x0aaf95f157117c05508e2a03b91a5e78390789bb,2026,False,f470d008745a47e9c29a5081f65b8dde6a28308d8303bfad630c2660eca3bdbc
0x885bb9d64a1191214f120ad8d10c3f2ad75fc24a,2026,True,bc37c4bafd53996005b204ac5b5163f8c664c5d62a750b4533502e8ca4ff6f9e
0x6c6a3699aff17e94d6f6bbe55d52b1fbbaafb421,2026,True,249a5dbfab13c6470a8c808a111a6ddf83041bf8fa6d9020c3ff7b0aaddafc1c
0xfe3b4e1380238461a54bd043715c40b1030c0a61,2026,False,7a77cfbbf8f008bdf120891d202c8ee40cd62d9b31512d771076f61b9e7c3bb2
0x98d3b19449e44ca8e9b77a48b05e94e10b230808,2026,False,3c10ef9424be688a5c0e49556af75bdfe7c2b7fd10af34e38f44bc4870e560a6
0x1c4bd47295b045b0e499c726743132d64f897fb5,2026,True,d1bd15406553e9cbf5b620c54a39b0d46d53c3e97d52a0cf494861669a7c857d
0xc0df7d90e87afafbd8003d9ff0f399504a407039,2026,True,5ae108fda5b974c2f490257fd8f45fc050ca84ed05d1e101f8081f991a1cfd24
0x0a1ca068604409eec4cc1e27dcb64dba926d4cdf,2026,False,7e51e31148fa378a95826dec84276462214d603dee7eb4f84473a8dfcc1b11aa
0x7374d4df876e13723f3a30ca412472fe24991c28,2026,False,d0d934119dd55fb575cecc28bff6a503e501575a57874f5c860ffa7c2a268821
0x060c9a7659fd5153aa8fe207d88083af6c20f6a9,2026,False,858987594de22a3c80fbebcf47a9a09549775e3a60615c9b3b31383197fba20b
0x78a7f6d6b93ad924f53f018b7fde6de5ab09a31c,2026,False,01e3c7028777cea59221a2591697ee63191e6af2014d79446967f150baff0aae
0x8e0b51e8fdaffb8cf7e64cc6a1c2b99be93ce7ad,2026,False,c33e753c8c1e61eea055a88baa806226907f363fa6a356ba886b6adc09eb7085
0xc69078a844e27b0a198259ff7044c524c46318b9,2026,False,94651bbe45b940358035ac57abe1ed36c34ba1f8dc49ec66688bd7e49316b2d5
0x428428ce2200065088cd516fce3dbb75ceb82965,2026,False,3b1ce14e12d4bedf9a13641753a977300834bdda4b0ae94fb9835900fb1c1a04
0x7b80d45ec330d8ddc78fb19f94fa2f729ba24632,2026,True,20e826d75195bb85275a37a7764eab7973ed46da8a3c642c153dadd23867b34b
0x0435c69dcb085e2cbb864ba0c891090580c7459c,2026,True,d5950cad00e6387fd85e39f71a17e3ae9d4852bce5b604d5869f3f62fc5a8757
0xc2b9d45b5ae1b83f41e039f03596771500db3367,2026,True,74e800722f4e3dc7bcf0ba4a10db69eb432257266d8613c0411536681dd55f21
0x6b792902e689bd320ed3b76a7e7ee6ce38cb4a1a,2026,True,0b88523918c34f0445f719cd2bcb9c2debdb6a29df4d3371e96075613b7832c1
0xf0d3985b7d257e9efe2601c42eb80d98eae2c9dc,2026,False,b54a955398390f0462718eb45c968e46fac01e7ed75f016c91ecce2f7b8b8854
0xc7af0b3ea451c1e87f2153c8d5b44acc29d15a9f,2026,True,7df203d4c8ec4f983d9cc5d5c40005e765fb31d0362e801fab503e6bad60720c
0x82057ac0ea17eeac66be4054f8f942c49ccbf4d5,2026,False,5153c17ac0f3afcd52e5e51421c4621a0e1111335f143acc948f979b56f13bf2
0xfdd0654a61ada25e84ea8cf923150be10619365a,2026,True,7434fc989618c5aaef7edcf40d62c7595b7cfe47eb80c9c85510b70d657d140c
0x6a57247188bedaa6d7225e1eef5c92e452ee8556,2026,False,2578ee507782dcb41cb12f15211134626018446c143fd1eb3bdb41e194f98150
0xd153366aa7ba8ecd4dc15ad358735dd9acfbf0a5,2026,False,f9aae32e1274402bb60fe90da2d0ea9dbf2f8d564244d6c6fddcd3281b06031e
0xe3ebdea47b08beb8073dd2c293c844128ddcac27,2026,True,572f5e1f46c1cf9acd9b366e07d7cee3e55b83eb0e726707779e63a6bcad4e5a
0x01cebd088b71adb9a434340ecd0a3dcdb4de8b23,2026,True,6aad154c59604fa9b64f0940a9676506ee4542d051dd8a6e1c2e5f49b48648c0
0xf4e94e6c8d4b8d1e3f8ef67348a36c75032c9e3a,2026,True,4f5b6e63ea01fff4b93a972916ebf9234dac2a43d21841bd3e872935f944d7ea
0xbbb986dcbc670b02e2bd4de3868023e95b8dd7e2,2026,False,badc6d2fc54b8d04050ff199f3c9ea1d005c31497d380a10c931029350be58d4
0xc3b6f5afc1102e3c60ef77953890b2c4e945ec14,2026,False,cf4557406c7f32a22d2beeba0ae9987e82512b9f266eedb3582e03f6e59d19af
