wallet_address,EmployeeID,Name,Department,Role,Attendance (%),WorkHours (avg/week),PerformanceScore (0–100),ProjectCompletionRate (%),BehaviourScore (0–100),SkillScore (0–100),ExperienceYears,TrainingCompleted (Yes/No),CertificationsCount,ReputationScore (weighted composite),AppraisalEligibility (Yes/No),PreviousAppraisals,EmployeeWalletAddress,ReviewerWalletAddress,DAOEligible (Yes/No),appraisal_year,eligible,sbt_token_id,zk_proof_hash,hr_signature,BaseSalary_masked,ProposedSalaryIncrement (%)_masked,zk_input_commitment
0xcf37173bcc4a4b8d738c47b3eefe060b3dda9e52,EMP1000,RBDBD RBDAML,HR,Lead,64,47,3,90,74,58,7,No,2,33.6,No,2,0x665688320c63f76ae4b19cb5965d395e1deb1dd6,0xe3d9c08cdd3bf83cd2067e8108bdd0d959f55112,No,2026,False,1,zkproof_0001_hash,HR_SIGN_0001,CONFIDENTIAL,CONFIDENTIAL,23d4ea39956f80cf4ea540cdb9c70e2424bb2eaa159b8bb17c98e250bb7d8921
0xd63d630861a3c7ad1f06a9aaecb6d8753908ae8c,EMP1001,ENKHJ SXXYOI,HR,Developer,82,50,78,57,89,66,8,No,8,69.6,No,2,0x8b8f4379852b4cf1332e995deb481a5fb4455b6e,0x15077ac55dfba9c41879eaa1d024f2629b3c454b,No,2026,True,2,zkproof_0002_hash,HR_SIGN_0002,CONFIDENTIAL,CONFIDENTIAL,1a29fb1cb3cc7e4faf6cc74a71751c132812dc65daa7ca00b8120484e18ec77b
0x8a975e5a8fe756485316bcf76d270eae03b84777,EMP1002,LZIUC ZGQVHQ,Operations,Developer,88,34,5,81,66,52,13,Yes,4,31.2,No,0,0xc5e8e973c56f11ea5c8c11a76fef6477dfeb1a3c,0x1b9bd687a025c90b7e8f1689eaad48a031f5282e,No,2026,False,3,zkproof_0003_hash,HR_SIGN_0003,CONFIDENTIAL,CONFIDENTIAL,518b5f6ddf671a8b5dad023f4badb67359dcf5b32eb63015484de6fdf77e0f45
0x0e9d2e52fb97e95051386fcb576c0bc94809d721,EMP1003,RHSCH RBBCGZ,R&D,Developer,97,58,87,67,97,42,1,No,0,66.8,No,1,0x16e708b08d981e44f73fc4809eb67c3a32b31e53,0x8647e428e8e6dcd64563972facfe64e7e35a9dd5,No,2026,True,4,zkproof_0004_hash,HR_SIGN_0004,CONFIDENTIAL,CONFIDENTIAL,c3332e628d1cfc80ae6c1ff509730aa34850e9b73802bb00c163569e5781cca1
0x84d62ce0f94277fd07d92f7deafde7a3e3c029bc,EMP1004,TZZCY YUUWGJ,Marketing,Coordinator,87,48,22,91,83,91,9,No,6,53.3,No,2,0x9869c70ae2668102de89b45ad98c93acc3923e60,0x45eadadca969d0128a0f948907be80d26635435b,No,2026,False,5,zkproof_0005_hash,HR_SIGN_0005,CONFIDENTIAL,CONFIDENTIAL,bd4464867a5b80236cf72a9ad0da8377383239e97dcbf7d4293a084c8726e273
0x80fe01a81f9d3c617ef69d9eedebd711afe8992a,EMP1005,QCNHB HHUPTZ,IT,Analyst,89,36,99,85,68,96,23,Yes,1,82.1,Yes,3,0x74a3c41965ab5fcae156437d760242d57122834b,0x5f24baf6cf2acce2160c41499d8097a260c4ac4d,Yes,2026,True,6,zkproof_0006_hash,HR_SIGN_0006,CONFIDENTIAL,CONFIDENTIAL,c4a5a8ef707693c84f4bd14c476ea4335664f353370e6005fc049427dd840a1c
0x68afdcd52ac5e783a2b0af237b31dd8f3edd98c2,EMP1006,PXMMS EJJISW,Engineering,Developer,87,36,77,75,95,52,13,Yes,8,66.2,No,0,0x81812bbd6fc7177e0a75bf19d5ea7102cfc6e522,0x1a465b2be540e215447035c76de77072a1492ae7,No,2026,True,7,zkproof_0007_hash,HR_SIGN_0007,CONFIDENTIAL,CONFIDENTIAL,a1902f6603da27a5d82e57f9ec8db4e0fdfb6256803c9a73ba5bb6de5a893224
0xbd008615f8bef68b7c70b92a77907a65256d9f0c,EMP1007,ZDZMJ KJKHLN,Finance,Developer,60,36,40,81,63,75,16,No,3,51.4,No,3,0xc854ef12d4c120c432235efde173697211514430,0x6de2321f31454eb61c7b714aebd5e8934f4d4e6b,No,2026,False,8,zkproof_0008_hash,HR_SIGN_0008,CONFIDENTIAL,CONFIDENTIAL,4c905d0f67b2dd9f5e6034c7b1722c1575ae8a22873fb5d14482cb439d2886b4
0xadb94db88315ced47f7f67c3cbccba95c4599d07,EMP1008,MVXBT CQOALZ,Engineering,Intern,81,41,51,64,64,60,3,Yes,5,51.7,No,3,0x7d247c52176f2243975b8a8f74f98ea5235f8463,0xb432f9785b747db67dae9f0a2efed368e8cbfe93,No,2026,True,9,zkproof_0009_hash,HR_SIGN_0009,CONFIDENTIAL,CONFIDENTIAL,cf2895eca7e6fbc38fcf43ef0f6e9964b99a0df5bd2a4f1974661f90341dd9ee
0x2172c627fb736153b37c0c0c0d0c4e54fb3a9970,EMP1009,NKPZN AJIZAF,Operations,Developer,87,30,45,69,93,67,5,No,8,57.5,No,1,0xcbf79783dbb54f36b03e1bbe8cdb429c52ae4abb,0xd9ff66f1b1922ecfbe520e579e3aab116936f88c,No,2026,False,10,zkproof_0010_hash,HR_SIGN_0010,CONFIDENTIAL,CONFIDENTIAL,7a347e873465e0e7b77c3e677009b144cb0f6b62a421fd91185501bb618eaffc
0xb6716cd4f919934a2b405fd0579af53841e4e339,EMP1010,QCQYZ GIGUSN,HR,Analyst,98,39,50,89,71,84,20,No,5,59.9,No,1,0xf7f413989026e005ded4ba5e13064c90c88e9d35,0x3e4d3277a390088a390c1ea7fccfa68f4865ef85,No,2026,True,11,zkproof_0011_hash,HR_SIGN_0011,CONFIDENTIAL,CONFIDENTIAL,511dc005f1c1539bd546431958b323d69fbc06bf7d4ea70c24600aef795d3403
0xdc3c3bf52b3b53628fb90d68d81f2a4f062a3f24,EMP1011,YNGKE LOPYGK,Marketing,Engineer,63,36,65,86,55,66,17,No,6,57.4,No,4,0x8a013348bbb8fdc4cbd00e0bf7300c04c873d4a6,0x591ff2d40a1119be7090e4805eb5a6f75f9dfe6c,No,2026,True,12,zkproof_0012_hash,HR_SIGN_0012,CONFIDENTIAL,CONFIDENTIAL,0af9522cd6fda0a4acb3f4a9a356a108586f6ceda3e48d22607a591e0fe2ca40
0xe294dcb825c0b73e9ef5bb14d7647023472708ea,EMP1012,ZDLOB OGBMAP,Operations,Lead,98,53,49,74,61,69,1,No,5,53.0,No,2,0xa839a215da17a9c09263006c0b95e363c19c2580,0x0ae46e47a72a842c12d7155194136e35ac116f85,No,2026,True,13,zkproof_0013_hash,HR_SIGN_0013,CONFIDENTIAL,CONFIDENTIAL,a4a0af412d361b565cdde1d8d40bd8255593d0bc9edd2f955ed76f3b475f3bdd
0xfdd94882905cc00e478aefe72244425b428beed3,EMP1013,AJQBU UVATIY,Finance,Engineer,94,54,6,43,77,90,23,Yes,3,45.1,No,2,0xd5f62f03cd8b4d20ec436502e3567b73f665ffdc,0xd226feaba29c7fa8841d7a5ece0f5f713330cae8,No,2026,False,14,zkproof_0014_hash,HR_SIGN_0014,CONFIDENTIAL,CONFIDENTIAL,17499cc2d3989dbadae65ebb9e46d2b9a65e849ca0f8f08b787d60e37ab07a33
0x50a12cc82abfd949d486ba9f21abb3885065cc90,EMP1014,ZOEUJ UKCDVP,Engineering,Manager,67,58,40,71,80,70,12,No,3,53.3,No,2,0xbf775b6ba57b56614619a2c0c679685a03bddf92,0xb1d8fc2d36676f0d6ee7b0c10483a8558b74f672,No,2026,False,15,zkproof_0015_hash,HR_SIGN_0015,CONFIDENTIAL,CONFIDENTIAL,a208f7af714557e6b70670deb4586cf1294ce49edbcaf0642885878b02b86cd8
0x7546d6341f672786cb7ff67870e12b867db96eaf,EMP1015,SRRQH WWQSYB,HR,Analyst,75,35,87,70,77,40,5,Yes,5,62.7,No,4,0xef577d162596932c1f2c5e5cf16a918b2c97ed50,0x190f82c0893f065b6696d3d06224a49522b504f4,No,2026,True,16,zkproof_0016_hash,HR_SIGN_0016,CONFIDENTIAL,CONFIDENTIAL,6d5bcb9606d26fad08ff8a99814d9744ce0e9a904af9724a81ddd2c3680d292c
0x2366c9db986abd2dbf82beb4dbee20f4db3806da,EMP1016,LICCB SJMQDG,Finance,Analyst,62,50,32,65,83,80,2,Yes,1,53.5,No,4,0x2dfd87091aeb53b8ef353239d336b7bb9bffbde0,0x4f5f3b40e50d849466165a738c92b2677d82a081,No,2026,False,17,zkproof_0017_hash,HR_SIGN_0017,CONFIDENTIAL,CONFIDENTIAL,9da83d77eab933d51b7207544720b7e76a3f53522892190c4f9554f864e8de50
0x89de5333ad720f9a6cb9a07bc67ba4a2f7beb814,EMP1017,MJYSJ QXAGHQ,IT,Analyst,88,49,86,89,51,77,18,Yes,3,68.0,No,4,0x5c82ec311897f28c028e3c70e9d5ec41cbf77ac3,0x8761faed6b0389d68cfff020683fd1397d285067,No,2026,True,18,zkproof_0018_hash,HR_SIGN_0018,CONFIDENTIAL,CONFIDENTIAL,d4f94184b74e1c41964312feb3cd81482d28415805b98dd63a39ff5cbb52f9d4
0x4e18499694137ca6155d51d3e43b04139bb8a4f9,EMP1018,SUCAL RWAIDS,HR,Lead,74,59,56,80,89,67,17,No,4,60.7,No,3,0x32f80516ad1505f374831c8fa21dfff68407137a,0x5361cfae3d49016c67898a3768fab8c5f56e54c8,No,2026,True,19,zkproof_0019_hash,HR_SIGN_0019,CONFIDENTIAL,CONFIDENTIAL,2202e51631da833053cf1bec991bf761c54768af6a0c555fcf9d2889e7933fd5
0x9ce7c6db2b9401402f8e0b1811f8101500a3ebff,EMP1019,IEQXD HYMVUI,HR,Developer,95,31,31,78,73,44,23,Yes,2,40.4,No,3,0xa7a852c3dc229e8eed09622c90faebb9496d8cf4,0xff7c4d55aa39f435b75a578182e7b0e14a1be607,No,2026,False,20,zkproof_0020_hash,HR_SIGN_0020,CONFIDENTIAL,CONFIDENTIAL,407f62d3ea0f0f52bd46e4831c369cf00c523d2f753e2f995e3df106b9a56dc9
0xb2a27faa0d4475e0d1af0912c8e146f22f280a4e,EMP1020,HQOXF APXDCH,R&D,Coordinator,93,39,42,42,85,83,18,Yes,2,58.9,No,3,0x072fe9a3ebb880b7cd094e6f90cf4f62dd6bdff7,0x5b757f968a003154a21a4e49b38196aa18e2466c,No,2026,False,21,zkproof_0021_hash,HR_SIGN_0021,CONFIDENTIAL,CONFIDENTIAL,bbeb4c6f8440ff1df4ffdac1b07fc717241c6f4e7a40371cede9c625addbc91b
0x2e0810dd9e993db3ad3a9d8f5699d87f90b02d14,EMP1021,DNYWU HUABFO,Engineering,Intern,86,43,93,69,67,52,15,Yes,4,66.6,No,3,0xb27422332897b428b530da4a10bf0b1900aeb80e,0x2920b0e814207cc70ff9838b006e5bf34099abd0,No,2026,True,22,zkproof_0022_hash,HR_SIGN_0022,CONFIDENTIAL,CONFIDENTIAL,c164ac1c9698d65d02e6a819b152b1e860bdf4391dc491fdaa169010f7ea6d24
0x52583f00d78bc593a19553bbad1ee7cf2ce94c55,EMP1022,SPWSZ POYIBB,Marketing,Coordinator,86,39,13,59,92,44,19,Yes,8,37.6,No,4,0x6aa20500ca302c2eafe28530478859480d8dc3f1,0xc72a7a74fc1c8590966b8d0ed5a4a37874a34504,No,2026,False,23,zkproof_0023_hash,HR_SIGN_0023,CONFIDENTIAL,CONFIDENTIAL,96316318eed59239cd5e628a018483c648e32bb55273fe77830efff911ebf91c
0xa9e64ba0f0949288607bde471fda35d2ec671a3f,EMP1023,QDYXR ORZYVB,Operations,Lead,65,32,52,47,85,43,15,Yes,5,51.2,No,2,0xfdcb9a8e336958dcb69ab050e2f5de09de2112b2,0x81c1bdb16b3499bc0f7f0e4740181bad5c38ae6b,No,2026,True,24,zkproof_0024_hash,HR_SIGN_0024,CONFIDENTIAL,CONFIDENTIAL,69bca9c6658efe5c18e0af6bc16f4dd64ba42b0937461b0490099fc9525c6fb9
0x746a7979a70fc443ff39244876adde53b87df1dc,EMP1024,RZVIL FFCIGU,Finance,Manager,78,41,23,99,79,91,10,No,0,52.3,No,3,0xeecd50d4dc5ba322f6185701bd045a53fa70e538,0xb07196657ac3825b83f4a845f21ff258deaad914,No,2026,False,25,zkproof_0025_hash,HR_SIGN_0025,CONFIDENTIAL,CONFIDENTIAL,990b99a204ef3586793c88a97334bc4ac6a79d81011ef4aa50812c7c4bd2752a
0x3cf16888cef51f334974a627a6ffc3fcbebe0cad,EMP1025,UJVOE ZJUYXQ,HR,Lead,89,33,43,78,94,62,15,No,5,55.1,No,3,0x9f870fc1f39e3d01fd8820e888f0c71d21b35e3c,0x81345fd7acfeb8c2d4d528daa38904bc1b13f4b0,No,2026,False,26,zkproof_0026_hash,HR_SIGN_0026,CONFIDENTIAL,CONFIDENTIAL,bc2fe81044fd1396118dd367c9f196ebd26852f3658258ab976801affb9e86a7
0x6eb7f66ea5cf30edc07cc1b1a42be1497ec17bb0,EMP1026,AJRKH QCGGZM,Engineering,Analyst,94,48,40,98,88,96,13,No,0,62.4,No,2,0x4a690164fccf9adc80adcfac6d3ea8d9f951a7fc,0x5d266fa037a4b0c7cc092be97789213ebd90ed06,No,2026,False,27,zkproof_0027_hash,HR_SIGN_0027,CONFIDENTIAL,CONFIDENTIAL,ad0fd6808efe99b451f5a75997f07e1e7eb4ae7b1786ea426c133ea897b77a0b
0x4a74234878b9f10e37ba40b258636fd8d718058c,EMP1027,SPVVU UHVJBM,Finance,Coordinator,97,48,72,60,59,64,20,Yes,4,60.2,No,0,0x05fc3a99720387910ae6849d67a821da9dbfc278,0x27fb93e7848715a5ceed93130800b38e5a769f5d,No,2026,True,28,zkproof_0028_hash,HR_SIGN_0028,CONFIDENTIAL,CONFIDENTIAL,f1a93708a0dc4de4db07c860878c436c5ec438695c10ab1e47d57dc298f6c0b2
0x41bb362ee9bad17cc59dc4e5e24e8d01286d771d,EMP1028,TPRDP SUOXBE,IT,Analyst,82,40,21,63,70,63,15,No,1,41.4,No,3,0x27e9de8821b10f676a5806cee53d64cb0a9c2f8d,0x13121df5796cee3c1b2f245515532835d7c8b072,No,2026,False,29,zkproof_0029_hash,HR_SIGN_0029,CONFIDENTIAL,CONFIDENTIAL,202f07fb0ddb33cd12193023426c7c90a8f24f40ecc1b0c6fd456d9f940ef7bd
0x1b5c864b0f93fa62e4ac8f1f8e4c38a8cd0165a7,EMP1029,GVBKN YRBRXW,Engineering,Developer,90,46,46,68,79,73,22,Yes,6,56.7,No,4,0x55931362a324bcafb500a21da52878add532c144,0xb58c9f0b0ca5fb1314f4658a5dbbf7ecd86ddd9b,No,2026,False,30,zkproof_0030_hash,HR_SIGN_0030,CONFIDENTIAL,CONFIDENTIAL,f3b5428fc3c97a39eb0ecec8ebf3fa5a60666b53e8faf3ce15d5dd5c2adffb4e
0x9694edf8f0c82fdef7c67d7e26c656230c901587,EMP1030,ZTIMW QCNJYR,Finance,Intern,65,54,61,91,77,71,17,No,4,61.5,No,3,0x149d152c283fea26409fb29bdd5a6ca6febacb5c,0x0899ce52e7c6633ed1bacad28633b0c0d8584c4f,No,2026,True,31,zkproof_0031_hash,HR_SIGN_0031,CONFIDENTIAL,CONFIDENTIAL,5f513b8dda34acfc9eee4d7d33d3bb54aa982a4a396c9ed085de33d5ce00acd8
0x3491de4509b8ed3418f902ca28bd85e053a0cbd4,EMP1031,EJLSX QTGZBV,Engineering,Intern,85,59,18,69,71,84,1,Yes,7,47.3,No,0,0x454182d25c536168b1b5d2160a2510e7c22df793,0xcd81c6e076da51d7f02c857656e45d39721f9ca7,No,2026,False,32,zkproof_0032_hash,HR_SIGN_0032,CONFIDENTIAL,CONFIDENTIAL,7c4a1b83471efa8eaf4297a122ba3a373676744126234f1efc171f1226afe191
0x6803f3df08fa5b5ab86d8ea8b30f18bce6d1c5b4,EMP1032,VUZMU FKOIBN,Finance,Analyst,80,55,90,80,92,62,24,Yes,0,73.0,Yes,1,0x38f907c49c62c76607f47aa353d4a8338822c307,0x30aaa9c028218e491033909d16a604023f61bd94,No,2026,True,33,zkproof_0033_hash,HR_SIGN_0033,CONFIDENTIAL,CONFIDENTIAL,16ace3e92eb41145d47ff8e9131ce8244b317502ed829cbda4bc392ad07ad837
0xb4cd1bb4b1b430584cb3f3396684634fcc7dc790,EMP1033,KHMOT KTBJLJ,Finance,Developer,87,32,42,64,62,94,24,Yes,3,57.7,No,1,0x7ce2aa2cc11432d01ab9f9316146c102f18e2800,0xb776875cbcaa93b3d062111cb01aeaa2cf5e95e4,No,2026,False,34,zkproof_0034_hash,HR_SIGN_0034,CONFIDENTIAL,CONFIDENTIAL,a16d18e014384d199575cedc99e0e090fd0ff025e183e0d4a591959e5899ce47
0xab63f54f9378645559017e030b64f357e7d10cc0,EMP1034,QQUYX PFCSKE,HR,Engineer,79,54,74,78,55,41,24,No,7,53.6,No,3,0x56b47e44865b078a45c4767abe168edc8ce18c3e,0x314d09ed4c77866a72c495b69f38e43a7189c3d0,No,2026,True,35,zkproof_0035_hash,HR_SIGN_0035,CONFIDENTIAL,CONFIDENTIAL,2c8f851a945279abc5a89e7f4096ce5fc352b313c04dc369c5591480074efba7
0x75277eeb5de7d5fe8738fe01adcf098a4e5dca17,EMP1035,CUTEI HIGNCU,HR,Analyst,96,51,66,50,64,67,6,No,4,59.7,No,4,0x5518d1b68bf2278b16cb4279f0074fbca8c4bb73,0x6298ffc404527b32445276fc61a51d4239a9d015,No,2026,True,36,zkproof_0036_hash,HR_SIGN_0036,CONFIDENTIAL,CONFIDENTIAL,1c9969eebdb8413103f178ff0417b5025bf57774bfd577a3389e8b077a668c76
0x4448c0732f5129a390881b69b21f46c9540945fe,EMP1036,ACAJO IZOYOC,Marketing,Analyst,85,57,50,94,68,87,24,Yes,7,60.4,No,2,0xc5a2db571c399774d7d1d6be5e514109f0584f8f,0xcfb9d0c9db7cc0331110cf12afdb74424dafbc06,No,2026,True,37,zkproof_0037_hash,HR_SIGN_0037,CONFIDENTIAL,CONFIDENTIAL,b3b8100a20d07574b405ed02c275fae4b83c5c675e5e66c5088703ffec381293
0x4c21d6d7e79aa765b71f45eb29f31d4bd8e88ade,EMP1037,PBDVF TYNILF,IT,Analyst,98,31,66,87,93,82,6,Yes,4,70.0,No,3,0xf7cbc2d6e9d2e0de082deec9e69dfbca1868c53a,0x5555fe76e4ae8888076ba3ab8ff48f2b4cea2542,No,2026,True,38,zkproof_0038_hash,HR_SIGN_0038,CONFIDENTIAL,CONFIDENTIAL,a49fe5e7d4b25dfe5b6a387adc544db5bb2962251fb179101f213a8e05f260d5
0x6f36007e429266591f3a592df950cddbfcdf5183,EMP1038,GBOPQ TLAQJS,Marketing,Developer,60,59,85,86,81,65,13,Yes,0,69.7,No,2,0x6c14d7af011f77db449a29cab5300d775f3567cf,0x0858035e132027ae22d663dcfa54b347e034689c,No,2026,True,39,zkproof_0039_hash,HR_SIGN_0039,CONFIDENTIAL,CONFIDENTIAL,eda576f8bdf237a693304fbc1ceaef1f14cd0c323fa53b6432c3262569ce72b3
0x0966f3e21c912133627179b4b814b268635a92f5,EMP1039,KAQZZ LYSAFP,Finance,Manager,63,58,52,52,51,58,16,No,3,48.7,No,3,0xb84ac848c8f04137e00f44a6984e293995ab728d,0xc8d41fd806a08de6ed41f8844fef0c9e5b06ef7b,No,2026,True,40,zkproof_0040_hash,HR_SIGN_0040,CONFIDENTIAL,CONFIDENTIAL,e692d270d1fc77928e25defb6c0cff791d21128ad4728433d9a3610adb1ba75f
0x309dbaf116e48421658e62d7c7109f01a525d09f,EMP1040,VSBYO VVGAPV,Marketing,Coordinator,95,40,2,41,68,73,23,Yes,2,36.5,No,0,0xdc06ada4e0e49dc8c070fad4c11ec10dcb6d3788,0xab2df1069133def52e46d9607f59bd9a530a1325,No,2026,False,41,zkproof_0041_hash,HR_SIGN_0041,CONFIDENTIAL,CONFIDENTIAL,6f45ef0cab861ca24428dfa22e627de6b5a6d039a1b11b2abe0350846f102c38
0x91de153a33bc057efd29c37e697e8ec94a0031c1,EMP1041,PWMJS FTHNFK,Operations,Lead,95,34,66,40,56,54,17,Yes,4,54.2,No,3,0xe9e613955a3b61faf6e421026355c5086286a384,0x7764eb26d0448668c8faa6e0818676d6543c1392,No,2026,True,42,zkproof_0042_hash,HR_SIGN_0042,CONFIDENTIAL,CONFIDENTIAL,e89c88f6c46f74906cca41790d654db67c86ceba8a7d32cc165d3d8c6b314b4b
0x2f846a00e93d5988b493133d28e630ab52319b51,EMP1042,QTBIL ULJZZA,Finance,Developer,76,46,38,87,58,49,10,No,4,41.9,No,4,0x4b942d4003dd0ff54fc64e3e4cde63cdbe8f6b33,0x716a91564c02394e2bd5d3c45d10a538a6ccc886,No,2026,False,43,zkproof_0043_hash,HR_SIGN_0043,CONFIDENTIAL,CONFIDENTIAL,3a33b19b0a75367fe14d90621f1210125512b619281186cfe5c5902a2825a6de
0xd100562214e8e1ac662cc517d791f69dd3af82a4,EMP1043,NFBLX XDFTSB,R&D,Engineer,85,46,16,49,86,60,10,Yes,7,42.3,No,4,0x933aba9c11246abc6de79cac332715b482783a84,0xe37d6e01524edc102a3c6c33f42f709061a47fd7,No,2026,False,44,zkproof_0044_hash,HR_SIGN_0044,CONFIDENTIAL,CONFIDENTIAL,7271177272c2ab20d6a18a2a37f7e14ade2a7a29ee56f3375ccc2710c1cfdbb0
0xeebed888c1a27b3764cac08e8b796d44c9b9bdf5,EMP1044,GRKCZ VSXZBP,R&D,Manager,93,34,91,63,58,50,0,Yes,5,63.5,No,4,0xacd40ee3a165f5c18a40b3f235d46589bad4dbec,0xefe231b694c4a76a0257266f1b18157342555bbb,No,2026,True,45,zkproof_0045_hash,HR_SIGN_0045,CONFIDENTIAL,CONFIDENTIAL,a423865c67db70729bb5a6cc953276382775ea2ae5dc382cf9124b6322a93869
0xe39e75a5e3e04812d8ae310f6781f9f573322cbb,EMP1045,JOLET EZSEWB,HR,Coordinator,90,33,29,85,56,97,0,No,3,52.2,No,4,0xf63077d65d9a744d5d1f8edbd38d185e2556d5fe,0xf2b96f4b75bcee5317617e3379e29d51d2897d7c,No,2026,False,46,zkproof_0046_hash,HR_SIGN_0046,CONFIDENTIAL,CONFIDENTIAL,b50c718919fec4f559fbeff2a1e653914685953ccdb51c590ee5b75d0812fc76
0x355d59ef6017deda67744fd552cd5fbb8b969465,EMP1046,ZGEJZ TUYPHB,Engineering,Coordinator,61,53,73,64,83,46,15,No,5,60.1,No,1,0xe88991ca8964caf19502686af1c5c7e983d36cb7,0x53f8434c10d583013c7a5d801858498c3cb7d356,No,2026,True,47,zkproof_0047_hash,HR_SIGN_0047,CONFIDENTIAL,CONFIDENTIAL,3f1b38a776515bdf2b8f3075eb6395e29e0c9ffd72f9cae7850c8f55bb865d32
0xf39ed7a910335c0b7cf678aa0b04856e03ce7e2e,EMP1047,DSDPX ZGIZGT,Finance,Analyst,96,57,56,68,77,76,19,Yes,2,60.8,No,1,0x22e46168a311bfd0c02e977977f1aeff5e3b40b9,0xfbdb5815c58477544c729c825b5cec63dc0ca0c6,No,2026,True,48,zkproof_0048_hash,HR_SIGN_0048,CONFIDENTIAL,CONFIDENTIAL,89ce58e271dd54aaa078f048f015ef56e73d3a30ada8a216b8f6fe7fb3bedf5a
0xd076d981f4fd8e915d42e8bca9d8f918ae253cc2,EMP1048,CAAHI JYRTRG,HR,Intern,89,56,58,66,92,62,17,Yes,0,60.2,No,1,0x97a9c0eaeaf4f4ccdba7f8c6738a0fbf2b7fdde8,0xb60efc26191581ae7c5e02877b34f3e1f49914f7,No,2026,True,49,zkproof_0049_hash,HR_SIGN_0049,CONFIDENTIAL,CONFIDENTIAL,8c5e628b34b00d36fa75fc884b5c6606bf1f1ec784758aefcdbe847dce110506
0x724741df27f0d9ca082b6d7d899bbaf11fea4578,EMP1049,VPVOQ NQSWZZ,IT,Engineer,70,30,54,95,86,99,8,No,3,68.8,No,2,0xdc29db875b60df40045d68932ce6ec3baaf74d35,0xa92efc1df2e4102ddfa554e44cce050af07d7802,No,2026,True,50,zkproof_0050_hash,HR_SIGN_0050,CONFIDENTIAL,CONFIDENTIAL,80146cce48cf2af2b08cac53cd4fcca9b731d614a7bcecd226bc07974699b08a
0x0d38605bd807987311144db59bf433376daad32d,EMP1050,LNMKG JUXZAE,Finance,Intern,87,49,25,79,81,41,1,No,0,38.5,No,0,0x1a9edce7a1eb9a20440a6f2844359746ff558958,0x715213853c8fb489f4842383376122ec4ea60710,No,2026,False,51,zkproof_0051_hash,HR_SIGN_0051,CONFIDENTIAL,CONFIDENTIAL,848b74ec75b184b7e411ec5582cfd28e830b5082f968ae05044b6ad33269f62f
0x03451f1ad85d40eeb2388fbb06a45e0d73b542e1,EMP1051,HDCVL JKBHVN,Operations,Intern,76,37,51,51,52,77,23,No,5,54.4,No,4,0xcf1d03d2e33a59ad80bca86df7e84b851555e015,0xb23f22d7263d8c1820254dbd1d634092cbcaee72,No,2026,True,52,zkproof_0052_hash,HR_SIGN_0052,CONFIDENTIAL,CONFIDENTIAL,b35ccf73f8b7aab82b7315d7ef94b794a2645414305af6a5cb41ab699b99a772
0x2b237e6773595f3090d9619baa91e89c9db0a7d9,EMP1052,MRWXW RDKCFE,Engineering,Coordinator,64,35,1,82,98,42,19,Yes,0,32.6,No,2,0x83fb6e2556e4deff18e24a05530b6398d7b95ebd,0x17bd06e48446615a244db2f136d558fb134e5dcb,No,2026,False,53,zkproof_0053_hash,HR_SIGN_0053,CONFIDENTIAL,CONFIDENTIAL,7185f044cf14830c68693d5f1b0ee7b756b2df4ddf7a4407af8499700b2b94ed
0x6141811b453edf942dcbedad3321efdf3dce4ee8,EMP1053,PNNSO FUEZWC,R&D,Lead,96,51,34,92,53,47,8,Yes,4,38.7,No,4,0x9fbe3147cfa77a0f68401964a34ac36c1db8b9b0,0x719b135fd63b0472c46d10718cef210ea3d09622,No,2026,False,54,zkproof_0054_hash,HR_SIGN_0054,CONFIDENTIAL,CONFIDENTIAL,e083dc99c57e99f43d8a9e4f9dfa70f3b80775cf113f47ab11446ec4a6b2b32c
0x9d88a5b9ecc49c893aaa02aef60b0d59c54d9ab8,EMP1054,TUXPU HZJNGD,HR,Coordinator,65,52,42,56,60,95,6,Yes,5,57.8,No,1,0x08dd645ac102a777e5045ee22708dbc0eafc0333,0x845d6466ab8c50adb5f70b1d29fbe1eadb3b7ee7,No,2026,False,55,zkproof_0055_hash,HR_SIGN_0055,CONFIDENTIAL,CONFIDENTIAL,7f7712c5347e5201bce1456e01f42ff0401c375de786ebca7d8b968b3dcd28a9
0x26f25dd11d85e5e0fab5005c04e0b5c56db1fb79,EMP1055,NJZZL YIRMIF,Marketing,Engineer,70,37,71,40,74,70,20,Yes,0,64.2,No,3,0x1b7c463836ecc4023880cb313425111721c9e886,0xf7248910c3f4163951f64e8c08e7c793e4f06f52,No,2026,True,56,zkproof_0056_hash,HR_SIGN_0056,CONFIDENTIAL,CONFIDENTIAL,b5c29bc7b6e28b9f4d1bfd1c21dcd5a96a19a99b4f155bef7be44e29900b02e0
0x48040ae84943b4513a25554ec9c46bd22e12ff57,EMP1056,XVOWK CEROQR,Operations,Lead,71,59,48,42,88,57,11,Yes,7,54.6,No,3,0x48edc5ac62bd91eb8e275fce5b527ee82f5b8608,0x78be33c7efa6528944e2ea7d1563ca1a048a9338,No,2026,True,57,zkproof_0057_hash,HR_SIGN_0057,CONFIDENTIAL,CONFIDENTIAL,fd09d1392d09be929e945693218a6546fc61c5850a25ceb6ef1be73d31fc111d
0xa636b95668f1a076e0c8525635d66b11ef10076f,EMP1057,QSSDN QBMSCT,IT,Developer,93,41,37,45,91,55,16,Yes,2,49.7,No,2,0xb72030b81a383108189d68fb636aaab2c7cd79e3,0x9b8c9abbfd6ede6ce0f0bd5966afff59c0db578f,No,2026,False,58,zkproof_0058_hash,HR_SIGN_0058,CONFIDENTIAL,CONFIDENTIAL,9dd9ee2bbdea0a61285f3f77f0ec94a22c80e531e8887c2b05ed8a3f1d93145e
0x8a57b375438bbf3587534d289464d6eadbdc029b,EMP1058,QMAZG TYEUNK,Operations,Intern,84,54,8,62,78,41,8,No,4,31.5,No,0,0x547c2765b2ae5dfdcb518d9c69a1fda187bb7455,0x6ad85654e220f5846cb2bbff2bb46246e75135ef,No,2026,False,59,zkproof_0059_hash,HR_SIGN_0059,CONFIDENTIAL,CONFIDENTIAL,7aa2108995c82d80a2601ed3676d2f83e3b0110dbd0c48d1698700b6cea4555b
0xe0a492fa691b152fc548a6b31af40a8231d9f6b7,EMP1059,CYHVD SQEJOE,Operations,Manager,73,51,18,61,54,95,11,Yes,0,46.5,No,2,0x55b94757ca227e0f4daf1bc6dce740007ef53cf9,0x202e8d751bec42a8f58aaa80ab42b216bc612ef7,No,2026,False,60,zkproof_0060_hash,HR_SIGN_0060,CONFIDENTIAL,CONFIDENTIAL,42f5ce40d7fc0836810579553b34d49fb5c47665bf90d752a2bc979bc5642c9e
0xb3f8612ad48f779372a87cf83e053c6bec59f895,EMP1060,SZFOT AUTHDG,Operations,Analyst,70,53,64,42,87,40,13,No,5,55.5,No,3,0xfc7963c2803cc4e6375f915ace5935454324d77b,0xe5e9b178bfdcf159c1f76ffee74ad55c47f79e2d,No,2026,True,61,zkproof_0061_hash,HR_SIGN_0061,CONFIDENTIAL,CONFIDENTIAL,06c923efedd2e03dab27e9d94956441137b61636cc1ccbae0d9493b16bbe2dff
0xf7b7051793c615b982d5695f599e0ea69a851d78,EMP1061,JJTVS OPIDQW,IT,Engineer,63,39,61,41,70,69,11,No,9,60.0,No,4,0xe675de0146c9c5e131d541cab74bbe54e87e21f7,0xecd33adee66fffb194fb70bff9d4820076937b65,No,2026,True,62,zkproof_0062_hash,HR_SIGN_0062,CONFIDENTIAL,CONFIDENTIAL,516a8b0bf170e10921129b7f66cfe8fa28054c406cbcc3ef0e86aabc7a0de69b
0x6f1473074802b51d363fec03fe06ba9f9c0d10b1,EMP1062,ULMHN TEZZDP,HR,Coordinator,67,55,58,65,59,68,1,No,9,56.3,No,3,0xc88c669ce35de28da870e56e33473603339aac3f,0x5e8be7a49e231dc884198eaad778407af1a2fbbc,No,2026,True,63,zkproof_0063_hash,HR_SIGN_0063,CONFIDENTIAL,CONFIDENTIAL,17b371d8e310a18e72835ebfa32c59a6919aeb06cab33b821cd438dff574b76c
0x122e4d4d96d7fa47097538888e46dcbe68bce4a0,EMP1063,MNAYN GLLOAN,Finance,Coordinator,78,36,61,87,98,76,11,Yes,0,66.8,No,1,0x1df4b57128b390c5476465c37cb2e86f20b9cc74,0xe0b2792dfa82b8b7545f3c89966faf86f5499675,No,2026,True,64,zkproof_0064_hash,HR_SIGN_0064,CONFIDENTIAL,CONFIDENTIAL,f682bdbb6330d91e32d611cb409a7d27f43b9ce62af4653c2014a16302aa480f
0xfc71d8f9277909e3a74bed66adefa09490b9431c,EMP1064,NOXZS ZFHCZV,HR,Developer,74,44,35,90,52,49,7,Yes,1,39.2,No,2,0x67af3d89b3452bce5c3ec101a1c20737b076d694,0x6544bfb4860c918cdc869a172fe09b458eea2945,No,2026,False,65,zkproof_0065_hash,HR_SIGN_0065,CONFIDENTIAL,CONFIDENTIAL,e2f07d004c5476c6b7d7d0be2f500968b3895f73c502b335cb584f8551ded0ca
0x3e310461f7d5b0f0bbb5f4cedff1db9d95fefde5,EMP1065,WMKPS GYBYGE,Marketing,Manager,74,45,6,51,83,70,1,No,6,40.6,No,1,0xc932f29dcdb1ae68efc65248c579acb8bbb7b205,0xbe8f224b5ede05fcd461582cd6ade53c5a3a730d,No,2026,False,66,zkproof_0066_hash,HR_SIGN_0066,CONFIDENTIAL,CONFIDENTIAL,40c737178708061ffe627e945acde6de05f0c51c1940c54c38e55cdf745d9b8d
0xc609d69a4b3a12c5faa5745c78e245ab665dff83,EMP1066,UPOHK UDYWPI,Engineering,Developer,67,55,91,96,62,50,3,No,7,64.5,No,0,0x5c1f54f2355211b3fb1b6ac9b307deff89834792,0xce1c63e50bd6158e5ac5c4450178fd8b53e325a2,No,2026,True,67,zkproof_0067_hash,HR_SIGN_0067,CONFIDENTIAL,CONFIDENTIAL,5778212da50bcce1bdb0113517f0facedced13bab4eba4a1a1427ba28387d1c7
0x43c079cf124915295ebf630085633699bf2161b4,EMP1067,BCXYZ ULYBBZ,Marketing,Intern,78,52,87,88,59,78,23,Yes,9,70.9,Yes,4,0xd07795b46ebd2e60b2a8f9a1cc00084867ec579d,0x60922a59a1e30ae61a6c255d5e89d7dd683fe5ba,No,2026,True,68,zkproof_0068_hash,HR_SIGN_0068,CONFIDENTIAL,CONFIDENTIAL,e4c02b745146f2da5a498b0636c61cd8c84df6fba4685d88b787ffa9f34d7d33
0xe21766720656fba84a4d10a233484c0347bf5e83,EMP1068,JAHOB PQZZVV,Finance,Intern,78,45,49,84,86,90,22,No,6,64.4,No,1,0xae495e1e5f4f55793ed3ea628483987a7236507b,0xa78877ec3379bef25f017439b653ab79c0d38a9f,No,2026,True,69,zkproof_0069_hash,HR_SIGN_0069,CONFIDENTIAL,CONFIDENTIAL,745a6ebcad689baf626dc53edde10fab392b9989d8f83ed2739488a2cd213279
0x1729cba5f46673973e036b8a7593f9f9d0e5c81a,EMP1069,DRSFW VIOTCW,Engineering,Lead,73,48,96,74,95,67,21,No,4,77.9,Yes,4,0xdeb2299dd1bf1d0b7f7bc040e1a50a465b12e0db,0xf9dbd77a301c874951ec4e512cc60d5b14f4eb40,Yes,2026,True,70,zkproof_0070_hash,HR_SIGN_0070,CONFIDENTIAL,CONFIDENTIAL,59a0c7be627094e3513d347260bf37f3281fa6f590ac4163f570bb71015b1374
0x6da78d67b19a7852ef2539ed2b8eb418ad96bab7,EMP1070,IKGZM VSTYMQ,IT,Intern,90,34,7,54,78,40,22,Yes,4,30.8,No,2,0xcfef07731e3939cb09437a11c199f1583fbb641b,0xb60950265e637451d15e20a5dae4e1cdbfbb1ba5,No,2026,False,71,zkproof_0071_hash,HR_SIGN_0071,CONFIDENTIAL,CONFIDENTIAL,b793e66148c816ecbd084b4c3845ce4c161293a04dd9272427213ea89f374308
0x7cf3341998a1b548ead4fc42f6bb8e71c72c42ad,EMP1071,AIEER DLECIN,Marketing,Lead,84,57,40,96,59,87,16,No,5,54.4,No,0,0xe45dc591500c83d8d755b4cbf10bdfb49ea6c3db,0xd13291c47ae6bb307be6551e213ae0d98fe54a24,No,2026,False,72,zkproof_0072_hash,HR_SIGN_0072,CONFIDENTIAL,CONFIDENTIAL,54ce84d63b9b7633ec72855a2e16cd07ec46e3eca525795f2a6936d2eba8c86f
0xaccb227d184d5e15565196e8fe325547f3aa3f48,EMP1072,VLHIZ EZEXCK,Finance,Manager,94,59,22,80,65,79,0,No,2,45.7,No,4,0x2e6af3612f6664e3987d74ad3686ee620e284c0f,0xb9680a7241dc5f414c4381ffcd06cba1f95872fa,No,2026,False,73,zkproof_0073_hash,HR_SIGN_0073,CONFIDENTIAL,CONFIDENTIAL,62f84fdd5d6c1669f5d9d0d4350d853ad3391a6ef72a07f5617d56f353d14666
0xc5a5fdb5c6e625b1d27990b390033380415124ca,EMP1073,NHATM VJUDVR,Marketing,Manager,76,58,11,86,82,47,1,No,5,35.4,No,1,0xf19cbbcfd7ed06efa63f49bc9eacf4e8a32915dc,0xffe9c248f9f43480b4030de61c874892773ec804,No,2026,False,74,zkproof_0074_hash,HR_SIGN_0074,CONFIDENTIAL,CONFIDENTIAL,84654237610e6e7682fa518a9f37c68f00a08645064e6234bac228780d918876
0x02d836b6f7983f4ee60b3970f22090a804878abe,EMP1074,QDZSJ HFAZPR,IT,Analyst,95,55,19,80,73,87,5,No,7,49.0,No,0,0x3a3cddfd7eaaa203de30065b6076f5ded0c33e33,0x43a1f85e3bd5bf9071224a4067e59dd92d2d00ac,No,2026,False,75,zkproof_0075_hash,HR_SIGN_0075,CONFIDENTIAL,CONFIDENTIAL,07f8f5f97ddd10532bced662c932bcafd051c50303fceafe0f301fe1a815316d
0x0cf4bbe372368967a47e7f5cb03b7d16df3d389d,EMP1075,CEOUA UKSYOY,R&D,Coordinator,70,53,5,77,60,70,13,No,6,35.6,No,4,0xf106fbb0ef41e625525755cf8030d3152062b119,0x9dfed33ba76c37c9e49fc798c7aa0ba142bfd7fe,No,2026,False,76,zkproof_0076_hash,HR_SIGN_0076,CONFIDENTIAL,CONFIDENTIAL,94ee1b0d28bb4ee773a246835e64732ba6e0d4aad94ebcfc25bab1e5040a7174
0x5bffd14bf57b6ef81650db0842f508e907625066,EMP1076,KFGPD QHQJVB,Engineering,Engineer,83,34,72,55,67,70,3,No,7,63.9,No,3,0x3abc6549a74e9fc5ad3ce0f8a62901934f20aa08,0xcd420ad8ebfffc38f05cfab7a6c2b20f93c6d6bb,No,2026,True,77,zkproof_0077_hash,HR_SIGN_0077,CONFIDENTIAL,CONFIDENTIAL,cbed03678d09ddfc77cd5bf070c7d86303017fb106e9341dce7c8b4c9fd2c2b8
0x3dce08209bceaba7fcf081f957d7ee910d92c03b,EMP1077,DNONI XFOHQQ,Marketing,Lead,91,58,5,75,53,53,11,Yes,6,29.1,No,3,0xf8b0dfea11624fd84cec2b716a10cb942d95fcbc,0x75551a2c42ea890502c4b3dc066f50d25e5ca601,No,2026,False,78,zkproof_0078_hash,HR_SIGN_0078,CONFIDENTIAL,CONFIDENTIAL,f02baf89ed3c6bb2858fc87fc814ecdb022d3b29241515b08933ba7289699a62
0x5596335d77e94ca6e8f8164729bf19e702b64e21,EMP1078,CXSHB WOHKIT,Finance,Intern,90,38,18,79,96,40,21,Yes,3,38.7,No,0,0x6d559ec24be9a457051e75ec482857458570dd07,0xda26705f0eff2260bd6b15e697b3d922ea266b24,No,2026,False,79,zkproof_0079_hash,HR_SIGN_0079,CONFIDENTIAL,CONFIDENTIAL,743b3079ac1b14f69f6808a63e55d8f774ba9e558d2c60582d66af7c1cc458c4
0x10d16c82e0a2ef29935293319a04c1c200ed4eda,EMP1079,UWJRA GQWIXO,Engineering,Lead,80,30,61,81,89,74,24,Yes,3,64.7,No,1,0x4b66415b396995a34dca2626405e4fb02ec6caf7,0x2c18f89a6ba22b5d1d9b22859d538e23fed517d6,No,2026,True,80,zkproof_0080_hash,HR_SIGN_0080,CONFIDENTIAL,CONFIDENTIAL,d47c93fd813c884653a222ab14686fff43aab137238ac3ef4895e173857367dc
0x2b1af4f908e243862f6f47fda5fbf380b55e36df,EMP1080,XBFUZ FYKRNG,R&D,Coordinator,93,53,67,61,61,92,19,No,1,66.7,No,3,0x4f4d62173febca5b74e654d1b497e1089fc6e1e1,0x3dd1c855d1ee80139a5ab827d943fe8e4ecdf811,No,2026,True,81,zkproof_0081_hash,HR_SIGN_0081,CONFIDENTIAL,CONFIDENTIAL,58646892f8f33a16feba8be85757abe374c51a8f0cb24af3318d66431e4fe651
0x78b3fb6c9c99e8fef1dde569c1321319c26e5c68,EMP1081,RQZMQ BUVPWH,HR,Developer,81,34,96,61,85,97,1,Yes,1,84.6,Yes,0,0x160e5032884de1a1fba5884b5f5b32258d16f8bf,0xaa8d221bea19c1588b87e9cf205cf61ed57bf0c8,Yes,2026,True,82,zkproof_0082_hash,HR_SIGN_0082,CONFIDENTIAL,CONFIDENTIAL,8b02f0861d1a90d80de01262090fb522f19384594c950911e17af6005275f9f8
0x36f52e50bdcb528ba72005c72167f5ed4c9ef408,EMP1082,IGQSW NDMWYB,IT,Analyst,65,46,3,76,50,90,5,No,9,39.1,No,1,0xfd5fc27737e78364edcd95a985fb99aad5bc7e68,0x158bcaa0540a9849cf3904d6a53dbfa8f7568437,No,2026,False,83,zkproof_0083_hash,HR_SIGN_0083,CONFIDENTIAL,CONFIDENTIAL,65add94a6639b0f2d37ee4d71f73c7ceb1f1892829443401e993bfc575cecb24
0x866c0dad6a6aa99750906c301955ffcf39bb1fe6,EMP1083,MTUQH MEWVDT,Finance,Intern,78,45,59,94,92,98,23,Yes,6,72.0,Yes,4,0x86f71a5398566233b87105fb302710bf4475ab0b,0x3b63e3e77df1149f013966c7353194d4b936601f,No,2026,True,84,zkproof_0084_hash,HR_SIGN_0084,CONFIDENTIAL,CONFIDENTIAL,c6d76369da2d3c3251e4dee887837a9ded7497b4dcbe1f50885e83492fa2de80
0x8ef57c1f9336cf69c989f091c3e7a5ae7e32257a,EMP1084,JRZDH VKFKKL,HR,Analyst,98,35,12,42,86,71,23,Yes,6,43.9,No,0,0xbe23f5777b582d66eb9b71d64af79a44497b588a,0xe1c955f8b373098f6b5b4e9c92a2de6592629ec0,No,2026,False,85,zkproof_0085_hash,HR_SIGN_0085,CONFIDENTIAL,CONFIDENTIAL,f6c449d7df7f339558a956d76ec1c7eeb73108a36fa6cedc2d6e9a078c51a8c9
0x38d2cce066905b6afe60002c413c2eb6e6b820f8,EMP1085,GRBZO BSZGKE,Marketing,Developer,79,45,46,66,73,90,5,Yes,0,60.0,No,4,0x41ce14c51e7a48968eed0beac34708c590ec581e,0x726236a3a37fda7b37191ca6f603f2b75e63bd9f,No,2026,False,86,zkproof_0086_hash,HR_SIGN_0086,CONFIDENTIAL,CONFIDENTIAL,7f15c9ac7f9796b06f0a9ffb7a240e86196db3c17b3be07cad42ca0588b8fec3
0x758bddb641ffd990fd986c24b1b2fb202f57662c,EMP1086,WMPSF VSQRLE,HR,Manager,91,47,64,80,63,63,24,Yes,0,57.1,No,4,0x4ac67bba48603701c8410c395b4afffd325ed4d5,0x4d15bd09af800d47c6d5d070cbc8c1e9878d0122,No,2026,True,87,zkproof_0087_hash,HR_SIGN_0087,CONFIDENTIAL,CONFIDENTIAL,83bdfd3f9bc1998e82d1eee6ec3e0c3dc5a8a289c6b85fe97871e57d76882783
0x441e3fa3fdf6293fbcfb953a81ff4b78bb578cd2,EMP1087,QHXDZ JOFGRK,Engineering,Engineer,93,38,19,64,87,64,0,No,8,45.0,No,1,0x9f5c2a560b368dccda7ba854e3e25e49809005cc,0x0abd106e19e418c3909cd8124f53f9b61d866e86,No,2026,False,88,zkproof_0088_hash,HR_SIGN_0088,CONFIDENTIAL,CONFIDENTIAL,98031ec3a7a4f6ccac3529434f755673b55f39bbb41154be2134e3de58195280
0xe4fa4e3b14845286e29aca04ada331e64ce2fe39,EMP1088,UNEAL GRPURE,Marketing,Intern,88,38,6,96,88,78,3,No,5,43.9,No,3,0x24996b9c9856095c1980ac83e3b69422388e67f3,0xe5c4fd5a2312af8a55f8906d21a09613b3b1067f,No,2026,False,89,zkproof_0089_hash,HR_SIGN_0089,CONFIDENTIAL,CONFIDENTIAL,d0c9d8dd7802af0a411db08d60a065ecfb241e80084e11a12f9fe90217a8c669
0xcd64152c995831e4f1e1c302b801e7ca4eb21539,EMP1089,ALJUW FQDLPM,Marketing,Intern,96,41,56,89,92,54,14,No,3,57.3,No,0,0xb871cc14ee0b31fbb4a9926a08307d9b72022108,0xa1a69e5832a31fc4dd8b7344d31cf55744c73e93,No,2026,True,90,zkproof_0090_hash,HR_SIGN_0090,CONFIDENTIAL,CONFIDENTIAL,81a8c1993202c8ed1dd7fe3ca98f312f8f819a0163140eda1361e49e7e24d068
0x55e4a18efee995b3b4aab331eaa2dfb926a08566,EMP1090,CTCVA JBUKQC,Engineering,Coordinator,61,57,43,95,63,83,12,Yes,3,55.0,No,0,0xd5e3c139bad722c381a20a600f14835276f90406,0x90b122bc008356bc1f96ffb31c1b6bdf4efa4130,No,2026,False,91,zkproof_0091_hash,HR_SIGN_0091,CONFIDENTIAL,CONFIDENTIAL,c635d6c11cbffa45b1a7613b94028d4136d6dae86a8298ab2857d75de6d8668e
0xccb348d08f84d1d3fc9057d0d98a981c9e146739,EMP1091,BEQKN MGVXFQ,Operations,Manager,92,38,62,56,76,93,10,No,4,68.3,No,2,0xec61437228a6bdbbf40644f3511caf994fba0fc1,0x3e208645fd316fa0655031e40f3c7fb93580b630,No,2026,True,92,zkproof_0092_hash,HR_SIGN_0092,CONFIDENTIAL,CONFIDENTIAL,d3c2ce129aeb3daa365f76894103bea6d16c24c1bc8a59fe4fedf6b46825e11e
0x1dfad0305c4d8596fcdacbc1ac6270dd695e627e,EMP1092,JXMDH NJOJAA,R&D,Manager,89,30,63,61,77,82,21,No,0,65.2,No,0,0xf6c644c44377a2015c5c7642da0d649b0baf5722,0x4e71e09475a9013a9ba8ec490ed02ddcb082d1c6,No,2026,True,93,zkproof_0093_hash,HR_SIGN_0093,CONFIDENTIAL,CONFIDENTIAL,f1f362a2816ef9f8e43b15c51d2697bdeb920056859123add736e8bb2ffce6ab
0x796259ecd99d11f6606add80ad08ce7a75911c5c,EMP1093,UNJML BJBBHI,Finance,Intern,66,49,16,78,98,54,16,No,6,42.8,No,2,0xff4c58609c66f2c423d9fc31d47938d1073053b9,0x0c4f3cfb5fc82fb4c76ab1a62bc14281f09d7f64,No,2026,False,94,zkproof_0094_hash,HR_SIGN_0094,CONFIDENTIAL,CONFIDENTIAL,8bd586c86cc590c515be56492627bc7bec18de2bdd53d42486fb5ad880050730
0x46af7320dd067d2f5c2932d8ee059d919a159935,EMP1094,YKNAN CGYMRB,HR,Lead,79,57,72,76,97,47,20,Yes,7,63.0,No,4,0x1dd09ba8b3dad90ded5aaf6c3efc184838f4e220,0x1fee88bb5fdf4d9774fc736ab41fd4699d9ac19f,No,2026,True,95,zkproof_0095_hash,HR_SIGN_0095,CONFIDENTIAL,CONFIDENTIAL,16cae8c5ab452d46bdbd5d83f2d0a890eb3b55b5fdf6bed76ef4019aacbe53a2
0x042065758dc29f3a26a95bf6e147fdd25959edfb,EMP1095,OPHBY OASAPB,Marketing,Engineer,93,41,40,90,66,41,0,No,3,41.8,No,4,0xd1873b9b1fc0e7ac9d45c61fce8cfdbd62bf09bc,0x88afc6713c79c0f8412806be93d44e5b426e4553,No,2026,False,96,zkproof_0096_hash,HR_SIGN_0096,CONFIDENTIAL,CONFIDENTIAL,674b649431cd88c4583dea8a308bc6c01372df8799b1e6f36bb47f6d508f83ed
0x21ce4defe633080bf065c1ffc6e3baf20fcf436c,EMP1096,GVQKE OGVSQH,Finance,Lead,93,51,66,79,70,51,1,No,7,56.4,No,0,0x834021822dd5d49cacbaa2645044b58b685824e9,0xc66580d6073534de81b2222c7ffb3fdbb6bc7789,No,2026,True,97,zkproof_0097_hash,HR_SIGN_0097,CONFIDENTIAL,CONFIDENTIAL,58cdacd9da4fe9a6c3442452a0f4f02100b4da224059229f57e1cc202e9588e7
0x3ed80fdeeaa4f1f1f83a0bd2f15a70a03d9c91cd,EMP1097,ZLWMX IMNDBA,IT,Intern,82,35,84,54,55,79,23,Yes,6,68.9,No,4,0x5232e2f5ba82cade30c489093efc972bd61190b5,0xc82de9cd1ac7ba13869f9881d62fc3f4f8a3b819,No,2026,True,98,zkproof_0098_hash,HR_SIGN_0098,CONFIDENTIAL,CONFIDENTIAL,521d0803599a529f456f94c0ad016c3f5f4907e1d8c7a0c8d3c7a83618cd5063
0x55dfc38bbe94dac33c78ba8f737e080f91405371,EMP1098,YXRZH XSHGFY,Engineering,Manager,78,52,82,81,70,64,18,Yes,2,66.2,No,4,0x8a431e7fbfb3becac9dd45c929c39bd810b132e5,0x26f48e946f959efd4f44ea77bcb25631983cd819,No,2026,True,99,zkproof_0099_hash,HR_SIGN_0099,CONFIDENTIAL,CONFIDENTIAL,55479ebfcc8bbffe91e34f25e48758552022fd5d2a7d4e35b24a2445cef0c2f1
0x3d85405f5ca79d269d73c24259611b2616fc3866,EMP1099,TBJUC GPMAES,IT,Engineer,88,45,20,49,65,53,8,Yes,0,36.9,No,0,0xa6517ef1673c3ee7b6a1b858d1b0a281c2e4a15b,0x9e7a288a943943b52ff97613a391822d778fe9b0,No,2026,False,100,zkproof_0100_hash,HR_SIGN_0100,CONFIDENTIAL,CONFIDENTIAL,6a6559f3ce41ef24d971dcb9973c6a62cf75013bc786f4176c4dee2bbcbae4e7
0x8b1db9c52a0bcbafd5e55226c8dda4faedf82768,EMP1100,XQVNP LBFOOT,Engineering,Developer,99,49,60,98,93,88,15,Yes,3,69.3,No,2,0x60ec16b80a76a98e751d4a1bd89565d548987653,0x78a82044c96a23e1ae5a4af7cc955992dd7bb999,No,2026,True,101,zkproof_0101_hash,HR_SIGN_0101,CONFIDENTIAL,CONFIDENTIAL,a7e43ee1529dc50f2d30946839e419929afabb5748bf7db655e63c7718de1868
0x7f660d07a7e693f51c083c142adf14739e7f3abb,EMP1101,JKDIM BWLLBM,HR,Coordinator,67,59,59,53,98,61,11,No,5,62.0,No,0,0x47ba90fb610a379bd8b92407d82c499ae1b701e7,0x58b781320aecece0f902e2387d4f3002a1c23e2e,No,2026,True,102,zkproof_0102_hash,HR_SIGN_0102,CONFIDENTIAL,CONFIDENTIAL,ad5420c0484a3382af99e78a9f18eea07938fe10d8b7ae4ba4ad63078c78ebba
0x0aa2d382eec384ce4d80a7347a95c1d0835eaa0b,EMP1102,CVVPV YXPIWH,Finance,Developer,90,48,9,91,99,66,19,Yes,7,43.9,No,0,0x7d4d1f69054b528c6ee5261455377b09ec06bd97,0x2a39ae69fb4d9e3f261989fc7193cde9d2bcaa00,No,2026,False,103,zkproof_0103_hash,HR_SIGN_0103,CONFIDENTIAL,CONFIDENTIAL,4427094d3e63b0e26f7c2fa63ed028ffc9b824bd2593a2ca5de2ccce0c90af3d
0x8d367141f6aee37fd29a62667c4ade99a0179786,EMP1103,TUHSF LYJIRG,HR,Intern,62,49,3,81,96,69,0,Yes,1,41.2,No,2,0xc0381198a5225827f127d6e898a397509cee7973,0x1d3c2d5c2720bf256dde84da02c7bc8cac690e2f,No,2026,False,104,zkproof_0104_hash,HR_SIGN_0104,CONFIDENTIAL,CONFIDENTIAL,97751416b5682e2f30845a5b18f51e20a9698f778160328ce4a476361a788b22
0x03a596f830b1639dc4835be88caa2cc02cc051c8,EMP1104,VHLWF UMCURI,HR,Coordinator,91,58,90,89,96,94,10,No,9,84.3,Yes,0,0xe4e7b7e35381a329e73830b74d4d7e2627cf5721,0xb0993ce0e926aabeef3d5385fd5ff985e0253177,Yes,2026,True,105,zkproof_0105_hash,HR_SIGN_0105,CONFIDENTIAL,CONFIDENTIAL,9087454a526db5b3e01d780727dd58d765d0be692ff5f8d05ff40ed4909d6468
0x70d5cf03587f1dd04689d54543bb281afe1fcc14,EMP1105,NWJZN KOXQGO,Marketing,Analyst,76,37,49,47,90,90,22,Yes,1,64.7,No,3,0x760121a7c4324ab76a11c1605a00d053b9e10598,0x5d9c1eab1ed909771983b27ac11fc886ebbdb37b,No,2026,True,106,zkproof_0106_hash,HR_SIGN_0106,CONFIDENTIAL,CONFIDENTIAL,3a589c74fbcc5f1d9b85e239803a6acf7cd2a85dd8a1631520ec96816b7347fd
0xa11c8a682268b7d1337f6ed569a0a667a5c43605,EMP1106,VFPER ASNEIC,Marketing,Manager,95,38,25,55,92,61,8,Yes,2,46.9,No,4,0x85e094a3d1d71f396c30f82b7f214746b38a2ac9,0x0a95f6f39533328cf6f92d5f5824bb7f6254f137,No,2026,False,107,zkproof_0107_hash,HR_SIGN_0107,CONFIDENTIAL,CONFIDENTIAL,faf929365aafc2ec5e38009c583dfadcec3b269d771e65aa7c5bdc01f9d16339
0xb18ccafc0e0667160e05f6a1f2a080283df8ed4c,EMP1107,JOSWZ AKUZHX,Operations,Analyst,84,50,27,93,91,62,6,Yes,1,47.7,No,3,0x6a7c604b56462b436acfae9b2a1267b059afe478,0xe2ac878766b79d28521261b1d6def79972d02dbd,No,2026,False,108,zkproof_0108_hash,HR_SIGN_0108,CONFIDENTIAL,CONFIDENTIAL,12718564abcdb39814842f55712a4741d26673eb8b7c361224028fb2c46fef4a
0x49dc038680294219e4b76d73836a848190ed7210,EMP1108,EITKQ AASCNH,Finance,Analyst,79,32,99,85,91,63,7,Yes,2,76.9,Yes,2,0x6b4657c57f8082127c848ceb4232e79c545db06b,0x96f244a03ba962877791e88f4ef5f795dcf233d4,Yes,2026,True,109,zkproof_0109_hash,HR_SIGN_0109,CONFIDENTIAL,CONFIDENTIAL,51e4242b383489d942628f2affc73afb17c2c7a0c9e93389494e1df17caf60f6
0xb2292660369ee1265b95c22347ba981ee7e84efa,EMP1109,VLXYM QFMOEQ,Marketing,Manager,75,45,4,81,53,50,14,Yes,2,27.4,No,3,0xdff08aad5d3feea4c8416001ce26b241c3fb8cfa,0xe4ad248916d96f955e416726f0bc2fa6ec2d9708,No,2026,False,110,zkproof_0110_hash,HR_SIGN_0110,CONFIDENTIAL,CONFIDENTIAL,1282a0b8525f9298e069555c7046c7605d64333dcec0e60cb3acbb21c14f98cf
0x8932cf9338869b3b40657e119b810aae8bfae59b,EMP1110,ATRHP HSMRTH,Finance,Intern,76,34,75,67,62,62,18,No,8,61.8,No,2,0xd0fa73a1059c5a815994dd8518b2ed4294847a29,0x5058753d4f927dee7c14dbb823e69dcbc90a00e6,No,2026,True,111,zkproof_0111_hash,HR_SIGN_0111,CONFIDENTIAL,CONFIDENTIAL,5f01743f4842f492d06dcec8920fa0eab2cdeb9d10900f368df2065363c3fcd3
0x726843bffb93979e909d484583ecb3e23fde1094,EMP1111,EHXYB GTYBSY,Engineering,Analyst,74,52,57,46,89,95,20,No,0,69.1,No,2,0xc0bb6710830a69bb024e014ffac18c8df92fd7f3,0x584f0aaee563ef49ab095f7aba7a9769a167ffea,No,2026,True,112,zkproof_0112_hash,HR_SIGN_0112,CONFIDENTIAL,CONFIDENTIAL,69e5c253bae67b1b612cf47432e920fedeef895725b4549d2c39f5718b7614fc
0xbf8c7116ad98ee1c79c532d41876e947c8306497,EMP1112,BTTWG ACXTHN,Marketing,Lead,94,56,6,76,95,51,5,No,6,37.3,No,3,0x747de6834f81edbb7c71cc4bed32ebc6dd22a075,0xbb7ed05f7016458ae4ecd8b33079fd28db4dc790,No,2026,False,113,zkproof_0113_hash,HR_SIGN_0113,CONFIDENTIAL,CONFIDENTIAL,e9e0ac2459839237c2f5cb6986f0b5ef516362ff251947d13551b76d15ccd69e
0x193ff6b26887a52ae1c6aa2e986666e349c3ddfa,EMP1113,HOWDX ZDGFNM,Finance,Engineer,98,44,73,75,71,61,3,No,7,62.4,No,4,0x3ef41a3f9fe67be882fade1449657491a0081b6f,0x2031762a38e8e27348a239a752148dde627a5cc0,No,2026,True,114,zkproof_0114_hash,HR_SIGN_0114,CONFIDENTIAL,CONFIDENTIAL,7a914b292eca770bbddd6789896059e5b3c6f7128477901f9b7bc111afb566ca
0xbd4c267c9d411349f227ff9fbc635998f33effda,EMP1114,ZUHKX IEHLHN,HR,Coordinator,76,50,95,56,80,46,13,Yes,6,68.4,No,2,0x46124059767757aee09d56010ce1fa05790d5709,0x57188a7aff2242af49362dca0c32f4f9b06b30e9,No,2026,True,115,zkproof_0115_hash,HR_SIGN_0115,CONFIDENTIAL,CONFIDENTIAL,3b8fae7fea4038fef1fbc19cd2eaba4d134d02ae52fa50ba852441d7ed9d6042
0xdbe65f3dad888314a4b296e5adc0c7f5740954eb,EMP1115,XKTPG ALUPNA,Operations,Developer,87,52,30,56,72,41,9,Yes,4,39.1,No,0,0x52cd6d3240a9ada77f5900e8383189c0fbf96288,0xdf8cfca7d9bbc5956a0fdc86145ea1c04bc7f603,No,2026,False,116,zkproof_0116_hash,HR_SIGN_0116,CONFIDENTIAL,CONFIDENTIAL,c362b417207b90b85e910dc1f0299faf44f606d5201deaaccac7571dfd10e2ba
0x2ae8f6653e38e62c80bf7ab28bb0f1fd63339f93,EMP1116,UPTNZ BCWPWZ,Engineering,Manager,82,33,61,58,51,69,12,No,7,56.0,No,2,0xdf5573f5d412768bc6f87d4bef96154a911340a7,0xb6d8a5244d0b696d48f328c194f3223c7f5e39ba,No,2026,True,117,zkproof_0117_hash,HR_SIGN_0117,CONFIDENTIAL,CONFIDENTIAL,03fb90e9ff2850e877d2e5d0cf3a15281d1480d4ef344c65d88b9e9b32711283
0x9112ec5eae8f5ad67db3d20e4eae226ce47759ae,EMP1117,NKNAX RSYBPF,R&D,Lead,95,41,17,98,50,78,24,No,1,40.3,No,1,0x7536fe8c71861831fbadf17ea827348aab5cd2ce,0x11d9be0c25bedb2070dff604ae8bb5116b788986,No,2026,False,118,zkproof_0118_hash,HR_SIGN_0118,CONFIDENTIAL,CONFIDENTIAL,7213ed8de75015423f7b49c5ee2e3bc43c62eaaf21fd9d65b9a6a3813f8b0eab
0x3bd134bc1a91e5d91f40c31526b4ee98f8a4a201,EMP1118,HPGMJ JVUSSU,Finance,Intern,87,36,92,62,52,60,2,No,6,65.8,No,0,0x596c55effe40ac0209855ea11cb2b82fcad1e595,0x632f3640ffd94f18f06a79492bd4cacb5e424657,No,2026,True,119,zkproof_0119_hash,HR_SIGN_0119,CONFIDENTIAL,CONFIDENTIAL,f13450fba5d5807c84e6d1aba4667156c668b828389bb446e18f6471790652eb
0x4ada6a45a3115da1a59536b803f140d6c762e898,EMP1119,RDOSD GMLBCG,R&D,Lead,66,33,24,65,86,42,21,Yes,2,39.6,No,2,0xa9100d902c512d9462abd16cb649ee803c6c24f6,0x8fe154b4542ef67198a913e211ad57de4339b6ab,No,2026,False,120,zkproof_0120_hash,HR_SIGN_0120,CONFIDENTIAL,CONFIDENTIAL,af890c54330cb6c17d7371691d4de445991168f02d813829b0280e2b35662b8d
0x7da9fa32c2138412090ccc13a2445ed917e997cc,EMP1120,JXIVO XJKHJP,R&D,Intern,65,51,91,58,80,70,7,No,7,74.1,Yes,1,0xd36036193bc7b88d2930c44135768cdca2c6c5e0,0xce1d29320265d82491312c2cd7ec8b592b2c47ee,No,2026,True,121,zkproof_0121_hash,HR_SIGN_0121,CONFIDENTIAL,CONFIDENTIAL,7733ddad2514119063fbb5d4e0f9f28da2df0b8f8b3522326d90fbeee51e743b
0xe475972ad2cea8534a5642ca65d753d098d4f959,EMP1121,MDHKL LIYFGX,Finance,Engineer,73,38,28,96,97,94,4,No,1,58.9,No,2,0x62b6bd0fc352ce9c12af14e8419c5285783fe1c4,0x06dc35703b658aeddf0956d47096fe09908e68bb,No,2026,False,122,zkproof_0122_hash,HR_SIGN_0122,CONFIDENTIAL,CONFIDENTIAL,35c864308a707ffe9b5b0b124ecb95911dd34e3210b203974bfb746561d4ff2b
0x6310c6a4aeed8073cc52a95efbb4543754f88616,EMP1122,UCBFQ JSQPOF,R&D,Analyst,96,35,15,94,72,73,7,No,0,42.3,No,0,0x4f395be703dc263d9122216fccc333811a17717e,0x7805206e59bd356f1f83757d18b6b2c11f74d653,No,2026,False,123,zkproof_0123_hash,HR_SIGN_0123,CONFIDENTIAL,CONFIDENTIAL,d06226def2b2142326a8e0734b4b5251219cb2b9d815154f6444ca0ec2512c91
0xe03d3ec8d5035f8721f5dc64546e59ed790dbcb3,EMP1123,BXBLF SZEKMG,HR,Developer,79,54,4,90,75,45,20,No,3,30.4,No,1,0x5f86f30f3e841a59a3b428d0f7ce8861513e5d6d,0x460afe0ec6b14cc1cba65bdb386693b6da4c43b4,No,2026,False,124,zkproof_0124_hash,HR_SIGN_0124,CONFIDENTIAL,CONFIDENTIAL,3d63f771c1236abdb47294d00aa1feeb8f7fa0756723c8de182f729b9276897f
0x0d8920806c4f35c83b6d14e7cee38c3f6d332268,EMP1124,QRCBL RKGTSF,Operations,Intern,68,46,65,96,83,95,5,Yes,5,71.6,Yes,3,0xbbb91fb60f9ba0d6cbc21c046c73fcdd39bb6db0,0x27fb75f9a58bacbbc559dadb38fe326de3cc8c8e,No,2026,True,125,zkproof_0125_hash,HR_SIGN_0125,CONFIDENTIAL,CONFIDENTIAL,742b91a8f7c3442c141da34446ac5c38414829c0ce064461910ddaf42583c4bc
0xc2b3b044edf521e7d86317941519461ac20523e1,EMP1125,RNAZT UCTAEJ,Operations,Coordinator,68,47,20,45,56,97,10,Yes,8,49.1,No,1,0x6ca99b797159820d3f0c98636e391df0bc9ca443,0x5b985a62938c373c0a7a60f27f39cef46cb66a8a,No,2026,False,126,zkproof_0126_hash,HR_SIGN_0126,CONFIDENTIAL,CONFIDENTIAL,20cd5321252eae3aebbc16ffe0ce74f115af6bdf6ff19d1539c0b125dbd6c295
0x5bd1cdb8061e9db87bcc8e40f8841ba4a1a336de,EMP1126,TQEXV UWCGRA,R&D,Intern,68,41,77,45,70,91,9,Yes,5,72.6,Yes,0,0xd2114e8227f3236825b5596bcf401f2ca59e3800,0xd0e17322c42d98fa8e097dbdc0b17c87cebdaa41,No,2026,True,127,zkproof_0127_hash,HR_SIGN_0127,CONFIDENTIAL,CONFIDENTIAL,7e419022afc63a80b4c5c54e92527e2ce1f2a507e0c066708d5100dadffd6ba8
0x467ed9ed183239c0372fa89de4107f6b8891df36,EMP1127,THILL TJSMFH,Operations,Developer,84,52,65,72,58,55,0,Yes,7,54.8,No,3,0xa8a01acb03ec728d415f134625e82d6944a10288,0x340e0789da0fe80aebb281bca8d0213bf502d492,No,2026,True,128,zkproof_0128_hash,HR_SIGN_0128,CONFIDENTIAL,CONFIDENTIAL,716f10773cdb97f22f5d8c1ee070c8ef3c5d8b569447af2cd1dd2b9ea7ce9eb0
0x07930cb1630d1fa7619b50ca47649598825a4bb4,EMP1128,RTFNQ HNMZUJ,R&D,Intern,88,58,57,54,57,65,19,No,6,54.3,No,4,0x0c969ece22ce1465900978c3b8a7785ef16751a0,0xd7a45811b8acbb3f0e84fecc16a3272e158521ae,No,2026,True,129,zkproof_0129_hash,HR_SIGN_0129,CONFIDENTIAL,CONFIDENTIAL,0cf73a529b9c10ea619149a6e660286738a05f50504b2ac6a219793fa94995fb
0x0b26e9546c549815df9cbb5618f6f5b8035fcbdb,EMP1129,JJIZZ RZQOBG,Finance,Analyst,97,49,6,57,89,81,19,No,7,45.2,No,2,0xece457ebf2225037af7e18d20d0b28cba32babfd,0x3aeec522297ff94868dcfd3d5b22d2d220dae9c6,No,2026,False,130,zkproof_0130_hash,HR_SIGN_0130,CONFIDENTIAL,CONFIDENTIAL,eef6c4f12863e782d6bb0f44aa9f2a4e72c1ed131fa4d72fa086bca4f695aa77
0x3ecb56700665689ec10499d96bc69bfcf5d8621d,EMP1130,MYEMX GLTBPF,Operations,Coordinator,79,47,4,66,89,73,15,Yes,0,41.3,No,2,0xa17b8acd3615b7e4f805d9576d72609c138a3487,0x214149e3163f8171975a4f9aff0b025ced098c71,No,2026,False,131,zkproof_0131_hash,HR_SIGN_0131,CONFIDENTIAL,CONFIDENTIAL,c0ab4bd08141cfffaaae816d66e7ab654c5b0b0476b48f2c2ce965881f0d45d4
0x00dd0386ca1d9bf6aa7fd5c2f16a36169da906b6,EMP1131,JNLKI JFZZIF,IT,Engineer,98,59,73,71,55,58,10,No,3,57.9,No,0,0x3711d01c8e66a19f26037652ccacb67d34bbd6fc,0x60a9a3da39a074ebe245f19c39f990d5dd53e460,No,2026,True,132,zkproof_0132_hash,HR_SIGN_0132,CONFIDENTIAL,CONFIDENTIAL,903b00dae5e73c1a41a39c24f65b97e7d8f74fad33ec4edd2d72b0f959f0478b
0xf749619e932b659e813ebb0a18bceff50bf96df7,EMP1132,WHJSH ZXUYNB,IT,Manager,62,59,56,43,92,50,10,Yes,9,56.7,No,0,0x333d4a41b11eec9754064e86ca039ef3ee8fe22c,0x895a38435ae3e268faba23cf1b9abeb9bd6d0240,No,2026,True,133,zkproof_0133_hash,HR_SIGN_0133,CONFIDENTIAL,CONFIDENTIAL,bdbdcd35c57c178e6e43a62e2752d29834078babc2a1991ec60e8fc4f4144119
0x2d17a3c762154129d59824c0f8c40378fccd08ab,EMP1133,BEAAA NBYFUV,HR,Analyst,69,44,42,64,70,45,1,No,6,44.9,No,0,0x03dd6df87362000c4dae3a9d30ed0522fc420c99,0xb4095d0077069fe1532afa47231659760b5c4c4e,No,2026,False,134,zkproof_0134_hash,HR_SIGN_0134,CONFIDENTIAL,CONFIDENTIAL,6a7af37ee3674ff18b07f5802cb6f627dc8e6fb68de4c7d8b33e27374ef5417b
0x5c05a5a5c357bd65b636dafd550ead894890aca2,EMP1134,FMOMI PCPCDO,Finance,Intern,92,41,0,96,61,66,4,No,9,32.9,No,1,0xadfe8cbe5631d2518f86326de4266af2f8665ff3,0x6e3c62e286fcae0960850e139d3002efb6628ec2,No,2026,False,135,zkproof_0135_hash,HR_SIGN_0135,CONFIDENTIAL,CONFIDENTIAL,f0b798031280b35df28a61af97de1c7415dc621c9fc0c9826f78b1aab1f4e9cb
0x2a3091b1fb8ba514f9b127ec38b5f0cbb4da4979,EMP1135,PGLQA YJGFTN,Finance,Engineer,97,32,79,77,60,75,3,No,5,66.6,No,2,0x53e3f85e4b14b7f85b77f07ca1e89171a130a5c3,0x25678a874401a063ca5aa633dd68c2ed486fdb02,No,2026,True,136,zkproof_0136_hash,HR_SIGN_0136,CONFIDENTIAL,CONFIDENTIAL,11c645205f6427549e2130358386e238c43a7b0745ec481bed0b99e82dcf5367
0x80bcc0a94a5cd844f653695c19cdac1c0de69844,EMP1136,YODZG SMURWM,Engineering,Coordinator,73,44,37,87,95,64,22,No,3,53.3,No,2,0x66c6fde988fa039f15f1114e1ecf37fbe9fac3ab,0x922133fe2ec3b8c386a79a6eb8538c6e50d4b96c,No,2026,False,137,zkproof_0137_hash,HR_SIGN_0137,CONFIDENTIAL,CONFIDENTIAL,fdda7413443ec6a31ad1cc577b2237dc171bf724a31f41e84ab7cf5ce9915bf8
0x281f42be7c8f196ad3cde6a3a2ee6f78e0f28543,EMP1137,AZSVC NFQPMU,Marketing,Coordinator,72,52,5,79,84,52,13,No,5,34.9,No,4,0xa96d7ea7e4c18f086ea575aab1064c0c1123c933,0x59372c8fba716f6acdc22c4c1eeb10d563e5d330,No,2026,False,138,zkproof_0138_hash,HR_SIGN_0138,CONFIDENTIAL,CONFIDENTIAL,1a3200102404b1d209f42db62fa49124a0117f79713fac8b8fad6b3814db66b6
0xa32850b96e893e560e22cde42c1b5b98d053ba3d,EMP1138,OUBAT IGEZAJ,Operations,Manager,66,47,15,61,87,81,16,No,4,48.1,No,4,0x256e0e41e0d91cac90fc2e203fc970dba8bc6fcd,0x00d9b0b5d00b0ca96f1eca735ab2e38aa35e203e,No,2026,False,139,zkproof_0139_hash,HR_SIGN_0139,CONFIDENTIAL,CONFIDENTIAL,2553f43a3014df93f8a9fc17ca98ff9646f223e1e85f0d3537429efd3cbe6a84
0x7c4c8bbef6f2f1c058d15d463bf8b589858ae1e5,EMP1139,WRRVV LNJEKQ,HR,Analyst,62,32,49,95,60,94,7,No,4,60.2,No,3,0x501bfe6440fa4a7b9aed9d698189f6637cd67a00,0x2864a6e49fe8998e991d07a20298fa0f26f09c68,No,2026,True,140,zkproof_0140_hash,HR_SIGN_0140,CONFIDENTIAL,CONFIDENTIAL,9f7f7e8c5dfc84edb6a74939413bbcb42379abd49f54701cb3510a822b3c4313
0xe45de1cf53244f90346db8e081068121be1ef165,EMP1140,ILESI ZDWAFR,Finance,Lead,86,38,1,89,59,84,6,No,8,38.2,No,0,0xc000904168406c2669d6080a2be4afc1d8f39a77,0x00402e9ee9fa6255e6b90b32f594029066bb1451,No,2026,False,141,zkproof_0141_hash,HR_SIGN_0141,CONFIDENTIAL,CONFIDENTIAL,d792fadc6e520966dcdc198c16cffe243bbc55518f33678975021110c44bd06a
0x879e2ffcdc581d539c8164bfa47ec00baf5d6138,EMP1141,HSOEM GBRNOS,Finance,Manager,61,44,5,90,71,51,6,Yes,5,32.0,No,1,0x81142cf1aff2004d5a91cf89443824b4ea03dbd2,0x891009cd6da1baa1242740ff3ea8740c48957797,No,2026,False,142,zkproof_0142_hash,HR_SIGN_0142,CONFIDENTIAL,CONFIDENTIAL,4a8c8040645957ab752d1b768b86e92712e52465e154b5521e262031b8122d72
0x9ae6e8863809b5dd9f19b05834a8b9ce6847bed5,EMP1142,BKGDT SKPXTC,Finance,Lead,95,42,33,44,60,81,5,Yes,6,50.1,No,3,0x9df920946e55d70fc2e81884676385f62c7a6251,0xecc6428dc6fdfecc064c138d1db64bcac601070a,No,2026,False,143,zkproof_0143_hash,HR_SIGN_0143,CONFIDENTIAL,CONFIDENTIAL,133d87163e4739492cc1198e6accfb0712bbb5e1b0bbe6828a7ec09330d21c7b
0xa5b193e323f46f6683d45f9f414232e397fc210c,EMP1143,RNYAR YPBQRW,R&D,Manager,74,56,81,45,70,82,1,No,7,71.7,Yes,1,0x02f4fd8fc44d79c89490104b906295dd979b87c3,0xd09f4100e05f2cae6a2f05a06081d1f9aa876aad,No,2026,True,144,zkproof_0144_hash,HR_SIGN_0144,CONFIDENTIAL,CONFIDENTIAL,b42ec049f04149e32ebefb026635c100b5f186ef00d1fe08544b264f2b7ed2c5
0xc4183f99f20c9d7a900acd614718789b213f1e66,EMP1144,LCDKZ MMESSD,IT,Developer,68,50,33,84,91,99,17,Yes,1,61.2,No,0,0x17aac4faaa8083d75b15688b636d085367a5b2d8,0x879da5b27b90594ee79b653206bea6bd0dfb38bf,No,2026,False,145,zkproof_0145_hash,HR_SIGN_0145,CONFIDENTIAL,CONFIDENTIAL,635952d2a9f8b20fc4afe494706ae6305da868f44eb35c768e653a2ae20947e9
0x3b710148abed915a922a79546a75a4adf7dc5d6c,EMP1145,IKIAH XYHFKQ,R&D,Analyst,82,40,33,67,82,99,20,Yes,7,60.0,No,3,0xfb507e1e1382b6acf6d202c26229d35ebf5e2b3f,0x1e1c2d9268d0a8af05b80fd11b3aa9805814f97c,No,2026,False,146,zkproof_0146_hash,HR_SIGN_0146,CONFIDENTIAL,CONFIDENTIAL,3557cf012a08ff2778c0ba251cf39ac54b275b9a35cc0b06a9229f71a189243a
0xf1732bea15abc2e8c4c45e45f2021a516ae579c2,EMP1146,RTPON SEFOVN,Engineering,Lead,78,38,96,83,77,84,13,No,8,79.8,Yes,0,0x87d330fac1de298f2f9f560929c0c3e1060b154e,0x5cfd28461956a9e8bebb545df0fef5e4e779a846,Yes,2026,True,147,zkproof_0147_hash,HR_SIGN_0147,CONFIDENTIAL,CONFIDENTIAL,ab0be4d04e7215310c6e15a1178e0182ef3b5b3623d30e474dc98746130b50f6
0x0ab8bd2957a28953f451764b35dcd029758cca9d,EMP1147,BNJUS NIQKID,Finance,Coordinator,69,33,24,44,73,42,10,Yes,6,37.4,No,1,0xcb1966f18a7c99184d9e3afa6c7d271047abedf2,0x0fa31cbbd0efd98bc84f58ec5d1e31cd0f4b6a19,No,2026,False,148,zkproof_0148_hash,HR_SIGN_0148,CONFIDENTIAL,CONFIDENTIAL,055ac4a7bc1241a5f3f4b5259d7df02832e1ade9e3eb5d04e88777847bb61ea3
0x38174f087dd7c5d85e31a006807932470c11b4d0,EMP1148,PUAOH UGTSJA,HR,Intern,82,55,1,75,91,54,8,No,4,35.2,No,4,0x0f57269119dd794c06020a46d69b514d306d8cb0,0xa20b4bd810ffccedbfd4ced45aac85ff10f1168c,No,2026,False,149,zkproof_0149_hash,HR_SIGN_0149,CONFIDENTIAL,CONFIDENTIAL,b4fee0b93a312057c835c5efeb3fe5ca433595d923c61c35a83cedd4622a22d0
0x90e79a11a57ebd2196c32d0246f4e8910827c73f,EMP1149,SFRZL EXEXBQ,Marketing,Intern,82,55,71,43,68,54,7,Yes,7,58.9,No,3,0x94ff394bdf59538afa954f41c0e47a094c6d48d0,0x979c0f548832a679ea18c68280b638120e63f967,No,2026,True,150,zkproof_0150_hash,HR_SIGN_0150,CONFIDENTIAL,CONFIDENTIAL,322b9293a3bf4fb39caf77558c8aacc78e3621bf8706c91d75ab143233ae1794
0x22a1511a5c884111bf2a1004c751264336048928,EMP1150,UPZDO SEOTEO,Finance,Engineer,97,59,14,66,92,83,22,Yes,1,49.0,No,2,0x643c958293df1e3d9b2413e5dc84dc88d57c6e86,0x0f32f4dc87e25c4d8398269604e3b4a5680d3ef8,No,2026,False,151,zkproof_0151_hash,HR_SIGN_0151,CONFIDENTIAL,CONFIDENTIAL,38323245e10b219e619acc716f00c35a2c5b89295a5fa36540e2ff1ea3dfea5e
0x31eee75059ecb77c53d78e0444df30d5cf9707ac,EMP1151,LGWDE PDKVCC,IT,Lead,96,36,4,66,68,50,14,No,2,30.4,No,1,0x0259ddc94b6144e92dbbe62984d4786224704cf8,0x8375eb1a5afd5fa4f294ab8f90716a1a67fd9184,No,2026,False,152,zkproof_0152_hash,HR_SIGN_0152,CONFIDENTIAL,CONFIDENTIAL,d5ba665206baed6164443530bc3c292ac0f11bda4a636eb811641e4ab80c4c30
0x2e857e72bd531bf5f84fab09c6206306a553cc80,EMP1152,BKGFN XAMZQM,R&D,Coordinator,84,49,68,89,71,71,18,Yes,0,62.7,No,0,0x3db9b130671a9a6ab4b6ae27c3dd6c4ebdfa1c8f,0xc7130b3e12ca8e7e0bfaa0c1d2e02e121f6db95e,No,2026,True,153,zkproof_0153_hash,HR_SIGN_0153,CONFIDENTIAL,CONFIDENTIAL,d75e98b1a0fd64157fb22d5003d6ef42d97022aeb8b899dc358fc68862d6858a
0x0f7e903226281dc7b36980b3249b9e28e7b4eaea,EMP1153,PPPMV MMESAN,Finance,Analyst,64,53,97,93,94,60,16,Yes,7,76.3,Yes,1,0x4b264495a88db1bb04ac51efc57c57e700668b23,0x813ff89a14b52ec564c8790ee31d46e409c9ca49,Yes,2026,True,154,zkproof_0154_hash,HR_SIGN_0154,CONFIDENTIAL,CONFIDENTIAL,3b31c63a351558516c076b9f6282a8784d35ea3c9a4527b6d649af070379afb4
0x0fc0316012db29a2e6b6e73311997dcfb39f080b,EMP1154,LEXBQ GLUTKU,Marketing,Analyst,74,45,84,41,61,91,0,No,3,73.4,Yes,1,0x75590e16812ca416a312ceaaeadcbfc5883b4605,0x888e33d6d4010e29ec1a8194e08ae14f361628f8,No,2026,True,155,zkproof_0155_hash,HR_SIGN_0155,CONFIDENTIAL,CONFIDENTIAL,482ca367840741fa093093c8cc8c5f46b61066b1c9bc76a46044eb701a0c2a56
0xcfac4c757cce4445d5f6062bda0f2549225fe39d,EMP1155,CEIVA XBWSAV,R&D,Developer,92,55,36,86,94,41,12,No,0,45.5,No,0,0x18f6d3d59657832c9529fd4c58db4abca67d1e42,0x53640eec02ab0960afc6128f7fa3aefe0ea86810,No,2026,False,156,zkproof_0156_hash,HR_SIGN_0156,CONFIDENTIAL,CONFIDENTIAL,73f987adaf618c4139cbdab0d9b8351d8b5383d36d596161f1c317311babe5fd
0x5834f529673b89201df7ca6775c19b7737c420bd,EMP1156,CECPN JLOOEJ,Finance,Analyst,69,40,81,54,87,58,22,Yes,2,67.4,No,1,0x1ce90bc9cee586fb2d497c9b9ca46a926340486f,0x0cba7cc38eefa75e3bc93a970edb9043b006c553,No,2026,True,157,zkproof_0157_hash,HR_SIGN_0157,CONFIDENTIAL,CONFIDENTIAL,a32709d58cda19801f952e7c7ef233e6cd2b79a393045e5032959c7cb9bb17a7
0xceca4fe4b87380f8b0f6d6aa7c82d6d25b22949e,EMP1157,VMJTJ WKAVJT,HR,Lead,67,52,68,68,57,93,7,Yes,6,67.1,No,0,0x499d6c5a872864e1e659796107a346f94b4c4e96,0x4e5810e5328c2a995bc5802e4bbbefb35dfde1d8,No,2026,True,158,zkproof_0158_hash,HR_SIGN_0158,CONFIDENTIAL,CONFIDENTIAL,e15a3e211a1abd12fab9d9126004fb4832d4c7dd89023e4479cd56d66135999e
0xe6381187f42fd410ba388429f06a06fa9997d2f1,EMP1158,AWHLA RPXLTV,HR,Manager,69,52,85,71,66,86,10,Yes,5,73.5,Yes,2,0x0ccd5b018163eb3eccc0b3b303fe39e8bf22c2f1,0xc38228bcdbc132be29e5b1936c36a08866a2d3a4,No,2026,True,159,zkproof_0159_hash,HR_SIGN_0159,CONFIDENTIAL,CONFIDENTIAL,dad8f75918bf0c82fc247c4e1a884487c48065e079c7ae3d2f70e78f152e3a61
0x0156399287b66376593a70df4134b634422dda9f,EMP1159,TMYSX YLCBJG,Engineering,Engineer,71,44,13,78,92,42,19,No,5,36.7,No,4,0xfd20078ba49f4ac4b4cbf21e7c003ee980d353d1,0x6fb7faa9d8987e5b322b6f8d6d456215b13697a0,No,2026,False,160,zkproof_0160_hash,HR_SIGN_0160,CONFIDENTIAL,CONFIDENTIAL,240e5e73768cdf17a5625704c3d532caa01c2744038c5080277bd10550cdfb17
0xfc581b0a8ecaf2bbd6a942240d3a7234bdfb5020,EMP1160,NCUGP NNGWJZ,Engineering,Lead,61,50,21,89,81,93,4,Yes,2,52.7,No,1,0x1914ebfd6965721675be527f425a6da228e8ad76,0x0874b13e5553a194772499cec3c412ee58eb68cc,No,2026,False,161,zkproof_0161_hash,HR_SIGN_0161,CONFIDENTIAL,CONFIDENTIAL,ef94f8ffb7cbfc485d32f4f741cd7907b05e3060790f57a573283c4400872a1e
0xaa21d3736ecb49c2163ec3d300d86e010c05a5e9,EMP1161,IXDKT AMFWSP,IT,Intern,73,38,78,67,86,78,12,No,3,72.1,Yes,1,0x55fce149b92a77c26bbd15b050be9d4c0a74f1e7,0xa2bd8ed9d4d6f1d25fc1fe342231321fdb15d358,No,2026,True,162,zkproof_0162_hash,HR_SIGN_0162,CONFIDENTIAL,CONFIDENTIAL,35b7ba11ba9f35d0e9ab6089930aa9236ad633fbd62e7674dcc58ead5ce8bbd0
0xa8da57d953b5b240fcd0c62969a3e7f178cad063,EMP1162,GWCBK CPFEQF,IT,Engineer,96,30,35,43,60,60,22,Yes,9,44.9,No,3,0x8d25c2cf034b95d9aaafa26f856230ec4ca145e2,0xe3868db0e597c2909136fc3c10c53034c716257b,No,2026,False,163,zkproof_0163_hash,HR_SIGN_0163,CONFIDENTIAL,CONFIDENTIAL,79d1e6d5c79ee948b2550702ac3705cb7928f528cb09a63378b8eab4e80c9be9
0xf2c064ee2643f43121908b0f943bb162dee2bfb2,EMP1163,AGSQC CHFDFB,Marketing,Lead,87,52,94,95,96,77,12,Yes,6,80.5,Yes,0,0x8b0386c44591280d108d5256ea91a29857c477bf,0xf29a3844c56559fd2706ac4a28933b4510aa7895,Yes,2026,True,164,zkproof_0164_hash,HR_SIGN_0164,CONFIDENTIAL,CONFIDENTIAL,0e9a876fc18730748b14b05de4160fbcfbc6cbc27e67508af7225a1396bb846c
0x10024904a025f2215cf87f5704b77a3674dc1d2f,EMP1164,YKIAS HNUPDQ,HR,Coordinator,95,34,39,96,51,45,22,Yes,3,39.6,No,4,0xb31d8a8361883874230fcb408f62273ab2510bd0,0x40ada241add12c59d240889efe66003e0d98cedd,No,2026,False,165,zkproof_0165_hash,HR_SIGN_0165,CONFIDENTIAL,CONFIDENTIAL,d149ffc99f37ba850c0bee6e2535b74946f6a356cb2e75de740a2a74656f4882
0x24ccd5ae2957a625c71ac388761ef5b4b3afc71f,EMP1165,VWTKL ZREPLS,Operations,Lead,71,50,34,67,74,72,1,No,9,50.9,No,2,0xa24ff4700759a14f5d046d78954dc2c0368ae4a2,0x86590c36e1c11b4312dcbaacaefe9c20724663c1,No,2026,False,166,zkproof_0166_hash,HR_SIGN_0166,CONFIDENTIAL,CONFIDENTIAL,611e3772d834773a809b0ff740e6566f8ad8c6c674517dbee3c0dc7dd6900d90
0xcdfe5f1b804c442a39a89f33204ebe288cfa2f9c,EMP1166,UCWIQ HEPYTZ,HR,Analyst,69,30,32,64,65,69,7,Yes,1,46.6,No,2,0x80e186e364dbd911b963fd5589cdd2f74aad7e9a,0xd1cb021ba84a759164adfe2e97528bbc24b98c9d,No,2026,False,167,zkproof_0167_hash,HR_SIGN_0167,CONFIDENTIAL,CONFIDENTIAL,8fc51a43c1bc246be946d33a323bdb97fd1bc95b0a4753751af2e86371b311e3
0x15487c337143749f1a108852954cb9029c4026d9,EMP1167,FBCOO CHGMUA,Operations,Developer,63,57,96,50,83,92,5,No,2,82.8,Yes,3,0xefeac7cdb4591715d60e1687f990401e2fc37606,0x819c2e24e4ac31e14cea5aec1d8b47b4b14ac641,Yes,2026,True,168,zkproof_0168_hash,HR_SIGN_0168,CONFIDENTIAL,CONFIDENTIAL,645b12c44868d8ac5cf04868b7f4f22f57da0925d944963d53a9ea430f2f7fcd
0x406f4a58ed8d9f221ae5ddf2cea92a835da07f48,EMP1168,HFGDO XGFMNZ,Marketing,Lead,86,36,27,63,52,94,18,Yes,4,49.8,No,2,0x2e09f208b1e7eaa6ce1ab6ec1fe6669e6898518d,0x78c99ff2f01bda33203912c6f4840f794f15e58d,No,2026,False,169,zkproof_0169_hash,HR_SIGN_0169,CONFIDENTIAL,CONFIDENTIAL,884518a7d59a54fde36488e1ec970ae6f0fdf78c3a5058217e75b6c0b8fadefa
0x3b7a34a557a5ed15581f082f773752e5760a2b9c,EMP1169,FVTPF QAVMZL,R&D,Manager,96,30,84,45,88,68,22,Yes,6,72.2,Yes,1,0xf6c8c253adc56d444d3a6fd945e869e805e343fe,0x78c6c96af93af0680ede3e0c569d196f95068192,No,2026,True,170,zkproof_0170_hash,HR_SIGN_0170,CONFIDENTIAL,CONFIDENTIAL,b6eb25f3977d6489a28ad653b34bb2dea8796058db866ebc4c0916e31fdcc823
0x82b899e8a10cb43552dc3a34808dafa60b3bf7db,EMP1170,RFIAQ GDZYAP,R&D,Coordinator,60,47,35,68,86,95,21,Yes,9,60.6,No,0,0x50b0f6e7ae0f17ec8dc22708e7396566ca6442fa,0x887a0b9799bc4e2367fe4b2d0dfaab711f30cd76,No,2026,False,171,zkproof_0171_hash,HR_SIGN_0171,CONFIDENTIAL,CONFIDENTIAL,d8ba6ef5ff1392da6294407995c083fd551e79a60c783821232e59b0b3ea3139
0xb75074095c182f926f67c6fdee7c6a5c61fe36de,EMP1171,JTBEI BPUSKW,Marketing,Engineer,93,41,27,65,83,81,8,Yes,9,52.6,No,4,0x59b953bbadc5f0d2b6e38218e7b6c4bcb026f702,0x72d6f9366fab460293f1985979da70ece458a109,No,2026,False,172,zkproof_0172_hash,HR_SIGN_0172,CONFIDENTIAL,CONFIDENTIAL,4821cd381592e70754d42cf558d52686b61012f3de658065b704716ef9b0dd38
0xae005f9bb7ef197d6ed93a2e45427768f94f4266,EMP1172,LFYCF KLFTSW,Finance,Manager,79,45,49,47,85,95,12,No,2,65.3,No,4,0x9905276c973857a99756be90a92ba22de8246daa,0xf91e1d4a7cd68d24a7bd6117fd1e254c43e25ac3,No,2026,True,173,zkproof_0173_hash,HR_SIGN_0173,CONFIDENTIAL,CONFIDENTIAL,12cad5f4854bea6cef404edbc7d3b17d7cdbee6a6bf1d5a3258f7d7a82791458
0x7e1faea85a999b2f380528a48cfd7bf384dd7089,EMP1173,CUKXA HBVBKA,IT,Coordinator,87,33,22,76,61,58,4,Yes,0,38.4,No,0,0xa3bc0b7a221d686a8f9fa1cdce705a01cf1762ef,0xd263ee87d0cec355e8048411afb379c5e2a8b50d,No,2026,False,174,zkproof_0174_hash,HR_SIGN_0174,CONFIDENTIAL,CONFIDENTIAL,7d82f99232b0a7d8c0c507650c794e8fa9b1d6106abba2ffd0280fdc70df10f5
0x7313ad04c5d1273def09c9aabcd17644e3fd4dc3,EMP1174,TNPIH TBZAIU,IT,Manager,60,45,12,91,87,76,0,Yes,5,45.5,No,2,0x551c7555eab00f610770262d19755e6b85ae91c3,0x9bda0094f71e5089ded956a865261e600cbdf113,No,2026,False,175,zkproof_0175_hash,HR_SIGN_0175,CONFIDENTIAL,CONFIDENTIAL,8d7c9d801915c960aa590a9b67bb24a75592db99ada14c093e8776cc52b1a076
0xb4bdcaecd668c0d9f8079c8f62f6a7f50a8ca675,EMP1175,XBHYV XLWQYQ,IT,Analyst,65,44,25,66,66,82,3,Yes,6,48.4,No,2,0x547bce7f33fbb7496d90d7656ae5023d8334e1d1,0x1b3dfdae17d6f464ee924d54c38910b052febc8d,No,2026,False,176,zkproof_0176_hash,HR_SIGN_0176,CONFIDENTIAL,CONFIDENTIAL,f514715962bd4888e0151f4f5c30fbad0422005600abaded32dd9491d83c4ab3
0xbd6e686b5a113438914c75e73f2bf5b429922e66,EMP1176,VHLYN XRMNFF,Operations,Lead,74,48,43,91,85,49,10,No,9,49.8,No,0,0x16972d3c21673488836b42ddf0446292d666e449,0x8bba215bec22dc83d1ff56c3c6a5d23fd8fa67c2,No,2026,False,177,zkproof_0177_hash,HR_SIGN_0177,CONFIDENTIAL,CONFIDENTIAL,4b0eed467839c90704da866dd68f6021f0741763a443059bcd50785bf2844cbf
0x4c12c44b13995427f7aa4ba4bf347c8ab28e9a44,EMP1177,JVJVW UIEXPO,Marketing,Lead,82,38,68,45,90,98,2,No,2,74.8,Yes,2,0x926bd282715b5b5c580badb98cd439a04566cb72,0x85ff5dbb92cecbab29c090c567adea39f59e9194,No,2026,True,178,zkproof_0178_hash,HR_SIGN_0178,CONFIDENTIAL,CONFIDENTIAL,20831c3b6b4645552fd4aed347e52c5cfae1e9f24825dfbbe8c222c8a09e96ef
0x5ad7033e9610233e7a895a849e26a3e6d4cd0380,EMP1178,RAOUE VRDPVX,HR,Analyst,88,47,61,44,62,85,14,Yes,3,62.6,No,0,0xd749186eaf90be9877d04bb446663dbfb8ff219c,0x118eb098d75c1e5035902a0b82b70b43545ade58,No,2026,True,179,zkproof_0179_hash,HR_SIGN_0179,CONFIDENTIAL,CONFIDENTIAL,692b2381ca9ad14335b69f132a22fedc1ef6782d2b31a93f1fceac5500e13950
0x9bed09802650a2af3809e33cf64c5c8bf9c50e84,EMP1179,UDMZG HWKRAQ,Marketing,Analyst,71,50,67,98,79,61,23,Yes,2,61.1,No,0,0xe2929f150d0e9d56ab05659cdc4569c9d30974d1,0x155e74bd9326b0baf83defcdd6430191841603af,No,2026,True,180,zkproof_0180_hash,HR_SIGN_0180,CONFIDENTIAL,CONFIDENTIAL,463ca3ebbdb059bd362bfef5491793e774a09b614bfd501d7f5f8adfd2004c33
0xfe643dbfbeac8000a7dde55dd6067b2016765f49,EMP1180,DCDVQ NGKHFX,R&D,Developer,94,38,28,50,94,45,20,No,6,44.1,No,4,0x9a07f569ee6d11fe220b5bc7e2e33ea8d4e75e32,0xbe47c91173bc986a969960dc21fe665262991517,No,2026,False,181,zkproof_0181_hash,HR_SIGN_0181,CONFIDENTIAL,CONFIDENTIAL,4268e4a27baed9f7b466fa51dd073fe80f7116a135ee8041578c925075daef17
0xc2a1e4d3361ce155c5918aeb0245347af3d4862a,EMP1181,WSGPD JQVEPG,Engineering,Manager,99,53,19,92,61,53,6,No,1,35.8,No,2,0x72347966f99d28d93fdd7cb07dcb98ca04dc714c,0xa99c8f0bd7295991002cef33ef44a9f87591bb59,No,2026,False,182,zkproof_0182_hash,HR_SIGN_0182,CONFIDENTIAL,CONFIDENTIAL,a48a0a39d9e7d4f36aeb3ad2e5474450da5acb5dc090964adac7dfda17a70e0c
0x2b2162f3982c8ae1fe3d544ce024669b4d82e33b,EMP1182,DAMDT ZALBZY,Engineering,Analyst,86,41,68,80,82,56,9,Yes,4,60.8,No,3,0x7ad980fbc73f683785421d548834c3068c7b9a61,0xd45ee5b526b646813996ad5bb957d60b8eaebdf2,No,2026,True,183,zkproof_0183_hash,HR_SIGN_0183,CONFIDENTIAL,CONFIDENTIAL,04bb377394506a7ce0f5fd9673155d6ec3e8408e19b2b3640cd5d7791634247e
0xf874eaf9b90d3cf9c894397998013c174c413dbc,EMP1183,AAROG KIDVMC,HR,Engineer,79,54,37,96,85,79,9,Yes,2,55.7,No,0,0xae3ede6a493d199a6996eed85f563d54552e58e3,0x1a147f27076f9cf3a06c4f8f42c063a4122f774f,No,2026,False,184,zkproof_0184_hash,HR_SIGN_0184,CONFIDENTIAL,CONFIDENTIAL,d1458b0f2d7eaab8be4d1d0d831cc091485fd4011aee1b58ecfa4ab05a579e96
0x6fcd69f7d4c188b788f03e4779f9dd14c6fc34bb,EMP1184,ZXTFK TZAOFI,Finance,Coordinator,92,41,92,76,58,53,14,Yes,6,64.9,No,0,0x2b88d5ff16c54252985347da68502413b9f6c647,0x398df95a32d72fd5192e5e9d888e6c350610b596,No,2026,True,185,zkproof_0185_hash,HR_SIGN_0185,CONFIDENTIAL,CONFIDENTIAL,9b1c6b96dfdc189adaa6798a713ae5aaae017e09000db90cdbe6c62848b82e07
0x48514883f449e533053027783babe42fcccd769f,EMP1185,CMQSJ DEQGDG,Finance,Manager,73,53,34,61,89,44,23,No,7,45.3,No,3,0xc52486f6085988ce78fb74653224807c6668933b,0x869b7a33af306b6b1f0f597685e5753dbcbf59fb,No,2026,False,186,zkproof_0186_hash,HR_SIGN_0186,CONFIDENTIAL,CONFIDENTIAL,b2e262454ceff626699036dacd1527430d0c6ff0218349bdbfb6f5943e2b9f08
0xfcb6770b3ce2d0abb776a089d82fe75c5c62043d,EMP1186,OVUGJ PPBJBF,R&D,Intern,97,52,22,50,96,92,17,Yes,1,55.7,No,4,0xb355073e2b12a86662b7dc4e1baeb00ceaea60ee,0x4066ff28e00eb2435d847e650c1a6206697fe40d,No,2026,False,187,zkproof_0187_hash,HR_SIGN_0187,CONFIDENTIAL,CONFIDENTIAL,dfcbe54faf7647b5c11e88e4fcf0132e3d0e6f5e4065a43e79f25937ec9af81c
0x37c65e85f48e0b4c609d6c2fcc95bc440630859d,EMP1187,MUEYQ OBXACW,Engineering,Lead,69,33,39,80,56,93,24,Yes,0,54.7,No,2,0xfadf4bb2f67de970863c14daaeed89e674ee11b4,0x03fb035aaeefbd785488b60e04045efd3129af2a,No,2026,False,188,zkproof_0188_hash,HR_SIGN_0188,CONFIDENTIAL,CONFIDENTIAL,2117f221b465aadd68ba7d6fc3ea3977d3d1766df91f7fe21e4bd13973e886cc
0x0345b3d2aa25888bcd7a6e3401347b98f52b2f9f,EMP1188,FFWCP WHYPKQ,HR,Developer,91,42,29,80,53,56,18,Yes,5,39.5,No,2,0xe8aac6f1f309dbfe90e7e7d5dc08ed8ac303d990,0x0ebfc399476d729c07163e1375870896e57148a4,No,2026,False,189,zkproof_0189_hash,HR_SIGN_0189,CONFIDENTIAL,CONFIDENTIAL,b9c928675501b52593f974da4fedfaf319e0d2a9e89d0b558107922bda20fd40
0x3e1fe53fcd2deafa2ec6f5ce114017cdfa2f98d7,EMP1189,UWIHC ZXZRER,HR,Developer,97,53,49,43,96,58,3,Yes,6,56.8,No,4,0x44f9df03f2554ada71e5a797fbd61d5a40ddef66,0xad83d1cb92e1f6a881f1b4e9d804e7b5807bcbe6,No,2026,True,190,zkproof_0190_hash,HR_SIGN_0190,CONFIDENTIAL,CONFIDENTIAL,e570312c003063209d32b973acfd4e2cee7cc3f8d2b6c3623250e8aada2da80a
0xa8e8ab45689f63f33c6a96691965ef26f46b2176,EMP1190,LCQJW WUBLCH,Finance,Coordinator,85,42,5,75,88,47,14,Yes,7,34.4,No,4,0x4f1792997e64d93ea2c27cc9898c1d51d727706e,0x6ef589ed15c9f9af57654082eba9a65071977600,No,2026,False,191,zkproof_0191_hash,HR_SIGN_0191,CONFIDENTIAL,CONFIDENTIAL,0387196130516bed0c6dc4044396998e8a9915c5e0dc2a74abfeb0e5676deef0
0x4c9044cbf81a5fa123649df05e2e7d0ac1b2999f,EMP1191,IBVWD EMIMIX,Finance,Manager,84,59,90,50,84,95,22,No,9,82.2,Yes,3,0xf79feecd591fac1f59f41d0c1c862f372ce7c81c,0xeab19bde4bf452ddc8772ba31d08225fa58f176b,Yes,2026,True,192,zkproof_0192_hash,HR_SIGN_0192,CONFIDENTIAL,CONFIDENTIAL,2478052c67179be219ca034c81c36914e7503eac1a62f3912eeef45cea504712
0x1c4bceb843dc4b8ed59303c33c86382ec2f2cf7a,EMP1192,RLLGR WWTCEN,HR,Engineer,79,45,37,53,62,57,15,No,3,44.6,No,2,0xe0d47cddacadbe96a049d465ae6e4fd59697bfbf,0x1850c066fc0243f03889c4d2a53c3a4cd09a2a22,No,2026,False,193,zkproof_0193_hash,HR_SIGN_0193,CONFIDENTIAL,CONFIDENTIAL,33ccb33252e1aeb7de035d0578f7b4ceff71e6f919415c6a6acae3a92f767408
0x4ca057d0b90fd4c117b20cc1b0dcb094d5f71c2f,EMP1193,KBHUO CDDIAR,Finance,Lead,61,40,24,40,67,50,5,No,7,38.7,No,0,0x692aaad30e45e34c630d7e463523ec290c74ca3c,0xb9f42e063ab032bded8147e20321a93335a50bb4,No,2026,False,194,zkproof_0194_hash,HR_SIGN_0194,CONFIDENTIAL,CONFIDENTIAL,7c613f3e8c441e1dd7cb229818a80df8a1cc66c78b41d9c32095af1c0e4da1d0
0x54b4afdf07a8ac861435ce61faf63bddc9071be3,EMP1194,BDUFK SYDBZL,R&D,Lead,60,48,18,63,90,73,18,No,7,47.8,No,0,0x982c6299cdcfc41b0493c781689120edc1b046a8,0x1302ac52ec8d83ff2111908850beeea18a708e87,No,2026,False,195,zkproof_0195_hash,HR_SIGN_0195,CONFIDENTIAL,CONFIDENTIAL,2374eace78bb436bf7b4c8d049952807f4aa9aa83c43df45fe60bac94b6d3fad
0x0a27e614d4e6787557dc154d1cd845ea6aa0c319,EMP1195,GMQYH XPPOCG,IT,Coordinator,60,57,83,65,56,99,22,No,4,74.5,Yes,2,0x15a190c10e0c8bada1a15559872e2894fbac32ee,0xc4709b7edb7f2619d510be51544cae57d28d2337,No,2026,True,196,zkproof_0196_hash,HR_SIGN_0196,CONFIDENTIAL,CONFIDENTIAL,b395869a9e09a3b97bfb80014748c7ca81d56cec4f7d5edcbe8fe378e823d1cc
0xbcbb45e01320cf425188b36bc1cbd8423cbcc9a6,EMP1196,WMWOF IUEZBW,IT,Engineer,86,45,20,68,75,87,19,Yes,4,49.5,No,4,0x51a38e2d557fc44ce6a88de8712f69afecb8b93a,0xde0712a3b266ee1436586204d43c9cf086326fa6,No,2026,False,197,zkproof_0197_hash,HR_SIGN_0197,CONFIDENTIAL,CONFIDENTIAL,50772c9848a288500289ba459506555f25b024aa520e9c70d05e3e56901f051b
0x4f11f07905bd8669bfa8e623bb7cbdeb05c0313f,EMP1197,GEDCV EBWGMG,R&D,Developer,77,45,53,44,84,64,16,Yes,9,58.1,No,2,0xfb646103819460cdb3d3bb55cfa376a3ed14b6a9,0xca8e94e6669e2a41cc32d6dbdb402d2afbf52e78,No,2026,True,198,zkproof_0198_hash,HR_SIGN_0198,CONFIDENTIAL,CONFIDENTIAL,eaf7c7574e59b989589d9d239f26c958a87a16d9fe409d35501e89736c98c825
0x5b575244dc75ca22402b7b4bddf1405399c1f189,EMP1198,BEVKE RAWFJP,Engineering,Engineer,82,30,53,68,69,85,1,Yes,6,61.1,No,0,0x598d2ba51f9a1f418af7099c8d9dee576625f4d7,0x362527838bd52f4f0d9074b31117051a282e6e5a,No,2026,True,199,zkproof_0199_hash,HR_SIGN_0199,CONFIDENTIAL,CONFIDENTIAL,c75d63b39db581d1891ebe56bfd4c8f9bef5a2474cd0a92f3302c4b02cf6ce70
0xff5dba9ad2fdffafa28b5e7d097232da3f974bb6,EMP1199,CXSQU YPVZNV,Marketing,Developer,89,44,99,58,84,56,13,No,1,73.3,Yes,3,0x818f47dc42d46be0c7f040aa086dd359ba84af38,0x15daa408134e6bb469df9783b4146954a1d00110,No,2026,True,200,zkproof_0200_hash,HR_SIGN_0200,CONFIDENTIAL,CONFIDENTIAL,e0b9f7a0b05f5b344bd6bc3326b3c4976bd5292797c662994f17cf57d1cb565d
0xefd71d77a496caedb78e6e7216efaa9f49604020,EMP1200,RMYJY BLQLKK,HR,Developer,63,37,28,79,70,80,1,Yes,3,49.5,No,4,0x2ff7f6dee079807cf9222e26dc4f7e9fde356e65,0x6f4d002e407ccf5e412ea6ce713faf52b39ab54a,No,2026,False,201,zkproof_0201_hash,HR_SIGN_0201,CONFIDENTIAL,CONFIDENTIAL,bf51dab8264585dcaf8204ffe970444afedfee725885f9f094e1974e7a0c003e
0xddad9c4959161c80d2110a3edaa266ad0745f909,EMP1201,SXUOX EVASDJ,Engineering,Lead,70,48,73,75,63,66,3,Yes,6,62.2,No,0,0x4ae556a77c4f1918c555e9de436fce4604bbdb9c,0x1e456e929986945ef26bc5aec6e41f3c4c25f66b,No,2026,True,202,zkproof_0202_hash,HR_SIGN_0202,CONFIDENTIAL,CONFIDENTIAL,cb3e5974151fcc47363e1e0c4fce153e1842ce22f9c4aa44cfeb2984fb64e896
0x3156d5ef9298e1bf1e09d07dff54c2100d000eae,EMP1202,CBRMH VTMVRT,Engineering,Engineer,60,36,15,60,98,55,23,Yes,8,42.9,No,0,0xe23a22df26f9583cfe62ae6b5a04e5615e3ea225,0x733265abfc3ec8d59159b80f9f9e640cb09ba1f1,No,2026,False,203,zkproof_0203_hash,HR_SIGN_0203,CONFIDENTIAL,CONFIDENTIAL,45e683bbb5da81db116c2dacafb907f851912746b0c4c57adff7bed55c52f301
0x89649e63be7b8e7d17a4684fc183176d3706bda9,EMP1203,VVASS UDHRLA,Engineering,Analyst,95,42,89,42,92,92,18,No,6,82.2,Yes,2,0x91d234f2502ec479e5ffd4a508fe2772b682d4ca,0x6a0cfbe908c1d305cb06ab35dc3b43974b44c7ca,Yes,2026,True,204,zkproof_0204_hash,HR_SIGN_0204,CONFIDENTIAL,CONFIDENTIAL,eddabf8e24e2f845c3ac951fa133c65e01bcc615432c491e1af900dd4390a026
0xc0ac132e793e69f4fd3e24d4b41ca843ed5456ed,EMP1204,VBZVB SNJLTB,Engineering,Manager,78,39,66,62,93,75,10,Yes,2,67.7,No,4,0x8ce0ccad673daae224e43aeedaa31ef8b17b7a0e,0xa5601c84487ad496ec78f4b62bc06a63d935c465,No,2026,True,205,zkproof_0205_hash,HR_SIGN_0205,CONFIDENTIAL,CONFIDENTIAL,48e866ac38f9840bd6c577e588b5ff6d8c824774745b8b04a6841cfa4fc76a2e
0x8df73bf5f46d94c0389413d3d71dfc41f729dd28,EMP1205,WGHTB ZJYUGM,Engineering,Coordinator,92,50,68,79,61,55,13,No,3,56.2,No,0,0x8f3f5929527ddb007de90e81cc7c05ed10346862,0x9b204c899f7c75ed0dfcc00049b3a5daa8faffc9,No,2026,True,206,zkproof_0206_hash,HR_SIGN_0206,CONFIDENTIAL,CONFIDENTIAL,24884a3162e4ad55adebbccddd105097c7f114f64a4840bbbff1d25a362cee31
0xd672e95a6c04c8b9191712a39f66c71c0297aaed,EMP1206,VSZPU LPXWKI,Marketing,Engineer,77,34,43,52,72,91,19,Yes,0,58.9,No,1,0x9e78389965ac30934b1b64879fefa9ce04dbbda6,0x90dfff58d1b1c9bd18d9d2c18fa72739eae21bf3,No,2026,False,207,zkproof_0207_hash,HR_SIGN_0207,CONFIDENTIAL,CONFIDENTIAL,259468c7cd64703ea4e3ab33b0aace9071f8c2d1bbb083c2c3fa28fc7ce2811f
0x1db7e449940191f4b69d741f5d78515b2243feac,EMP1207,SXKNR LMSDBY,R&D,Analyst,86,33,96,48,74,48,20,No,2,67.8,No,4,0xe7c6b336cb44a3f45e73fdcbc89bc30de3c4192a,0xd69a2f2eeaa5f4a567e879ca5d66a950768fff04,No,2026,True,208,zkproof_0208_hash,HR_SIGN_0208,CONFIDENTIAL,CONFIDENTIAL,c6691bdf49835b4145c8a4fb986f031348f62d832db35c2584330e5c43065ef9
0xcf87a05a2a21d6acdf8ecd35a9d2ddd7e7e2ea6b,EMP1208,WJJTO UPJYEM,Engineering,Analyst,65,46,42,68,88,52,18,No,3,50.3,No,4,0x131729543d6b1fc4796b729ae4a258079cd1f627,0x17e9c8130cfdf612d7f6a6de34aacd9ccda1684e,No,2026,False,209,zkproof_0209_hash,HR_SIGN_0209,CONFIDENTIAL,CONFIDENTIAL,a39c35c389a35eab8f616425c2aa0f99a8ecc9312ef975bc4fa7c2d2563418ae
0xc4432fc6223a5d659dbf589be997ce0efad6ad2d,EMP1209,KRTCW XWVUXT,HR,Manager,96,56,60,84,55,79,14,Yes,0,58.7,No,4,0x8d4097e749ca7e524444e210b1b56e8d8c75f836,0x072fa2d7304a3b161e460ec57903800d66c1077a,No,2026,True,210,zkproof_0210_hash,HR_SIGN_0210,CONFIDENTIAL,CONFIDENTIAL,fe03082dea9ca6affcf0ad0e5bd6988a5c57c602dff785ebf0fc06cf8ed585ef
0xe41afa3b161bb0edd6925af3a36cce620b38c877,EMP1210,VPMYM VVIINQ,IT,Engineer,79,38,69,47,97,55,9,No,3,63.8,No,4,0x7b601b824686532a434eb52dcdccfab580349a3f,0xfb65ef0eefd0e45c492fec38383a2c8bcb77a7ad,No,2026,True,211,zkproof_0211_hash,HR_SIGN_0211,CONFIDENTIAL,CONFIDENTIAL,a202cf6314a0e6ae37c24c0fe63b55314099aa7a10a52c8b9328ebe2fc38e782
0xe8a0db0777bd8ffc66f03e4f07222c30980a0a68,EMP1211,MEJOE WIQFMB,HR,Intern,67,51,57,95,66,70,23,Yes,5,57.5,No,3,0x95daf28a32dc6ab06ad5f8962d8d9d63a4fb7b3f,0x59bdb6c4c78143d65e1f91bbc6522e3273a848e8,No,2026,True,212,zkproof_0212_hash,HR_SIGN_0212,CONFIDENTIAL,CONFIDENTIAL,4b5045672afc8b88eacfc242998663016048418866498c249906fe804ef6f4c1
0xc7ada5092de40206a22f3e6417cff39a07a09580,EMP1212,IOEQP UWMYSW,HR,Analyst,94,38,72,48,55,54,4,No,7,56.7,No,4,0xb6db5a106334281e642a0152a6b65ab4c36457cd,0x32e13be9ff251a81373be69ed77bce0dc149ff76,No,2026,True,213,zkproof_0213_hash,HR_SIGN_0213,CONFIDENTIAL,CONFIDENTIAL,68140a662c5d5b37677ac285f7a13509fed6c3557c16b9d059327f71e8c5b92f
0x0058af38f681cb624d7341f6d5272785b8b94a1c,EMP1213,LGSAE HITPHR,Finance,Engineer,96,58,38,42,60,55,17,No,8,44.5,No,4,0x088af5094669c0a04bbb7056c75025ee985eaf90,0x041358557f4c9917a0e827b1c8dfbcc2a6305515,No,2026,False,214,zkproof_0214_hash,HR_SIGN_0214,CONFIDENTIAL,CONFIDENTIAL,552e1727b2deb3977a92dfb22aeea1bbc73870f52b8d28cc125b02bcf5d14a17
0x04328351d3167c51d500681a38c4ddf3f2dd9a17,EMP1214,HZEQX ASVIGD,Operations,Lead,91,34,34,50,82,64,23,Yes,4,49.6,No,2,0xf341846650289614a49b12393584d70e2300e485,0x21520a41cb0ea8fca4b01940db756071db5801ca,No,2026,False,215,zkproof_0215_hash,HR_SIGN_0215,CONFIDENTIAL,CONFIDENTIAL,e44fb6e4bde2dba8022ad6f04918f240f613d2d6bbef68a7067d297b0ba8eeee
0xd0ee0f403fe45c97bc2c5f81c8fca4a5ceec6add,EMP1215,GJZLC SOXWLL,Marketing,Lead,98,34,36,61,67,97,12,Yes,8,57.7,No,4,0x69aeeb65e674ba96653051e7d893fe30a2e6d0a8,0x16ac522263615298dc8acd65fbd5c6bbbe4d50d7,No,2026,False,216,zkproof_0216_hash,HR_SIGN_0216,CONFIDENTIAL,CONFIDENTIAL,53ef38f0768157c22adbca15815b9379fb4b57b53ecb3b964138c2f6b13d7655
0x5f61414425f757686fc20ea63495cf87a7b814ff,EMP1216,LSHSX NMHOOP,Finance,Lead,95,44,20,50,50,46,20,Yes,9,32.7,No,3,0xf1714decdb69fc82f3758def368ad2d58acddc5f,0xfbcda39c0f1722f21d479f71b697c36ede7f7344,No,2026,False,217,zkproof_0217_hash,HR_SIGN_0217,CONFIDENTIAL,CONFIDENTIAL,eb14da28f48ee967bbddc9e1cce5b53a3186d89441ee619527e3c8ca88c29954
0x8ae8cade0290a5192729ff7729b866292f10df4c,EMP1217,XAFZT BWNIHT,Operations,Engineer,98,39,26,63,52,94,6,Yes,7,49.7,No,2,0xcb12aebe20bd33567b5b77d8a5c3c41713dd2c7e,0xf1193e837d20ed7ccf601bd253babddb37df568f,No,2026,False,218,zkproof_0218_hash,HR_SIGN_0218,CONFIDENTIAL,CONFIDENTIAL,fcd381691f91190911424ad632dd5331b3ffbf42eaedb13067e3ec06b39cd1de
0x217498649082587c2dc5bca79771f8bb3d8aeb22,EMP1218,WCBBJ QQZGOL,R&D,Manager,99,37,22,46,53,53,24,No,3,35.6,No,2,0xea964dc4e34a58069f5beaeb067d501fe0448a2b,0x575ff6042c2929acf9273ccd3f891dccb1727386,No,2026,False,219,zkproof_0219_hash,HR_SIGN_0219,CONFIDENTIAL,CONFIDENTIAL,94c5576b07e8f321ebbadd5aaddd341102afc5163abd736fc8bb00bec7edfc9d
0x61a7ac27b85b59a0056d2f482ad052d344369283,EMP1219,EKIMS YVTLSY,Operations,Coordinator,83,32,4,93,53,71,12,Yes,8,34.3,No,2,0xb230ca949a2a6dc948efb8a3199da319d49e153e,0x52e28f4c0bbd19a96b8297c0b8b97537ed6535cf,No,2026,False,220,zkproof_0220_hash,HR_SIGN_0220,CONFIDENTIAL,CONFIDENTIAL,b40675df0097413a48d983a4a96c9c42ab01c41a1bd70befb96f2c642f052d52
0xa16af0df3d825fd3a9d10f68bee1b2d43b9ca501,EMP1220,VOJBP IHFTLT,Operations,Engineer,65,38,12,47,81,47,6,No,4,35.5,No,4,0x32ff39d53ebd7fe7ea3e34f79f87da24b92abe8d,0x3004848d449b387b51fa8ad9611ab7a1c4b646ed,No,2026,False,221,zkproof_0221_hash,HR_SIGN_0221,CONFIDENTIAL,CONFIDENTIAL,ed713a7ad342f7bb350af5d86bf4454e739d03777f58f13d4ec48de056b440af
0x830857cef0bed09894725258378b129e84d3dac2,EMP1221,PUINA CQGWOQ,IT,Analyst,97,53,40,86,67,75,14,Yes,6,52.5,No,0,0xe4500d41de473ca2882c441fc3eaa6f0b6479d87,0x556546fb593fee1891fc5aca262a55ddfba8b3a1,No,2026,False,222,zkproof_0222_hash,HR_SIGN_0222,CONFIDENTIAL,CONFIDENTIAL,21883cd749e436e226a9629e3c389647e7ea6b9927d1d4b22ef1e13d042748f5
0x528ed370b51e56dd6e3e4a8cc86fada976231cf6,EMP1222,KHZZJ DFZTFH,Marketing,Coordinator,75,42,30,78,99,97,16,No,4,61.3,No,3,0x9d1f14ec9c19f1f86525efb20e7d7fd179802bd2,0x2e878f77f158fed5e1d9d2fb49ccebdd2d14b2b2,No,2026,False,223,zkproof_0223_hash,HR_SIGN_0223,CONFIDENTIAL,CONFIDENTIAL,2761ca244e44a9bc9f2a1f5a86dc1ddeb966f9de033f4b107742981328f12229
0xd97cdd6ebc4e02762ff9f9e722be2d2b9dc02f53,EMP1223,QASVH NTRVOI,HR,Engineer,66,59,36,51,81,68,1,Yes,1,51.1,No,2,0x501f2520cb6e714776a50ef4a8ed8034ec02b8ab,0xb20aa281ed4acac3d644ea92c3d6c6375d9826cc,No,2026,False,224,zkproof_0224_hash,HR_SIGN_0224,CONFIDENTIAL,CONFIDENTIAL,e6e3ba8b2eadcf87bf27fd6235ebc63a54fab48e100c965bc5712b4c1f3877b9
0xbc748151e89a25f7e1b3d714e8cc46dacbc6fd4d,EMP1224,CCRTL BUFXLY,Marketing,Manager,60,46,72,56,56,63,7,No,5,59.4,No,2,0x70768da69fe29012a5c644f8c3b7911e113d5e84,0x73a23387ca65fc744a5b327596457151f470cb52,No,2026,True,225,zkproof_0225_hash,HR_SIGN_0225,CONFIDENTIAL,CONFIDENTIAL,234899869d09474e19fd966288a66127803faacb73d697b12b977b483cc17f8f
0x2519177292f6c31e0203da03d2af5b57d9487999,EMP1225,ZWTJT JABQRF,Engineering,Manager,72,54,20,64,50,70,23,No,6,39.6,No,2,0x48c6d7266ef70cbcd780566b9f16d6cc06c28332,0x225e5bf5ee1a3a79e451f4b1998345b54c1b2b40,No,2026,False,226,zkproof_0226_hash,HR_SIGN_0226,CONFIDENTIAL,CONFIDENTIAL,8073b6198e17e154c9d45b1e8362b77ea5a9aef4464b611d51d1647febf3502c
0x34aebce518f7bbf270b9baa2e1ad5cb41ac8fdc0,EMP1226,DMAZA WOFPIP,Marketing,Engineer,99,55,74,83,69,99,2,Yes,5,73.6,Yes,0,0xad190d419b675296299ebdfa5f0ebacb0f5c955f,0xf1763350d85b3c80b597efd2ba1ae5068b190cd9,No,2026,True,227,zkproof_0227_hash,HR_SIGN_0227,CONFIDENTIAL,CONFIDENTIAL,5b371015c7b10a16cb007454c518e6011573db985c2c510abdcf3d4eb2c35180
0x2385a0e5d471b281ae2c30d49ec29d6e2f1fd782,EMP1227,LPAXL VGNLRT,R&D,Intern,94,55,90,73,63,41,11,No,6,61.5,No,0,0x5be0a38a46e609d24fa6049af436af6f9192995b,0xca885bb3de6e071b1e9c0ae25722bafd0aef1f6f,No,2026,True,228,zkproof_0228_hash,HR_SIGN_0228,CONFIDENTIAL,CONFIDENTIAL,d0325bfff2ff80f3a261562c6069199bf634ecad3d77c019edb9ce85739f1445
0x97916639b618ce62b39d584cd944b879a8ebbf14,EMP1228,TMDEG TMUTOZ,Engineering,Lead,87,41,69,91,61,63,13,Yes,9,59.6,No,4,0x272beee6baba90ae797bddbd5de4d9712fe9aa47,0xd072240fc15a5c3b4001d30b9d99e85cf346fc81,No,2026,True,229,zkproof_0229_hash,HR_SIGN_0229,CONFIDENTIAL,CONFIDENTIAL,b667df2dc40b038308a725be24dff67fba4eed8b054c9e27774e0f77fd26167c
0xc1c698f2c8c0d673007ec091ed1869b8f22c94d7,EMP1229,SYHUM ZPOMQJ,IT,Manager,98,54,74,48,95,72,0,No,8,71.0,Yes,1,0x5aa789a8ce2767e16ab160ee555565481f2177cc,0x0089a3ae3906ae28faed354c00bdfc69570bfced,No,2026,True,230,zkproof_0230_hash,HR_SIGN_0230,CONFIDENTIAL,CONFIDENTIAL,2ff55ba347f7b845295421024f043ed5b0ade8b6506ac5a57502499554304683
0xa7221503b458e26b03554920cb0c41229576f148,EMP1230,PKRHM VYSAOX,Marketing,Engineer,83,54,27,76,93,57,5,No,2,46.7,No,1,0x0fc452839fa52ae8cdefd2e9112bb4001836aa16,0xfd728330253908ee88b0c310ae0217f1a67e56b2,No,2026,False,231,zkproof_0231_hash,HR_SIGN_0231,CONFIDENTIAL,CONFIDENTIAL,815c36fdaf1d9b3327eb0af655ec64a9e56cb0571c5ae260cd88b1f72f1b271b
0x85ed4ae06a8e193e77f23d83713fe0108036d104,EMP1231,HKPEP SNLCDC,Operations,Engineer,77,51,67,73,99,78,12,Yes,4,70.4,Yes,4,0x4f284ebeae753f871b7c6e69230c269f1f379918,0x6c126904a74d48641f69ceccf0506da0efe2e10a,No,2026,True,232,zkproof_0232_hash,HR_SIGN_0232,CONFIDENTIAL,CONFIDENTIAL,cf5f1ac9597d4c9dceb72d4bc6524bf65110468a7d248551f07b344e66f7ca7d
0xb90bb0e907d944428b05228fe4a15821bec015b6,EMP1232,ONFZW RHDMZQ,Engineering,Engineer,89,53,61,46,56,54,2,No,1,51.9,No,3,0xaceb3c4ae8476d61e1a9c8263229bdaa7ea6cf9c,0xeb6c0540b90395924dd2751a6ce84d34cb6b1f00,No,2026,True,233,zkproof_0233_hash,HR_SIGN_0233,CONFIDENTIAL,CONFIDENTIAL,c6c169110e7d6cd1bebfb3cd01308fb99455c10981e3d1255537d39647919816
0xdf4e4004e5efc95e1a597e040eff8bf70ec7b162,EMP1233,FDIUS SKVPOZ,R&D,Engineer,97,55,3,89,64,70,17,No,5,35.5,No,3,0x8662a8e2fdfc78156c1ba71a5835a3a5823458bb,0x33b8753f3b811cef22524629c38601683db1378e,No,2026,False,234,zkproof_0234_hash,HR_SIGN_0234,CONFIDENTIAL,CONFIDENTIAL,1169d1b2669bfe51008ef699ba83c05e9403c1e13b5e81714cf4d54dcea197ee
0x41caee7261b97d24c062229c0f800d9155c63d7c,EMP1234,TWXRC DVCAUC,Engineering,Analyst,90,46,63,59,85,68,17,Yes,9,63.5,No,4,0xf3b9e1305bcb49525d8080358b71e53feb16b7d6,0x56f63651af561498738117fd235a83722eef40fa,No,2026,True,235,zkproof_0235_hash,HR_SIGN_0235,CONFIDENTIAL,CONFIDENTIAL,6086e531b42b0249d7edbd2cc2ac208aa2719ab2cab293b1be65b9e598618a1f
0x9123beb67eba2eb6a7fcc4636bae4ae1248fc24e,EMP1235,SBHIQ HFNCTX,Operations,Developer,89,52,21,58,99,51,22,No,4,43.9,No,2,0xcf8d4b639171d75d72afb5f267453f45d9d876af,0x64645ab0cc47d1370a2e865a56623805b07d169b,No,2026,False,236,zkproof_0236_hash,HR_SIGN_0236,CONFIDENTIAL,CONFIDENTIAL,f2e0d2bb18a57253eeeaad3af522a236541ca2b8f637e659872ac8b5d94b6c4b
0x10c57375eb2a617387d9698b522db4cb93664506,EMP1236,NSMIT WIXEVR,HR,Engineer,87,54,43,62,53,60,4,Yes,8,46.6,No,1,0xb13b6f10c5344be828c8c7d86a4d379577f8d2ee,0x5c1dd708dd32c92d2bbf15d8121ff531e8cfd0f5,No,2026,False,237,zkproof_0237_hash,HR_SIGN_0237,CONFIDENTIAL,CONFIDENTIAL,192162f053182da7b9cfdf8e99a9312a60ff772104718fa1501958ba919ba01b
0xe829773bbe718d560175ef731eb66f3f29c0fdbf,EMP1237,SKGHY NBVZMX,IT,Coordinator,70,40,57,64,87,76,8,Yes,9,63.9,No,0,0xce98386258a8e270f8ab78b329bc56decd9ee398,0xbb84a5391485c239dc799cdab69b1b6e61384ae5,No,2026,True,238,zkproof_0238_hash,HR_SIGN_0238,CONFIDENTIAL,CONFIDENTIAL,8763150b7fef8b47561b6fbaef489e7d07ea4e59a4845eb0e5d1dd5f69764b19
0xbd03a6fb094784c2366eb74d7936a7b8ca1991d6,EMP1238,XIWKW WLYOLL,R&D,Engineer,60,35,54,61,66,45,8,Yes,9,49.2,No,0,0x744b41a1236c6f2a456b68368c2efec166c85ad2,0x2b7608aab386909ca4ea653b39a08e4e7c6d5b99,No,2026,True,239,zkproof_0239_hash,HR_SIGN_0239,CONFIDENTIAL,CONFIDENTIAL,5b22c3a8cd3eee8a6f524879004725be31b06412c80df544e16286f8d2da639c
0x2d9f372638dc3e0ade0a2ce86b92a2b66369c13b,EMP1239,NTDGQ AKHKCW,IT,Analyst,65,37,26,72,62,62,20,No,2,41.6,No,1,0x0b82b9e29a644b130fc5c33933ba1771e7287fc3,0x72d22d728bb8aae1aaf5aa49d33e3c992e295751,No,2026,False,240,zkproof_0240_hash,HR_SIGN_0240,CONFIDENTIAL,CONFIDENTIAL,e82dbacc368629788d4971a7b694e348d5a9c2e294c19b956693e299c1bbf829
0xf3846af5c34da9ce0414a0e729efb47eba773131,EMP1240,XDWZE CMLHAT,IT,Engineer,82,38,61,96,76,46,16,No,1,53.5,No,1,0x375a300d0c9e0d8e0741d48541d37499d48ed31d,0xa7eaa34abc75ef5af687770aab3f45cdb0c068ac,No,2026,True,241,zkproof_0241_hash,HR_SIGN_0241,CONFIDENTIAL,CONFIDENTIAL,048eeb9409a6b5bfa54f8406e2f7faece0a2831dffbd26a0ee44227b5ea110df
0x8c4ca77c7c58658ce533bd761b1bc69e4f3d7779,EMP1241,EJGGR ESETLU,R&D,Engineer,88,45,43,90,99,60,7,Yes,4,55.4,No,0,0x8d302c17e22a889d3d6785ce66553c5e79006b89,0xadfc539742bbd1d08664c80951a41c4f2a9da466,No,2026,False,242,zkproof_0242_hash,HR_SIGN_0242,CONFIDENTIAL,CONFIDENTIAL,9e0587aab179778095eb6fc36e03c66bfbf731d0f7011ee32627e02d39125d59
0x964a40142e002706b9a03de2b2a1568999624169,EMP1242,PNWQH IQDMGQ,HR,Analyst,92,56,39,67,84,80,11,No,3,56.7,No,4,0x9833b16ca9a9c4084cedb074a6b48467c6320b80,0x6203655db4fce629696cbd8336596e9516032626,No,2026,False,243,zkproof_0243_hash,HR_SIGN_0243,CONFIDENTIAL,CONFIDENTIAL,aa713fc6b933593fa166976a98e90872d63ef3c46ab1c0f8681f9dcf97570658
0x76efb67febc1da32a3e9cfd15fd3d7123e8b44e0,EMP1243,NRQZY ZWCDSN,IT,Lead,81,38,35,47,92,65,17,No,5,52.4,No,0,0x0631ca0b9b9851cc05209c6749be841480b85412,0x0fe3f7c5a5677a7545114d9181cce560d52dffdb,No,2026,False,244,zkproof_0244_hash,HR_SIGN_0244,CONFIDENTIAL,CONFIDENTIAL,46af35df4eb6bbced57e21871ea644884b97f4303fa2313a2c4f0e5674cb7106
0xf1f9e6f12090d8b5176f83c5fd32a3ea3a7d0f6f,EMP1244,BHSVT WCBZHW,HR,Intern,91,35,64,65,84,71,19,No,0,63.7,No,0,0x5fadcdcf12e0ac0022a4b36605404306f6b06af6,0xae2fd5e87b1e53d0272bfa7895f59f30108d02a5,No,2026,True,245,zkproof_0245_hash,HR_SIGN_0245,CONFIDENTIAL,CONFIDENTIAL,6e8e9385b7608ffcf2b4c02abc8d2f079c387ce2f1c2a1496163fea64e7944f7
0xf732309181bf684a6ba69cba5a0bbb6cba777291,EMP1245,BOXNG SBVCFE,Marketing,Manager,88,34,98,70,93,65,9,No,8,78.1,Yes,4,0xf40ae90dded3586f6ce2cee87ef4d123b6c580ed,0xfd079045933ea90a8c0c26f633d85eef38d83d7a,Yes,2026,True,246,zkproof_0246_hash,HR_SIGN_0246,CONFIDENTIAL,CONFIDENTIAL,7e08e7af5651a8a3c73fbba93ac5fd208728ac3314236bb30407654232f69ab7
0x76d9b2aa93133570dc1b8392bbac679a3708380a,EMP1246,PIGRD SVGTCU,Marketing,Intern,77,47,23,47,57,49,24,Yes,7,36.0,No,2,0x93697227686ea6001d5de0a83c450897d73bdca9,0xaa0fe8f382f9c009c25f16a6cc352335ec00691d,No,2026,False,247,zkproof_0247_hash,HR_SIGN_0247,CONFIDENTIAL,CONFIDENTIAL,63e8a3b5c9b4dc79b805eb76ceedc37a6b08aee02ae4b9b740d4c1dd519076fc
0xde34f8ec7578619b1ec7ecaf606cc1670d96bf97,EMP1247,ZOSGE WJRZTF,R&D,Manager,82,44,76,87,99,62,18,No,9,69.7,No,3,0xea2ae21a0ed6cc4bbdb1d7d6afc5a4a61e8c6f4f,0x22348e859232f438d7845d590d7902cb3f4fd9ea,No,2026,True,248,zkproof_0248_hash,HR_SIGN_0248,CONFIDENTIAL,CONFIDENTIAL,d214eafba5f80accc5e693476fa4ed00df051b04ac96f0b351a36bfb91ecbf64
0xe61bbe51210009ce845932d4271c42977600a33f,EMP1248,YGDHI OUYQZY,Engineering,Analyst,80,54,78,95,65,80,15,No,9,69.1,No,2,0x0d90de470239f442c1d20506f27eaa6fb99d8753,0xd0ddb07dc2407718f6c3c8bdcb72e27d85dd396f,No,2026,True,249,zkproof_0249_hash,HR_SIGN_0249,CONFIDENTIAL,CONFIDENTIAL,e70dca73d1c70dfd1caa9c90d722ceb40242f568889b40718825ffa5ca294439
0xca6dbae70cabecf54106e8e8a4f5848c9458f7af,EMP1249,KXURJ CVNRKW,IT,Manager,63,54,99,56,55,70,19,No,4,72.0,Yes,1,0x14a31b8335c3b8853272d2cc3e9db26eba01158e,0xfbf3fb36f7c3c1ae2127ab23cd99b1fc2e687e69,No,2026,True,250,zkproof_0250_hash,HR_SIGN_0250,CONFIDENTIAL,CONFIDENTIAL,078ae96785062616e18842433ff057df983535e098877f99462e6881a2920471
0xaaa4e078a420255520c656eb71000ff93f1dd992,EMP1250,UJQVG QARKWB,HR,Coordinator,69,53,41,40,90,82,0,Yes,2,59.2,No,1,0xec4bc691ec7efc00dfa326bad6546d6e0a6a29ea,0x1d1ba900112a03a8fcb3679e0b53afd0f5800222,No,2026,False,251,zkproof_0251_hash,HR_SIGN_0251,CONFIDENTIAL,CONFIDENTIAL,95211462ce88ccf2c0bae2d6d5bad928d5dab68243db47440f216ee32ecd3b42
0x780dee30028e32b0c58b2f0db21ec886d4bc5c8a,EMP1251,OQOEH JQKIGC,Marketing,Coordinator,81,55,97,84,65,67,19,Yes,2,72.1,Yes,4,0x1045007e271a5b197b542e277ddc38f389763e90,0xa888058ba41c9467049b406b230c0db346842372,No,2026,True,252,zkproof_0252_hash,HR_SIGN_0252,CONFIDENTIAL,CONFIDENTIAL,86d9ecc9ff124147fbf9835ad2f23424cc860d4697c7e0cfd1ea2e1fed1080a2
0xf58232b24e1ce8f3457b4acdf5ba2825bbc08fa2,EMP1252,SNKOS OIVWRY,Marketing,Engineer,76,37,4,42,99,69,8,No,5,42.6,No,1,0xa37fd708f0ce7783508a0ddc7e12f72f604ecb5e,0x61c977ed12f55cf1223e56033f3f442e3e53a94f,No,2026,False,253,zkproof_0253_hash,HR_SIGN_0253,CONFIDENTIAL,CONFIDENTIAL,a46ee2633ab3181804c59137a2be65a999842eadc92b4a6165e47dbf56b662c5
0x0debbfcf898a6bc0d48bc24a4dcf893c29aa3d08,EMP1253,NWCHB FMINWA,R&D,Developer,70,58,9,75,82,98,20,No,5,49.9,No,3,0x06e8f21224b9ca480c74d728273b7831346f2562,0x65a6283c69192864547eb674311d05453e4d4a03,No,2026,False,254,zkproof_0254_hash,HR_SIGN_0254,CONFIDENTIAL,CONFIDENTIAL,3833c73d3a7770526d6e9e3e18719432f78fdfc52f03bbb873d8eb5261fd07d5
0x8ddc6fbbbb2071b49e18d7d8c2fc40165522a487,EMP1254,TAQPV EPOUHC,Marketing,Developer,98,58,91,87,53,66,5,No,5,67.3,No,3,0x79ab3962acdeacd2b1cd214d2dd2bbb5c40e14ab,0xb16db673e9c0a4f18d19cc18332f0aea61d00adb,No,2026,True,255,zkproof_0255_hash,HR_SIGN_0255,CONFIDENTIAL,CONFIDENTIAL,4a03ee15bc29af6069076a599004aa1c2997dc57f03bad5ea4b07e50e892344a
0xfccf9dfa643343cc78e9033112d592b4f38092fd,EMP1255,GEEEQ CSWDBE,IT,Coordinator,82,55,7,97,72,57,19,No,8,35.1,No,0,0xc0155a71c8237a28896f9321c5fbf8cf8bac1a7d,0x2d4a178398f84d7b275444ee2843ac45a5435dcb,No,2026,False,256,zkproof_0256_hash,HR_SIGN_0256,CONFIDENTIAL,CONFIDENTIAL,a67a0c32fb320e646d1f2c30c3ce997391386346213e66756bc2644539158565
0xec597f4db461911c40d57a19f4599ceeed4b298b,EMP1256,OSSHU FNTBJJ,IT,Intern,98,41,1,73,71,56,2,No,8,32.2,No,1,0xbcadc89a776cc13843c781506aee24182f64fe6b,0xb56e78deb4f4aab46c0f8428512fbf0b3dda80e2,No,2026,False,257,zkproof_0257_hash,HR_SIGN_0257,CONFIDENTIAL,CONFIDENTIAL,0c7bcb3ea89926e2fb0f5d6d0027f9cb1f4e6f9b1687400b8a335aece970b3ac
0x29eeb82af55c215843bb743192537b06bf323eab,EMP1257,FNBKG UFLFLB,Operations,Manager,70,59,84,49,75,78,12,No,3,72.3,Yes,0,0x7cf88752c711142ad40136491b4ccba88653818f,0x2ce595ec93de0f365668f32b690e4b64aeb38a01,No,2026,True,258,zkproof_0258_hash,HR_SIGN_0258,CONFIDENTIAL,CONFIDENTIAL,32d81cb18b6b5f33fb6ec05434271b9d6c675d7c762976b427c27fd78fd73559
0x80884065b983d27e270f4c7eea71a75b2e252eae,EMP1258,KOLYH XACRUO,Engineering,Intern,90,59,2,90,51,61,8,Yes,9,30.2,No,0,0x06f424d3c2f0d672aa93bdad16c50f2bf8c0926d,0xddf04baae0284ff91379db3b235e55cb9a23a8d7,No,2026,False,259,zkproof_0259_hash,HR_SIGN_0259,CONFIDENTIAL,CONFIDENTIAL,c774a60aa3a2a69bf5c19658617cd72ee3325411c12d6ddc9ea9da237179d0e2
0x48f03f7bde892477e3c15105bafd9609f7625e49,EMP1259,GTHJF ISSTNK,Engineering,Coordinator,69,55,7,80,53,99,21,Yes,6,43.7,No,0,0x51bec137c711ce81ab23625193e04de020ee9527,0xe4ec84a6598691474cf289fd3e5a39578f7ab4d2,No,2026,False,260,zkproof_0260_hash,HR_SIGN_0260,CONFIDENTIAL,CONFIDENTIAL,57aa799258f2ff9885b80925135a4a6501a2ee1f12c2b79e2ed00d99f7fa2953
0xce68bed43bc798866c2fcacb27601238b80028e0,EMP1260,BPMOF AMRHYE,IT,Coordinator,93,47,67,63,74,46,21,No,2,55.6,No,0,0x10d482a49d0038368359a0683518abed0d38636b,0xdad67927cb90c60d9ccbfce40b41dcd0c0e94893,No,2026,True,261,zkproof_0261_hash,HR_SIGN_0261,CONFIDENTIAL,CONFIDENTIAL,3fefc28b2400d4ac17e955766bef63bde5561fa18a5c770b48de14b16a59d122
0xb3a5c2cb1cb6c03798ea7e1ec838318f3eb8081f,EMP1261,LDODS HGWBQY,R&D,Intern,78,40,37,96,94,48,9,Yes,4,48.4,No,4,0xda1f6e76788ed7423958b26c2d4737a47031ad5b,0x4b6aa818312c3d932eb8dd5689a99cc10630f279,No,2026,False,262,zkproof_0262_hash,HR_SIGN_0262,CONFIDENTIAL,CONFIDENTIAL,b374eb3ed5dc86f0f5ac066d07fc9d6bec86003b8234631c631b166b6e72c8f9
0xe96ece97a5b1d154db347c876da54706208061b8,EMP1262,KECHO SOPNRN,Engineering,Analyst,62,53,46,81,95,53,9,Yes,9,54.2,No,4,0x9eb0e848fc1f355fa0857a98ecd4135b4a6bc6a6,0x93a2bda92fb17ea8db36a33c823c76ac2919a091,No,2026,False,263,zkproof_0263_hash,HR_SIGN_0263,CONFIDENTIAL,CONFIDENTIAL,78358abbae7e7fb62cc3af3d03acc44babc769ddbec3fe47b713f0242fa4790f
0x24530ad181fc81a7f8bc762cafba2e0982a0d149,EMP1263,ITAYI ABFJMH,Operations,Intern,82,40,59,80,61,71,12,No,6,57.7,No,0,0xd458bd805050c0e040b6348b27db3b2d399101f2,0xd4884a38eb077d8e77d767d209a21ef298f45eb3,No,2026,True,264,zkproof_0264_hash,HR_SIGN_0264,CONFIDENTIAL,CONFIDENTIAL,375615bdd5fa906ddb343683d0aef555831dbea3b8dfc68a2cf13bb89055bede
0xa30da0c5f32c44e379edec6d6a4f75d6b8aa4a13,EMP1264,MSDGC PTMGTA,Finance,Coordinator,71,47,65,63,60,85,24,Yes,4,63.9,No,3,0x8bcc59cdefb5579be50d9fc46cbe8bc22eee757b,0x180504f72bb6477c48a196c1e4fbd74450353e58,No,2026,True,265,zkproof_0265_hash,HR_SIGN_0265,CONFIDENTIAL,CONFIDENTIAL,d2aff6d80eb64f41e317f67ded1a0bf07f7c69cb69a1fa91ffdcf8b09c54ed02
0xb26f762edd82eae2a28d17fddb666a9149805e18,EMP1265,ZOZGX PKMRKB,IT,Intern,81,46,92,86,79,53,13,No,5,69.0,No,2,0xe9e41eb07f49424ed11e058cd9d2c09669bde03c,0x85945e4486b2ea0fa4d071166c54ec61cef11b2e,No,2026,True,266,zkproof_0266_hash,HR_SIGN_0266,CONFIDENTIAL,CONFIDENTIAL,7ff00213a2cce2beddf41ddc2be6b0f2c1ddb16582738b8b7a822dbabeca8bf0
0xdb1efdca22165faed6c9796c2eae7ef74b186253,EMP1266,JEJGR UXKSSW,IT,Lead,93,50,70,40,70,50,2,No,7,57.7,No,4,0xd87d241d50d63c3ccd2b435d8af66d175b883efd,0xf8ae1c87d022be4068d05f84130cfd80f2304c69,No,2026,True,267,zkproof_0267_hash,HR_SIGN_0267,CONFIDENTIAL,CONFIDENTIAL,86599667bdf7888a77a4896c6e96cb7b55ae327d8ec647a3cbf6ec04d527b211
0xd210ddf6fc417af914515bb1087d8151f7411ff9,EMP1267,WMFQW RLULMS,HR,Intern,65,55,22,55,83,50,12,Yes,8,41.2,No,3,0xf605389c9891def1d887a31791569b221dc167a6,0xaecffec2fb8dfc1d46ffc9fb8294443d7761b0e7,No,2026,False,268,zkproof_0268_hash,HR_SIGN_0268,CONFIDENTIAL,CONFIDENTIAL,0670b92f9c4c0f1810b715b056982e2c0e727b6e3d9ec3890bdd726efd9a5146
0xc4ef0ff0ed9e3cfa3d97dceb2d6e7a072dff24c1,EMP1268,PHTXX IXVDGB,Engineering,Analyst,84,50,71,72,69,42,5,No,3,55.1,No,2,0x067689e9194af221968a2cabdeaa0e3455a1f864,0x00c5798607d70ce6f111f8bf8af9b21545adfdca,No,2026,True,269,zkproof_0269_hash,HR_SIGN_0269,CONFIDENTIAL,CONFIDENTIAL,ae4bee83a0438c7e091502820514dbe753eafaf0b630b17d48f3a753fbdb0a9f
0xb17c814a997977a8a35991a176245425fa483263,EMP1269,IAQRG RTTOPK,R&D,Coordinator,88,46,48,69,57,51,17,Yes,9,46.8,No,4,0x012fa36012b5c89ff9273583e69dfa7061f4a782,0x7bb828e599f079cbc43256957247371abfd2e6cd,No,2026,True,270,zkproof_0270_hash,HR_SIGN_0270,CONFIDENTIAL,CONFIDENTIAL,27a343ca4c76bccd02cc70b4492244aa6ecefeb5959addf247fb8706c1665be3
0x4e4146f53bdc05f189b19d43329b814d640943c2,EMP1270,GZKBE WKAECO,Marketing,Coordinator,77,47,98,78,64,55,24,Yes,3,68.8,No,3,0xe85deb7ac97a6c52bc8767ca474ac558c550edff,0x5c56abf6107a9384a4f83548b6e238478b94a5e7,No,2026,True,271,zkproof_0271_hash,HR_SIGN_0271,CONFIDENTIAL,CONFIDENTIAL,408836afd5b582db3f037a062467a7e1f34827e3fe1b947b4d74e94cae0b5f13
0x2b7dddd0f1e647993975c43e47229029c4b1d44b,EMP1271,JHHSK YILLAH,Marketing,Developer,65,59,64,85,84,74,11,No,2,64.8,No,2,0x3005d635dbda833bbf8a5d0211e89be67b51fbad,0x6f1df7ce9797fe23c6335640b04525e3f217437c,No,2026,True,272,zkproof_0272_hash,HR_SIGN_0272,CONFIDENTIAL,CONFIDENTIAL,3559197cba2e7d0db6b71421c2c7267b5df7baea5750db7e72278e97969779fd
0xa255d41d56f9f7e93424d7913cd833a3146dda48,EMP1272,CPEIG GEPLBG,R&D,Coordinator,89,31,0,43,63,55,6,No,6,29.7,No,4,0x4f4b020aa026af76e03d6fdef62db5add150802a,0xb271a2d9d38c065126336a42b20004299612de5b,No,2026,False,273,zkproof_0273_hash,HR_SIGN_0273,CONFIDENTIAL,CONFIDENTIAL,00dba484735553f194f374019a6986f098742154b121041e7c50bb247de2d65c
0x2bfc8109cd8f78ddac6897e8a303c5ef24d3e9ee,EMP1273,FCAGD XOGSXC,Operations,Analyst,72,59,20,94,74,82,19,No,4,47.8,No,1,0x3bc0b60f1730aed1629e061758ae0b3024b1ae64,0xf70fafca89fa3e6d028ff5ec607851be2f15c976,No,2026,False,274,zkproof_0274_hash,HR_SIGN_0274,CONFIDENTIAL,CONFIDENTIAL,c13271f166297b1d98ecd3ed5ca19e3cfe939c6a98ff8fc09a1a62d52a0fe661
0x95c48f7fd88f0424cf4baaee933674db99ca3334,EMP1274,SGFYJ NFDWWC,HR,Engineer,91,49,8,76,82,84,9,Yes,1,44.9,No,1,0x446dee32481d5b39002abc6d41985e8fafe6cc60,0x6ec3a400ed54226e9e65bf12721959fd150015de,No,2026,False,275,zkproof_0275_hash,HR_SIGN_0275,CONFIDENTIAL,CONFIDENTIAL,d0a992300a6beb6024795d6d472d390d20e480ee0b84bcf399e0014cac7be39a
0x08e8757e29315576c57e89be528ea7cc6e285129,EMP1275,QWLNX YDSZKB,IT,Manager,89,47,87,65,98,54,21,No,8,71.4,Yes,1,0xf936a63d9c90731994a3b79dd3f32e72a56a7107,0x2a03d1b414bf13fb68c585f2effd7139f8d9e668,No,2026,True,276,zkproof_0276_hash,HR_SIGN_0276,CONFIDENTIAL,CONFIDENTIAL,79d7d2b7933cc132e8c4a02c399c87f0c8f69f00791537057cdcaae954bc00e9
0x8540ac4e3a1b22437c411f8edcb0121cfdf16857,EMP1276,UFYGR IVACPY,Marketing,Intern,65,46,20,49,86,93,18,No,9,54.0,No,4,0xf49b80f5891a7d0e9c1e5db89a25658311a0d1be,0xd2f27b897db1579d528b249c328b9192d253d01f,No,2026,False,277,zkproof_0277_hash,HR_SIGN_0277,CONFIDENTIAL,CONFIDENTIAL,3676c57eb183ebb71c6d587e6b39238e073a33edd05943c96ab28fc52a2b9e97
0xa058b76a1b46dfc9d1862d8602ae83530c26e86d,EMP1277,IDBIA OXBJLA,IT,Engineer,98,59,79,40,90,53,2,Yes,4,65.9,No,2,0x75946a9562293b4b6e0d23e2b5afacb656bd73aa,0x6d43e5443e219f58146df9292115170b8c0bcd1b,No,2026,True,278,zkproof_0278_hash,HR_SIGN_0278,CONFIDENTIAL,CONFIDENTIAL,aa1e8d2afc8ce468af884edaaa97141dab27f44fba3d7adce7b7396136bbe0db
0xb5384144a12dc8fdcec694c53a42ed077fa0ab63,EMP1278,FODAP ZZHVDR,R&D,Lead,69,31,66,73,87,85,22,Yes,4,69.7,No,0,0x4a9214cee09b99c955650b086cab6956d25d3f9d,0xbc8f083785733a548f1d321172602800aa99324a,No,2026,True,279,zkproof_0279_hash,HR_SIGN_0279,CONFIDENTIAL,CONFIDENTIAL,144ffb446db746beee99a319369ea286ec58d21c6522bf8ed28e9908e0411d97
0x0defd5d9c2a99e73cd94ecaf0393a9a60e3750de,EMP1279,ZKZJO XETJEE,Operations,Intern,62,30,97,78,55,40,16,Yes,7,62.5,No,1,0x22261d21cb30afda452b8421b87a990884f97505,0xc976ef6d801d8c85121ccb5a483bc4cf2fd53448,No,2026,True,280,zkproof_0280_hash,HR_SIGN_0280,CONFIDENTIAL,CONFIDENTIAL,e0706c727ca08741c9c85211bdf55ea50bbc5a1664df015fea4fbefe8c6ce596
0x3037df8db6ac63997f753a9a8ab0214ada3b0e0d,EMP1280,EILIZ DEJOYX,Operations,Analyst,61,35,28,58,81,76,6,Yes,1,50.3,No,0,0xaf0d2de7142a9ac3b82ca7d493ceacb64ca96328,0x2855f56b43efbf59f147fdea1b80c910f6f14605,No,2026,False,281,zkproof_0281_hash,HR_SIGN_0281,CONFIDENTIAL,CONFIDENTIAL,5c078751edf625ebfd557d43340e170f5737d699acbfff9b27f7e895d2f93a5d
0xb7627c28e48417beaedd36d44ad7846f5c9a31e6,EMP1281,YWIER GXCIYJ,HR,Analyst,97,59,52,87,74,58,8,No,4,53.4,No,2,0x7a19be2ef4e3272229030db19522f3717e1b47a9,0x7aa6d66a2665a51f1cb75a8cd55152403f2fc9fa,No,2026,True,282,zkproof_0282_hash,HR_SIGN_0282,CONFIDENTIAL,CONFIDENTIAL,dfd3f532fc2d518e87a8926727a5c506354cf416c9d4d0aa06b46286790ba706
0x8af4a9d53076b2eae81c1c2b1af6664f89a6b199,EMP1282,BDOTG PWLRLN,IT,Analyst,90,58,42,93,79,89,10,Yes,3,59.6,No,4,0x1039c4cfc652b5a3407631f5263d89dadcec38ab,0xf1a017a7f91c52e313608a2f507f2d0d480d36db,No,2026,False,283,zkproof_0283_hash,HR_SIGN_0283,CONFIDENTIAL,CONFIDENTIAL,9f7fa12ae8b21aa6d119e1d8abd76611d3e3229c443ce0913374738962a215b9
0xcbd481bed0da0b9a5eb831ab7f5a878bae025bca,EMP1283,WXTVP UZNJPV,Operations,Developer,68,34,77,92,73,92,24,No,7,73.7,Yes,0,0xc7f674b9860476a1e0aee8fbbfdb0e7f24675d65,0xf6b97ccd7ea830de966bb37f62fdbf99c0ec9c1d,No,2026,True,284,zkproof_0284_hash,HR_SIGN_0284,CONFIDENTIAL,CONFIDENTIAL,843e2ffd26483722a301bf45594e8290bd2140796c418da357c718c86403fabf
0x65dc38d5323976ab8324a5dfa3117d9cd67968fd,EMP1284,MRVGE FVLRWB,HR,Analyst,92,40,46,63,71,77,15,Yes,6,56.3,No,2,0xf2e50535515709aca1b611ff665d73a9d1d9f202,0xea4a0d3a35e87352ac33835f772cbadddf131cd7,No,2026,False,285,zkproof_0285_hash,HR_SIGN_0285,CONFIDENTIAL,CONFIDENTIAL,b3b0df69ac8d3471977940380b46af83fe11b94ab2337b69739e184bc6458598
0xd27fe0ccd9d7f970f2887b409cb9dcc2a49bbfb3,EMP1285,NFWDF GQVRNM,Engineering,Lead,98,34,62,66,56,71,2,Yes,0,57.3,No,1,0x8e99e4910fb63ba549303cd102461e8b8a65f79e,0xc62132e9df8fa1579c661fdbe81e01060e9d20ae,No,2026,True,286,zkproof_0286_hash,HR_SIGN_0286,CONFIDENTIAL,CONFIDENTIAL,a379131b0664aa65a3228d7d60fae05ed8f5733dac9c657600e707edc7e37759
0xb194a812199a5b78a13702654fcddd20746435bb,EMP1286,PXXLP XXRKJY,R&D,Lead,60,34,24,59,95,52,19,Yes,5,44.7,No,2,0x32d5400c403b84334ca4ad09b9ad2c6ff7b879ac,0x30b7fe63d2479477d4d3a4005f45c0d02b93bd1b,No,2026,False,287,zkproof_0287_hash,HR_SIGN_0287,CONFIDENTIAL,CONFIDENTIAL,c9ddc58298575d58f4f9d919c1fbaa7ff278023244b60d7195795925bd3b6fe2
0xa7504576c49b9b3c68ec813e41bbb86ae50238d6,EMP1287,QEPEZ YSEYKK,IT,Lead,78,38,99,59,97,98,14,No,0,88.4,Yes,3,0x93d6f7ae9cb9b99db680f099a37a1330faafd38f,0x1953db83bb68d234c95a981108237a17283f75f5,Yes,2026,True,288,zkproof_0288_hash,HR_SIGN_0288,CONFIDENTIAL,CONFIDENTIAL,91fe6e0b09a40eff3bdf44e29798b4d4b7b923c8f8afe78df97fd2bdee11bb6f
0x5a343e21877127b09b31f6f427b024e381c8bc8b,EMP1288,RBGHN EMKEUG,IT,Lead,97,35,49,59,92,46,16,Yes,9,52.7,No,3,0x87787356bb6cc2d75dedbfd7c71eba1b01bb4314,0x1e70f1b18e165b8cbd34ea517290757fb93e5d98,No,2026,True,289,zkproof_0289_hash,HR_SIGN_0289,CONFIDENTIAL,CONFIDENTIAL,3b0fc9b77c78dd2167ed57b8cf68a16385ac58a975bac62e6933cf24628c8211
0xcec3da17db6f6cfb07e6e17fb2478cddc51011d1,EMP1289,MNKBG XAUQEV,HR,Developer,78,42,39,58,86,52,4,Yes,2,48.6,No,0,0x11f241377a2f862bba605388fda2b145dcdb180a,0x61f961d66b912185cf174040158db3799d661de2,No,2026,False,290,zkproof_0290_hash,HR_SIGN_0290,CONFIDENTIAL,CONFIDENTIAL,6f35787116278c04370bc66af1ed8c867b2953aed432ae5a4a0f41d761246134
0xf1e16c333c9439efaf0e73709a05fa2b0dd604fd,EMP1290,VKQXG YKZBRJ,Operations,Developer,69,59,64,89,98,54,24,No,6,62.0,No,4,0x72107ab1ba185ea75ae6e1e33dc4037d04cb0033,0x8afd3b56342c7a5e95ca14623d8322462800156c,No,2026,True,291,zkproof_0291_hash,HR_SIGN_0291,CONFIDENTIAL,CONFIDENTIAL,951f3f2aa00d0a4147d7cd5f4a74b00616a819d6fcd7c2f3971bd06b96dd41c1
0xba486c0fa6c37d40bcaccb8bad5c38500580f3e7,EMP1291,UIDXO QESNGX,HR,Analyst,76,52,27,64,62,70,1,No,8,45.0,No,0,0x10a22bc2e5d2f1feddfa779b8e6870ed9af4c056,0x9223882f72e4306b597991392c650e6900d70437,No,2026,False,292,zkproof_0292_hash,HR_SIGN_0292,CONFIDENTIAL,CONFIDENTIAL,978a6f36283caf302f8c9f017e95c3eab2a6aee241c33859bb4cc65d25f46b7b
0x2b1b293bc434fd346502741c651d75935302ee4f,EMP1292,YDXPP XEKVOB,Finance,Developer,63,48,17,43,93,40,22,Yes,5,37.9,No,4,0xf6f10380de33cbccca6edfb15e7d28d2f75a4221,0x892947e1f89cfc3fc38f52887e8cf27422e372f4,No,2026,False,293,zkproof_0293_hash,HR_SIGN_0293,CONFIDENTIAL,CONFIDENTIAL,e33245c2ad30700afc435159ca239f31c3734e5c976050d2b4164d4731714d83
0x4d9140ca35f7a0e79f733e0dfb60613d4566f3ff,EMP1293,HQSZT SPKRKN,Engineering,Engineer,66,32,57,92,70,75,8,Yes,6,59.9,No,3,0x0f8e20fa8f3e4e1745746bee4e3ae7dea3933367,0xc502d8091d04cf41976876ccde73a032ae3498a8,No,2026,True,294,zkproof_0294_hash,HR_SIGN_0294,CONFIDENTIAL,CONFIDENTIAL,2f4e17e9e432993ef0be88e8864fab5218b4fb0b3a3cc2190cd4e9dbd27258de
0x49211f27713f932979cc90ded9ac4bbb5a635baf,EMP1294,XSKPM FSMRUT,Engineering,Analyst,96,40,15,63,59,97,10,Yes,6,47.5,No,2,0x2671cc437f5660ac226358842ef8ab8e9c54582d,0x015fa45900789674b57c3f5fb5f35cb3dd981743,No,2026,False,295,zkproof_0295_hash,HR_SIGN_0295,CONFIDENTIAL,CONFIDENTIAL,2bc1113f1929d199f760cba3403af8162caee962f304a7898ca53fa31ffcfb4a
0x59ca3038d5832f9655e0b693896dad2db80c5661,EMP1295,OUMVL PIDDCP,R&D,Analyst,90,36,51,55,62,60,5,Yes,5,51.3,No,1,0x41442b2de6016cd9981f13cd1168d0677b4cbd30,0x2a6d383da92eafd1715da74212153be2cb0cde34,No,2026,True,296,zkproof_0296_hash,HR_SIGN_0296,CONFIDENTIAL,CONFIDENTIAL,bf95b82f60a7e655b58e89eaea1ae95e99727bb983a5df57b7749c21b317dc20
0x12b0c78eb32714ba82a69946fb52d2323aed4fc3,EMP1296,QDZQF LBZJUH,Engineering,Lead,92,48,10,60,50,93,15,Yes,4,42.3,No,2,0x39b959ace278c90afcd938311591833b09208831,0xbd04503cd893aebc399da5aff6131a62fe951325,No,2026,False,297,zkproof_0297_hash,HR_SIGN_0297,CONFIDENTIAL,CONFIDENTIAL,122a22610e83a40c649923278c44c7f723b65796467858faceea64ea61a06733
0xcfff22a3fa0760179efe2f04a3f796fe38c9cc90,EMP1297,XKQVM XZAJNN,IT,Lead,65,33,63,67,84,91,3,Yes,2,69.5,No,1,0xb940ac8ca4914a87a8038a31085f0987bd6fc677,0xf6f720fcda80f5d407db4209d23ab7123a9e3227,No,2026,True,298,zkproof_0298_hash,HR_SIGN_0298,CONFIDENTIAL,CONFIDENTIAL,ccccf5b8870311c591a884e74b39de3fd4784b03109fdb67bb12a54683d16081
0x8f846bacdc95e5ade028e95a4a7dc0322ea162ab,EMP1298,LDUEA FMLNZJ,IT,Developer,68,53,59,55,54,99,20,No,6,64.7,No,1,0xeb056c8b5298d11cd00f478c334af2c3fe319760,0x8263d0fc8db8c0e90df7746421eb047c82055ad4,No,2026,True,299,zkproof_0299_hash,HR_SIGN_0299,CONFIDENTIAL,CONFIDENTIAL,40cccaa47054434d9a6fa796d15eb3f1ddcecb0896a7f93bf72a6ff67a696a85
0x2b1f84f3547f031a412b645cd61926d8eeb62020,EMP1299,WLBZH FNELVF,Marketing,Developer,94,49,53,69,80,41,13,No,7,50.2,No,3,0xbd651b032cb7ffe41e72a3bb86c9321d6608f54c,0xc687670c7e404a57a189a151840ff3e1ea312926,No,2026,True,300,zkproof_0300_hash,HR_SIGN_0300,CONFIDENTIAL,CONFIDENTIAL,ac47d3016a1f76bb6d0c6907be5c85e57ff1daf4a4b3d47b5047db388a1951bf
0xdb8cf5af3c9dbae1f59c2beca0c73f89210b53f5,EMP1300,PSMWW YJOKJX,Marketing,Developer,80,32,95,55,59,46,20,No,7,64.3,No,3,0x01d6728821c57d9438ea80ecf2820511a930d9f8,0x6e1e7dffafef7032956a37765a8f82467054f800,No,2026,True,301,zkproof_0301_hash,HR_SIGN_0301,CONFIDENTIAL,CONFIDENTIAL,ec805a0191cd74151d9ef5dace3b8ed00cde475107163764be7001fd763d8ba3
0xa6af9cac18875fab0678b3d175ebc4a95b974842,EMP1301,MQDWL FROCPV,Operations,Developer,66,58,76,89,65,96,1,Yes,7,72.9,Yes,0,0x89d2e87193d3c6ecb333189e4656f312fd9f42ad,0x3cfff80130065e8ee73325fccdc3a622a5d20f48,No,2026,True,302,zkproof_0302_hash,HR_SIGN_0302,CONFIDENTIAL,CONFIDENTIAL,53a36d029bba6783fa99249382eba07859fff43bb7f00c565fc2f80a9930bd35
0x31a00ea84af8a50c46a042341db853d989ca46f3,EMP1302,WAVTM SCDUWM,R&D,Coordinator,89,58,40,70,99,90,21,No,4,63.2,No,2,0xf607c8665770703a4f1204c3a15518b88b92be97,0x8af06fc6524df189640ad604f5c0a694614662c4,No,2026,False,303,zkproof_0303_hash,HR_SIGN_0303,CONFIDENTIAL,CONFIDENTIAL,ef16968930fa389e696c30a21d8b7196ac54d368f469d1d6338a8f99d3c45b53
0xcdda6014381d9a3a0005480482d04d0f1994b208,EMP1303,DLMWA KQEJOG,IT,Manager,62,54,73,47,57,76,2,Yes,7,64.1,No,2,0xc71e343ec25d97779c0bf2dd6b9aee8046364a2d,0x05ea11b274a34b28d12da94b2b363bf868ccda57,No,2026,True,304,zkproof_0304_hash,HR_SIGN_0304,CONFIDENTIAL,CONFIDENTIAL,466e45e00689b944a8f34b1c74a7ca162f8b90ce8d2d1242b389aa9caca503af
0x6e2a36636edf0ff9a9a39b514f0c1403ebb9ceaa,EMP1304,NJRSQ JBSTEY,IT,Intern,60,41,99,74,75,86,15,No,2,80.6,Yes,0,0x51cdca2bf0495254bfd0e897245d20b6351b548f,0x94c0e9c5868f9453c2848f408d88deb5a91126cd,Yes,2026,True,305,zkproof_0305_hash,HR_SIGN_0305,CONFIDENTIAL,CONFIDENTIAL,f9a92bfd3a764721448cd1c1bb75460485b892e984b763b1a1144771702ea888
0xd0c5764209224d902ca38aea205e70621bba2918,EMP1305,WSQGH RKCVFK,Engineering,Developer,85,50,91,41,81,83,13,No,0,77.5,Yes,1,0x52ad86e5d85ea43bfb26a4d52b4daaa2b2df7430,0x1711d0f998c2b7e383833d7cea69b12ad4bfc068,Yes,2026,True,306,zkproof_0306_hash,HR_SIGN_0306,CONFIDENTIAL,CONFIDENTIAL,a962f63ce04fd3231153f55090fe9bd104ac63256eb9297cc56e5ef9bd545d93
0x8407eb2191daecef54c48c61ceeebe62684231cc,EMP1306,HIWYP YZAZHX,R&D,Lead,78,32,58,67,62,55,7,Yes,2,52.3,No,2,0x0844f993993091c39d84f0a3b8a7235b055eaf9c,0x11c1f218c5aeaceae27e9785fcc5dfb269644ddd,No,2026,True,307,zkproof_0307_hash,HR_SIGN_0307,CONFIDENTIAL,CONFIDENTIAL,46a6e591bee0aff1e9b8024ee7412e5f3b37d96d11e630bd56228d7ded4fb785
0x663a027436c81136fbedb22afbf84c67345aaf99,EMP1307,BQJQI FONACA,R&D,Manager,69,30,7,48,89,59,16,No,7,39.0,No,2,0x67fddec024ffb2799f8b37704f6380dd727c5d7a,0x66461d06f95b78ef6ec77e813106c049109d8b3b,No,2026,False,308,zkproof_0308_hash,HR_SIGN_0308,CONFIDENTIAL,CONFIDENTIAL,b9605f4277c9aa6c8aa7b41b973d15023040fc72369d0df08366f7e93d49ee62
0x030daf114e70bd767a9957b8c7d28ecb80957da5,EMP1308,HOJJZ MAUHSN,Marketing,Engineer,98,57,7,48,83,65,19,No,2,39.1,No,0,0x6013b16378c13e849684bb602bdf1769a3c29318,0x17dc95aa44ea70b5aa5a8ecba2f613cb01e385d2,No,2026,False,309,zkproof_0309_hash,HR_SIGN_0309,CONFIDENTIAL,CONFIDENTIAL,57383e37c95629fa0497bc2decdc05da021ac0f6684b049b553696442e25fed3
0x9b33ccee1ecf70cc96cbbdc4df87f31b965ba8e3,EMP1309,MEWGR BLAZOW,HR,Intern,78,41,49,54,51,51,3,No,2,45.3,No,2,0x18afe7f6c34842ed831d09ac8d7a5dee311b5d9d,0x0a4a276c3c3b39383f7d94958b16922c795ab7fc,No,2026,True,310,zkproof_0310_hash,HR_SIGN_0310,CONFIDENTIAL,CONFIDENTIAL,0f14fb3ea06ac36d7ace60aef25a53d1b399d4329045e8850473eeb7aa472e75
0x19546bdb9d89468964de1930d8da1f9204d789f2,EMP1310,PBIUY YUIPDP,Operations,Coordinator,95,33,3,53,57,86,23,Yes,9,39.3,No,0,0x5d40c7e3cb61bd88524cea811da00d26be180020,0xab3e5fded7958477adc8117ffb49a9f8f9ebab16,No,2026,False,311,zkproof_0311_hash,HR_SIGN_0311,CONFIDENTIAL,CONFIDENTIAL,a46187db1260b822b7ab9d800eaf087dc48bd0d907f2dd468ed4f46b3d576ec4
0x73fe803a3c8d94d8c26e90ce91fa5f37be68e238,EMP1311,KMFII SEGEAJ,Operations,Developer,80,48,87,75,83,41,3,No,1,63.8,No,1,0x0637e2d9a47bdd53c151f0eb56dcd9ea45d5a9b2,0x205da8983e33529b26eb0f264bd07d8450be4ba0,No,2026,True,312,zkproof_0312_hash,HR_SIGN_0312,CONFIDENTIAL,CONFIDENTIAL,1fd1815a3632cbda2f036e491b32299b137cdfea5ad4ccad69ffdd346ba68a14
0xb355f7dccc3a7d2c5d7d984299de4abeb7e579d7,EMP1312,RBLXA INSDMZ,Finance,Engineer,95,48,50,47,90,66,18,Yes,1,57.9,No,4,0x6d48c1e82cec10b37c71cea65b31cf5809ac7cf2,0xccbc17c721b46eff4bbedb21206705a9544fae6c,No,2026,True,313,zkproof_0313_hash,HR_SIGN_0313,CONFIDENTIAL,CONFIDENTIAL,a379c9e6a60731ee04ecbb82df7201ee5099791b6229f2038d0cf7c44468cf78
0x8802a08d848432638aef95125a4fd3c3eca219d3,EMP1313,PVWSK RSODZT,Finance,Lead,97,38,26,85,54,53,8,No,8,37.9,No,0,0x9b2607e6d4a1a587eba44de2bcb760e6e56deff3,0xe320570961688e63ea939537b255fc380c81c22d,No,2026,False,314,zkproof_0314_hash,HR_SIGN_0314,CONFIDENTIAL,CONFIDENTIAL,d89e0cb4cf9d7fbe9dc257ef3aa8b68629b98e5528a5ac2b10a68d7840e62b18
0xd5fbf70b4b3fcf0db9cab2f8876c4d0fbe9265b1,EMP1314,OLOBF RLZINI,Operations,Coordinator,63,50,93,94,90,81,6,No,5,80.0,Yes,2,0x0911e0f7f7cfe37168800b28a564289f59b4b399,0x59cc29ada8bf333631823d963a600511dd764b50,Yes,2026,True,315,zkproof_0315_hash,HR_SIGN_0315,CONFIDENTIAL,CONFIDENTIAL,7603c94d7e14746269a1731d3ba0cff04d43f2d168d4bad052a5f024d18cb05d
0x5f2b2dc915a9018c805bff4821d5637134a960ae,EMP1315,LXIXY OGHQYP,HR,Developer,84,40,86,47,79,41,5,No,4,62.9,No,4,0x2ff751decd10dc1415827932efcd46d12d86492f,0xf48d338833d016a91e7159b6a2135982d97a5b8f,No,2026,True,316,zkproof_0316_hash,HR_SIGN_0316,CONFIDENTIAL,CONFIDENTIAL,7eb5d9651fcf40d1a45cb79a9e8100d111fa6924a2254918ca5a13727257089a
0x04ef01d04537d2ca677bc866181850d1a8d155c8,EMP1316,KUMQD HVRNUJ,Finance,Coordinator,84,44,27,49,81,68,8,No,4,47.8,No,4,0x9a206cd598a24b56de187618a4ad9f8cae268608,0x1fca2a53b2d6d3b0aab54d3fa6db9aa2ca580cba,No,2026,False,317,zkproof_0317_hash,HR_SIGN_0317,CONFIDENTIAL,CONFIDENTIAL,d3bb31416009ec84bc4c5f90d61c4d7659585c30333adab1d3af8e1c32e65fef
0xa9056c61112caff0c161002e7afdf4f0df66ce08,EMP1317,JVYFF FIMIZZ,IT,Developer,75,31,20,45,73,48,14,Yes,2,37.2,No,4,0xf486cc6d0f4a7a531c5d12ec338d766c9d58ef53,0x487401b1e8f805a1d415d37d8ed029191476614e,No,2026,False,318,zkproof_0318_hash,HR_SIGN_0318,CONFIDENTIAL,CONFIDENTIAL,861ef31c51926a6b9658c4980ddada0cfc2b585500b54ca853686731a0ee7bd8
0x03ae5098d34ea9553ff771367a5ead8ee8bf6887,EMP1318,QZKFL ZRKWNZ,Operations,Lead,87,53,87,59,75,95,4,Yes,7,79.0,Yes,2,0xe6510288e3537130baac9ae3aad0e03522ebd1cb,0x04816817b90ab3cd043ec48450f365b1a6f3dc5e,Yes,2026,True,319,zkproof_0319_hash,HR_SIGN_0319,CONFIDENTIAL,CONFIDENTIAL,14591506bddb2920b78ae77bd012f0678ecf08c2ffc60eb570c8b02208a75d03
0xb5914b76972dd1ac84c7b70e0f57d2194a30215b,EMP1319,MIADJ GZMNUW,Finance,Lead,95,35,91,67,50,69,24,No,0,67.1,No,4,0xdb0ecc63ac06328e4ddd6f74d252a92c962bd8c7,0xb492bb5c04f0306476c181d36db23c3931fba0d3,No,2026,True,320,zkproof_0320_hash,HR_SIGN_0320,CONFIDENTIAL,CONFIDENTIAL,a6d1c8695d32983e308bf5ab227f7a50ca6f84e0c9b07274085e4318a6b903d9
0x7a93cada00fcd007b013c1974bce91ffb22f8d15,EMP1320,DDFHU BSNOPN,IT,Engineer,64,34,11,44,86,64,7,No,5,41.3,No,0,0x2806dd08936c75d4d71409eb1a82a771cfaaffba,0xa9c5adae4fd4a88e86b531a85e8d55dd7692450c,No,2026,False,321,zkproof_0321_hash,HR_SIGN_0321,CONFIDENTIAL,CONFIDENTIAL,1b8652a28bd259a9442d11842004b35f814e381eff34dcc80f683d1b926f1bb8
0x7f108a6c42c26b6d287330bb6cf5f022ac9eff49,EMP1321,ZHOIW GIKZPT,R&D,Manager,82,52,85,41,66,78,0,Yes,7,71.3,Yes,2,0xbe26786e7416135b7fb542a30390e519fed0c18a,0xba119f8e5f52878f30ca21704f0bce689db89632,No,2026,True,322,zkproof_0322_hash,HR_SIGN_0322,CONFIDENTIAL,CONFIDENTIAL,cda17328892713e854628a2141a8680055aa006a4aed7f4fe1495de83bbb7b79
0x78525668089fe88fe8d0adda2e9288265b92148f,EMP1322,ADYQE CSUOAY,Operations,Coordinator,97,30,5,92,98,46,1,Yes,3,35.7,No,0,0x0d48164877b67cb9c93b3db54a061e6ba9f08704,0x6b68106ad542b2aa8a4f3c413ab86dc21001f896,No,2026,False,323,zkproof_0323_hash,HR_SIGN_0323,CONFIDENTIAL,CONFIDENTIAL,eafc09b076bcc8ea5b417d158730b277972e2538a93b1d94684e664c0ed3eecb
0x6579069ff4b7033eed38c1d9f196c99413390eed,EMP1323,ZMZUJ HVEQPF,Finance,Manager,87,47,12,51,95,54,18,No,6,40.6,No,3,0xfe877e98329f29ffb34995c7a47e75311b36d185,0x9a1e7215ceb7f2b1aa78419c3876cf5e1bbca320,No,2026,False,324,zkproof_0324_hash,HR_SIGN_0324,CONFIDENTIAL,CONFIDENTIAL,6b55ab724fb4c38c007ad83c433e131e76d8b6f530b5511295359c14d9419fdf
0x2c4b67d240aeeef280ea0e5bbbadd5f6babe8a0e,EMP1324,QPDQF EKQNUQ,R&D,Lead,90,43,34,49,59,42,21,No,7,38.7,No,4,0x2dc500edf1802d157cbd9716bcfb51ee19a2c1d3,0x43af6d3d4d1cb49e748d461bf84a150f4a69c3ab,No,2026,False,325,zkproof_0325_hash,HR_SIGN_0325,CONFIDENTIAL,CONFIDENTIAL,50a7251d208524c0016e79d6b0c06644edd95ea432b814c088fb06f768f183ab
0x3e3fb43ff2677cf22558198ddcdacbb2e3458082,EMP1325,SWIGJ KOOUKU,HR,Developer,79,45,92,60,99,91,11,Yes,9,84.8,Yes,3,0x30fe10cd9a8bf06dff080e1cee93d1f0921cd5db,0xe70c9e5835e1ae768915326063f1227f1e3e4aa4,Yes,2026,True,326,zkproof_0326_hash,HR_SIGN_0326,CONFIDENTIAL,CONFIDENTIAL,8fa409bae7c714a6cf940d9d0ec6bcd94ce188cb0c3ac6d4c95383fea51fbdb7
0xba629094f969587ad642a8efe8d612a3106eb0db,EMP1326,XNUAL HWIWSU,R&D,Lead,97,56,0,99,50,57,23,Yes,3,27.4,No,2,0xfa40a5fb492fe45961712dae99ef6a49e99b4cc7,0x3f458998049ad6016172d145bf1cfb443ba725d7,No,2026,False,327,zkproof_0327_hash,HR_SIGN_0327,CONFIDENTIAL,CONFIDENTIAL,70a97ca4a7b72a32e86fa987ebf702a8421573f2809f27173e490654484efe5e
0xeb36a39b3872f0fda2d8472ea65227f9cf0458b0,EMP1327,QTLRU OBPCIJ,Operations,Developer,64,35,43,55,69,60,15,No,8,49.8,No,1,0x736977e0fde9de6bee208ac305741a496143f718,0xc23831f34d8a9006cfd3d4f6b9ec1796a8c09596,No,2026,False,328,zkproof_0328_hash,HR_SIGN_0328,CONFIDENTIAL,CONFIDENTIAL,ec4ef1d812215cbefd7749fbb2f78135876ccad5da3af7855422c18c6e04dbd0
0x271bc950286769e306b1b8b35eb7d71b904a1f20,EMP1328,XTJEC AAHEGA,HR,Manager,74,34,77,93,79,40,14,No,4,59.0,No,3,0xfe849080b58155989cfe7e12553ff551ba7b30f9,0xa97cb356fa7b8eddcf77e17ee382f800f9add330,No,2026,True,329,zkproof_0329_hash,HR_SIGN_0329,CONFIDENTIAL,CONFIDENTIAL,c1a961dcf525c86feb3ca55a9402d657a046a31920649820210ffb3bb0c0aa17
0xc5f62b26b3e865930edd96b21c9bbfb976c5d48c,EMP1329,VZPAV PJLFWS,Marketing,Developer,97,58,10,45,60,52,1,Yes,8,32.4,No,0,0x6d41234e7a86f33918af4d57697803e5682bfae3,0x583df36331d6a75f37ddc7460c2f0a40d361abae,No,2026,False,330,zkproof_0330_hash,HR_SIGN_0330,CONFIDENTIAL,CONFIDENTIAL,20c8522bb9fdc39748bb0dcca344c3f7bc345077cfe16075a0afe1c5da80343d
0xfd011eba6f6d82580d386b25e3c78649ac2945e5,EMP1330,PQJVE XEPAKG,IT,Manager,65,30,16,75,99,90,10,No,8,54.0,No,0,0xfbc921463cdc8a94437434dc8db29be86f975aad,0x9d592b006dc99b2ad9c89de7a053e767b2ee32d0,No,2026,False,331,zkproof_0331_hash,HR_SIGN_0331,CONFIDENTIAL,CONFIDENTIAL,ea4ae239fdcb9b744fa7594924d64afb7c46fb651451191e9cbe555d686570b3
0x2b25fa5adf1878ee14b156c2f5c2d76382a7d34f,EMP1331,BQKTU ANNWQO,HR,Lead,61,39,19,72,67,60,7,No,0,39.0,No,1,0x08e5eab72a69b2565022d9c5f1481a3976ed5e1b,0x9e8dea9a1d4f95025a0ee0efcf8861de58607920,No,2026,False,332,zkproof_0332_hash,HR_SIGN_0332,CONFIDENTIAL,CONFIDENTIAL,09ce693079fbda109262d5af171ba2bd13d5fb2c0583f722cb6d05688f21dc04
0x913762fa0a9da6e8f7f9c7c06c9a276be49eb43c,EMP1332,SUQBY TBQAET,R&D,Coordinator,66,30,28,73,67,93,18,Yes,5,53.0,No,2,0x5ad16dbf95d45c8d6a34ca4c9716a10d916d83b2,0x70091043a8c78f8549c2caee84fe6252308b2efa,No,2026,False,333,zkproof_0333_hash,HR_SIGN_0333,CONFIDENTIAL,CONFIDENTIAL,ba669c4c43a79f32fc5e4b0d9778bc397ac044c701de2fc554d08cb3211f67ba
0x2f590ed2c860a1148c4458c148edaf3d679c0154,EMP1333,NHIRY TGMCZE,Finance,Manager,82,38,20,92,71,43,9,Yes,6,35.7,No,2,0x63845b6e63b007994433b3766603dd5eb30b47e8,0x89b1ba9ece087aa563240a50fda700cf434f5f9e,No,2026,False,334,zkproof_0334_hash,HR_SIGN_0334,CONFIDENTIAL,CONFIDENTIAL,eb2ac4e107df61176a76c09a25c5ca01ee41cf8cf9d093016376583cb7d017d8
0x55245c7a80228b288387653a59f7670c1106d9b3,EMP1334,RHNRI EZZOPR,Operations,Intern,72,56,39,98,74,82,14,No,7,55.7,No,1,0x36ec9ec48de80c80f969094e19e9e8e5573e669e,0xe5f6ef36faf8d2b6a0b349dd9982232987867a28,No,2026,False,335,zkproof_0335_hash,HR_SIGN_0335,CONFIDENTIAL,CONFIDENTIAL,06543fc2398ae8447eb566cd4a52754760f5e6af79d41034612f097dd658089c
0xe000e030417a2e1bc25005f788dc361862132c17,EMP1335,RYHIY WHNMQK,Operations,Developer,68,35,52,86,61,93,7,No,4,61.3,No,0,0x0753bc39ba6faf36b16f6ef3f14644da68c6d5b2,0xef4356faa3ca451511239d2ac73c83b906f1d6cd,No,2026,True,336,zkproof_0336_hash,HR_SIGN_0336,CONFIDENTIAL,CONFIDENTIAL,2f9223b9a15babc50bceadf47041cebc062a2b0dd6fd12a5b9e44cf910cc468b
0x75041157fc2452aa8093fb5b0ed58c9c80911959,EMP1336,OOIME VAEIEQ,Finance,Manager,72,51,15,43,92,46,2,Yes,9,39.1,No,0,0x6b3b886aed0075d445b3b2285e08a0f838e4e0b5,0xfa9041ae4b0165daf9abded3d22f114b3b1eadc6,No,2026,False,337,zkproof_0337_hash,HR_SIGN_0337,CONFIDENTIAL,CONFIDENTIAL,d53d368a37387ae4af7988a09a7f0c58c6c39d504ed41f5f675065705a38340c
0xb76caeaeb2430866d5d1924eda530249befd0cc7,EMP1337,NRQQW ULCWRF,Engineering,Developer,69,41,90,61,94,68,12,Yes,9,76.1,Yes,1,0x649e12053bef805f8c84e6a1cddd750801665924,0x76ab23c82b2a21d8d0eb0d124cbe63f286a07091,Yes,2026,True,338,zkproof_0338_hash,HR_SIGN_0338,CONFIDENTIAL,CONFIDENTIAL,51bb4c438eaa305e6bc24c269b003e0b826b5d2e60df53576ead04cbb54b5208
0x4017d01c660c6c9ec85fc25ca25948b6a8bbfe31,EMP1338,BVENK DQFPAT,IT,Engineer,83,42,69,42,59,58,21,No,9,57.7,No,1,0x7cf396f6c49b7fe643525edcb0c1ddcbef6453e2,0x32fc026c12dd1a01055fd4f99fc8273c88c57909,No,2026,True,339,zkproof_0339_hash,HR_SIGN_0339,CONFIDENTIAL,CONFIDENTIAL,88cc81091cc625c2c0ef38a18048676133e7e87a4db3c04e487fb8a0bb9f9550
0x6a09b9cf0a91b2e7faa315258714b096c91763b3,EMP1339,EMJWK VLQGOR,HR,Coordinator,70,51,83,46,94,97,20,No,4,81.5,Yes,3,0xb169abef47ebf9b0c2bb5b335e2504d8e9d2385b,0x80a18a445d30b465d95a526133424a2c0f82799f,Yes,2026,True,340,zkproof_0340_hash,HR_SIGN_0340,CONFIDENTIAL,CONFIDENTIAL,0ce2120a8689c993744f9ab4cf1940fa912c86c59e4912b4fe9f067a51553493
0xbb60049af339536b27dc22f7d0f84d53b520fa32,EMP1340,BISBI COPYCD,Engineering,Intern,95,35,4,67,75,91,7,Yes,9,44.8,No,1,0xd1bae68d0e54f993e0980bda295b74360f824d8a,0xd74c7d91d2db3dd46b8518005d410b917a27dd0d,No,2026,False,341,zkproof_0341_hash,HR_SIGN_0341,CONFIDENTIAL,CONFIDENTIAL,2e67d87c209e9fdc0bc9c438f0775e2f9020e127c321e766c54c8a9728fc1c28
0x403c7e7669ed6d922b386a05e317862e22d7759e,EMP1341,UTMZC XTIZAX,R&D,Coordinator,78,44,46,97,50,64,14,No,2,47.8,No,3,0xa0d350c7da109776474dff7735c036846cb2f84a,0xe127e9fb06156bc6edb029be782cd1dde565302d,No,2026,False,342,zkproof_0342_hash,HR_SIGN_0342,CONFIDENTIAL,CONFIDENTIAL,15678ff9d11051852d1a6531713c6af7d63cf5a6533350dd773aa02138747b91
0x2508c132fe78e314d49fa47c13a1f6395f3aee5f,EMP1342,XVWBM GKEKRQ,Engineering,Developer,79,44,7,72,90,95,13,Yes,0,49.3,No,4,0xdf4b57f781b027a202a43023366c67b3bee06471,0x6a0f00b0c88b9f5f30979762632290da2a4f5306,No,2026,False,343,zkproof_0343_hash,HR_SIGN_0343,CONFIDENTIAL,CONFIDENTIAL,99964f2f21d74d0207a21cdaff31a0c97363e1d9b059bc9d3c11f8114cc7b7d3
0xdccba0354fac94723d03657f10193f39c5db5caa,EMP1343,UXXEX IZTTST,Marketing,Intern,94,45,28,53,85,52,10,Yes,1,43.9,No,4,0x7c188346ce43a7d89a7af5bcfaeb94ad099016a2,0xa6b1b9c54b82510223f6be5776ce0b58065de199,No,2026,False,344,zkproof_0344_hash,HR_SIGN_0344,CONFIDENTIAL,CONFIDENTIAL,18411b7a86b65511e7dc051d3e13ef97fe94cec62783821a174987548c303903
0xb4e54f9965e0170c5e372e288a5acd0459e4401b,EMP1344,IXBGS ITEWHG,Operations,Engineer,79,48,71,96,86,97,18,No,4,75.1,Yes,4,0xc6bba5ebddd2dada018f1c15ec367d8f8d96ebda,0x195965a6ef3070a3424b33dc59f2bf551bb1af88,Yes,2026,True,345,zkproof_0345_hash,HR_SIGN_0345,CONFIDENTIAL,CONFIDENTIAL,36fbadc4ebb269456d998ed3db1beb1261a6be9f34a93ff600f5ef2a366eb529
0xf0ed05a20c36be20dfede4d54f3b1f57096772c5,EMP1345,OYLAL AVHPTK,Marketing,Analyst,61,30,27,78,66,44,21,No,7,37.9,No,2,0x32603e0db7e24d5b0d8c09610795fa110dd31561,0xbe419346aa14b8d00180cedfd3e0254b4ae159c2,No,2026,False,346,zkproof_0346_hash,HR_SIGN_0346,CONFIDENTIAL,CONFIDENTIAL,7a4494f3c578cc8cef7f746d5b704ee5b7f0e728292cbee7b9cb3e2cf9c75e25
0x5431ed2c1db164071f505991f89a735cadb957cc,EMP1346,VKMJP NUQXQW,R&D,Intern,83,57,45,51,50,60,14,No,2,46.2,No,0,0xc44364c8062ef2b328343f23ab4d76ef2155308d,0xda5405d3c7959b474c790cfbdf2afd0b3dde25fc,No,2026,False,347,zkproof_0347_hash,HR_SIGN_0347,CONFIDENTIAL,CONFIDENTIAL,2b8fbb5dd0f61e5e10d27fce7c280c843e033d17d465dcffced2ba8f483cabe3
0x5dd1f75e7f29971d275629c02b3e51ef0439c38a,EMP1347,FRQDS TPXMSN,Finance,Intern,71,54,57,51,84,52,4,Yes,8,56.0,No,1,0x07b5fc0a84797afbdc7a43a23cb99d512ec4d43f,0x48c28487acd4b95df993f83e089d6e5e7c4db747,No,2026,True,348,zkproof_0348_hash,HR_SIGN_0348,CONFIDENTIAL,CONFIDENTIAL,af0a125b74e2155b5f74f111b5a4e37810ea4286f7f705a1addee1a5fc67b200
0x0ab81f57a2e71de63542648add536bf2343a1289,EMP1348,HNCPV BKBCNL,HR,Engineer,97,31,89,71,85,74,3,No,1,74.9,Yes,0,0x1893ff18e5b9426d84741429be44768413a6438c,0x84e8aeb796fedf36322c91c870ad144edf62136d,No,2026,True,349,zkproof_0349_hash,HR_SIGN_0349,CONFIDENTIAL,CONFIDENTIAL,10955e72b8e7b7fd2bc1138addc6eb0a09ec226200e57b2a9b05139dc96f7cef
0x215acd18988bd544ad38dac2006196f78da4189d,EMP1349,ECSWJ IFRAXI,Finance,Engineer,97,51,79,56,70,48,16,Yes,9,60.9,No,2,0x2fd226d4cd1ae394c9883d230bbb840a1b8bd627,0x6bf6a89f8f897bf2a47d3d34bdc7fdf835e0e306,No,2026,True,350,zkproof_0350_hash,HR_SIGN_0350,CONFIDENTIAL,CONFIDENTIAL,a38604e5dfb06baeb1d99bf59336a414d2c8738f788dce82c03d2f4ab4202d0d
0x516e4b81edfbc1475932f3d91f69bfd4f81c85a1,EMP1350,LHNTS MLDUNF,Engineering,Engineer,61,31,60,76,67,56,2,No,3,54.5,No,1,0xe551b66b4fe1e2e301e9728641fc36a624ff6d3e,0x90896882efb2ea4804c5fa8163b2b46ee15a99a6,No,2026,True,351,zkproof_0351_hash,HR_SIGN_0351,CONFIDENTIAL,CONFIDENTIAL,1b03bb03cae70e3e9bba191912db4a96583f8f6cbd69f9fe2f843163338538cd
0xefddf7aed9ba9a16506e35fa45af2678ad2c602f,EMP1351,DUUXB QZYNON,Operations,Lead,83,35,18,48,89,76,8,No,2,48.0,No,2,0xccb1693823267263f29b80d63af384db2a7202e2,0x2a7856054af061656b1e32db6d390355e9b6a44e,No,2026,False,352,zkproof_0352_hash,HR_SIGN_0352,CONFIDENTIAL,CONFIDENTIAL,296850fc325283330d66ca3664616151e5546311ca34615e33421c8f25070640
0x44d6e4ff0183bb7aa85f3e07d0704ba00978087b,EMP1352,CLJEJ PBRUYW,HR,Analyst,79,30,50,47,89,83,14,Yes,2,62.9,No,1,0xadb27a741a1c309f1160f35d0f2248f82de440b7,0xb2b094a02469901efd903030b0e35cdec1665877,No,2026,True,353,zkproof_0353_hash,HR_SIGN_0353,CONFIDENTIAL,CONFIDENTIAL,daf92b262bb3e88d5424b8db071cc7c367cf235af289b909add691eddb64de1a
0x34623b524b71877f62be4f4c4a6975648852b0a3,EMP1353,XVTYO KSIAHL,IT,Manager,64,39,88,91,91,97,23,Yes,8,83.3,Yes,3,0xd98e0d5b8f5fef854ed71499e4a5c6da08f3815e,0x247c4940e8f757e0ed58e53f5446e169595862ca,Yes,2026,True,354,zkproof_0354_hash,HR_SIGN_0354,CONFIDENTIAL,CONFIDENTIAL,ecce89f47080d87b71d0a107978bce0512b4418ff9dfd977fe0688e50e5b664c
0x4adc3d5757f965edd9b327ce4299ff66f1b9a6a6,EMP1354,OTEBL WDBYRO,HR,Intern,82,39,67,81,62,42,6,Yes,2,52.0,No,1,0x898c9d6f4c4a1d7dbbe7d40325540612c0c8677a,0xc4b3d9cdac82d808b91b16853248d554da9714c9,No,2026,True,355,zkproof_0355_hash,HR_SIGN_0355,CONFIDENTIAL,CONFIDENTIAL,2ea5090fa1b0a0578966a63ae3518a9d8fcb8fb847e2a53a3edb998da3a7c5cd
0x55c14640da6b2d64fdf856cb88ecde2401d6db45,EMP1355,XAHRU SYNDMZ,HR,Intern,86,44,3,90,60,46,23,Yes,3,27.3,No,3,0xeb9a2d1996d14f4553bbfdab23d16751d3c96213,0xd19ab7127e880421a439445964f131f481f35257,No,2026,False,356,zkproof_0356_hash,HR_SIGN_0356,CONFIDENTIAL,CONFIDENTIAL,0d374ed0180c7df8951fb0ec510ebfe9b524b1038388e856e669fb9af2c5aaea
0xe0b2171898eee9742ac044f10853f45c013aa254,EMP1356,OESXL IOXZTR,IT,Manager,67,36,88,99,57,70,14,Yes,5,68.1,No,0,0x5d81a7d33081d175f742f7f7aa00630a4b7a22db,0x50166fc1cb935118452e8c7e2383990a93c6c819,No,2026,True,357,zkproof_0357_hash,HR_SIGN_0357,CONFIDENTIAL,CONFIDENTIAL,8e1086fc78d7341d36176c69f32276aa99d749e152dd2ec897c810aa0654b0b1
0x376ecb750161d1c07d019b7736776aa7be58f6e7,EMP1357,AEBFQ XHGDDX,Marketing,Lead,77,36,3,76,64,58,21,No,8,32.2,No,4,0x4a81f6c7dc1a86a2ef0dd8108f241275b8cb6ea5,0x91b6fbcdb0808f3b4018b804bf2d22a7ddc5a67d,No,2026,False,358,zkproof_0358_hash,HR_SIGN_0358,CONFIDENTIAL,CONFIDENTIAL,fd99ad167f33c2f623b449b9fa018627644853ccfe204f62d370575535bc623e
0xe40cbe8e15448d45e7b2dd15ef5038fe1c32d1e2,EMP1358,XBXAP TNNMYZ,Finance,Analyst,83,50,19,42,52,40,1,No,2,30.2,No,0,0xb193534499812657cfcd9c9ad72376b755322e8e,0x3bfe379446f8b543617326ff1d6001a6d1cf532a,No,2026,False,359,zkproof_0359_hash,HR_SIGN_0359,CONFIDENTIAL,CONFIDENTIAL,c424be9fe5d03b08fd742cbee6d54fa19322ac4a7f745dcb0f8f875fcb0e5d34
0x99238032170fceba29813a6c56c96f8a75e76d2a,EMP1359,YOUUK SZMWSJ,Engineering,Manager,63,33,80,65,65,76,22,Yes,1,67.9,No,3,0x9fd88440c712eef46bb8309da7d23ed89d72392e,0x1dcb87b80a72b2fb2164a0deedfe291fd707a254,No,2026,True,360,zkproof_0360_hash,HR_SIGN_0360,CONFIDENTIAL,CONFIDENTIAL,f564b2c5ca18d3e6bde9b93bbfadf93a1bb59f1b3245f8fd1e7a8ce5b00540b4
0x8dd46a0e6079df28958b2c56377b76b17a76fd00,EMP1360,PRNMR PCITXZ,HR,Intern,82,48,50,85,54,49,10,No,7,46.2,No,1,0x51500bc0b68c44e9cfe347d07506b6cb47606396,0xacb80ba284e77fcd8497a0774492b4b216d6fd6b,No,2026,True,361,zkproof_0361_hash,HR_SIGN_0361,CONFIDENTIAL,CONFIDENTIAL,0a69f36a57cb85c18656208e920fa9fe9b9a6e0093523e20fecc2cea44509016
0x56b29db515c4b6211191dd95496550651868507e,EMP1361,JJLLT PPGNOV,Marketing,Engineer,75,46,41,43,99,80,13,No,5,60.7,No,1,0x4f2d265eafe5b3bec8d2299ee7754d89e60ad3ac,0x29449537e5f2c75ad1cbb9acad2d083b34bae7cc,No,2026,False,362,zkproof_0362_hash,HR_SIGN_0362,CONFIDENTIAL,CONFIDENTIAL,734c1bf6da15bd496878a65f788601ef45396eea14bc61137474771bf07862f6
0x953a0bb26e7987a82f45b679c2f75147da796476,EMP1362,GJMZC LUTNMN,IT,Lead,84,58,18,75,51,67,4,No,4,37.9,No,1,0x33a75eef132e6ddf5a73579bc2002e0bb5edb069,0x106eb59961a18d5599031eaa67c7d2e388c5620a,No,2026,False,363,zkproof_0363_hash,HR_SIGN_0363,CONFIDENTIAL,CONFIDENTIAL,83f9a898ac81a140f7ac00e966bc0c939a36780ead964ece68fea6940cb9714e
0x1a97fd54b9e22340b03c56680f919bde8fa08263,EMP1363,TLCOK XURKEH,IT,Manager,81,48,86,62,77,65,19,No,2,69.5,No,4,0x7dc3bee4ad889ee6208c5a7e5f934cd4d390f319,0x7f12bd356bb653c62d949f04949c6901d47b4947,No,2026,True,364,zkproof_0364_hash,HR_SIGN_0364,CONFIDENTIAL,CONFIDENTIAL,56ea3aa283747806d911c6fed15f1d03a6344ac2c451e6f9d93667a346a5ab9c
0x70bbe377a679d8a081cd5142ea783a8ace995d2c,EMP1364,FDFKO VMRKMX,IT,Coordinator,64,57,97,53,92,68,0,Yes,4,78.0,Yes,2,0xcb0fa9b0cbd5c75743035dda182d59db30bbd412,0x2aa04147ca9190c2e39ccfff373e45057757d515,Yes,2026,True,365,zkproof_0365_hash,HR_SIGN_0365,CONFIDENTIAL,CONFIDENTIAL,67be0da1ce60814d35a86206087fe8d45fc933360b27911af1f43d9c32a67e82
0x5fa878d4730a9ac217eeaaa97f0e823315ff2fc3,EMP1365,URTXU LWMIFB,Operations,Coordinator,65,45,82,98,85,89,14,Yes,2,76.7,Yes,3,0x97ffc7294d44c281cb6d36458b7812b72ad37d90,0xa62178db8583739fe632b355db9f6d1e3ea7234c,Yes,2026,True,366,zkproof_0366_hash,HR_SIGN_0366,CONFIDENTIAL,CONFIDENTIAL,6ec87dccec553610a05d8fba81353ab08e188b5e10af97ca737226729418769c
0x33a4043892555364953689c7facc85ec4e8dda57,EMP1366,LTHBJ UNVVNT,Engineering,Lead,67,42,59,64,56,64,0,No,6,54.6,No,0,0xee3c9d0108a3288ca9022345fc9dd15f4d919171,0x8bd2ec0c8f3f5c4a467d2341bd1e9217604deb25,No,2026,True,367,zkproof_0367_hash,HR_SIGN_0367,CONFIDENTIAL,CONFIDENTIAL,41fc09820af570c25f0fcb61166aff9ebd2e8daa71e6487788bc1d89406fd5ff
0x7ff0da6bb168123ce418159e840a8985458148a7,EMP1367,OSMIP ZGNXYV,IT,Engineer,75,56,16,82,58,91,13,Yes,4,45.7,No,2,0x288f76fedbb39bcdeb20f8f64d6bf3bee85cb7a7,0x8f404765a9eaf0076f480017646f4e1326e5f2b6,No,2026,False,368,zkproof_0368_hash,HR_SIGN_0368,CONFIDENTIAL,CONFIDENTIAL,5b5575f718d342f49a5c98c5eefbd4ac2fa2a8740482e4845c97b1efb522053b
0x81bae4f0a8a223b1250daa2dc934318e65b3b1c1,EMP1368,FGLKD KGBQPZ,Engineering,Engineer,91,37,15,86,66,76,0,Yes,4,42.4,No,0,0x4f69940c6b7ae21a91efb60cd82427b91b2284e2,0x6a2ae1888e7656f505a8aad9092ef828bb5a8186,No,2026,False,369,zkproof_0369_hash,HR_SIGN_0369,CONFIDENTIAL,CONFIDENTIAL,7e3eb2974c9d054e08f7f725c5170de21d74e7ab8fdc7b392053e9d4080b3bfc
0xf4bd4dd57dd68dc76af95fd18d7336968d51a4e2,EMP1369,UPKQH GBPVUW,Engineering,Engineer,97,50,87,89,50,56,2,Yes,2,61.8,No,2,0xa763bcb7aa0554114fb34b431d1daef801ecce84,0x2a37d8780cca7da1bbd5912ce24012e64abcea68,No,2026,True,370,zkproof_0370_hash,HR_SIGN_0370,CONFIDENTIAL,CONFIDENTIAL,32ba290210c9ae5576872bd5d44fce10675ed3c64e3d67792458381a8f960d15
0x172a403626c27be36c280a179748995be990a22f,EMP1370,ERBOV PBXVAN,HR,Coordinator,89,41,9,69,66,91,21,No,2,44.3,No,1,0x8f2b4541b1af8168e22b36d1e83d539e567b6482,0xdfa1c5e71b2bfed4570334fe30163fdce158a3c0,No,2026,False,371,zkproof_0371_hash,HR_SIGN_0371,CONFIDENTIAL,CONFIDENTIAL,987adc07e5aa245eb113ee79e27d7ed64b2462e2ccb43a229f4bb2a6abd80775
0x43f7f4bb724789afcdd5bcd3673a5d908e29dca0,EMP1371,LHNUR HDQPTP,Engineering,Engineer,60,44,2,56,60,73,0,No,1,34.8,No,4,0x4a917f795ed6f033c5c2fd631f6a5233f7aecdc6,0xd1a85b08142490dbd158e1a459386e26d620ce94,No,2026,False,372,zkproof_0372_hash,HR_SIGN_0372,CONFIDENTIAL,CONFIDENTIAL,877240f6b76004c778488bca4ef812979f02f791c69859c21db8874087506001
0x713a9a4ca2ae01c254d6bc327e2d0d63b18e4cf4,EMP1372,RKRLZ IEMCGU,Marketing,Manager,95,44,90,94,68,61,19,No,5,68.4,No,4,0xfa938ad86868985d0fb5f3ce949b0e07c92a3801,0x0056e422061f88baa698839324f2e707fb2d8fc6,No,2026,True,373,zkproof_0373_hash,HR_SIGN_0373,CONFIDENTIAL,CONFIDENTIAL,6557499207a3c6cfe3142c659c1ce6a3412f331b107153e9f824f5f235a3092c
0xbedce2c2f285fc27260bcbf062bde05d017e9eef,EMP1373,WSYYN SMWGQP,Finance,Coordinator,95,36,96,94,60,45,6,No,4,64.3,No,1,0x8a1b6de95fdacae1b4611ebc87a1fa0b9cb457af,0xef48b8ff51ea36de132266b29c4165b3df3ec90f,No,2026,True,374,zkproof_0374_hash,HR_SIGN_0374,CONFIDENTIAL,CONFIDENTIAL,093920108bba3c257658227f7c14642dfb0e642da85d044ab94e675a2dbcd95a
0x7f91eb814efb04e43318d2217bf3330da7b0a7e1,EMP1374,AZOYZ SHJRRF,R&D,Lead,86,37,2,84,51,45,1,Yes,8,25.3,No,2,0x26e21cf789e8821eca5a4fdc16bb4462cbf80663,0x3eaa1b5b3ecdbbdd8cb65c94574ad8e146055d36,No,2026,False,375,zkproof_0375_hash,HR_SIGN_0375,CONFIDENTIAL,CONFIDENTIAL,212270056141d0d72ad5d1639133191934cc5461d975ef0d63bad82b4270fbbb
0xcbb49a063fa0d27a25d19b88331860297e6a7b97,EMP1375,IOFFR AUHXUT,HR,Analyst,87,55,11,78,71,44,16,No,0,31.8,No,0,0xee4f91f7a8010945ec77ecbfe7f2dba5401c7dd4,0x5b7fb24d72217e5554352c4e0664027600c334fc,No,2026,False,376,zkproof_0376_hash,HR_SIGN_0376,CONFIDENTIAL,CONFIDENTIAL,02e4cdf9b3e328ff0f78e71f4375f77c5f2a9ee7205f7e343a0f4fd8d269b1ce
0x058e068fecdfb051e5cb168f6beeb810760a9805,EMP1376,OFAOC HDTDGZ,IT,Intern,98,33,95,94,99,95,5,Yes,6,86.9,Yes,4,0xa9476f99cd4ff7981d935e2f680c9c6086e9c570,0x14584c1d44799dfd67a015f85ea39e13c0a0f016,Yes,2026,True,377,zkproof_0377_hash,HR_SIGN_0377,CONFIDENTIAL,CONFIDENTIAL,5d32e66a51de93e087223b7c6e56c8ae1b03f4c037c9ec4edba4cf09d13db126
0x17ef065a2c621d6cbd63c432861660522e125275,EMP1377,AJXEQ OJRPCO,Marketing,Intern,89,44,16,87,82,69,5,No,3,43.8,No,2,0x59f37fb5a13754d252605cb0d44c694cd55c53f8,0x294d4e2cbac0b647ec62bd3ff491589060e7d28d,No,2026,False,378,zkproof_0378_hash,HR_SIGN_0378,CONFIDENTIAL,CONFIDENTIAL,97083ae413d1472c210887c0253646d3dcecf7a526587b3d5ae692043230a633
0x2a74732aaa3b8b3f95e8f6505f0f1a48543416aa,EMP1378,JVUTR PYOCQN,Operations,Lead,97,35,32,89,98,56,22,No,2,49.4,No,2,0x55019ebc5903a89b20c57f3e3e40d5a1509c1f5a,0x12a90f0eb3ff83d7eebe7719c5b21354abfa4879,No,2026,False,379,zkproof_0379_hash,HR_SIGN_0379,CONFIDENTIAL,CONFIDENTIAL,aa7d2da5b1f4e8ee4adabd1f0b32fd42805c259eb858079d0243396c59d46c3e
0x3f95de7122cbcade28f43ba5d13608150c0a9534,EMP1379,PSOBC HLYUZT,IT,Manager,74,44,29,42,88,80,24,No,4,53.6,No,2,0x408f24ec29f6476852f771f3ec555f0b2d88c1b7,0x641965c610b8b96453638a60b96f0622c8dd839b,No,2026,False,380,zkproof_0380_hash,HR_SIGN_0380,CONFIDENTIAL,CONFIDENTIAL,8f76b916ca0759ebb91727212857adf723e01d7a633dc8c189e94e9c69743b10
0x1285d5bbaf1630131c4927420c85cc44af5c66e3,EMP1380,MTSYG FICCAR,HR,Lead,78,45,83,96,57,79,9,No,8,69.1,No,4,0x6911346e883ef6796ffc4e9c6fb18a0a1a1c3e48,0x973ff04ec22482be5b38c13cda64cea16512c7c6,No,2026,True,381,zkproof_0381_hash,HR_SIGN_0381,CONFIDENTIAL,CONFIDENTIAL,17dde0961dbe46659f46c4163d8d62b61e43bd1d6cb5810d975d60869e139898
0x42913e7f1f13c2aab48a6c106943563662745dc6,EMP1381,VIBLY EKSRKO,Engineering,Analyst,76,49,88,52,92,82,17,Yes,2,78.4,Yes,0,0xf730079208814f1185dfe6cbfeac0968d3ad1671,0x76484dce58d0833108508c683de482ee65c780a3,Yes,2026,True,382,zkproof_0382_hash,HR_SIGN_0382,CONFIDENTIAL,CONFIDENTIAL,06546e5364cec1bc52902da084b4952d41070e8d0e822167498ff86411212691
0x698979968948f04d5618c76ff0edd9eae19bd171,EMP1382,QLVGG DNMBSO,IT,Coordinator,99,35,67,72,79,93,22,No,1,70.6,Yes,1,0x07e64f6038302c8448287d207b120f0b7225db44,0xc453386084730fe2082b4d6a4d842688aa044025,No,2026,True,383,zkproof_0383_hash,HR_SIGN_0383,CONFIDENTIAL,CONFIDENTIAL,84f77b101db3fd8cea8931a8ddc180c542b5b507958d439f6e4f23878cbf1f63
0x026783d6702db5c7f1efe403741a3703eb362c58,EMP1383,ALZWD IKZGHQ,R&D,Manager,78,42,87,46,82,59,22,Yes,7,69.6,No,2,0xb0eed4b3c2ed6b2b853ae44b7e025b0ed45aa8b2,0xdab7e529507452ab0fedf7771462d7b15f5c64c4,No,2026,True,384,zkproof_0384_hash,HR_SIGN_0384,CONFIDENTIAL,CONFIDENTIAL,6eddd7076e020c3db5c1414dde85e5df6adc792b2cf9410ee6e7a42d57e78daf
0x9ffb38305933f2444e8b012e2c3e7e1a24184f82,EMP1384,IENOA HCPBNH,IT,Lead,92,51,24,76,99,43,6,No,6,42.9,No,0,0xef36e33ee630793c6f11df2c088bdc52fe123dc1,0xa58eec0edb460be2bd6df3969147263e23ca7a82,No,2026,False,385,zkproof_0385_hash,HR_SIGN_0385,CONFIDENTIAL,CONFIDENTIAL,707356f5195874610e968d759b610cb4f42ca7f430d86dfe25515e0eb6de6e82
0x86df2cb9b07ce6cd4e8df9c35475945bb7fad32c,EMP1385,CYTKE LEIEVI,Engineering,Intern,72,40,13,91,77,49,0,No,1,35.4,No,0,0x253ef0029f24f25c1bd93dfb4ff764ba7b1f0d9f,0x1907abd2680b0de7c7f5656bcf32b3ad3020d7fd,No,2026,False,386,zkproof_0386_hash,HR_SIGN_0386,CONFIDENTIAL,CONFIDENTIAL,74ce313dddbbd07fda9acbf29b6782e8fc2661f64d5f4a25d0abaa5158807d80
0xa5e2e3fc8aca54282c2592a38d2e8d5ba9190a4b,EMP1386,KFUTV FJXBAE,Operations,Analyst,85,46,21,51,73,69,14,Yes,7,44.4,No,1,0xed31c5a964befd37934d09e37acbbd36a6c6b9f2,0xa9a6275eb827585131a403b30081d34ba3e19e49,No,2026,False,387,zkproof_0387_hash,HR_SIGN_0387,CONFIDENTIAL,CONFIDENTIAL,551685fb94aec30e68df8720d2099d7b7508486b80740809f9388bc402796f54
0xa30e9cbe86ff74bd64c931ffa81f1f7984acdae9,EMP1387,LYYTI UBMTWS,Engineering,Manager,86,46,67,70,81,80,9,No,6,67.6,No,1,0x7e00f2e696f709d059dc4081a21ba22c3ab5d294,0x8d568e6d6b373db06770b490b8be4d8e7569a9a1,No,2026,True,388,zkproof_0388_hash,HR_SIGN_0388,CONFIDENTIAL,CONFIDENTIAL,44f1162989a8a2accdf3c37f2781c3a674f7a6d625d0462e506129c81d4fe812
0x98e65a33db7a2b01ed8c6d0247f2a255da9aa392,EMP1388,UGDKB RREGMA,R&D,Developer,89,55,87,53,95,98,1,Yes,2,83.4,Yes,1,0x1cb2179b000571393212d4bd332ec91fab5c139f,0x3486da72e4aa27ca6baab9f776fba6a93be2a713,Yes,2026,True,389,zkproof_0389_hash,HR_SIGN_0389,CONFIDENTIAL,CONFIDENTIAL,f1804fe68e5c40d16f43cd05d9213072f7e10b3b69810990ac3dc934670b498b
0xf5b1bb67b72c303d647a738cc0ca0fea8bacb4e9,EMP1389,SMOXB GWZGWX,R&D,Lead,67,45,38,72,98,56,13,Yes,6,52.2,No,3,0x1bddcfb3b0fcebab819050044b928b7708b3a6ae,0x923d588f3f17866488933c7aa34223e9576245c3,No,2026,False,390,zkproof_0390_hash,HR_SIGN_0390,CONFIDENTIAL,CONFIDENTIAL,be3c5f9178a59b0561094e153e315d734f069f1841573e6670ef9a3dbbda09f8
0x3df4112d622e1a676968ee38d6647d678df6a37e,EMP1390,KXSYE VAZOLY,Marketing,Engineer,99,45,12,57,69,57,5,No,0,35.7,No,1,0x6b863d6ff4cfdf872c3dd41da0df2666c8b60561,0x318b45991827530dad9925d84c0cf0199e95b9a4,No,2026,False,391,zkproof_0391_hash,HR_SIGN_0391,CONFIDENTIAL,CONFIDENTIAL,79f4ce9e609afa3c800e56fb4528c41f43f9a8fde3435b2c01ef3e736be70c7e
0x898522629862dc7ebe51027fdbd3637e25c6d193,EMP1391,KITXI MTMGHL,Finance,Intern,87,31,72,40,94,56,18,No,8,65.2,No,3,0x2d3d345770c5d0f75302eccbda7feedbbd03247a,0x666dfddd53438051f8bb5e4e013579d1d43c4522,No,2026,True,392,zkproof_0392_hash,HR_SIGN_0392,CONFIDENTIAL,CONFIDENTIAL,6886633c788a6dadb73fd1177504083991ac449586f7a30098e71f5f976065ed
0x4a620f990f8109cb24b3b00e9dcd846d051aa248,EMP1392,TTKBE XHWMLJ,R&D,Analyst,67,51,95,98,70,47,16,Yes,3,66.4,No,0,0xacc69b5fadd426fd5e7e919ccab75c75811d11bd,0x893358c33e9e6a81d439e8c9f96c020762160383,No,2026,True,393,zkproof_0393_hash,HR_SIGN_0393,CONFIDENTIAL,CONFIDENTIAL,79dcde43c35adc5467214bdd2e88d74ef35fcd84fd89a36145fb55b6ba36d1c8
0xab76c85e45926c021bdf05b3dac141db080b590b,EMP1393,YTDXQ CNKFCT,IT,Intern,68,59,43,40,94,64,0,No,1,55.3,No,0,0x9b20d77a259c2377b3d69b2ee82696342f5a48bd,0x68fe9c77ba955bcf5a213943d60c489a7077c34e,No,2026,False,394,zkproof_0394_hash,HR_SIGN_0394,CONFIDENTIAL,CONFIDENTIAL,a83855104fad2dd175e71f44bd1a05d34af3ccca2e1c3aa794b0ab08d8bbecff
0xd3fdc41967c466c796765b2c60d85c7661029151,EMP1394,GBRIY NLSMZA,Engineering,Manager,72,51,96,46,51,80,16,No,5,73.1,Yes,2,0x24641ef75ee5c7dce7c0ede8810a504b5b87031c,0x89156a2500e6981f8f4cfb35da73a21ec1609a3e,No,2026,True,395,zkproof_0395_hash,HR_SIGN_0395,CONFIDENTIAL,CONFIDENTIAL,e50534e2a5766159936001d2d9f06cef40934f41f7045295f64bbc25716ab736
0xa496fbbfca136483fcbc7fe45556b5dceb306e43,EMP1395,JHSSD LNUQSW,Marketing,Developer,85,52,79,41,68,94,21,No,4,73.8,Yes,1,0xfe3f98fef28e7b69354206f528eab2e5be44f65c,0x1d3ea666b5bbe36799b084978596fee787fbbd5a,No,2026,True,396,zkproof_0396_hash,HR_SIGN_0396,CONFIDENTIAL,CONFIDENTIAL,35a200df44152e901a0dd6b29fa837950385a51b474f8d4b757c4b54a370a6bc
0x023739d377416ae59ced4121219821b0b3bc3177,EMP1396,GTCLQ YMQIAF,Operations,Engineer,86,47,73,96,70,96,6,No,3,72.3,Yes,1,0x9e9088978021502a4acd2908dd432678af4c218f,0x2b827a39ef2cada7c1fe42ffa8b1e67a2918f0be,No,2026,True,397,zkproof_0397_hash,HR_SIGN_0397,CONFIDENTIAL,CONFIDENTIAL,c17ea8f5fc4de668f29adb081ac423e587f4f119341d31e9b01ff7f6305a1923
0x12936eed5308b683c4c4de0da573ad123dbce957,EMP1397,KPKVZ VZIDPI,Marketing,Intern,99,33,48,50,89,87,24,No,0,63.1,No,4,0x595d77c19270103e4358854c7c36770760a37738,0x419f00f6fc66ad756bc651e990e126f8ed13a069,No,2026,True,398,zkproof_0398_hash,HR_SIGN_0398,CONFIDENTIAL,CONFIDENTIAL,53c41c52e5216ad021bf8a0bbbf04402c5ef30a603af68b1146cd2f20259d504
0x2c39f6acadf73783f2bafe2c5125076df04d653c,EMP1398,ZINLB DUGHYN,IT,Developer,63,40,10,49,90,58,14,Yes,9,40.3,No,4,0x1d5a05bc889cc071b639e6ab46066b5a051c78f2,0x5e25e6b2241476fd092dc3cf4b39257da73da953,No,2026,False,399,zkproof_0399_hash,HR_SIGN_0399,CONFIDENTIAL,CONFIDENTIAL,8d5a7d8834dca83bc02dedacc7ef927bef941cf3b64e89d366577db640954288
0xc6a0f2a44c8cc146f2d74947b159942985e16b81,EMP1399,BMPSH HYRWQZ,R&D,Lead,80,43,22,58,80,80,17,No,2,49.0,No,1,0x6e109d4eed76156a76349fe7184460cf03757670,0x5ab4b282330313a4737170eee27feb8e442e8b8d,No,2026,False,400,zkproof_0400_hash,HR_SIGN_0400,CONFIDENTIAL,CONFIDENTIAL,cd081f65fa38d191f0c7a852a01b2b447eba9d0aa07ba5bf2c4cc2d9fb759a34
0x57e53aa32439814350a0285ed38d5256fb8206b2,EMP1400,PEOZI JMCGGY,IT,Engineer,93,33,67,68,61,56,6,Yes,2,56.0,No,1,0x312819deacda3038b1cc22ea1db6e867a4f2deff,0xadc2efe3aeef59fc4e089753e30eee4d21dd3c24,No,2026,True,401,zkproof_0401_hash,HR_SIGN_0401,CONFIDENTIAL,CONFIDENTIAL,a01e99fe7b0068a3f79e4b9710f64f19304783217895f7261cc62aec2c3e1af0
0x2358244f2cf7021b4e6bb06dd4e67ac59ebdfc3c,EMP1401,PVNPT DLJJGT,Finance,Intern,79,50,81,89,70,85,9,Yes,9,72.8,Yes,4,0xe3d79ed060f6493b5b1109a7b25477b23e3a85b1,0x3a8b8df6dfbde489a291a23a24a8ab6090f84abe,No,2026,True,402,zkproof_0402_hash,HR_SIGN_0402,CONFIDENTIAL,CONFIDENTIAL,1cf370b4379ecee82491bda19c65adce290803335cb95afeb2927d6c0224e04d
0x5b49c14f4cefc9c5513c5bca76138271e730a8f0,EMP1402,PZLXM TSLGCO,Engineering,Coordinator,76,40,97,55,80,58,13,Yes,0,72.2,Yes,2,0xc8a6df5681957a80ebfe8bb3080dceafd558a98f,0x7841724d5b51437093f2e8aa08fc324fb85700b4,No,2026,True,403,zkproof_0403_hash,HR_SIGN_0403,CONFIDENTIAL,CONFIDENTIAL,e2e518ae44fabe9e458c9fa051c05a7802445c48b5a4f9c171beed5ad8af1577
0x946643d3e8e96106236674b5b05b2793ae7e63a6,EMP1403,MIBMB NCPIAN,Engineering,Manager,87,37,41,65,90,79,6,No,6,58.7,No,2,0x2b9b977e4f78e35ea4b76ddcb37997f2db305ee3,0x9cc32432ac54a6b06cf53d3e06f5e253465dba7e,No,2026,False,404,zkproof_0404_hash,HR_SIGN_0404,CONFIDENTIAL,CONFIDENTIAL,d5cb63a0f42123187fda2834d8dc569f090447ebca238478cf523d6a885a9aa9
0x6229614c2893528e41b65b6dda079464095817b1,EMP1404,TIOPZ BYISNN,Engineering,Coordinator,81,47,18,86,58,45,16,Yes,5,32.8,No,1,0x9c5cd3f7fc3b01589a2350e5b639a30e61253345,0x9ded66a47ee1f27cf6dca91aa4d7985a2706a294,No,2026,False,405,zkproof_0405_hash,HR_SIGN_0405,CONFIDENTIAL,CONFIDENTIAL,c6e64197bd8b8fa48dd067868803ab96351dd8983a3dbc2aafb7f41221647541
0xb2fce2fd1b675ccfd3b8654096d33cab9a52c16f,EMP1405,PBDQR DEHPBC,Operations,Engineer,96,38,71,55,79,90,2,No,7,71.9,Yes,4,0x3851749a96b867d6a01ed51a29cf9a66d10d6119,0x69902d1f201f49bf9114941c910f0d2c0f2412ec,No,2026,True,406,zkproof_0406_hash,HR_SIGN_0406,CONFIDENTIAL,CONFIDENTIAL,d4b7610f6db3356da2cbaa2117695b3a762b0f723328f4036d3ff6a68817a2e2
0x59419ad362077494b66d35c2b8fd4354fe1dc6e3,EMP1406,HWJMI MFQTUQ,HR,Manager,94,39,51,75,73,89,13,No,1,61.8,No,2,0x80dc621a4d652fa220bcd88d8994b85197e6bc5b,0x68ced9ed2ac72ef68ff0b60ddaf93ed97bd64cf0,No,2026,True,407,zkproof_0407_hash,HR_SIGN_0407,CONFIDENTIAL,CONFIDENTIAL,5115598923bdf7058c55da3cc240bf00ab0a3f9bb563bd46680b8860996ad565
0x0dcc083ef6ed9504a50eb6da0c584ef0607d786f,EMP1407,VOOER MZYJOO,Engineering,Developer,67,37,1,46,54,45,11,No,1,24.8,No,4,0x89abe69ff7d85204cd3097a7387963369a1f9e6a,0x465742d611cc42a3dcd488ff8b87a1dd72e40a67,No,2026,False,408,zkproof_0408_hash,HR_SIGN_0408,CONFIDENTIAL,CONFIDENTIAL,0ea677890cababc605003eb9248cc84640291e414028ad94ae29da2b643eda01
0xc79a97fc05a941e1110e5d6e5713ea9e55d895f9,EMP1408,IVXKM OOKFZL,Engineering,Intern,75,58,82,92,83,51,7,Yes,1,64.8,No,1,0xccc14551ae0976f19d98db0dc08de7e66577665d,0xf44c77e3d02ca0f2f41ee55cbe0bcf4a14671a07,No,2026,True,409,zkproof_0409_hash,HR_SIGN_0409,CONFIDENTIAL,CONFIDENTIAL,a1f43efbd4025ae4533916f054afd0592764158c6cccd3a876c8b85d6e9dd23d
0x5b7f2773ded06f7ba4d872fc1a43c771a790a8f9,EMP1409,IXLYW DOEELO,R&D,Developer,65,33,93,89,91,56,20,Yes,0,72.2,Yes,3,0xa450f4daaeec3325daa8443403dc627e5edba3c9,0xc9e2fcb540a88c3ab2bc62064109aff81d416bc6,No,2026,True,410,zkproof_0410_hash,HR_SIGN_0410,CONFIDENTIAL,CONFIDENTIAL,52e293763ae1386774f1d6e877613117814d52c391126a48c2361f2d3e3da407
0x92f2e44974faf943e90bfcfc3811b4b49b6339fb,EMP1410,JWVAV ASSXME,Finance,Engineer,89,45,96,99,74,41,4,No,0,65.5,No,1,0xf30b4f8e6ffe5a16aedf8928eb69252c17aa3aad,0x3aafe186a8c62bbb4f23b9bc7c76c9f83215c799,No,2026,True,411,zkproof_0411_hash,HR_SIGN_0411,CONFIDENTIAL,CONFIDENTIAL,bfee9a2889e2fad3cc2ee88b0dac522dea672ce418e0daab68e633e17713e26c
0x28deb40d30c95a8b8ddffc55260d275ef6cb66b8,EMP1411,RZFCP UKNMHF,R&D,Analyst,72,31,36,82,67,82,17,No,5,52.9,No,1,0xdbaa69f9db594e7fcb8bb041a0b50a81e3ad73a8,0x91c7da473fa3dc50692cdcfd8d97d1b24b738224,No,2026,False,412,zkproof_0412_hash,HR_SIGN_0412,CONFIDENTIAL,CONFIDENTIAL,4d76ec5cac34c3e752a9653bb4856611749ce3de5ae11c4c112833c28ba8fd1a
0x79e7ce216989821fd10c592415e3db889641df8d,EMP1412,BQPBY EWCBMA,Operations,Developer,82,41,84,64,51,54,21,No,6,60.6,No,0,0x59dceed95394ba5b341aa036d8bbad0ae941e919,0x6bb1a00c221c12ef9d36337d4c795592289de0eb,No,2026,True,413,zkproof_0413_hash,HR_SIGN_0413,CONFIDENTIAL,CONFIDENTIAL,e6947051bd40cea900359830156721bd8fc0d0ceea5a3dc586a9cdf75c2699e4
0xb6aaea7848c7303edca217ae48f2a38e4d8faa39,EMP1413,PGHKU RUEUOH,HR,Engineer,70,37,44,78,78,88,7,No,4,60.0,No,2,0x017a6bf3b2e29e5ee9566c92bb8c781150801d46,0x945c003d1ce3bce635bbdbaed73b38d1892c0300,No,2026,False,414,zkproof_0414_hash,HR_SIGN_0414,CONFIDENTIAL,CONFIDENTIAL,dd3e096168dc5d7d4bed8f9aae45b91dd9df88aa2ad749eacef121259d811058
0xf1a4b00ae492a545ee847249548094cbc1108634,EMP1414,OORPW CINMWW,R&D,Lead,99,37,78,99,74,66,13,Yes,0,65.8,No,3,0x9d4ab8611faf9a7eb595f6bd9230de9b48b4d1e0,0x6d857ed60b9e4d81bbdc1ac56b69724794aa879c,No,2026,True,415,zkproof_0415_hash,HR_SIGN_0415,CONFIDENTIAL,CONFIDENTIAL,e58c2906ac70c0af7b1911c7fd3ab7628892710e29951a8425a916d0e57bd4f8
0x12d7b3e51da5977f0fa3ba81d741cc9ad35be606,EMP1415,APQUH NVSTHJ,Operations,Analyst,88,59,57,52,95,56,23,No,8,59.4,No,0,0xb2e567622fba2e1ddc57e46718e3c57a4a146a35,0x5e3bd3df47bb7f9740ada5754cfc88d3d02ce086,No,2026,True,416,zkproof_0416_hash,HR_SIGN_0416,CONFIDENTIAL,CONFIDENTIAL,d9151beb4de90747a298d2cb438a0c671552f754af5384b16b0d2ffca6da3668
0xd19c7d6d6d238ca4166172e44476f8d6d76814d8,EMP1416,WHMWP SZRPGQ,Engineering,Manager,97,46,22,60,70,86,10,Yes,0,48.6,No,0,0x0fa6a8e4a4af4ab5b1305c50ef4d3412affd3264,0xabb358e2115a4ae42242b76d6cb0381f72d7b309,No,2026,False,417,zkproof_0417_hash,HR_SIGN_0417,CONFIDENTIAL,CONFIDENTIAL,9ed07ff0896e6aa64c599b221b314c56b72953b8aa47595579d756dddf3c1650
0x7ea854350d1cad7a50031a6383b23fecc5809ca1,EMP1417,CGKYG DJUILS,Operations,Intern,62,33,54,88,76,80,24,No,7,61.5,No,0,0x38b2f0174d13d2494ef2d06fd21fcc4702b537a4,0xdd21be56125b5416c36989a61dc1199c999aff24,No,2026,True,418,zkproof_0418_hash,HR_SIGN_0418,CONFIDENTIAL,CONFIDENTIAL,e54d5739820949b82098460dd9609c601b1ab01e800cd6abb482c7adc31f7b2e
0x3163f5b270b2d01ddaa4dac9f2279e1cd504582a,EMP1418,ULBEK TYBDTX,Engineering,Developer,72,55,96,42,96,46,11,Yes,1,71.5,Yes,2,0x60b2463b12f557028aa635176fb6e2405fc4ef30,0xdeed0d90d7e0b347237fab84668a9434155a2fae,No,2026,True,419,zkproof_0419_hash,HR_SIGN_0419,CONFIDENTIAL,CONFIDENTIAL,ad3ce443c07eccb9a1ed68ad2281f890bac2e0a4523a70d292f911ae8768ea1e
0xa43f28e733fe89193331a26567cbb7cdaef1fe91,EMP1419,YORDN WWVFCV,Operations,Developer,94,44,4,72,55,96,14,Yes,1,41.5,No,1,0x6b73fe8a7264ad82e037c84f3ee16ff84a8cc44f,0x0aa36f7c4c400881dadf58002920872e72e3fcd5,No,2026,False,420,zkproof_0420_hash,HR_SIGN_0420,CONFIDENTIAL,CONFIDENTIAL,3b68700cd4211c31f1fd91f61c065e95a4980448a4b6320ea55230da12a54ed8
0xcc31ecae0531c4bd49ed5039d5c17bfe622157bb,EMP1420,LBAVM YUONDQ,R&D,Intern,86,54,94,59,80,69,6,Yes,3,74.6,Yes,0,0xed20e14c3f7dbdae357f6231845b2581532f6879,0x77f758221db9aac340f1d75dbddb017148f69cfb,No,2026,True,421,zkproof_0421_hash,HR_SIGN_0421,CONFIDENTIAL,CONFIDENTIAL,e3eb16033d341fc442b863721a671bbd3ebd3cae2f712cdd78d947def05239dd
0x5b43c726c4f872ea8ad2735e84afb2f2eaef7ef1,EMP1421,ATYMM UIYICI,Operations,Engineer,69,41,16,56,79,43,0,No,1,35.2,No,4,0xe3cab78613800d8363cbc7a02b4d81455fc2279f,0x3028555b9b26af02f9be309700104e23152147b2,No,2026,False,422,zkproof_0422_hash,HR_SIGN_0422,CONFIDENTIAL,CONFIDENTIAL,0bb0ad36638cd1294df896e026bd0481ed3346e34259dedc1359db3a1217a4bb
0x9cce88fef7dc4d3ceb185c432d6b5d4bdeec0cef,EMP1422,FMUWM NJUDFX,Engineering,Coordinator,97,54,0,94,95,49,14,Yes,5,34.2,No,0,0x78debb96c462d037346e72d38582e61c86508384,0x6f51d43910193f7575e8748de2426041b95a6756,No,2026,False,423,zkproof_0423_hash,HR_SIGN_0423,CONFIDENTIAL,CONFIDENTIAL,837cc4496b76d8e05f04087d5c07bbbe5476c8a17616050206b1e3036a60fe81
0x7e995abdf0cb5ce5f825e16420fa546cb162a39c,EMP1423,MELBK CRYKOS,Operations,Analyst,89,40,94,49,61,44,18,Yes,7,63.7,No,0,0xcba8800608e4e4caa5d760e6a3942495caee365e,0x4b7c9ed3af0aa49eccdadcdf4c808d30622205d3,No,2026,True,424,zkproof_0424_hash,HR_SIGN_0424,CONFIDENTIAL,CONFIDENTIAL,f86164a49bd591cf8a2e97265d9edfe69745a7d543c048b65b2915656050a395
0x13a33cb2fd51769a3e31893822259ad7d6db8411,EMP1424,IXVEN BAPDJA,HR,Engineer,60,39,29,84,56,88,18,Yes,4,49.6,No,4,0xe7ea14601672c652a5d6f2ba27892d15f865e261,0xe5a6481152e277c75c147cac7be93e340c1e3bb5,No,2026,False,425,zkproof_0425_hash,HR_SIGN_0425,CONFIDENTIAL,CONFIDENTIAL,666fd70e7fb7c57d7161dae4fefb443b2e69cce9a9d3ed6c71ff5a37f3279b7a
0xa4126ff71449cdf085bd6b0f7a8b56cb960dd4b9,EMP1425,GWDNH EYXXUK,Engineering,Manager,66,58,71,96,57,99,21,Yes,0,69.5,No,3,0xcf240af9e6484478a4cd800c28d31deab4cb26bd,0xe028bc8c5f492411e93daa5fc49123af31b15e86,No,2026,True,426,zkproof_0426_hash,HR_SIGN_0426,CONFIDENTIAL,CONFIDENTIAL,4d0921c52bece519bf61a524e6358d740e7a46159f8630ce15a65f2e37484bd9
0x50c2a78db2d803678567fdf11d4f624647d4e623,EMP1426,IOZIX AMFTIS,HR,Analyst,93,52,84,48,73,41,4,Yes,3,60.8,No,4,0x359f4aa073e2d8f6525b552932c1f86735a0ab9a,0x0d9e862f8d03f2dd346179a567bedef0fc401d15,No,2026,True,427,zkproof_0427_hash,HR_SIGN_0427,CONFIDENTIAL,CONFIDENTIAL,f78732ed0b75c33dd898c6c8c858f271037c5314429e372e6530f3a3433d9347
0xa417f11f418ce55334b7500e6d16e6c667a48cc0,EMP1427,ZGZFY LNMSIO,IT,Developer,77,41,45,95,58,47,1,No,5,44.2,No,0,0x4d51931192f09f9b2868ddddae6f4b6d90930b58,0x2748a5859f98bc64e05a8f7866ab8e89903c07b8,No,2026,False,428,zkproof_0428_hash,HR_SIGN_0428,CONFIDENTIAL,CONFIDENTIAL,df7977823b5456677c74ab5b8d6d2a2fb5ce5d4823e155482eb990453cb98c22
0x57f0c855d00f11db7fd444d315a6f4081706ffb7,EMP1428,ZZEJP PYPOGB,HR,Developer,87,38,99,54,93,79,8,Yes,4,82.3,Yes,1,0xe1d2ba61d5dfe9ad4df329fd141af9e58bceecd3,0x95e6cb8f4e6fbdc5fd5cc098b3d85e202c7e5428,Yes,2026,True,429,zkproof_0429_hash,HR_SIGN_0429,CONFIDENTIAL,CONFIDENTIAL,926c458aa76b41599328be917257bb0c496ed337180b957401b6630cfc36ace6
0x3b4ef3803b29d28b13007702d514ae0aaaba1937,EMP1429,AJBCV SWVQTJ,Engineering,Developer,84,51,20,42,68,80,18,Yes,2,45.8,No,1,0x4215ee95fe5dad207afadfba42cf01f13524ca53,0x13d5d91eacb6415cd711233b0bff0eadf4e106d3,No,2026,False,430,zkproof_0430_hash,HR_SIGN_0430,CONFIDENTIAL,CONFIDENTIAL,6b989fb0330a868747fc0a225203d4080fcb8dfd35398b2b62eaa9f0e80391d2
0x22dbad1caf36c607858946b5cf7732b22622fa6b,EMP1430,RTMIP TPDBJB,R&D,Lead,77,35,70,52,70,53,18,Yes,3,58.2,No,1,0x7fe7fd5aaf1a9c4957c569b7e6cc5b66bf2c0a85,0xb49f739778c5739e29ab2903ed4724cbe39450f0,No,2026,True,431,zkproof_0431_hash,HR_SIGN_0431,CONFIDENTIAL,CONFIDENTIAL,9056057985011456c740a753f69d41f0b87191703c14058ecde32a02ba8799f0
0xa49b104a99414e54294f454d6148e46d107691d4,EMP1431,HWBFO PYQBAV,Marketing,Coordinator,87,39,69,54,70,97,14,No,6,71.3,Yes,2,0x30294e4358ade2360403d5b9eea1746c5a81efbd,0x9effe748da75eff77a11e3ac8f2ca9bdb17619b6,No,2026,True,432,zkproof_0432_hash,HR_SIGN_0432,CONFIDENTIAL,CONFIDENTIAL,a9436b518c671b9bd80707214e4c8982be74d4c6abad9f2c22f32687663be666
0xd88d0ac6d5f134f0c3c2384bd762d55b3b40f584,EMP1432,CFPLU NIMYYE,Operations,Manager,99,34,97,63,78,88,24,No,6,81.4,Yes,3,0x5ec312d225f9b96a64a80e75120a24ef4ad3ecf5,0xade9e10a5b1638d490cd7c0a325a7f85916ce07c,Yes,2026,True,433,zkproof_0433_hash,HR_SIGN_0433,CONFIDENTIAL,CONFIDENTIAL,175000eed0f2c893fd7c752d1b53f6370d7d6d2f17e95f485a7a6fe7d94f7b40
0x1798674391e91e6864ccc7405a65fa57ef95b805,EMP1433,JQYSK XMRAFP,Marketing,Coordinator,73,49,27,57,81,44,21,Yes,9,41.1,No,2,0xd8f28c9bc2cc9c09c1defda34658187ca802bffb,0x32eff39d2e53c15da4b19d89814005ebe545f7a4,No,2026,False,434,zkproof_0434_hash,HR_SIGN_0434,CONFIDENTIAL,CONFIDENTIAL,ae408765524927b0e6ce07d1e8eda0aac7d0720abf28d99e3bdcedc90769d510
0xb1f7dbab7aee597f5d86bff10f3b219b45213197,EMP1434,YDHCL VKQBIY,R&D,Engineer,80,37,34,90,68,80,19,Yes,3,51.5,No,4,0x99aab9588ca6f1f6d470c3b09195c81b0145be23,0x8831b1d969d235b716e2182f4c9f9181a8bdffcd,No,2026,False,435,zkproof_0435_hash,HR_SIGN_0435,CONFIDENTIAL,CONFIDENTIAL,f26c04098c86bc8db69cfc2deefc9e918f6d9133b2c86357d5ffcb5bd78cf456
0xd87edcd4f494ef6f2eea27a19ef533daf705db9e,EMP1435,FCJJH TMGMWI,R&D,Coordinator,90,32,96,97,52,88,9,Yes,1,75.3,Yes,0,0x9200a379abe8b25dd9cc6928a54e1a416484d5b4,0xb310f7ad5fc5287630d296a46d8363991c1a2282,Yes,2026,True,436,zkproof_0436_hash,HR_SIGN_0436,CONFIDENTIAL,CONFIDENTIAL,242185413d3f0a23c44b948e4940cf5e77669f55db71cda0586a964fb6b35c54
0x6b813325fa7819398ec5be026832dabb478bdc0c,EMP1436,QKEWQ UWFVSS,R&D,Developer,72,58,30,45,63,83,19,Yes,4,49.9,No,0,0x5ce754308a8ff02a73daa0379d645a1c5223f161,0xa87261d86a185d427cc943aafd3babb3a8d8a6a2,No,2026,False,437,zkproof_0437_hash,HR_SIGN_0437,CONFIDENTIAL,CONFIDENTIAL,438b2be11a8c28e429651d38a52ef25b4dbdfa279d6aab8582771d474c90fd48
0x3055ea96e44ee4b1be4fd7ad6cd51da89b78748b,EMP1437,MROQE RCDNRK,Operations,Analyst,60,47,2,77,80,80,2,Yes,0,40.8,No,4,0x2c659e301990a1f4c8aa5f5ad8761d59e872686d,0xe756af16f475fdc5f7bcf5e4ad9f9adbbcbac2f4,No,2026,False,438,zkproof_0438_hash,HR_SIGN_0438,CONFIDENTIAL,CONFIDENTIAL,3a99d00d4aa85e0cca2b30521b74fbd7b05001dacf3e353a68550312cda42ddd
0x02a95fb055c1b7e6d897c0d598473686f2834473,EMP1438,EGWPS SWIGBF,Finance,Intern,76,38,82,68,53,52,10,Yes,4,59.4,No,1,0x915fd098cda2549c4d9bb8474a356b5ba32713d7,0xca4ede5921c292d328a3c4cbc6bce37cbccea904,No,2026,True,439,zkproof_0439_hash,HR_SIGN_0439,CONFIDENTIAL,CONFIDENTIAL,2003e82524d3b90db7ace4927eb45ac0d9f665edfb7040cd01ba48a19be4dce7
0x16edeee19bfd929f1318513d00de177a617e8103,EMP1439,PPLJZ UUOOIN,Engineering,Manager,93,44,9,42,90,79,14,Yes,6,45.9,No,2,0xf0b5751ff1f1ceac536abc8b7988c4326ac665dc,0x7ebf1a7232272836bf05c4cc037739fecfa759f8,No,2026,False,440,zkproof_0440_hash,HR_SIGN_0440,CONFIDENTIAL,CONFIDENTIAL,888cf2cd1f4f98e0eabb207e36f0f0a8222ddc131fe41699a2821ac4131af200
0xbbd877053d8b4c8b475fe5b4d5f71c95be701399,EMP1440,RIUTP VLHEZP,IT,Engineer,77,56,45,59,62,40,24,Yes,1,42.5,No,1,0xc1cb3e3ef1eb6539c6586d7b2934f0169b2ff65f,0xd0f5885d81267c7ed44e53ed2b73271908fc0f88,No,2026,False,441,zkproof_0441_hash,HR_SIGN_0441,CONFIDENTIAL,CONFIDENTIAL,425e50a73f398134784337a327e4dc075a53bf97efc086670b847b900f83cf5b
0xd6f57c957eb9e1008a0984a56c658b4c9cffe8f1,EMP1441,PIVLU TWVTFL,R&D,Intern,79,32,58,48,97,44,11,Yes,9,56.7,No,4,0xe23e352e465ccf4089ef602e66fa5a069f787a07,0xdb1cf524bc6dc8d68cd581620a3ca9ad0873c1db,No,2026,True,442,zkproof_0442_hash,HR_SIGN_0442,CONFIDENTIAL,CONFIDENTIAL,42b9ed5144584ff606e3288c3750ceb732baf3d6e1a25de349e9a66e2ba31fda
0x0694a2a853626a97b5daca41b9548605b1f8922e,EMP1442,PBAFS XNSYKH,HR,Developer,80,38,71,75,78,50,9,No,3,59.3,No,4,0x16025605e0a46bdafe3d0d0b735dd79cdec16343,0x49a06c1d0b2a5a0bdddca5026f4ca7a63208a26a,No,2026,True,443,zkproof_0443_hash,HR_SIGN_0443,CONFIDENTIAL,CONFIDENTIAL,fe2e70d73e8a0577fac4972283d3ed920f62a677c2d3bc79102772e811176507
0xee4be76ba8cc09b5e6e989b590093bd86f7fc715,EMP1443,DHEZH KXCJOT,Finance,Intern,77,51,1,94,90,50,24,No,7,34.1,No,1,0x2992b32754e4d9b3a0fd8db0b7d56f1e5a2dd895,0x718a47d6a83f4a1bc866bf9e322ce41ebf51cf5a,No,2026,False,444,zkproof_0444_hash,HR_SIGN_0444,CONFIDENTIAL,CONFIDENTIAL,172db3923d7d5de25a3750ea12e1c22d9e7a5660702279ce667406db39b5451a
0xe97519b8ba1b8d1a6582c5a4b1aab2c28663155f,EMP1444,EFLDX AOHEVQ,R&D,Developer,80,44,90,76,59,82,5,No,6,73.0,Yes,1,0x57287716443bbafc0fe4a2e39d6e5a7d667e83a2,0x63b9feeb0194134bd56dbca4f075ac75f8796327,No,2026,True,445,zkproof_0445_hash,HR_SIGN_0445,CONFIDENTIAL,CONFIDENTIAL,c852c7615986f928343284888f919e5e89355f82b8956acc20ad39604212d2af
0xb5e0ab7197aa41c46110b29230c3f80156590768,EMP1445,RHZPY BGCTRL,Engineering,Coordinator,80,39,95,52,62,55,16,No,6,67.5,No,2,0x4bbe680e25e53776160e91ed3af148455d84432c,0xf16ee30410e029a64473ebb94afd8cb6c28f1ab9,No,2026,True,446,zkproof_0446_hash,HR_SIGN_0446,CONFIDENTIAL,CONFIDENTIAL,0cca3922e432c44e9b131b5ca000340e7f731cc536f4ff8cbe4e85cace23225a
0x7acac307ec5ab499a92d101b8a4aabf28922a804,EMP1446,LVOUE EYDMXY,Operations,Coordinator,70,48,45,57,92,43,4,No,9,50.2,No,2,0x3a7a026a22e5b2915bdca81a13a9e0ea2a992b8f,0xb8bb5d73f1e565d813e961b908f834f61d59d15e,No,2026,False,447,zkproof_0447_hash,HR_SIGN_0447,CONFIDENTIAL,CONFIDENTIAL,0aa6466eaa7d9af40de10ef8b4e89b07e1edf1923fc8ebd31f91ebf78c31dff0
0xd8c1ddd4b5ba70233c36fab0bcf4ba4b169dd827,EMP1447,TYDXI POXKGW,HR,Manager,81,39,30,78,65,83,23,No,6,50.5,No,0,0x02c10505e9e069361bc87783698ca8135b8365af,0xbf636622b519cdfcf8569171d9de6332d743e896,No,2026,False,448,zkproof_0448_hash,HR_SIGN_0448,CONFIDENTIAL,CONFIDENTIAL,62fced17894ff1b781fa8194d45d6496789079e08b3c1a116afa76f0f9c8494c
0x4b35ed0eda4e383c9cc786bf7fe2b1f93d49550b,EMP1448,UTEHG UJFUTO,HR,Analyst,85,35,1,43,67,46,4,No,8,28.4,No,3,0x1267d637ec7b3ca26429cac3ff4139031dda799a,0x8eaa4ccf778f85fc11c1d6ac6deca9a2671eb0c4,No,2026,False,449,zkproof_0449_hash,HR_SIGN_0449,CONFIDENTIAL,CONFIDENTIAL,fbb2544c7b6c832d40d2a4be8c8ef2032825348296435902efd79c27f8195d1a
0x799fd2cb3ccf97ceb32197e7d4571d945d929939,EMP1449,TLIFX BINWUF,Marketing,Analyst,74,59,20,99,65,57,23,No,7,38.8,No,0,0x547e503ae85d217dce78cd97a7ed3fb9e752c78b,0xb173e1e43c21e95568b8fa679f6661d9bded55c9,No,2026,False,450,zkproof_0450_hash,HR_SIGN_0450,CONFIDENTIAL,CONFIDENTIAL,4dd87b031377f770a5a3e0df61496b2924069cd2ecf33702148a98c09bbdf00d
0x5488e70dbe24d10137b78e26d73e828532c8beb7,EMP1450,RLGMO WXEJPW,HR,Engineer,60,56,45,47,88,76,16,No,8,59.2,No,0,0xf60711ad5015f6276a757f8107e136f5f6787c44,0x2f6424bbd30f222a54ceb25a4895f7190078350b,No,2026,False,451,zkproof_0451_hash,HR_SIGN_0451,CONFIDENTIAL,CONFIDENTIAL,b883f03fe1eebeee37df9873829aa394c329420a6a08885c530bd44ca4dcd0b3
0x8d67dfbfaa7e51d8c5fb9958a28d6b8ee6db30cf,EMP1451,STZHP NAMVYS,Operations,Developer,75,51,87,91,96,63,18,Yes,7,73.6,Yes,4,0xa14779cbb8e37b2b70cd8dc1dc4fd82e7faab808,0x3b06e95006b5ad8121cc05964a1d358fe89d956c,No,2026,True,452,zkproof_0452_hash,HR_SIGN_0452,CONFIDENTIAL,CONFIDENTIAL,d85300f78033879a4c8daf58eaadf6cc0c07c7f87a8d24450245dc8b1d5acfbd
0x5199ded0693b2ead624399fae6a60fc22e254b9a,EMP1452,GQHKB FXHVOH,Finance,Intern,89,45,54,45,58,40,2,Yes,0,45.2,No,2,0x37d4ad55e0fadc2eccc677260cee221d1eb020f5,0xdafc15e2223c4a01a216b8f007b15a97e6cf2a30,No,2026,True,453,zkproof_0453_hash,HR_SIGN_0453,CONFIDENTIAL,CONFIDENTIAL,bc45e79e1ea395f9060e3400375cf71d70a6d0783b6db2c6766194a4e644edd3
0xc3d99cde2b37dd365de6b5b73bba147960333c2f,EMP1453,DHTFU GGLNZV,Marketing,Developer,77,56,26,84,68,58,21,No,4,41.8,No,2,0x6e1e388c3a888baf631d1490b5541a378ad911d6,0x2d7af3e02f3f56283e004c7fba253b2cbd6e9125,No,2026,False,454,zkproof_0454_hash,HR_SIGN_0454,CONFIDENTIAL,CONFIDENTIAL,764cc55c907ea0ba032a8224f6cd78598caaa8374036c16a183b660e3192f218
0x626b45033536f8da675adac5b9575679ab25d36f,EMP1454,VHFHM YOBPGM,Marketing,Intern,91,37,65,65,93,62,13,No,3,63.5,No,2,0x966765920fca9b25df258ad3f30c989c11c23c9e,0x9273528ea6c0022c355d768c80cf45b2482bdbad,No,2026,True,455,zkproof_0455_hash,HR_SIGN_0455,CONFIDENTIAL,CONFIDENTIAL,e0b8b4bd40a50a23caad8d509e77d3af28ba79f90dc931fc15cfcdbe08b87871
0xe06c20c3d8651e9ce98995e2360b87bdaf47b8a4,EMP1455,UTXZF AUZZTY,IT,Analyst,94,42,44,55,82,64,24,No,7,53.9,No,0,0xea78481ca9833a0cf5578de09f15fa0bed638e7c,0xacf6c5596472526aad662d58b3541be6b61161cc,No,2026,False,456,zkproof_0456_hash,HR_SIGN_0456,CONFIDENTIAL,CONFIDENTIAL,c92c80ba631e538853c6b29c43958922e428bd61175bac94fe9a3e56d1615704
0x6446143683163ac0c93b5d277250211a496d3635,EMP1456,GHDFB WKPGBF,HR,Developer,79,43,27,69,73,74,11,Yes,6,48.2,No,0,0x22c12114af8da6114ff09d345bd3ba59cc218c8d,0x85845cfbc3166835ba08a913f0a27e1668d9145f,No,2026,False,457,zkproof_0457_hash,HR_SIGN_0457,CONFIDENTIAL,CONFIDENTIAL,81ee8e803edbb899845fbc77b0b9bfdca6c251b7a39a00d3bf8fc45d37f5b2af
0x4a855f0e2a37e7027038c8232abe4bb3c7346293,EMP1457,NTEFK FGLKBI,Operations,Intern,76,56,49,82,71,92,4,Yes,3,61.7,No,0,0xd329cdbc80420a50c65f99f6e3562d98ee413eff,0xf712f4b4ca0f22efc12f6aa976a36b75b5d41c07,No,2026,True,458,zkproof_0458_hash,HR_SIGN_0458,CONFIDENTIAL,CONFIDENTIAL,17b520c179d1b8476d854078a3766457d62888af634ec63c03c8f71078c35617
0x385752526c9c4d8e64f8649c422d0dd2c2f0302f,EMP1458,HYDVL RDUGOO,HR,Manager,89,47,90,44,77,44,23,No,1,64.7,No,1,0x9fe013d38d56eb7af2b42005ec7dac1be9fb283f,0x63899020a2cbeec4ad3c98b520a1087adde10017,No,2026,True,459,zkproof_0459_hash,HR_SIGN_0459,CONFIDENTIAL,CONFIDENTIAL,8838799208c3c0cef2175197b7ba95e8821d6d941ed385c22137ffaf134737e6
0x896b69ff9d80e49b00c81c0cc389be8dc0c8a2a7,EMP1459,QFRZD LNSDYU,IT,Intern,82,49,49,69,86,91,18,Yes,2,64.3,No,0,0xfc94159ffc8a42a254040603fa2afa6c006cc847,0x3451351ea11e61430ef13cbb6f15ae0d5db9a973,No,2026,True,460,zkproof_0460_hash,HR_SIGN_0460,CONFIDENTIAL,CONFIDENTIAL,bd25f92d16e95314ed6b19f666e0e3ccc8c471a66f52c652e3e91b578076784b
0x860d634b31a0a2496b5f90ef12d47eceb8405711,EMP1460,IPMMI NOJEAQ,R&D,Analyst,91,38,67,50,71,79,1,No,6,65.3,No,1,0xf3015357721cb933c0f749759a5e3f1b123b2012,0x2232193900a44542791d326b1615adedf0b4b3e3,No,2026,True,461,zkproof_0461_hash,HR_SIGN_0461,CONFIDENTIAL,CONFIDENTIAL,eea3d2592870c66b7554bd3b98d5de9d62de4b491e3fcfaef75b7e079bfb33dc
0x61ffb72af37cb028faa26f92e24347fa61c44a7c,EMP1461,ZXEML EYJUDR,HR,Manager,60,59,47,79,57,98,5,Yes,5,60.1,No,1,0x4db84e4f13b82afb9c4b3e3d96c5213b72e65b39,0x10708075e28d50ad73db6835342e4ae56f037e56,No,2026,False,462,zkproof_0462_hash,HR_SIGN_0462,CONFIDENTIAL,CONFIDENTIAL,9c041c51a127b067b89bbefabfc2361e7febeefb40b58090ce84b8700f2c7442
0x1836813390530db5819e26cbbd5ff7c2d956943c,EMP1462,ZTFDA TFJLMN,Finance,Engineer,75,50,50,49,86,81,4,Yes,7,62.2,No,1,0xe268b85a89997d775d3115ae4847cfc67970333e,0x6e7f64aa017db7dcc50b0bba04913e80d4f62424,No,2026,True,463,zkproof_0463_hash,HR_SIGN_0463,CONFIDENTIAL,CONFIDENTIAL,d4b1cff517c0e81b98206f0ba21edf55be7750b64e6531e171f8248815e58746
0xf62539ddb5b5b0d21691dfe35fcb2a486baab351,EMP1463,ELBUU GPKFUE,HR,Lead,99,59,89,65,70,94,12,Yes,0,77.8,Yes,3,0x57a0430f8c494fe89394d227da301e74e12baeb0,0x7cfdd6dc8327d652ad7d7cb9b3bdfab7681dca1b,Yes,2026,True,464,zkproof_0464_hash,HR_SIGN_0464,CONFIDENTIAL,CONFIDENTIAL,2db23689f31a6a669e04e6b60525f26ad33884e6ec1946502ad96696ed7f8fea
0x21dcfee91a4e741b6f8b0ac34f191dd2771cada8,EMP1464,LECNI VVNUFK,R&D,Intern,92,55,62,69,76,75,20,Yes,7,63.2,No,3,0x8371a84ceea9037db2bf45ebcac19436a734bf80,0x5649bcebf41a822429d0e04ffb15a7f0de94d02a,No,2026,True,465,zkproof_0465_hash,HR_SIGN_0465,CONFIDENTIAL,CONFIDENTIAL,4f4bcf2cdf24347ed8d7539abd70521ffe0801688a38c2b00dab4368bc17adba
0x4d2bb61f2bcb86f63301eb3ec60f88775cf2e70a,EMP1465,OSCOS XWHLIB,IT,Coordinator,94,37,52,77,61,46,10,No,6,47.4,No,3,0x7d1a23f31bd43364ce7c4174f8f98f863022d139,0xf0a0be13236f83b3d16092fa74058473185c34f8,No,2026,True,466,zkproof_0466_hash,HR_SIGN_0466,CONFIDENTIAL,CONFIDENTIAL,b02a24ed9fb483499817ea169530a0dea89ee7c4a3b1f888d219b7cd3b3483af
0x7d7b312cbb4a92683669d09eb54d56feda5fbeb0,EMP1466,NHWWL BRFKRT,IT,Intern,65,35,61,61,93,42,21,Yes,3,55.9,No,0,0x7ef0355457fc563c93895a48ccbc2e75d6b4107f,0xac5a1d0ca9bdf419e6519e26b8e2fd86d90dac28,No,2026,True,467,zkproof_0467_hash,HR_SIGN_0467,CONFIDENTIAL,CONFIDENTIAL,00365fc4630a95e2229eba7dd732a100122374d1e1c70ed716e8a9736fed8e09
0xb3e8596860ba7bbaf622c348dc9edd1c11ebcd35,EMP1467,OFQYA XRGONK,R&D,Lead,75,32,48,57,66,73,5,No,1,54.4,No,0,0xa42086115fb961b05f2d861351b67c5332fee999,0xa674a0f1dfdd7d625ae6ab29dad32b3ed4e564f3,No,2026,True,468,zkproof_0468_hash,HR_SIGN_0468,CONFIDENTIAL,CONFIDENTIAL,6970a593f4fdb2f2d45b64179cc4d0d89cf67d6ee2dbfc4fc765dcb1b44712bf
0x16ec61e03036ef983a1ace1cee6de4f58390be03,EMP1468,IWOVN PVIEIP,Operations,Engineer,81,47,60,92,53,90,18,No,3,61.9,No,3,0x8cc0f4baf56bc99e6b89c0c9191a761f59c8c70b,0x85c489f69903035d186e15cd73a3cf73a19eb8e6,No,2026,True,469,zkproof_0469_hash,HR_SIGN_0469,CONFIDENTIAL,CONFIDENTIAL,ab7c83112c79220e25037d1cd35fa1586264f441c3b693c3168bf011ebb2ddfc
0x73e42b8558e2fc8f1b0262df6ad647af6785a5f1,EMP1469,LZZNQ DMLUKW,R&D,Analyst,98,42,35,64,65,79,14,Yes,4,51.1,No,4,0xd165e8672b18073b49820c65365a0fcec43cdd0b,0xca4ab4140406a8f5374df240890069e9b4265a7f,No,2026,False,470,zkproof_0470_hash,HR_SIGN_0470,CONFIDENTIAL,CONFIDENTIAL,ff70901d6077ea642b55cc0bb93d3ccb608ba7dccaa064077a7134a3e3d9fb09
0x29a4db567c0a5d757d85a34e4ec21bda619c64c7,EMP1470,JOCEK GQRZJL,Operations,Intern,87,41,52,46,71,63,22,Yes,9,54.8,No,2,0x441a0e5ff74e132309e92b8db291459c701d617d,0x192ebbf9ebcaeb7490b8e4e9aae2adc47ceb0785,No,2026,True,471,zkproof_0471_hash,HR_SIGN_0471,CONFIDENTIAL,CONFIDENTIAL,c4efdb432cec8accca23434e5ece1983d3ee31950d2f31c9b3d60d9697cbf975
0xa77a6d23f5c5c920f96a39dd577fce80972ed932,EMP1471,ZRGMA KGRPWT,Finance,Intern,90,47,97,68,70,67,11,Yes,4,73.3,Yes,0,0xb18ec9055e7dcabaae7129d16f9174ceaae74396,0x3f2875b4dd7df75c75a809288a64d73fbe1c611e,No,2026,True,472,zkproof_0472_hash,HR_SIGN_0472,CONFIDENTIAL,CONFIDENTIAL,c42ca6c5466910297247d1eafc4d17fffb055d5ff3c036a0039a756329fa7b73
0x656e4b59dd365e23e0473af219fcf5163984b616,EMP1472,BIMTJ ONXWFF,Marketing,Coordinator,97,58,48,92,83,40,11,Yes,6,48.4,No,2,0x3dfbc20f87e5892c877dbd277943543248b4928a,0x09709fad82b7c0ca4fe2e18c874a4eb0c898b4dd,No,2026,True,473,zkproof_0473_hash,HR_SIGN_0473,CONFIDENTIAL,CONFIDENTIAL,0593b74b544cf6c0e1586ef2eb7f3ed8a32c6ccf61144927540e00e6169efab9
0x4affd6a4edeba71b9ffff24c84f981b2f1ffa4cb,EMP1473,KLJAD DRPDPE,R&D,Coordinator,83,47,46,56,68,98,22,Yes,7,62.1,No,0,0xb369d5da48e7fe7bf66d288664b19e1182e6b8d8,0x30b497142166768be5236fbc35e26d02da386652,No,2026,False,474,zkproof_0474_hash,HR_SIGN_0474,CONFIDENTIAL,CONFIDENTIAL,20935223289391a1ac962695d1d12bc698140c3ed6577794516a74fa5aeb3e8c
0x644a3b9a8c16635317c7ac8aeb9fdd55d668917b,EMP1474,NNIWA NURYQX,Finance,Analyst,79,59,58,79,86,72,13,Yes,7,62.7,No,4,0x88d2cf487ba3264a8a28354b20e6d3a5afb544f3,0x563e184aa89a7ac7d7a44441921106af5c616890,No,2026,True,475,zkproof_0475_hash,HR_SIGN_0475,CONFIDENTIAL,CONFIDENTIAL,8188024553d89de1d1ba65be6b8e8b06fecd648016aef2471fce64fbd3787945
0x1d814550e4ea026c0d56a07c269f36c7ce5d0ffe,EMP1475,XKVDU TDVLVP,Engineering,Analyst,75,30,28,55,53,40,7,Yes,1,33.9,No,0,0x1cfbf5a4c2e634791b949fe229e566e884a5d6c2,0x224195e47fb5870cb1048b801f113aef4d6d0e11,No,2026,False,476,zkproof_0476_hash,HR_SIGN_0476,CONFIDENTIAL,CONFIDENTIAL,20603640ff7c151e1e4f569cf31595dfaaf5b5b2a63b559ff602ae133abb8437
0x76fd365f22d5d8e965c2d82f205b27a2f5d3d3be,EMP1476,KJUPL NTXIQH,IT,Developer,65,30,18,83,76,96,19,Yes,0,51.2,No,4,0xe99c176cb27038af975a18a3f79eb6e77e6fb19b,0x85e2df03cc7373a67e8042acac5a241c52bb8440,No,2026,False,477,zkproof_0477_hash,HR_SIGN_0477,CONFIDENTIAL,CONFIDENTIAL,1ec252180ca89965cb93d2e8862fceac65c1250f91f49e456abf4995e6a73b75
0x748eabea568c9c6df50e3d57db0dda0f85b2bcd1,EMP1477,JTUYH NUCMXQ,Finance,Engineer,68,45,19,80,51,55,21,No,7,35.0,No,3,0x8f3095288aac834936b9b65e67dc9a70c1e9cd43,0x8b10f3b44dfaa931c2f24db3f03863141ea19bad,No,2026,False,478,zkproof_0478_hash,HR_SIGN_0478,CONFIDENTIAL,CONFIDENTIAL,a4e499be68d0fb5cfd65dc330833c1de9bd0294d2bc9fa691ad49459791753b7
0xb435e511462c98d1c12b552a55a3a9a0c0b7b396,EMP1478,CUZTR OINWNQ,Marketing,Developer,73,35,50,95,66,85,13,Yes,4,59.1,No,0,0xc291bac1785fb7e401f152adec74ac73bbb46ec2,0x1a73cf82c90ee2eeceaf96211cef6cfe4b4b8d9b,No,2026,True,479,zkproof_0479_hash,HR_SIGN_0479,CONFIDENTIAL,CONFIDENTIAL,6f9de5251c5778c1a11f50c4ba4feb93257c2136d54b94780f4bcfdc31d4b8c7
0xf3479f51eda02f36584e357cc3888c7e99eed0f1,EMP1479,VZSDS ROUKBE,Marketing,Intern,67,33,74,55,67,96,3,Yes,5,72.3,Yes,4,0x011dcd534ecd66d07689d73f2901d337bd880fc7,0x33e4b0f3bd818f839c2aea716cdee5cf084fca95,No,2026,True,480,zkproof_0480_hash,HR_SIGN_0480,CONFIDENTIAL,CONFIDENTIAL,906caa73f8a71dbbc2f6dbe2aacadc06eaf3ae6b4e908565ccadc318f5c0255b
0x7b11beb9e10cd505c4abd51c1e33dddd0b53b4c1,EMP1480,ABKRR JBDIMQ,IT,Developer,66,47,81,73,80,71,18,No,7,70.4,Yes,0,0x27942ab4d0cb722b9ffeb762d80b2ac91c8abc74,0xce518004647fa1863a4ab3cb28343182ddc2bb55,No,2026,True,481,zkproof_0481_hash,HR_SIGN_0481,CONFIDENTIAL,CONFIDENTIAL,0d8ffb766836ccf7ac0500782c22a6af0519bdb70fd05d35f8c5953b23a6911a
0xcc4a09843ebdba7968a68c8e4ef3a87c4e1c6854,EMP1481,PGHGC QWLUQI,Marketing,Coordinator,78,49,36,82,65,49,23,No,0,42.1,No,1,0xb20bbc82735edfbf593ab0287d1f421ccd47ca14,0x1cf61f0bc76da827ae5ff3bc2d4e6094775748b2,No,2026,False,482,zkproof_0482_hash,HR_SIGN_0482,CONFIDENTIAL,CONFIDENTIAL,5c0903b92465d9b79061a9f6ad0f85ba1b36832a7af42697d1c6eacda6ca8862
0x5762f62ba2870b4e79cf5989b35832f31faaef1c,EMP1482,VPMKM TYQPFZ,HR,Developer,60,47,64,86,89,56,14,No,4,60.6,No,0,0x0805b1d8e571d04937517f2932134cc8a4b5f9cf,0x5d50b71b8c129b312a9d6374c592c3fca0125e00,No,2026,True,483,zkproof_0483_hash,HR_SIGN_0483,CONFIDENTIAL,CONFIDENTIAL,8492c766356c71ee53f76af4c096ec7e7639724a80969c3c477362dbfcb001e6
0x4d5e70223cf06b0073fe1b4084afe51a0c17f890,EMP1483,ECLUB BUJKLS,IT,Analyst,65,54,99,58,61,75,2,Yes,9,75.2,Yes,0,0xcc9e29b9279d5ea834c072a86c9f63e548c9026f,0xa423325b0cb040121ab47ebb2b5f026efc306297,Yes,2026,True,484,zkproof_0484_hash,HR_SIGN_0484,CONFIDENTIAL,CONFIDENTIAL,a41611dba41590549fcd2019c058d347a2ab8f9686e37d445d92b1e325bcfad4
0x1c7fcfe7170db224a21ffcfc34e9aa735d408221,EMP1484,HNCZS NMVXXM,Marketing,Engineer,92,33,88,48,54,64,8,Yes,1,65.3,No,0,0xc7a95e9af858f7ebc3ae8bbf43dc2ab58e3fb449,0x4516ce8d15eabe3089a1ef8b7920f74f36b69b7f,No,2026,True,485,zkproof_0485_hash,HR_SIGN_0485,CONFIDENTIAL,CONFIDENTIAL,15adc1aa46b5e9513d7fd1bc42f7d643e231d766ba60ad1d783af7bc18465d7b
0xeb692068de6761ce8515d2ec5eea17f2a1b0375a,EMP1485,QXFHR OGHRAN,R&D,Engineer,82,32,4,64,93,63,14,Yes,0,39.1,No,2,0x7825a68bb70c9a52e8599b9a88f691c78554f64f,0xe58869445ae80f5e8ae2da6db40d0666e43db245,No,2026,False,486,zkproof_0486_hash,HR_SIGN_0486,CONFIDENTIAL,CONFIDENTIAL,e7f70c33aa079aab0b465ae9707d2efd6a3467abb477ea424d7e637f1884f15b
0x6f9f67742e407b83a2cc1ece8521131ad65add32,EMP1486,LCJRJ ZDKUHL,Marketing,Manager,91,45,63,81,76,72,11,Yes,1,62.1,No,0,0x50fa06161904f40bb3d15ec770cc17f9997615c0,0x824c2c5f668c646013f8252f20d02dcf355a3d0d,No,2026,True,487,zkproof_0487_hash,HR_SIGN_0487,CONFIDENTIAL,CONFIDENTIAL,0f195102940c1b9bf98bd5cab52071a00dee5e5e8d2915f2d260f89452bf7a1d
0x9363e8e832a39cc445a13223a0ed0f2da4e5d0d8,EMP1487,XHBPC KWMYRC,Marketing,Coordinator,97,47,6,97,94,54,15,No,6,38.0,No,3,0xf7be366c8c1fc89bf62a6e3f763c5cd95608b71d,0xcd376a64bf6cf3f5f69d5e50a6e6aee955990df2,No,2026,False,488,zkproof_0488_hash,HR_SIGN_0488,CONFIDENTIAL,CONFIDENTIAL,6931c8bc653e72faedea486767d3e87bf8b5fc8037f953c253bd9b5268b38751
0x001e5ad783af3e17b9cf7990be7e61c71e79525d,EMP1488,MUSSF VFLEKS,Finance,Analyst,95,48,57,84,58,46,12,No,4,48.6,No,0,0x7b65540e955915e686e9a0322dc706f3ff5be47f,0x489604e0f4c7ea4c1ab173d80a4e89994f36992b,No,2026,True,489,zkproof_0489_hash,HR_SIGN_0489,CONFIDENTIAL,CONFIDENTIAL,4d07dc73d217cc6471e20b21816353d531cd5c8e14022f24251e2b863edea4a9
0x364a45f60549a6b2fe57712bdcabefc9eab31c7c,EMP1489,ONSDC RICMXS,Operations,Analyst,91,31,49,42,69,58,24,Yes,2,51.0,No,1,0x5fbf133d54516c06f859eefb8bf42f0e1799f93c,0x3ef87e14fe4e73974d8102ebff55098d6ee6c8d2,No,2026,True,490,zkproof_0490_hash,HR_SIGN_0490,CONFIDENTIAL,CONFIDENTIAL,00cc0830a9e407aa927356a5046627cd38f676f2f8820d43d9d5443555e2a30e
0xb67862a74564078d2a715a2bcb1ebfd43e61780a,EMP1490,DAVDS MZKDFM,IT,Engineer,71,31,48,43,90,47,3,No,7,52.0,No,0,0xa07ce9d5a1ceab025334d03f937fa76c5700678a,0xb82854d9f1bff5b83ab6080a106c73a9242d5a33,No,2026,True,491,zkproof_0491_hash,HR_SIGN_0491,CONFIDENTIAL,CONFIDENTIAL,11d499bb8bb9c5eb1c1caaf24cf9a1a624be6fbb895c969bdf0cae501e2068eb
0xfb4a5f854a9c7bbfe8f95d6449afcb7b3a0b8511,EMP1491,OZPUM RXDVGX,Finance,Coordinator,77,57,82,76,77,53,11,No,1,64.2,No,3,0x15f547690bb44a2a5b93f94ca9b2db9b59b2407e,0x9986aa7985e4a82a1a7396490313649f761c8112,No,2026,True,492,zkproof_0492_hash,HR_SIGN_0492,CONFIDENTIAL,CONFIDENTIAL,8a0c545dabd7f7684f4ea455f9dd29ac99582ca123b47e5f36a6ef7afc5f9d4e
0x75acac80cf7208c3706734b7ef31ecb8f6640455,EMP1492,DWTFI YRZXGW,Marketing,Developer,94,36,1,40,82,84,3,No,7,42.7,No,1,0x0a60cd6148d628ed4c4e36a56cc199d71aa870c1,0x5b24e6b36e7b6573d0e592dc3b5ae1c9ed8d27a1,No,2026,False,493,zkproof_0493_hash,HR_SIGN_0493,CONFIDENTIAL,CONFIDENTIAL,f716ea3630d088f3d53a9b0de8085732bb94bbd226ed806f402a6eb2d988defc
0xc1fdc73d152c30ffb8249f676f6212bca5a77523,EMP1493,IBFXW BFEXCJ,Marketing,Lead,66,58,54,56,83,58,6,No,8,56.4,No,1,0xcb65187f55697e6eeec7ecfc1f0ab459cc0c0742,0xecace8230cf330575d0f8a5aece0f7417355da92,No,2026,True,494,zkproof_0494_hash,HR_SIGN_0494,CONFIDENTIAL,CONFIDENTIAL,8d35294d34067cb1aa53995afa1a2d37b5350667c2c66eba96b743964d20f52a
0x4a697be752e07d253b3f08eeb3612d2d81c715f8,EMP1494,JFDTJ IAKEEH,IT,Coordinator,82,54,0,85,51,45,14,Yes,6,24.3,No,1,0x983ca4807b209eb04cd5c1ab32df8bf18c3538a5,0x591934b210edab05160d72547478957f7f5c6617,No,2026,False,495,zkproof_0495_hash,HR_SIGN_0495,CONFIDENTIAL,CONFIDENTIAL,d2a9581e8fc93671d3a36d90b0c184ac9050488638e5816981146f55bb3979d3
0x7ee1c030ac468ba564243141a6a3fee8aab3220e,EMP1495,YANWH UYDUHJ,Marketing,Lead,77,53,53,87,64,90,3,Yes,4,61.4,No,2,0xf88024c3890e30388e1788ddda4e2201f5cc01a2,0x81cc857edf1b2ccb5c3895002f7376a492ca04a7,No,2026,True,496,zkproof_0496_hash,HR_SIGN_0496,CONFIDENTIAL,CONFIDENTIAL,e3f535c260195939a0c83628a051037cebf3e74371571756d6b1bd0a8ad4f9c0
0x7f05ef254b940abaa5c2e5a3e5844ffbf4dd8fa9,EMP1496,LRZJH FAPWON,Finance,Analyst,86,38,73,60,74,81,9,Yes,9,69.2,No,2,0x4202da01296925424a294698d269bb81f28c95d3,0x778a7110ee328ac4bb1d6e30125b1498fa0da740,No,2026,True,497,zkproof_0497_hash,HR_SIGN_0497,CONFIDENTIAL,CONFIDENTIAL,55797e8507052668d6b7b34b81da274c96ebd405893343a7d2bc23887d983f05
0xce516a61f9829b713eb357690c6ca7997fa6fc31,EMP1497,ZRGNV BKDFUZ,HR,Intern,73,43,50,94,67,65,22,No,9,53.8,No,0,0x85027d15fa1cc6322e44b7b0cee7658f685945c0,0xd6a12c64ac64bed126c14b200b64367a99ffdb45,No,2026,True,498,zkproof_0498_hash,HR_SIGN_0498,CONFIDENTIAL,CONFIDENTIAL,f70cf7624943e701af2c1dc2073f447da8cc4ebd9e4f55373203da67bc3e5196
0x86da92d9c2a40604c59085b1befebe66d3bc85e3,EMP1498,RZKCM KTHWGU,Engineering,Developer,63,46,2,93,52,83,14,No,9,37.0,No,1,0x42c5f1215ba14ba3e701754c8fb8696c3d2de545,0xf9c02a809fa1858b97aa0cda16ff79b682905c8a,No,2026,False,499,zkproof_0499_hash,HR_SIGN_0499,CONFIDENTIAL,CONFIDENTIAL,0f42fdbc603a3a505d6e7b92af8bde687b0c2d291875a412ace803a51b1b0645
0xd55d28d9ed0b08178b16ebbd6b15e793736ce5d9,EMP1499,WRQVB TVHRDZ,R&D,Analyst,76,41,60,82,87,88,2,No,3,68.1,No,4,0x6c8e548284c2109e992003a5f41bd61dd95517e7,0xdead0a0f5f490a3b4e13ecb9fff8abd340953860,No,2026,True,500,zkproof_0500_hash,HR_SIGN_0500,CONFIDENTIAL,CONFIDENTIAL,dc71c68a6bcf9f48f9108a1b6a4b50aeb1b305b29afdc352157cd9ca3bceb5be
0x36cbf22e823263f082613635f27253d915d04cf9,EMP1500,WSELP RXCOKG,R&D,Engineer,68,32,41,66,51,66,14,No,6,47.0,No,1,0xf70c92de724aa62cbfe2333880fb61314d2c3d69,0x5c5f3a97020829a85cbf31c0d6588b09fe15456a,No,2026,False,501,zkproof_0501_hash,HR_SIGN_0501,CONFIDENTIAL,CONFIDENTIAL,2245f46d0253fe3222b8bd10ba8a402c26ec6f6471576f5d124316a3d8ef5b15
0xe76e743b70d99c15f23ab3d00a46a10498a0ccfe,EMP1501,JTCYP YUUWVT,IT,Manager,94,35,43,99,90,79,10,Yes,3,59.2,No,3,0xe7f8587639b42620fb1166da29dc076f3a16d638,0x80cf1c7995317681ece0c2841e7a4e3f89adccff,No,2026,False,502,zkproof_0502_hash,HR_SIGN_0502,CONFIDENTIAL,CONFIDENTIAL,07021099e8524efe01e630be6208ca8195c0eb5f9caee90e72f40bb505c06b88
0xdeae36785429b6a179591e42425155495a5711e1,EMP1502,JWPDH LJAEVP,Marketing,Intern,78,32,85,44,89,43,8,Yes,8,65.5,No,1,0xca8b93505b5b96d00d13f68a4c132285e2857d6f,0x207870353c1a39c7b91329569fa704b7cbd56a16,No,2026,True,503,zkproof_0503_hash,HR_SIGN_0503,CONFIDENTIAL,CONFIDENTIAL,9b61e07a05fb06a6a051bbd0c06ce5c8b76084e0f236442d952c9deb78f77029
0xa2c871e989db3c89149c7a61efe86d3d1ed96628,EMP1503,FBSYO OUXAFF,R&D,Lead,89,30,52,41,91,91,22,No,8,67.1,No,3,0x9774d9dc5b0ba12dffc697ccadce85c0b5bb062d,0x14a083972aafb12ff2190f3204e63980d92a64c2,No,2026,True,504,zkproof_0504_hash,HR_SIGN_0504,CONFIDENTIAL,CONFIDENTIAL,cd099ced5c6f11f2b2b742c87d240d8fd4df417c556a82c4fa07bebcb3bb1553
0x094a307c9f51ef96f8372e2556c3d7326c433d68,EMP1504,DGXBC ILNCRW,IT,Engineer,80,43,29,57,59,65,9,Yes,2,43.1,No,0,0x7520daa91b973aab2ed59a9acf9ddb1bf9d00734,0x923b573eb4242cc15459928606bcba9b1ebf9312,No,2026,False,505,zkproof_0505_hash,HR_SIGN_0505,CONFIDENTIAL,CONFIDENTIAL,ef36e63234e982c42371eb56a4b8afae5ec2e9f545dd86ff13bcc5ea499d9d66
0xfadb1e18007c2a7ab2bd0aa138089cf1b0c27665,EMP1505,BHHKI WBZPSB,Marketing,Lead,98,49,87,69,81,51,12,No,8,67.1,No,4,0x0093f238ad7b357c0d1ef677e10cb5bc79100201,0xa186b05f97a358d5bad39c46af7955178242fda3,No,2026,True,506,zkproof_0506_hash,HR_SIGN_0506,CONFIDENTIAL,CONFIDENTIAL,fbbabb9db67573fc08dcb48f891c04e5ab1502efca79db224b5071b72811a663
0xc4fb8265a8c20143213464d2a3011299f7b55709,EMP1506,VRKMX LSPONC,Operations,Engineer,89,56,18,93,62,92,24,Yes,4,47.6,No,0,0xdb402afd7ae6be22141552452d0d181326156223,0x5ead2074a565bbf72de2607c7dbfb8027101e4a5,No,2026,False,507,zkproof_0507_hash,HR_SIGN_0507,CONFIDENTIAL,CONFIDENTIAL,98f299358a7b952be57d8a5bbb7d2263a129cdb2154047076e33b94f0e48c979
0xe0cdcce2a481cc09006b7e88c5cb1724247bcbc6,EMP1507,SFQLP AZXKEL,Marketing,Engineer,67,38,97,50,99,86,10,No,6,85.0,Yes,0,0xf25ab52e19f57441fe22b3f8bf53c14fafe9a357,0x3dcf67d83206bc47477dc1c16888b7a26ed88187,Yes,2026,True,508,zkproof_0508_hash,HR_SIGN_0508,CONFIDENTIAL,CONFIDENTIAL,b44fa7d016de720bc0138f58b74f7522ff136c0d1d5ef9cdcb75fd33fe780cdf
0xbcca02e09762996afa57dff907228293f21badae,EMP1508,PXXTJ IGINSM,IT,Intern,60,32,25,53,54,60,21,No,4,39.2,No,0,0xa4567e8c60393a10d951b16c7287bb6aa3ef3bc5,0xcebff355cbf54f6a1c995792fa42deb89b3c36a1,No,2026,False,509,zkproof_0509_hash,HR_SIGN_0509,CONFIDENTIAL,CONFIDENTIAL,618b8a29d8a8438f28b00103397cc3b021c380f80468aaa285cdaddd3c96ebe6
0xd2cba9acc824fdf8bc5d4d14b4917c52113d7f56,EMP1509,XKLTJ LSKVPT,Marketing,Intern,78,36,98,49,97,49,8,No,0,73.3,Yes,4,0xe6f09beb78eb241f6d448302219338de85f63e3d,0xda8101824c77e7fbca9dfaaa078c8dbfc29436cc,No,2026,True,510,zkproof_0510_hash,HR_SIGN_0510,CONFIDENTIAL,CONFIDENTIAL,f81d7e049822a452df02c85e740b9dc5c67e806f90c83c32ce5f62af7ae73d93
0x30b32d4d440e856586293f648edf9742b5875072,EMP1510,OJHHL SYZWWX,Engineering,Analyst,62,35,92,80,69,76,11,Yes,6,74.0,Yes,0,0xf12f64673912fa6be4f7080c635310071b83b7df,0x8520b0463c9db8b52203d1662166f0898467ec48,No,2026,True,511,zkproof_0511_hash,HR_SIGN_0511,CONFIDENTIAL,CONFIDENTIAL,dbc86f666c50dd2c6b9728fe0fd31c185c4eac1183287f6dbdfa0e398b1740c1
0x982bd90be132898ea64add3a1ac692ff86fbc237,EMP1511,UMHTK TCWXPD,Finance,Manager,91,41,75,76,72,41,3,No,6,57.3,No,4,0x62a70a32ec53621578d8194fcffd9699bafc5a37,0x87d56664ec986dba3550844c729e5e6c2c692487,No,2026,True,512,zkproof_0512_hash,HR_SIGN_0512,CONFIDENTIAL,CONFIDENTIAL,5ee5d30b72465525848fbd5acd6f8b21f1d6c7a939d9f7ed65597b8083e24ca4
0x39274d51272ab8c6d1e4ba63be5d554042305bc3,EMP1512,LNPLQ LSVSXB,Engineering,Manager,64,56,63,60,55,79,8,No,5,60.4,No,3,0x92ccceffcfc2740a835547ff3c5fa58404b4bba4,0x9d1f2fc9bd2fe6345b642aec3c865cbf395fdd4f,No,2026,True,513,zkproof_0513_hash,HR_SIGN_0513,CONFIDENTIAL,CONFIDENTIAL,92a6ab50029b4ab36df1f280023bb4460c747c6dc40f19f67e9862d6139be41d
0x41c869266db41f3c89303a1b97fbcc8c3c5becde,EMP1513,LZFIX OSKWBJ,R&D,Developer,76,30,28,74,68,62,13,Yes,9,44.3,No,4,0xbb82eb609b23748daa38799f82de64ce8977da4d,0x7716248af6c225e2bce0200079d1a70c6f10dba3,No,2026,False,514,zkproof_0514_hash,HR_SIGN_0514,CONFIDENTIAL,CONFIDENTIAL,eb26dbb60fcb484c03f091b1469e48c81fef56a75ec8fe2b1f432adabb09ec19
0x2719700f5fc15c0ecf1220e83744f24a5c9ee2c5,EMP1514,WUKJU QOOBTS,Operations,Manager,79,56,76,68,65,60,4,No,4,61.8,No,4,0xf574cde64acf15e714e0a79c4ede3396bd020753,0xd1a094ca21c50503066c202044b25e03a1d07f48,No,2026,True,515,zkproof_0515_hash,HR_SIGN_0515,CONFIDENTIAL,CONFIDENTIAL,3722ee6c726b5443949827fb29d933e04ceed74d11e2a10c4d2f44071347726e
0x25a28343e49d65ca7753508293fb03b1634294bd,EMP1515,ERTWT SOWKIF,HR,Lead,91,53,65,56,68,77,8,No,5,63.2,No,0,0x0e0c76bd845fb403d008e5e78e332d277ddf76e2,0x55d0b2978c877bd181cde3c8002fc0b90132a76d,No,2026,True,516,zkproof_0516_hash,HR_SIGN_0516,CONFIDENTIAL,CONFIDENTIAL,223be21c7f515a87bcfd0178c35a8e512addcdc72a58d3d5d9ef9fcf074c7667
0x2036fb5f242d77f4affee4a404ddc5bbf12d278d,EMP1516,OEWUA BKRVMD,R&D,Engineer,88,42,47,47,75,60,6,Yes,1,51.9,No,1,0xb06aff9178c349fdfca399098e29d663a2f80883,0x4657c01aad5c6b116adb1b2fc789bf11dfd3129f,No,2026,False,517,zkproof_0517_hash,HR_SIGN_0517,CONFIDENTIAL,CONFIDENTIAL,c80187d720fc67762245de7ccd5fbcbcded3f3cf0c869435d1ed15eb278c5152
0x14b676e3e169e8cc50588db4e23d8f70076fee5f,EMP1517,OBGNL ZFBYPA,Marketing,Analyst,62,46,59,74,82,41,19,Yes,0,52.3,No,1,0x29337ee7caa2f91e139b57fd4b794706686f3fc3,0x10836611022c6ebf5a010f39a6b251b834f398e8,No,2026,True,518,zkproof_0518_hash,HR_SIGN_0518,CONFIDENTIAL,CONFIDENTIAL,aa8c077869f3e0044dcf872c72df6d287fa5a5e18b239cd584c26d7e9c64a148
0x6d9b19136352f36a6861957d3a69995b1a0fd174,EMP1518,GBCFR ZCVWXH,IT,Engineer,65,54,64,76,57,76,13,Yes,8,60.6,No,3,0xedf0acafcab825659f69fb0ec138db12f890795f,0xd7be25bf152639526c9dd750f3ea658a183b5c01,No,2026,True,519,zkproof_0519_hash,HR_SIGN_0519,CONFIDENTIAL,CONFIDENTIAL,ec79346fd969733418d4ee0bdbcc9e77fc9a3bd217d57c1160ef7785a00fe883
0xbb49238e5bb170aac4f58e0de3d3259ec3178566,EMP1519,MGCFH VAIVRR,Finance,Developer,70,33,68,48,52,87,14,Yes,2,63.9,No,0,0xfc03bf3a558e800fd63ba96a9ce2a3bf6323a56a,0xd083807747ff5739b1829a8dbe0a6eb88dfcae4d,No,2026,True,520,zkproof_0520_hash,HR_SIGN_0520,CONFIDENTIAL,CONFIDENTIAL,41ea0aba5445d05dfb03a521cdc20babb0b16d8f7000f128112b97860ecd1df4
0x8445ac140a33899238584c3edcc0b02fdd8c213f,EMP1520,XZGPW HRZUYF,R&D,Intern,83,49,90,65,93,98,19,No,1,84.1,Yes,2,0x2c6d2f48ff6fbf8d304060227309789a13d91416,0xb5cf13437a082841127a568fcd42be7dc66436a4,Yes,2026,True,521,zkproof_0521_hash,HR_SIGN_0521,CONFIDENTIAL,CONFIDENTIAL,2632eee2f8a79493dbef05477830075872386b80f3083865a0e2d87ec7375969
0x432a70cd825caa84e5499b346b8d08998d2bbcfb,EMP1521,GMCAF MBHVLG,IT,Coordinator,83,49,62,55,64,83,11,No,1,62.6,No,0,0x874ad1b15c7bdca8729659869a0f55ef96276194,0xdf60519a88e6ee2bec50fde5daa12468557465b7,No,2026,True,522,zkproof_0522_hash,HR_SIGN_0522,CONFIDENTIAL,CONFIDENTIAL,980b8214a5f5393f6f4802efde54b3ff4e1b33c295ca684c912f2b1a4ed4a9ea
0xc878de98092007b97e5046b3dffa528dc329fc9e,EMP1522,LOGIG AKBROP,IT,Engineer,85,37,27,52,94,46,15,Yes,4,43.8,No,0,0x7bcacaff716b8a0255da2b2bb2a1a02adc9695b4,0x90e3e55426adb65c174fea835f0c0c3cb44c79e5,No,2026,False,523,zkproof_0523_hash,HR_SIGN_0523,CONFIDENTIAL,CONFIDENTIAL,a23fbb9657ad3b349dab44301f31788034b0204dd5f5f26151ea9bcf1a3fa4cc
0xf3a701f0bab3ccf94b5e5c021565448c24e0388f,EMP1523,KGDID GBFHBP,R&D,Analyst,96,31,86,46,84,47,7,No,4,65.7,No,3,0xeb6124b9e3e78f5f2c5102a7e78ba089505e4be4,0xc4c4b562f8d2bd58440f3c45c05a8c1b36681bc5,No,2026,True,524,zkproof_0524_hash,HR_SIGN_0524,CONFIDENTIAL,CONFIDENTIAL,12013948fe83d7214cf1ea7a6652200027aa18891e10b0dbf9f8ceafdf85b803
0x0a26940b756843ea33ae2bf8cdd4535d03e9c94e,EMP1524,MZKCI PBNIUA,Finance,Coordinator,81,33,78,44,94,70,11,No,3,71.3,Yes,1,0x7621c772498da859a1c8a486cd1ad143c6fc5354,0xdb4fc3db6f0da75e1978afe144841ae6b39c6b45,No,2026,True,525,zkproof_0525_hash,HR_SIGN_0525,CONFIDENTIAL,CONFIDENTIAL,c3e847c4d90f89be201efcfd123f911528f3070fc7fa6795bd0b59cb7f7b5493
0xf7b2f4893a7d707d92029587a02a1b079df019b0,EMP1525,IITOJ TNWPUP,R&D,Developer,78,41,94,95,66,43,22,Yes,8,64.5,No,0,0x8279cb049356391c21bc94005d9d18001ffba8e3,0x5200bdd864e0697cefc16720a5ef9e04b212cc3b,No,2026,True,526,zkproof_0526_hash,HR_SIGN_0526,CONFIDENTIAL,CONFIDENTIAL,c7f64ca60aa3f880c6b1fdedf6223f3d0d8fcec47e3d7266dc12ad8c6d291ea5
0xec2545492fcf1d68b9863497212e881185d3f00b,EMP1526,SJQPX BPWDLZ,Marketing,Lead,67,34,79,88,65,62,15,Yes,1,63.3,No,4,0xd3a7ff37210b9921af3c9ec082246b50b3d85a6c,0x7898afe8db2cb69a04ed40e50f8ebc29264647f1,No,2026,True,527,zkproof_0527_hash,HR_SIGN_0527,CONFIDENTIAL,CONFIDENTIAL,596f8d71d0ba65d696914fa2349a78dec6286421f28967d70cd18ba609ee2e54
0x7e5c2c90100d8cb4a7f6e913c790fc8df9d65f5e,EMP1527,WRLWS BEKZGS,Engineering,Coordinator,99,51,22,74,79,45,14,Yes,0,38.1,No,2,0xb45ced5074d3b413fefd2e938f8cf2e745be775a,0x12a151de78a1230bb7c57c39397eda717aa904ac,No,2026,False,528,zkproof_0528_hash,HR_SIGN_0528,CONFIDENTIAL,CONFIDENTIAL,afe6584332a7289eda5053075d9db6c11172ac4a2681f90b8c1610766bebcede
0xe56ddf6bd6e3fd4f23e53fac3039a94ba3e236c8,EMP1528,QZETZ XVHXSE,Marketing,Coordinator,97,54,17,84,62,51,20,No,1,34.6,No,4,0x70be3dea65311208dbf87f8e704649b256fe372c,0x1f6e474d31fe53f1d494de05f4b388e82851756c,No,2026,False,529,zkproof_0529_hash,HR_SIGN_0529,CONFIDENTIAL,CONFIDENTIAL,778baf1c52f45102499803263d99caaa7f8ee8a359f0ebf68b021a3baa205996
0xfcfddefa12534e1629d91227c33aa2eddaef2e29,EMP1529,FGNKO JNFSON,HR,Coordinator,69,30,56,91,95,43,0,No,5,54.8,No,3,0x45cebb2a00009ffcc2e4d80f60f7ab59bc625497,0x1ab38f76d8bee4f145bed1ee8605916cf9259392,No,2026,True,530,zkproof_0530_hash,HR_SIGN_0530,CONFIDENTIAL,CONFIDENTIAL,215c5b35bc10240314beb05e63fc91f9b834223fddff2958314802d669cc6709
0x0e755a1695fa657e0cb18ddba39f59347b7052f6,EMP1530,HZIBE MMBEUV,R&D,Analyst,99,38,12,79,84,58,7,Yes,9,39.9,No,3,0xb4ff1ccbfb5f81ee38272095d2df2ffa385aa70e,0x318bfa3c787de67c2029278783caf645b5b597bc,No,2026,False,531,zkproof_0531_hash,HR_SIGN_0531,CONFIDENTIAL,CONFIDENTIAL,5437085037bc2d18a9aba5d0e32b5f82cc4f1882274ae5e5e0929b9315ecbb8f
0x7c51c1cde8a629d20ad362b4e3561d64130610d3,EMP1531,RJDJB OBWTOB,Operations,Analyst,78,40,31,80,55,66,18,Yes,8,44.0,No,0,0xd9be6bee0c59d2b23b51e18d022b0302bc974142,0xf8c910590803d06042d1fb59e2619518c875a9c5,No,2026,False,532,zkproof_0532_hash,HR_SIGN_0532,CONFIDENTIAL,CONFIDENTIAL,4860be53a70eb3dca71b8229e72023b4766270d9501184f0b1e919518da6e871
0xf124a15020dfddd41c6831605945fd0ce9b23f21,EMP1532,DYDOE DUORUC,IT,Coordinator,92,48,72,58,72,49,10,Yes,0,57.9,No,2,0x0d3bbe97c6daa8216ac5454746cb73447a331c47,0xd892566f06488967c1222044aa8173608141ace9,No,2026,True,533,zkproof_0533_hash,HR_SIGN_0533,CONFIDENTIAL,CONFIDENTIAL,047e46c84ae653a0b05e91a5389082fa1a1cab4772c2c98cb63a0c21d3fafd69
0xe2983dec8fc5d53bde9f9c6c0e96d2060073c4b8,EMP1533,KKJZD HYOPHG,HR,Manager,65,50,4,83,77,80,20,Yes,7,41.7,No,1,0xbe4e4af0ecd1acf4f3f41a636e698dc0a277d4d0,0xea8434c14aa0088a2b5bb2663033ef8742d85730,No,2026,False,534,zkproof_0534_hash,HR_SIGN_0534,CONFIDENTIAL,CONFIDENTIAL,f9d58d6be9b1c88d0bc169da88683e49089a756052547a1ee8583b90bb5c8a0a
0x998765cc3a77a669188215e86fcfc065cca2a279,EMP1534,AUXOT UJTSOY,Marketing,Manager,69,43,10,66,55,59,17,No,1,32.8,No,0,0x9ca11590ebf9e2bc478e2140064c3c938c8300b2,0xd09632b5ba26a486d0d2336f0aef064cc40e3700,No,2026,False,535,zkproof_0535_hash,HR_SIGN_0535,CONFIDENTIAL,CONFIDENTIAL,5b212e5b44672feda3fddabf53cffe4e28522f8557af5f666f0515deadf1f828
0xe6731a85ccd20f9fec197e1ae09db8baf9a3172b,EMP1535,NKYPE OMDQJV,Finance,Developer,84,36,61,55,94,82,5,Yes,3,68.1,No,3,0xbcb5e297c5f67e8c626991d8fecf3dec38938c4b,0x0821e2750bdd34b271a25a6ce35df5a114ddc171,No,2026,True,536,zkproof_0536_hash,HR_SIGN_0536,CONFIDENTIAL,CONFIDENTIAL,20ef8f9ef2365c55e8daef65678656a398827dbadadbffcc83f43a6cc27f723c
0x69657cc979edff88f861d7aca95412d420779192,EMP1536,DGQGX CBVBMX,IT,Analyst,95,43,7,45,64,42,10,No,8,29.0,No,3,0xfb7013bfad36bee779fca065ea328a9039e2451b,0x61fd59d5e1ad0ee7645f0637f0a2d254317773db,No,2026,False,537,zkproof_0537_hash,HR_SIGN_0537,CONFIDENTIAL,CONFIDENTIAL,b7c1e39eec2864ea3fe42e42ecdca1960ee8b4b13bb7b29c79c6f3827746934b
0x27d444a628171225c57706d6ba62aa17966cb04e,EMP1537,BEQMM VABRHN,Engineering,Lead,76,57,62,89,93,59,20,No,9,62.0,No,1,0x6d2e3eaac09c8c62a95e47c337547e070671e258,0x41d06ddbc38a1ea9d26d412b0ad3deecdec40147,No,2026,True,538,zkproof_0538_hash,HR_SIGN_0538,CONFIDENTIAL,CONFIDENTIAL,b1d1e54c4944bacc53e984a10c61fea69a1111e0050caffc07b46b0e4181fe16
0x4aaad0b77f3640ae2c0c0c23f9adf7f9bfc53f28,EMP1538,PBUEC PFUXOC,R&D,Lead,86,47,96,99,62,58,11,No,8,69.0,No,4,0x5edb217a6d606c9c03ac5e48875a5c0d3d233f84,0xc16126158eb735654fa670a644c63d27157ed25d,No,2026,True,539,zkproof_0539_hash,HR_SIGN_0539,CONFIDENTIAL,CONFIDENTIAL,ecee30c5b134070ab01300d0b48f774ff6b9cd08a62ea46dd943e000d9eb5eb8
0xbbb85ffd9f50400cc26ab8774f1e29ff2839fd54,EMP1539,HSADT LHYSOC,IT,Analyst,62,41,6,94,61,61,22,No,0,32.9,No,0,0x2cb3efe523a21ef4b5f22e5db4ca9cef11f396e5,0xbc42a6ffaba53de9a35a46bc95902d4c3ea25944,No,2026,False,540,zkproof_0540_hash,HR_SIGN_0540,CONFIDENTIAL,CONFIDENTIAL,bc2f75dd53b7396b93345ad7c63c5e18c86dd52845a4592d366606610ff6616f
0xd6d08e3b9113b7ddee8fbd9bf873ae4a4df24bae,EMP1540,FKBOM WABCEW,Operations,Coordinator,71,50,7,56,90,75,24,No,9,44.2,No,3,0x8901bcce979bc05342ed825cd9aa750106c905f8,0xa1a6f53138381875ff80d0ed8b81d7b420a2d335,No,2026,False,541,zkproof_0541_hash,HR_SIGN_0541,CONFIDENTIAL,CONFIDENTIAL,fe26be3736d3bde5bb0376b78bc922d509c87231c2f0509a10283a12e615a073
0x7a8287d9bbe7a15a6efa190e7fa657523a8ced46,EMP1541,UJWYP JDEOOD,HR,Engineer,91,33,65,56,69,81,20,No,8,64.9,No,4,0x75acfb74074beac93a62445d0a0d48595a31ffa2,0x27bc45329204bc0aee7f932201fa572b6bfe23a1,No,2026,True,542,zkproof_0542_hash,HR_SIGN_0542,CONFIDENTIAL,CONFIDENTIAL,af156e7c497390e9e9dae85d7500e8973940c92b6b31b71be3ccd843a38d7fc3
0x423da053cf16e286676e532842ed7dcafe2b02e2,EMP1542,VKQSW TULWHP,Finance,Coordinator,88,57,66,73,56,60,13,No,3,55.9,No,3,0x06b9d0171f85e11eced9c78b8aa0093ef01d4dd8,0xc286ecf5083f31410a7ff1de21c723802371a06c,No,2026,True,543,zkproof_0543_hash,HR_SIGN_0543,CONFIDENTIAL,CONFIDENTIAL,e61c6d8ce545131f546c2a05b1dfc13d6b9747884ec371412b537a3fd38eac0b
0xc992c800caaa7f0598a5b425aea1d4028bc9eb0d,EMP1543,VREFL JXRJMN,Operations,Engineer,73,42,83,74,67,84,15,Yes,2,72.0,Yes,0,0x125116d4c04c5b47bf121ad0ade414f44c9641fd,0x56652c47778a73da5aa5b9f8a6666174aeb15eca,No,2026,True,544,zkproof_0544_hash,HR_SIGN_0544,CONFIDENTIAL,CONFIDENTIAL,c9bd4d0819580dca4ada4363ffce31ed44a171bf7e23221a1f9c550f60eeb7e9
0x9c060c08d6a489d661b941ae47468662337aa907,EMP1544,JIPWG QNBDCT,R&D,Engineer,84,51,25,61,90,97,0,No,0,57.1,No,4,0x9dfe669d1b5e5477a1102d734cd4d0af5e4fb6e2,0x580f49a334ce144c55256ff2e16e4312599d0698,No,2026,False,545,zkproof_0545_hash,HR_SIGN_0545,CONFIDENTIAL,CONFIDENTIAL,cf442b7bb8ba19ea463677424af971bcaf164d19f865dc04e44a212124eb4881
0x2ff487fb1cfc58aa4c3eee3072b4402d6d646553,EMP1545,RCAYJ FAZKSJ,Engineering,Analyst,82,53,44,46,74,49,15,No,7,47.8,No,4,0xe29a9fbc63aed4b8e502f8d4490e5fb97e828584,0x70c83ed826f6c89b76f7ba56254dc91affcbbd4c,No,2026,False,546,zkproof_0546_hash,HR_SIGN_0546,CONFIDENTIAL,CONFIDENTIAL,12020556fae3b7c515a8b97d3128291c1d30230cfc4f2d532ee378861c48c8c0
0xed4e7b6332d0a15524fb7aa00aaa2e8da31e842b,EMP1546,GJXBX AHKMZI,HR,Intern,61,52,79,68,86,48,3,No,3,63.5,No,0,0x32ec2e7bc86f9df1a45fe2f2ed85d24380a2709e,0x434343461b442d004d288d4964237398b7b24737,No,2026,True,547,zkproof_0547_hash,HR_SIGN_0547,CONFIDENTIAL,CONFIDENTIAL,3d37f4f708ea8230380e418c0f0e53755a2e02b4fa6ea88701a2735b668d5677
0x4cbf220154e6befd7f1fcba846194b91683a6617,EMP1547,VZFXS LKJMYV,R&D,Coordinator,80,33,27,82,94,74,13,Yes,2,52.0,No,0,0x27295e01d60897f41b2f6b86def1f168a85805b2,0xac278043878e52bd8295d61cadca73af21f00b81,No,2026,False,548,zkproof_0548_hash,HR_SIGN_0548,CONFIDENTIAL,CONFIDENTIAL,1a2656627ba91fd5eff5079be425d2b2c33026c669aa4903f78022211d1251e6
0xf4b4a9e0faa5288f6d60d8963b6f383b9ee43b24,EMP1548,BEEGN MCRCWE,Finance,Manager,98,37,81,43,67,53,8,No,8,62.5,No,2,0x57df90308ec7769acd7091a4ab8b2b743cfeb8fc,0x4e30c5f48b958175663aa0a43109fd8e3b01d54d,No,2026,True,549,zkproof_0549_hash,HR_SIGN_0549,CONFIDENTIAL,CONFIDENTIAL,4a944ed38cc5b518d649c8739e053289df8586cae51a93c9c20a6fc494d32564
0xcb2eef1e93d586f8a1ce9fa4a28d6964db61a915,EMP1549,YYPVQ HUEPZR,Finance,Developer,84,39,49,58,69,81,21,Yes,9,58.6,No,3,0xb65eb7991f016854893ba86e01b10f814a93d643,0x9b624d45fcc9cd2f65074767354b39d6ab2bbe68,No,2026,True,550,zkproof_0550_hash,HR_SIGN_0550,CONFIDENTIAL,CONFIDENTIAL,1a76296042dfccdc0c6cff4f95f1e250ae4c1ecaadd87e105a4c6eb0b1e525c1
0xa769f3926425f009941bea7c872a60d73eebf4c2,EMP1550,JBUBK URQJUX,Engineering,Manager,79,47,10,51,75,43,7,Yes,8,32.7,No,1,0x546229f8fd9d98e6a8fb60a1f8d8a4e51242efe1,0x537b4d34886fc3f297711771afd948d7a5b3713e,No,2026,False,551,zkproof_0551_hash,HR_SIGN_0551,CONFIDENTIAL,CONFIDENTIAL,24534465da57198e91e157d1d0c83f33cd051373777d1348fe2cdf8aedf3273c
0x5f0bdc76795bc5790e3c469fb151137eccfb5d80,EMP1551,SEHCY PUXWYM,Finance,Lead,64,46,29,44,56,99,22,No,7,53.2,No,0,0x947ac6e9947d4ed88587c6e0d1d04c0133488b33,0x215ca52765fa7bf1e035a09052afd0b9d4c757fb,No,2026,False,552,zkproof_0552_hash,HR_SIGN_0552,CONFIDENTIAL,CONFIDENTIAL,33fac452090e4d13655fb086eb132ee1ffe1db47dcda83b8d4d83be294dedbec
0x578609ee04b839d84d07deb22ed74bf27390cb2c,EMP1552,TCEEL QEXISC,Marketing,Manager,87,47,7,81,83,43,1,No,5,32.8,No,2,0x7d911a12549006e420b02ed22a967c97dcc7ddda,0x659956407dd203592c0daf0dfa914558d015987f,No,2026,False,553,zkproof_0553_hash,HR_SIGN_0553,CONFIDENTIAL,CONFIDENTIAL,1a94650d678841fa11a90a0d7d65485c05584cdf2c92782c19975ebbc215d71d
0xd32ac4f54574886a076f3338ec1471dd6f3173d2,EMP1553,ATNAB NHVGQX,Operations,Developer,63,48,25,78,72,85,22,No,4,50.3,No,0,0x79a78c8abba132615fad7bc98ac8dd06572df1ba,0x2ecaa124add6b70f14fb107e3643efcb7940291e,No,2026,False,554,zkproof_0554_hash,HR_SIGN_0554,CONFIDENTIAL,CONFIDENTIAL,863633c24def4c714170bdaa3cc4dfed43808341e8a0583f7fb78e0939a7f94f
0xcb71116442f92643acf645275f4e47d35b02d264,EMP1554,SKFVS XFRAXY,Engineering,Coordinator,84,39,31,84,82,62,15,No,6,48.0,No,2,0xefbc65e8df30968d4ffa6c15cf3f7c57637c04bc,0x0550c20a97721975c179940a733c0405359f5785,No,2026,False,555,zkproof_0555_hash,HR_SIGN_0555,CONFIDENTIAL,CONFIDENTIAL,3a3d2b0f51c26d45599afc2b9375c682690fdd3ccf8be77c5dcbdde3f373f484
0xf93648c4097d15264494fa8e72802bd27ed0cefb,EMP1555,ZGKXM PJHTQE,HR,Manager,70,49,52,67,87,41,10,Yes,3,50.8,No,3,0x31d4fec20939a490d44e86af5032428e361f439a,0x2d020dc12bfd27f52e70ecc80153eb07e0d18f00,No,2026,True,556,zkproof_0556_hash,HR_SIGN_0556,CONFIDENTIAL,CONFIDENTIAL,0cb4c116ed806aa6096ee15ef05fa373c5dd2c54f13919f373384ebbcbc887e3
0x24360e1aa413d0ca016269e22babb3fffe9f6338,EMP1556,NQUAY LMSCLV,HR,Lead,94,47,5,62,75,63,16,Yes,5,36.4,No,4,0x8681cbd9b20c21e819b1a3bf54e2aeb71736f557,0xe842c3ca944d866f061afc3a243f1bb53b7edcea,No,2026,False,557,zkproof_0557_hash,HR_SIGN_0557,CONFIDENTIAL,CONFIDENTIAL,e5dca61f308128e6409e99a20bc296837a4c39ff35b3da013dd3da36cae7aaf3
0x141f7ca4b5ebed70888833b00aecb545bf6612d9,EMP1557,JSCXT TZWFMZ,R&D,Intern,93,42,37,94,71,71,16,No,0,50.3,No,0,0xbea8c8fe459591b056c1f1e307731d283823d956,0x94427f8127038ef84100be00baa0f4c9d617d1d0,No,2026,False,558,zkproof_0558_hash,HR_SIGN_0558,CONFIDENTIAL,CONFIDENTIAL,31de751f128d50f201aa06b9244bb19a790839a21b29c00ea53e57d5613c626f
0x699323fc6aa442a3421726152512a8942847b63f,EMP1558,MWCMM EGZLSH,Finance,Lead,82,37,95,84,55,90,10,Yes,3,76.3,Yes,1,0xf7ee1e1719cb8499904d998003fbec4f0d7649f0,0xac29d3006c836987c905adae493c8ea9f501bde2,Yes,2026,True,559,zkproof_0559_hash,HR_SIGN_0559,CONFIDENTIAL,CONFIDENTIAL,4cd266134ead905ed7a168788052e5d4c94c3d00448c28cb2dfbafeb8399da85
0xe5be0c085bbbe9dd8ce66b87da56fcebf5ea899e,EMP1559,HBAZJ WXQRTB,IT,Engineer,86,45,69,54,76,92,19,No,5,70.9,Yes,0,0xec3a26627d61bfe861220b656b3d654bdf97413d,0xf67d5e505b39bb7c81230a5c1605ad9fa90b1004,No,2026,True,560,zkproof_0560_hash,HR_SIGN_0560,CONFIDENTIAL,CONFIDENTIAL,bcc4e1f584f8eca4b1e6ea5585a3a24447b3a21d93a6e8e737d273a8fc1468e1
0x482269b627f0cc1da75be29aac202c60887feb89,EMP1560,RRBAY IOIIYE,Finance,Manager,91,49,66,46,70,61,18,No,6,59.3,No,0,0xc1c78747a2dc2eb401d81436a93442678e9b4a8a,0xd37b30555f9d72c6a032b29c214cff6569306668,No,2026,True,561,zkproof_0561_hash,HR_SIGN_0561,CONFIDENTIAL,CONFIDENTIAL,bda7fd3ee6f6da2bc13c3ced584b143065978e02a06bfe60b6cc0750a6d786ac
0x25cb2808ca5242fb4563e7a0ecd85346a4c8be60,EMP1561,BWGML JWYPMA,IT,Developer,61,43,58,84,80,70,3,Yes,7,60.9,No,4,0x8c25736d409950e403a9022a9c5f3030f64c85f7,0xea2a87717d60a050221f3f6f5643fbda41ef5617,No,2026,True,562,zkproof_0562_hash,HR_SIGN_0562,CONFIDENTIAL,CONFIDENTIAL,d13de249c3bfdae6ee61d8d050ccba6290cfedbe4d4afcb30406e66e2c01f381
0xae01e614d318d64f51eb223fceed33cabd9f8372,EMP1562,UDIXH OGEMIL,Operations,Developer,78,35,50,83,68,83,8,Yes,0,58.5,No,0,0x0d2ea51bc16e4abba898eeb431a1d59891a9d8c8,0xdf41f91c88049b4fe98402d5af0a066f9ffef463,No,2026,True,563,zkproof_0563_hash,HR_SIGN_0563,CONFIDENTIAL,CONFIDENTIAL,01b8db9b8775927579b2cad0b87be1dfce10e1a48204368256024cffb693fcda
0x69c025698e047dd42b256a229f33bcfa7f422671,EMP1563,UMBCD LFSCKG,HR,Developer,63,37,46,97,66,50,15,No,1,46.7,No,0,0x929db147a9ffaab9fafcfe8325b7b8833429cbf5,0x39a30addc3a519f8bec04f7fd9ceec3898f62267,No,2026,False,564,zkproof_0564_hash,HR_SIGN_0564,CONFIDENTIAL,CONFIDENTIAL,b867b0f01cb02838a0ab18d124703101e112fb7736a6dd4aa44932e23be5bc98
0xebcb3d195d410023e8af3349fb462baeb84a5d16,EMP1564,WLPAA PEVTRY,IT,Manager,70,40,84,43,70,73,20,Yes,9,70.4,Yes,4,0xe48f43c447eb716234c7888153497748a8e9f8d4,0xecf9cbfc5b631aecd0278d99b281490dff81227d,No,2026,True,565,zkproof_0565_hash,HR_SIGN_0565,CONFIDENTIAL,CONFIDENTIAL,4d2b1cef34c64b050376127e9ccd4e2e357c6fecd1c40a4781c04f03443e8a7b
0x3bc8a594bc573f1e004428564cdebf8fb38ac89a,EMP1565,AMABT DBAMBL,Marketing,Analyst,87,34,61,41,82,89,20,Yes,6,68.1,No,4,0x48a46b5b1b6ec84e0555e0160568488bd8ae1182,0x31f3e8b7e1762a0a265fad0e675f2b267a4ff6fc,No,2026,True,566,zkproof_0566_hash,HR_SIGN_0566,CONFIDENTIAL,CONFIDENTIAL,9015799eec9b2cb092c21abedb164cf7d17748efc7f380354095a56395160b7c
0x2855b2ac26e4ae287b06d4f97aaa9157fabd5d59,EMP1566,UIPKL DJTQBF,HR,Coordinator,89,45,13,52,54,80,16,Yes,6,40.6,No,3,0x2071f379be1a35fd07aaada113eec4ea3f1cebd8,0x31ae94bd4f7ac57c2413eb5c1038b281e454342e,No,2026,False,567,zkproof_0567_hash,HR_SIGN_0567,CONFIDENTIAL,CONFIDENTIAL,9ea8e940d75e9f7c69b5a198b1b7a35c24a36ce928833c81024ef6767fabcec0
0x39c475a5ef60958c1dca95cda5982004b84a0a32,EMP1567,MMNTF SORMFX,R&D,Lead,60,40,92,72,53,44,15,No,0,60.6,No,3,0x836b61ad608deac1401243fbccf1e4a8f58543aa,0x620f819be82f7a465098eaf500bc7e242f8e7d17,No,2026,True,568,zkproof_0568_hash,HR_SIGN_0568,CONFIDENTIAL,CONFIDENTIAL,7fe0f425de7de68e668b52b850fd47bd17a782a71d453da2ea94643e3f9b9a03
0x8f682a209b646b667e390f7d01da75b751da1a6b,EMP1568,GFNTT GRFNVF,Marketing,Engineer,99,41,30,79,52,63,0,Yes,1,41.4,No,1,0x74186a32d6ac72bdff0e9db9d56f3211fdc62d5c,0xb364faa144dfd93849a4f69b1f20ac96741ce428,No,2026,False,569,zkproof_0569_hash,HR_SIGN_0569,CONFIDENTIAL,CONFIDENTIAL,1ae10e0843f2357954f32d87449edd5768210c7a0c2cfb70ae36548f1be14bbe
0x4a812d55fea1dd7d4e26d100c60b1a73de2cb27a,EMP1569,FLOWC TRMSCX,Operations,Developer,75,54,13,81,91,95,21,No,5,52.4,No,2,0x1685f83a16feef07239ffaab63fdb107318e36b4,0x353b13e619bb62315bb020daf5bf460bb0a95371,No,2026,False,570,zkproof_0570_hash,HR_SIGN_0570,CONFIDENTIAL,CONFIDENTIAL,7fd5bbd6eaf6fec1b7c3771d1d019a6a875b6219b2d8fedfc044d08107ebccf9
0xa17be956b6107c5373199ac7ca61e11dbf9580fd,EMP1570,MBSXO XWXOZI,R&D,Lead,91,43,22,74,95,47,15,No,0,41.9,No,0,0x4b71fe4771e122e10cdebe48939423f1f36ee063,0xd8f58b26b6a23a9efd496875e171cb390115f8b1,No,2026,False,571,zkproof_0571_hash,HR_SIGN_0571,CONFIDENTIAL,CONFIDENTIAL,ff1b7055423fb367177426f3ce0c7efdbb1efd2a20920de24115d16e62ad4c87
0x59b718e08353edea166cd9cc09ccbfea2bec6fd2,EMP1571,IKQNZ YIBVKZ,HR,Lead,94,59,65,82,91,81,3,No,7,69.2,No,3,0x039db222494f6857d602108b594a60d0402308fd,0xaf140c663df082f399eaa2e1c6f7f3232fa32e2e,No,2026,True,572,zkproof_0572_hash,HR_SIGN_0572,CONFIDENTIAL,CONFIDENTIAL,3433c863e0cef24ec983fd5278479d2df64c47dab68bd6a097f76ed72a389a96
0x4246284e00ae4a51c3a96ffcc5cf6a8ef7b0aa76,EMP1572,WWFCF UPJRLP,IT,Coordinator,84,58,95,69,86,86,22,No,0,81.0,Yes,3,0xd464ac4fa87da85e449fbde64c3105ce475629d8,0xf347c10dfd0c67b62affe25b6589a25c1d85a350,Yes,2026,True,573,zkproof_0573_hash,HR_SIGN_0573,CONFIDENTIAL,CONFIDENTIAL,4562fe034c0d43a22ad28f93c529ab67bcff081d63fd126a85844402a21c21eb
0xc312e600d0981ab180a2917de14c6bd739a83149,EMP1573,OYCWM GGNKHL,Engineering,Coordinator,89,34,18,64,67,96,5,Yes,7,50.1,No,4,0xaa844cdb87597f2f5d69f92c9d67141f7da79252,0x57b7204563c6254e8715f5022ff62c499e94a4c8,No,2026,False,574,zkproof_0574_hash,HR_SIGN_0574,CONFIDENTIAL,CONFIDENTIAL,2fbeccdc0b3a83955ef3ce6fef460e0dcfd8259d9b5239ae36a3d0c0e951f4e9
0x9b4ef48d4d0d72a89d70b29230aab4cb15f06c5a,EMP1574,RAPXJ CUACDI,Engineering,Manager,68,44,75,58,59,59,13,No,3,59.8,No,2,0x5e0ad84d68ea1e3ccd0ffce76867c8b4bddf15b7,0x1e003060d2fb6572ce5e9a709d95549e3e6eb30d,No,2026,True,575,zkproof_0575_hash,HR_SIGN_0575,CONFIDENTIAL,CONFIDENTIAL,aed1202e9aea911246301c77a8b0db73f7d71a5495a78219d61bb3c2c73f417a
0x56d86e902d859cee1f5b11dd522411ab8a2fbc45,EMP1575,JIRVG QAANQC,Marketing,Coordinator,98,34,33,52,86,55,4,Yes,1,47.0,No,4,0xa58100bb82e80d98ab3b0e718395c6c25d4006fa,0x4091ec39ef188c15d27d28d8bfb64de8f84accca,No,2026,False,576,zkproof_0576_hash,HR_SIGN_0576,CONFIDENTIAL,CONFIDENTIAL,8f96f4e82ed0a41576f009866322ec3f42bdcf103dc599e0d6efc4ce137b7e6c
0xae4c5be10167f9efccbba897b2a51af1fa6895c7,EMP1576,RQYYO WKCMZA,HR,Developer,98,38,34,95,80,47,3,Yes,6,44.3,No,0,0xf6a447bc74da9b27edfa392681aebc97b88a8492,0xc956a83d83429e7cee65f6118427a057a298905f,No,2026,False,577,zkproof_0577_hash,HR_SIGN_0577,CONFIDENTIAL,CONFIDENTIAL,fa164bc0c55e6bea101b4c62a31e7c0af813e6cef6ea3ed9dcc78fc0644e4aca
0x2de9abc0e498a4b31107616ac8308e3d897f0b02,EMP1577,IRGIS XURKZX,IT,Developer,87,58,68,68,65,71,19,No,0,61.5,No,2,0x77a61e97da2b0d2c6d6c9379ad635eb0580c72b4,0x3d8479a3863e92f1920f95b27170c8124f51d75c,No,2026,True,578,zkproof_0578_hash,HR_SIGN_0578,CONFIDENTIAL,CONFIDENTIAL,66d603470ecb10952c279e5e82e0819a782a52a28141d16e91843c7abe08b4e7
0xbe95b5874e7450b9944915dea910183b24c12463,EMP1578,RDSWK MMXLNE,Finance,Intern,92,32,23,44,65,85,23,Yes,8,48.5,No,3,0xb1e930137646d52cc42870a3e6a66ccdc9cf78d8,0xf26541917d0b3dc57da52c13e0ef762f5d23b2c9,No,2026,False,579,zkproof_0579_hash,HR_SIGN_0579,CONFIDENTIAL,CONFIDENTIAL,af4e727bc63fe1c6a02d5fe2f82cc4c98d441beceebbac53c74b357a7fae69b0
0x7d886d7908b1b11e28ec1d5f32dde5c572788024,EMP1579,ZQFGA AEMMXT,Engineering,Coordinator,70,53,65,87,84,72,3,No,0,64.4,No,1,0x05088d9217537336afe5bc6ab2f27d4e52eee118,0x991ca451fb4cf8b635bfe0d4c36ddbf6c9c62d1e,No,2026,True,580,zkproof_0580_hash,HR_SIGN_0580,CONFIDENTIAL,CONFIDENTIAL,6108abfd245ab882aa2d205d11b17c4d5d862c0607ad06f092190f72a0621b3d
0x7be6fa8139150e23d6f29693fed97ce717a35b07,EMP1580,QZOXZ HDUFLI,Finance,Developer,65,49,33,66,81,42,6,Yes,2,42.2,No,3,0xd61a5a6b4162311b53b6f7eeafe2f91190adcdef,0xf4e2fe9c459c4cf20ed365d7b13e9db051a3233b,No,2026,False,581,zkproof_0581_hash,HR_SIGN_0581,CONFIDENTIAL,CONFIDENTIAL,7f6c2dbb7253edcd3919c36e41301a762d861468826c051887f171e6ad06ab37
0x146ddf4539372c03f80abf84d3de6159a227f47c,EMP1581,TARIJ YVNBRV,Marketing,Analyst,85,46,16,68,93,96,9,Yes,8,54.6,No,3,0x7843705bed9f3fd7671e2e27f3d9a496ab67adce,0x4978b63b440b63f9fe882584c9ecf3552886ef7d,No,2026,False,582,zkproof_0582_hash,HR_SIGN_0582,CONFIDENTIAL,CONFIDENTIAL,828a6dd2541c989dbfd2556a6e27ef75feb350925ec5a62609a00433264776ab
0x4a995039299321282e2864939ebf5af680190285,EMP1582,CCWUH EZLPSG,HR,Engineer,91,38,19,67,59,71,4,Yes,2,40.9,No,0,0x96e63ea99686964458b639787492f19d205cfc7a,0x36fe5c5ebe7779e8120bc090c7256ec37011dcef,No,2026,False,583,zkproof_0583_hash,HR_SIGN_0583,CONFIDENTIAL,CONFIDENTIAL,616070c2d50c5dcacef4486dc1cf5e7bc30de0a2ce4256f4b64d53d35622c866
0xe4778934df870626e776810914b12a911f6cfea0,EMP1583,HLKMT LCFFZG,Engineering,Coordinator,93,55,52,73,73,94,8,Yes,9,64.5,No,0,0xf355c2cd0203894a979225beb9a62121bc126c77,0x4b65d5b356261065ad94aba9623450c0f7ad81ef,No,2026,True,584,zkproof_0584_hash,HR_SIGN_0584,CONFIDENTIAL,CONFIDENTIAL,30b8453faf411919fcafdd70dffd2730d0d65ade5a5e24753bedd32377fabf22
0xab3042a027903b47f0b714a0eda44f6bf1a7b2cc,EMP1584,QZWBC BSBFLM,Finance,Manager,65,37,76,53,57,71,24,Yes,5,63.6,No,3,0xf02e3c592a8823c51fbe842a19b3a2668e310fcf,0x389ae601d0b5ff4d556cd50827e15a4208cdb680,No,2026,True,585,zkproof_0585_hash,HR_SIGN_0585,CONFIDENTIAL,CONFIDENTIAL,6958f2205180a0046d53d1ea9c8021393ece5581a1e865b94cac1b273c7a233c
0x4c23c08c7f32408803c641003dc82e18de68e60f,EMP1585,ICQZS VTYFXH,Engineering,Manager,68,59,86,81,85,43,5,Yes,1,64.4,No,0,0x80935afc892aa9d34a5c44961041fc9eae1ede79,0x5a5c5aa203c08189ab8b77f9918be01351787da5,No,2026,True,586,zkproof_0586_hash,HR_SIGN_0586,CONFIDENTIAL,CONFIDENTIAL,2607338963e100a5ad5daae9cd2a4ca5961cf57720f42f719adf2000c92903db
0x2f76692b9ddd2c542410d594cfa95a47200a1131,EMP1586,CAZBR SPYRTF,Marketing,Engineer,82,30,73,63,56,98,17,No,8,70.6,Yes,4,0x152f0f6e20f5d633e93b013ed1f6178304260ca0,0x7fad5b92a2e3bd02b8220cfd2c994069a8860690,No,2026,True,587,zkproof_0587_hash,HR_SIGN_0587,CONFIDENTIAL,CONFIDENTIAL,708596aaa189816c7239ca798ae4e94e805d968bcdbcf954cea7d2d3cdbdbf37
0x23739b744d797a3314a61d1551bf481612ad772e,EMP1587,OYLEY QQNOTO,Operations,Lead,78,58,42,67,91,74,3,No,5,57.7,No,2,0xd161a78619dce4d6db35ed7b383312dd2af0083a,0x7e306b5252cbf0ada788e67c65f117ebddd9e2df,No,2026,False,588,zkproof_0588_hash,HR_SIGN_0588,CONFIDENTIAL,CONFIDENTIAL,6fca9f3ec54e0603727639dfab8e9a74ff65b9ccf7b27d09b1cd5e1d870e3ed7
0x3844893034cb454d47a4d76b9fa1281bd3452b81,EMP1588,HQUKI XOEOOJ,IT,Developer,70,30,20,54,61,50,10,Yes,5,35.7,No,4,0xe74fa3e133e44f1a4731b4983fbdc3b79fe66c9d,0x1b72077ade61970972a3d1dbbd57868bd44a6149,No,2026,False,589,zkproof_0589_hash,HR_SIGN_0589,CONFIDENTIAL,CONFIDENTIAL,4bc086c35509ec64edc53a190c5f728f83c975f121e77522913a85a9f0fe7d69
0xf6e5c8783ff0c1fbdf86ee144f9176bf16d07e78,EMP1589,CXXHQ VUNLJX,Finance,Lead,90,56,27,44,98,41,1,No,5,43.2,No,4,0xaf1a2dc6a6b0e56dd7b807b9540fa22dddce3a4e,0x5e6f7ea1e6d9eb2b9ae20ab9380440889c1ed994,No,2026,False,590,zkproof_0590_hash,HR_SIGN_0590,CONFIDENTIAL,CONFIDENTIAL,0c106214aaa96d7c0811b5bb4a96c9e57571d3054f17881bf0b4649b85bba4b4
0x798d4fa4091af83e049b38de37dd1068d8895292,EMP1590,KGRWH SBONZE,R&D,Coordinator,70,46,31,69,69,66,14,No,5,46.5,No,3,0x9381e07d144dd72855118e337c7741a809f729e7,0xee358549c401b8dc964a6f48a8831a6a78846558,No,2026,False,591,zkproof_0591_hash,HR_SIGN_0591,CONFIDENTIAL,CONFIDENTIAL,b8a48aef8a5db540bf97a643c193abf41b56a4c09e9403b6ce9f406e1dce51ac
0x8304934537829106e8efce3f4b7f46a037497dac,EMP1591,NXDAU AVOWKR,Finance,Coordinator,82,32,66,53,96,94,5,No,3,74.1,Yes,4,0xafd636ddf7be26a8e7bbd19c8ea7ea252126ea77,0x64f8313134c6ba0fd62fd2850c9e01f587e78fb5,No,2026,True,592,zkproof_0592_hash,HR_SIGN_0592,CONFIDENTIAL,CONFIDENTIAL,da92ecedf7e6ae804a384a7c2bdcf409159d4208c947e1f86744d4e0376dd3d0
0x8a296dd13c96d86ba2108826f49dd8ec9d71b74f,EMP1592,DDDAE SIUBNJ,Marketing,Developer,92,47,77,42,88,76,4,No,8,72.0,Yes,0,0x617c71e0950d8d95fda3e3b76eafe70abecc9803,0x15b484a767f21a3b26dac5e88f42aa5b1281facd,No,2026,True,593,zkproof_0593_hash,HR_SIGN_0593,CONFIDENTIAL,CONFIDENTIAL,9cdc4831f491da6eb3a10d392fb066d7c15cc38d00311da243c205a9e61efc89
0xd5d1d91742bf1245fe5578ec374a2d64b254749b,EMP1593,TYYJZ YQYPZV,Engineering,Intern,87,48,9,82,53,57,22,No,7,32.0,No,3,0x70d12aaef871d83d969425d10a3ae0dac2d4a518,0xb066dfb034083b6cc074153b2631f09d01d81d03,No,2026,False,594,zkproof_0594_hash,HR_SIGN_0594,CONFIDENTIAL,CONFIDENTIAL,c2bea2c665049481a6ed3e024f81d00c60090ff84b1f3c12f6f5dcfb7e7bd726
0x17c51c6facdee0a4dae684fe0ef50a27a4b98d9c,EMP1594,AGPOE KYERUW,HR,Coordinator,87,48,9,71,61,82,23,No,9,41.3,No,2,0x1d811982566006826105b68de54a16273536f3d6,0x11b55ee1b9fa3a1b1da3ee52452de29861f62bf0,No,2026,False,595,zkproof_0595_hash,HR_SIGN_0595,CONFIDENTIAL,CONFIDENTIAL,2d7f14ac4460835f7f1c7abf1da6de943f514a7b4411ce08c7bdf5b66ac29f3d
0xe68603d9c4e0a2114487b1916a82b9022c2daeb5,EMP1595,BAQHS ZHQHAY,Marketing,Coordinator,82,50,10,73,98,51,7,Yes,2,39.1,No,0,0x39cfd5c68db4fc0902a2517b9f29509634e72a06,0x0bd9c8753e1736cde1f21c287e80b12a0df967e5,No,2026,False,596,zkproof_0596_hash,HR_SIGN_0596,CONFIDENTIAL,CONFIDENTIAL,6306757c3f8be73b470e5dd442e0d9a2783365c19accabfb71c149cf8f54be75
0xea20568d8f44ce7e64df3757dbf6a7db7283981a,EMP1596,XZNBZ CEKXMS,Marketing,Lead,61,52,20,55,96,49,20,No,7,42.6,No,2,0x6cd2ef07f45526740984e4d48998367454b6aa97,0x2e4ca2c88077a187a20bb72248f361d26adbc95e,No,2026,False,597,zkproof_0597_hash,HR_SIGN_0597,CONFIDENTIAL,CONFIDENTIAL,3aef629d3859b5b3afa33c284f2f4e456695ed432487b4f82dc52c3ef09167d0
0x996917894ee8214821446c63f6292279ac42e795,EMP1597,YWQNR ZWEMNG,Finance,Manager,86,38,87,72,54,59,23,No,2,63.5,No,4,0x6905323f651aca93c22173e64f6c59ac01a76d9e,0x339c52f89626deb0475d6709605105427219fc33,No,2026,True,598,zkproof_0598_hash,HR_SIGN_0598,CONFIDENTIAL,CONFIDENTIAL,f21bb2f260363430525c905ab0a704dfa87b8e715e37bd7d399ba247b9717476
0xef1e961663cce21cf010e1675772344a553009da,EMP1598,RUPIM LZZCHY,Marketing,Analyst,96,40,36,64,85,55,9,Yes,0,47.9,No,0,0xd3a1877f1699ae382528430aa23bbc3c7e7bb979,0x175dae8ef269a8ec394e2d98bf2667bfcd4e3da3,No,2026,False,599,zkproof_0599_hash,HR_SIGN_0599,CONFIDENTIAL,CONFIDENTIAL,422c29e937598aa922d7232c62d26eeff745607a486ef38365c7a91662fbbf06
0x3abdd5ef43420fe0133d5a4d9c9f122ff59b8439,EMP1599,KXQZY TYUHKO,Engineering,Intern,90,52,35,97,70,96,20,Yes,5,57.3,No,0,0x0e55c4e807be6a4bf63fd885fd754df5607f02e7,0x1041f8a86ecc7c42cca8517fd37a6e5dceddb4f5,No,2026,False,600,zkproof_0600_hash,HR_SIGN_0600,CONFIDENTIAL,CONFIDENTIAL,b99c73b34ced9152e61bcfd43ee1b088ca583d15b87834231a90d08b5cd89957
0x2efb60ae2169eefe24a6ca9db16a526b69cf035a,EMP1600,SNWBP XKHZHX,Finance,Coordinator,72,33,19,49,89,99,16,Yes,9,56.0,No,3,0xe749b36b7f453f756eb9a25a7bc344bbe80fc1a1,0xb60af962a30568c537c68487c5e5861f77973d44,No,2026,False,601,zkproof_0601_hash,HR_SIGN_0601,CONFIDENTIAL,CONFIDENTIAL,a0337fe1da0af5c3fc3d46552881d8d8084c278f84a0ab2f035d079a94caa2f6
0x1db47b87e40a1511f78db015206e794f5020065a,EMP1601,ECXLD IYFPFY,R&D,Lead,86,30,53,40,64,93,0,No,6,62.5,No,0,0xccc8e4bc0c51e7f8003841675f5f69270c17a0f8,0xfb55ec11d01f269cbda45632cdf48036cecc19f3,No,2026,True,602,zkproof_0602_hash,HR_SIGN_0602,CONFIDENTIAL,CONFIDENTIAL,2066c669e969130bdf7f2d899e9c8544e117c355833332737eb2ec4ba1298dfc
0x15dd9aa28b223ae1cd4f47373af28e1683bf8092,EMP1602,LHTGB KAKHIS,HR,Engineer,92,53,99,63,65,68,3,No,6,73.6,Yes,1,0x62727ecf225f5e85b999ba8ba4cd43b2687509dc,0x4649374383b8734a8c89e639e943ae7819c3c8cf,No,2026,True,603,zkproof_0603_hash,HR_SIGN_0603,CONFIDENTIAL,CONFIDENTIAL,81512ca9445d5698906efb598a269591eb8770ab3a77c520fd8cd75cb421038c
0xc37285c5cbf7404e1f444a9fbe1ed13b832810c7,EMP1603,HFMPG WQHPXQ,HR,Engineer,72,38,23,75,96,82,23,No,4,53.4,No,2,0x3079b8379822303b61c7945084124ce8fc05dc05,0x09cc79d480eaad4fc964258ae45e50a18d8abc00,No,2026,False,604,zkproof_0604_hash,HR_SIGN_0604,CONFIDENTIAL,CONFIDENTIAL,bdf94454d7cf38ff87123da260b8570c5a9775096dfc23863a3851246c1c9cfb
0x0dba93ca55f3f6394befb692033abe04b6565231,EMP1604,JCIWN NWNFLS,Marketing,Coordinator,68,53,22,74,81,56,5,Yes,6,42.4,No,1,0xa2649d64c8ff768f9ff2c4c896fee943d18ed34f,0x545056bfa58307435a7c1297430c1fe2a9862b37,No,2026,False,605,zkproof_0605_hash,HR_SIGN_0605,CONFIDENTIAL,CONFIDENTIAL,602c4dbc5052b2479e3a1d50958a5b8608bfc1dd404acf6ba584cf1cbd6c5907
0x8ce0433ab3ac05f7c41aedb0ccb2de489db3feda,EMP1605,GXUAP MPKMHM,Finance,Intern,79,31,90,75,59,46,13,No,1,61.7,No,2,0x84a376ad9de9467562888adf300e79ee19d991c4,0x67c78b934abd0629689b0ae9a8daffd34cfbe5c1,No,2026,True,606,zkproof_0606_hash,HR_SIGN_0606,CONFIDENTIAL,CONFIDENTIAL,c5db16066daa752daf7086773c8cc8f31c60e6b943bcf82bfe84dfad8856c038
0x946dbdc3df81a478c8b695fc9d6199e495e443e0,EMP1606,FWUTW KKWGFZ,Marketing,Engineer,73,36,11,99,52,82,15,No,7,40.1,No,3,0x15308f529252942892b67de79d6bd3ee137d89e1,0x5c0bc8c97b961166170e27989c80177c49bd8326,No,2026,False,607,zkproof_0607_hash,HR_SIGN_0607,CONFIDENTIAL,CONFIDENTIAL,988740dc76bc04ea45e8760949bbae97222a3ea38296b36acc8e00ce984aace6
0xe3f7d0e057b9eeb66b2f639e5161b95477e16185,EMP1607,ZQFPZ BYGNZO,Marketing,Manager,77,46,44,62,99,40,7,Yes,8,50.2,No,2,0xc29d7c8286816b9d70550eabf607b20d32291c37,0x6af3c56f1f161756e0cc359789ed72583cf1ceb2,No,2026,False,608,zkproof_0608_hash,HR_SIGN_0608,CONFIDENTIAL,CONFIDENTIAL,e1c9e0fff19b8ef7740e3ac224295b0223a286cc596fac373a62c6bec85b0d1b
0xfd8d58485850f612b6eebaa26dcca577780695ac,EMP1608,CYUTP QFSSDS,Finance,Coordinator,85,44,97,83,97,52,9,Yes,8,74.6,Yes,2,0xbbfbe8493b40c3304c626a7447a662b1b84a48e6,0x523e7471292a911b10483a5ec25bac4f4797edc2,No,2026,True,609,zkproof_0609_hash,HR_SIGN_0609,CONFIDENTIAL,CONFIDENTIAL,0d9b3d9aec5e5b335e922e988a097a41ff3d225b0de08e2647752246c9b2cf33
0x6cdfc319b9f3a6e8da72d172bc21ac0252c5446c,EMP1609,PWUAF HBYHOS,IT,Developer,88,32,19,64,93,92,7,No,5,54.3,No,3,0xd7d6c9d209b869aa95ddd0ea82846390116d6091,0x0e7ab3a69de86c7c215d5488ce04a21298dd6be9,No,2026,False,610,zkproof_0610_hash,HR_SIGN_0610,CONFIDENTIAL,CONFIDENTIAL,8f3d4445d3ed98e7150189cfa165272ebed9d613de74fafff9029fe19ea439a0
0x0ae073485a4bc3f7ece70f757bcc06b26173ad0b,EMP1610,XVMCG SXEXNV,R&D,Developer,93,34,54,49,65,65,1,Yes,6,54.7,No,4,0x08089ed944588ce616b06857f5bc0e9bb0747d40,0x2d1af1313f871e5a106eae3a3b714526b2948271,No,2026,True,611,zkproof_0611_hash,HR_SIGN_0611,CONFIDENTIAL,CONFIDENTIAL,d7cd514897e8c3db7ef21f8b87d7b231b35c1c6c59443097f6cadee1164415f4
0x273906c2ef1cdf9269ae7d8fcd47acf36baeb0ad,EMP1611,QTQVT JQGGWX,HR,Developer,71,55,51,57,89,93,18,No,4,66.5,No,4,0xbb7cde1c39377fd600b3059ebb2ddb9fcca6485c,0x82e9674d8793f411d7da03d7a045a47bb2775cb7,No,2026,True,612,zkproof_0612_hash,HR_SIGN_0612,CONFIDENTIAL,CONFIDENTIAL,0c391fe25d77a6bfa88a9739c0cb789adc7f8a7fa80cc63650c3595b65f6da5b
0xab30c7c589c6460e2d02589ae13453a1934351d7,EMP1612,CDFFN FKGNWG,IT,Developer,69,49,7,75,57,77,15,No,0,37.3,No,2,0x0945daa9faec8200276d1122ef56bc27b5aa5aed,0x2c2ef3046ebfc83c629fe421a7b0402a997cd9c7,No,2026,False,613,zkproof_0613_hash,HR_SIGN_0613,CONFIDENTIAL,CONFIDENTIAL,41783130ecc974a686e7262f5199988bbf139fed53c2acb55d12a6dfb6d2362e
0xc00c1866e0986100038c5ace3964a264119adfd0,EMP1613,CLIQH HCWTRB,Finance,Lead,69,43,39,53,55,73,8,Yes,6,49.1,No,1,0x0f03cb12111b8ee9abb0aeddedede223e78462f3,0x605ad2b8c73e7c75e578f2a7c0e6e23e73e75dd9,No,2026,False,614,zkproof_0614_hash,HR_SIGN_0614,CONFIDENTIAL,CONFIDENTIAL,cf82e6988ea881db33d47b6079a8cbc6775eebf12b554b2bbf0d1f43ccf4b98f
0x93a04649ca012c49cfe8837ecff59c51d098d5ee,EMP1614,ZOFDN ZHSTPL,HR,Developer,66,57,94,57,65,84,5,Yes,5,76.3,Yes,0,0xdd4b9e56774f5618ede96c0a89d7a6273dd45ebf,0xb4d37b32ae8e43d426cbcda01220e78dbb74b2ed,Yes,2026,True,615,zkproof_0615_hash,HR_SIGN_0615,CONFIDENTIAL,CONFIDENTIAL,ec54c686bca24d02d977589b6d4e805c845ececdce5bc7ff751dc1c1106fa17b
0xbf54d63f2d564b239e0d4be94d905697f3ae7c01,EMP1615,FHOGZ CVCCKV,IT,Manager,98,53,32,80,88,80,24,No,9,55.3,No,1,0xc6cccd1d650aba8ad756f546e36eace4d6596186,0x964b9acc1c7b806f55c041287a6ebbd65fb4e6e1,No,2026,False,616,zkproof_0616_hash,HR_SIGN_0616,CONFIDENTIAL,CONFIDENTIAL,04d804f2b53378f4bd251e930b95fc5d0201a86f6342ef4e194477b3a353dca9
0xc646c6b9223ad60e6bc80a5cd4d15c107d36077a,EMP1616,TLDGQ PCEYRK,Finance,Coordinator,77,39,0,88,65,71,12,No,0,34.3,No,0,0xe8a29e98d3fb5d0bbb32c3990ec521f871d32ef3,0xc49f003151fc1555135fa1ee8c6c328bbd74c2ee,No,2026,False,617,zkproof_0617_hash,HR_SIGN_0617,CONFIDENTIAL,CONFIDENTIAL,46c78601f9f0b1a63bc68276c9a997dadc176c21d3685b55b47e04ad2b49caeb
0xe0e3f695cecacdb039f82f232d8156403cd5ea11,EMP1617,YUDWG CPSMIN,Marketing,Developer,71,41,61,93,80,49,16,No,2,55.3,No,4,0x5a1b9283acbde453e5eba4bd0e4699c14e26e414,0x28dc708d7ea5be5976c1b524ca8c207c062d41a5,No,2026,True,618,zkproof_0618_hash,HR_SIGN_0618,CONFIDENTIAL,CONFIDENTIAL,8036c59786fabf6577c907ef697baa7d449f55d91d77441a610971e27ed3edba
0x41b12f783080bcde4fd3c039786a9ab646d703ac,EMP1618,NNHZT IBVRXA,Operations,Analyst,93,54,65,47,74,82,5,Yes,5,65.9,No,0,0xd4f862d54069e41047eb6ab83bfe7b7fcfb81ba6,0x7828955bca6d8bc9dd359cdda5f2c5da36402a66,No,2026,True,619,zkproof_0619_hash,HR_SIGN_0619,CONFIDENTIAL,CONFIDENTIAL,e5ef67bc635cc9bffe7207956259f3ce8896dc8b71460cf8bae8069ed37f8231
0x8313b3096388c54f0b8ac74e1743ecf10c802dc7,EMP1619,BDEED JRQAEL,HR,Developer,85,31,22,88,99,52,12,Yes,8,45.0,No,3,0x5ecf351ae41cdd14415a11552f06a2286b27fb8f,0x9eb0ca1e4932b8b51e86597b9ddc471b136befa2,No,2026,False,620,zkproof_0620_hash,HR_SIGN_0620,CONFIDENTIAL,CONFIDENTIAL,ca9171a605c8ba05eb0f6330749e1a8fc3e11a761c649f9856b217704b29d1cd
0x5ff7627304cc85c0b82aed52593b75971df19a3e,EMP1620,VVCRU UCAKSY,R&D,Manager,96,44,18,94,59,68,20,Yes,8,40.2,No,2,0xc23cca5be33a45f64599fdcad27be8d207a114ab,0xf047e15e9d68da1c8c1700f77ecedf931f6fbf4a,No,2026,False,621,zkproof_0621_hash,HR_SIGN_0621,CONFIDENTIAL,CONFIDENTIAL,595a0cf5c7955793b9b31548a5d7c4570e76a26ad6d169e5d8fb646b94d57587
0x1ca785a263c9f69434f98bfe4f277eee515a1d67,EMP1621,PRQAS JUYZAK,R&D,Manager,90,56,86,56,61,79,14,Yes,8,71.1,Yes,0,0xfa94359298cf76c13de4a96d2cce17d7543451a1,0x0e2ebaa634fee7a94cbaf4897af41b78e1f1f4cf,No,2026,True,622,zkproof_0622_hash,HR_SIGN_0622,CONFIDENTIAL,CONFIDENTIAL,f14be8b725218010bfab341a6f6f536b14c05182cec41cb0c88b5bc6a359f385
0x64687f35aae9f8f6f0c012a7ca107db1a5ed5d05,EMP1622,ZOADN VYJBMT,R&D,Analyst,76,57,87,61,84,84,6,Yes,7,77.5,Yes,4,0x159e7652cfabbcb35efb79372311254e805c4c2c,0xa46ae58bfbdc675a1f84b18349a2ad9866d06be6,Yes,2026,True,623,zkproof_0623_hash,HR_SIGN_0623,CONFIDENTIAL,CONFIDENTIAL,bb0dccb0097c5fa6dcbf78994014b549d3bbbb625cfcf83402341ddc45cf40ea
0xd87bd3c7165fef58ed07a012d179eda6a11e7362,EMP1623,CTZWY SPDYIK,HR,Analyst,89,32,36,74,72,42,0,No,6,42.0,No,0,0x64c95b619319622bb8ab8c364d57ef7a4de48a9a,0x392f1fc80212501f5826b510f7059590cd3bb1e0,No,2026,False,624,zkproof_0624_hash,HR_SIGN_0624,CONFIDENTIAL,CONFIDENTIAL,2e77df59322792069c11ce713c5ed5db745e8bcd104d2636a4ef1f07f8ff424d
0x867b4b2bbecf536a4eaf63932b7404b1ad1ba9b4,EMP1624,MKMLH XBLYRB,Engineering,Analyst,83,56,80,93,59,59,17,Yes,1,61.6,No,1,0x6d29c770d173c443676e14f63569263b94ac94fc,0x636c654bb4e5f682970b481e39ad79cd2c16c066,No,2026,True,625,zkproof_0625_hash,HR_SIGN_0625,CONFIDENTIAL,CONFIDENTIAL,490458379a51868c4ab50b71b032f1b951c72f240ab004158018ec8e34f894e0
0x6e8d4cd06caa6f3a2521709724a60dc3f4a35102,EMP1625,MGYXU ESBTZR,Finance,Intern,67,43,15,64,93,89,19,Yes,2,51.5,No,4,0x3e2baa60489e26b60389cb74a21226c51986fe53,0xa3a1b97208fedd25e39b605d1b4f939185b04dd3,No,2026,False,626,zkproof_0626_hash,HR_SIGN_0626,CONFIDENTIAL,CONFIDENTIAL,f82cda6b58de6f3ec0b39f5ac9349fcee972011727fe66dc3a68e47ea6b858ef
0xc4af37a0deb903e4884435580c5bd1a1b5d65893,EMP1626,VRUDT MRTSYI,Engineering,Coordinator,80,34,24,64,89,47,0,Yes,1,41.6,No,2,0xce269707cbd123a5547af0e9d1ec02a3d00f30a2,0x506938393df79001dfb7d42cf48f99e3deb3d581,No,2026,False,627,zkproof_0627_hash,HR_SIGN_0627,CONFIDENTIAL,CONFIDENTIAL,7743f7954645308fdfab0233f5678389971eb76323c2d132433d630119cc6de0
0x798a916fb4a2ecf0276679f760e446b3968f7476,EMP1627,CEPBO ITVCJU,Finance,Engineer,76,49,12,61,50,93,20,Yes,7,43.4,No,1,0xa75cc86328673ee087067bdd8f05bd417326fd42,0xb81d7e7a33eda22a38280edaee5ba6366be979ce,No,2026,False,628,zkproof_0628_hash,HR_SIGN_0628,CONFIDENTIAL,CONFIDENTIAL,a8c401f4a1c1830c43d5aab5017c457c745d9dcc6e8d832909218c277a16b09c
0x526d34ba336e60194465f42404667a00646ce43f,EMP1628,RFVZS FAOLLY,HR,Intern,77,59,76,44,70,98,6,Yes,5,74.3,Yes,4,0xf29945e9016945fcc680d052d9fe2dad92575485,0xb2c53441384af1fc1a0a6d56e82de2fe10d3a600,No,2026,True,629,zkproof_0629_hash,HR_SIGN_0629,CONFIDENTIAL,CONFIDENTIAL,644fca3fcb6792b2b8b31eb43e9d9a2448494aca95c37c89b30239343e649ab3
0x63dc300879a9bcf5fa3fba0d8a23c6efe5323559,EMP1629,AXNGO MHOGAG,R&D,Coordinator,74,35,28,57,64,67,21,No,2,44.3,No,0,0xb6701c2262aab09672e255950f7ac9dbe296a812,0xec4a55a9b6acb4f53e937900dda26e80c81c8e0e,No,2026,False,630,zkproof_0630_hash,HR_SIGN_0630,CONFIDENTIAL,CONFIDENTIAL,ba0ccf6c7948580c089213807f4fa98de777845bd6d0459b7db30b0c19262fdd
0xeeb13edc8f56e7c486314502b33a2b94778034ae,EMP1630,LCKHE JBXZSS,R&D,Engineer,69,49,54,97,63,81,16,No,0,58.5,No,0,0xb23fbc590bc1e3c7c752f01274ceb84f30dab5c4,0x6eceb012b6210191bc6cf1287ecd53bf645879e6,No,2026,True,631,zkproof_0631_hash,HR_SIGN_0631,CONFIDENTIAL,CONFIDENTIAL,e465b94a7a08da7d3741280dfbe80b3f9f4dcd1e67af228b836f9e5df7f10622
0x811f3cfeabf6b8a131bdb23155a94b897fbd206e,EMP1631,YHRUM CRJJGZ,Operations,Analyst,85,30,63,50,52,70,9,No,2,56.8,No,0,0x10db0ed2ca542b7e5bc599e9f62e582be9df6862,0x885dce1d6ead989cbbb93749d0e82defce150554,No,2026,True,632,zkproof_0632_hash,HR_SIGN_0632,CONFIDENTIAL,CONFIDENTIAL,725ce6c410ae717730f1a18653fa0be7ccf762d8626589fe719959cd538605f2
0xda5632f35093805ba61bae7431ebee2a434a04c1,EMP1632,LAUTC KGWZSF,Engineering,Lead,73,38,73,62,92,59,16,No,9,66.2,No,0,0x7ba057c2862676f96d170e2a4e17aa43c0e6da85,0xf92b5c6e21e17861557098165102cbd4f7a9f702,No,2026,True,633,zkproof_0633_hash,HR_SIGN_0633,CONFIDENTIAL,CONFIDENTIAL,f472d926e8bbc1fdffa85ee3879817208152e763547ce93458dc2a7157e976f9
0x1743b185bc7c077f9cb69bc99decff5adf0021c9,EMP1633,HGYDX RWOCOO,Operations,Coordinator,66,54,33,45,54,83,19,Yes,7,49.6,No,1,0x566c15365e6fee11d232d80febcb09633c0d07b3,0xb0b920375bbae37d832ccd042e8aa0c645cbda3a,No,2026,False,634,zkproof_0634_hash,HR_SIGN_0634,CONFIDENTIAL,CONFIDENTIAL,297331e8393eb043efadfd022e4d5b91752e94baeec974781fa9f71b75d6b93c
0x8b93d4951ec1e4204893fe3c0bff00464512166c,EMP1634,ENGVR CJJIQU,IT,Manager,69,33,88,48,63,79,11,No,8,72.3,Yes,3,0x60684343270649360417b25d6bacbb3730719b01,0x3a74273c39667e72d0a4066432c6833994a27953,No,2026,True,635,zkproof_0635_hash,HR_SIGN_0635,CONFIDENTIAL,CONFIDENTIAL,69469a968b0769ce5c7e206a8f15d55cc28134c0f249c31cf6a73378e8771f22
0x8127ccbf1f47a2f32a9fb1f2796b7b80c2dce49c,EMP1635,HRTJF OZNROT,HR,Manager,94,40,68,65,84,86,23,Yes,2,70.0,No,2,0xdf082a605dddb20581bb5f873a6f57d488a286c9,0xf7f4526dd41a32ed20dc65a6abe857ac8f3c383e,No,2026,True,636,zkproof_0636_hash,HR_SIGN_0636,CONFIDENTIAL,CONFIDENTIAL,41213f81a4f3909f9b7752b28272aea70b99f25336232b2f817c4ddef19ae454
0x59776aa45b5bcbde5760aee512cea0bbe399823c,EMP1636,UDAWV LMXDST,Finance,Developer,79,49,31,88,72,81,14,No,4,51.5,No,3,0xd41733be26ebac714d3194e0a6a887b7f6c623c9,0x90ce3951055085a6ad8236c298dee3dee636e5c8,No,2026,False,637,zkproof_0637_hash,HR_SIGN_0637,CONFIDENTIAL,CONFIDENTIAL,c665a38a82c7be7bd36aebfc1e6d99fd31b983121f94585e81abe7702ea3438f
0x78047ea9fbe96a6c8b876908f98a829dd390778c,EMP1637,FHVSN VMRSJN,Engineering,Coordinator,99,39,64,41,57,84,6,No,2,62.4,No,2,0x106a862e81688c1b75edf89a6c6cf8ba401d4635,0x210630f70a08df021c02e106d2dcf37cbf8ebc4b,No,2026,True,638,zkproof_0638_hash,HR_SIGN_0638,CONFIDENTIAL,CONFIDENTIAL,144e45b7a500710347e259f93a04e3f76a8fd7fc4f41d4691b838a8ac1508b44
0x9b606072a95b2d69bea4acddfbcf6e488b3f4edb,EMP1638,LSRBT YGTJZV,R&D,Manager,73,39,22,80,55,61,20,No,6,38.7,No,4,0x684a6e908690392a605207efd27b4d17ec38404c,0x0d9d826d12e753adfc4937b65b1ace870a39126f,No,2026,False,639,zkproof_0639_hash,HR_SIGN_0639,CONFIDENTIAL,CONFIDENTIAL,9a44a2c05213d53d7d30a511fbae6c1d53c378a3f3778bc76a5e2aa1ee83e379
0xa567b941a2fed88e3e67963e7141ba32e06aa870,EMP1639,FNRNA LONMWK,Engineering,Manager,68,36,18,42,72,82,4,Yes,5,46.7,No,3,0x31db36768ff8bbfd5ad00a217d1aca5e4c4a8a8f,0xbb2ab7359a04f5dc84b6ba47a9613346164e27d5,No,2026,False,640,zkproof_0640_hash,HR_SIGN_0640,CONFIDENTIAL,CONFIDENTIAL,35d3ea85d50c7a661331336cafe758fe96944f14643547fce598986d50a4392a
0xf48be1c0e77f604eaf6c63bc6a528a3ea41e69e8,EMP1640,VITRJ FGCBCN,R&D,Analyst,70,55,26,84,63,90,8,Yes,0,50.0,No,3,0xa5560deba525324a975d8631e0a7e377bec74d9d,0x0801ef922eaf4e5c401dc880fd0132d62f3d4358,No,2026,False,641,zkproof_0641_hash,HR_SIGN_0641,CONFIDENTIAL,CONFIDENTIAL,46f03c3b0c5ff52ce3a16d1afd996a3d25df02ecf80e4e5196bcf47778efe822
0xa1edf3514767b2caa0143a0da384bb012f5d5c24,EMP1641,UKNCJ JZCLWY,Engineering,Manager,96,50,30,52,91,61,2,No,0,48.5,No,0,0xda7510ab8e42bdbacb0d96cc91ec39241484f5d9,0x4d641775cd5e9ab8f4d803d8d435380fa6664020,No,2026,False,642,zkproof_0642_hash,HR_SIGN_0642,CONFIDENTIAL,CONFIDENTIAL,eb69a1f0e6802f2082bfcd281edde95d0b0b490319b394dcca8297ce1a1113c1
0xb084b13306f5a3e769d7a57da6bb980f94873386,EMP1642,YXVRT NFCLQX,Finance,Intern,84,41,94,75,92,75,4,No,2,78.7,Yes,3,0xbcab93c6f1bc7992a5ae3ef5b3ef602a8dba2aa7,0x09b50a6f25be274a770c050c2514a046682858df,Yes,2026,True,643,zkproof_0643_hash,HR_SIGN_0643,CONFIDENTIAL,CONFIDENTIAL,5f31819a4916284a8eaab51f737f26c39c727a2f9a9768d226edbc8903325ae8
0x1da51eacb30dcb2cbc4a4f8696fd4a578ed73c11,EMP1643,EWBKW RZHFGS,Operations,Lead,73,32,98,60,83,44,12,No,4,69.4,No,1,0xda5ecdcf060429e9c47c70a46e92bf378da8d7e5,0x25ad2fd2de36c0313d0ae1c1ee452156b143d6aa,No,2026,True,644,zkproof_0644_hash,HR_SIGN_0644,CONFIDENTIAL,CONFIDENTIAL,a78771ce7df787c5e976ebfe0748cc3e70d3c0a63e5241620bb2bc237d397292
0x4b103d96943fa6ea0dfbe953c6c3b8bd502ab6b7,EMP1644,ALGFN NUFYEQ,Engineering,Coordinator,74,48,0,62,78,52,10,Yes,7,31.9,No,3,0xa774c4e8cff1735a054e35471a95dd79c9f83cea,0x26a33be3fc9d7f9b3b9031806f98c15c99bb5cca,No,2026,False,645,zkproof_0645_hash,HR_SIGN_0645,CONFIDENTIAL,CONFIDENTIAL,3454003a71e6e4c8f92612d53e96d17b9843c3bdad8cca4bc6e59e59dd6d76b4
0x6f2d384554de31cfc437dda31f85a3deb7059f8f,EMP1645,YNROH RCOCGN,HR,Analyst,64,38,69,71,80,92,3,Yes,9,72.1,Yes,4,0x98ffd439dbb12c887316174558e6512c0144154e,0x7045a8ac9e8f054dd336e4508b6a4de8b94abff5,No,2026,True,646,zkproof_0646_hash,HR_SIGN_0646,CONFIDENTIAL,CONFIDENTIAL,6df465b5a0ce12803baa8395f2f17657de121623dc49091f0d95aff6c9a52a95
0x69d0a2a6a962b216075c1b1b787d6830297b1f5c,EMP1646,MEOHU CEOMVR,Finance,Analyst,93,32,57,50,66,41,13,No,8,49.1,No,1,0xb7f741a780371f9c0e29d4db97413bbc313409be,0x7fc8ca5d43a0542bbd83271a6d6ae7c4d9687145,No,2026,True,647,zkproof_0647_hash,HR_SIGN_0647,CONFIDENTIAL,CONFIDENTIAL,feb016fd6a786b0efa2339895fb66a6c79e7f3f8e39cc75f91d6bedac1f98888
0x82faf0fafabc18df42bddc7a9e04c0fb7db7d7a7,EMP1647,PETWE GLCHNW,Operations,Engineer,67,39,36,75,79,43,3,No,5,43.6,No,0,0x9a5facd7908ad05484ddbf9fc2e514356ae915ca,0xb077028b78fe0a311df32d871ceb3d3075d4f542,No,2026,False,648,zkproof_0648_hash,HR_SIGN_0648,CONFIDENTIAL,CONFIDENTIAL,08dc74e843c24e6284ed491fe2c029353a45d437641407c70dcae3a844dd4d2f
0x37db32b80f32280e643dcde432d88110a3a6f7bb,EMP1648,VLUZW LFFPLA,Marketing,Manager,97,43,79,90,56,93,3,No,0,70.7,Yes,3,0x62fd33cee9f279641ee0cddb69b6cded9e980f8b,0x8f309dcb6e8fbbe140df55a4bc8ebf7d8e05605a,No,2026,True,649,zkproof_0649_hash,HR_SIGN_0649,CONFIDENTIAL,CONFIDENTIAL,9099dbae2fb91215294dc946eae4dafa7d0c7ae324a60217fc44bf7f5a6ab945
0x3f0d2086031d3628ab040ee47699b8afe4798e79,EMP1649,SJEZZ TMRPNQ,Finance,Analyst,84,41,58,85,82,58,20,No,0,57.0,No,4,0x55fa4a12aa496ac5f7cbf18b08129dc4bf87d755,0x8d8e9e2e8366c6c8a68af51fade1e7e48225a785,No,2026,True,650,zkproof_0650_hash,HR_SIGN_0650,CONFIDENTIAL,CONFIDENTIAL,dcc9dbb17d93a4c3f7fe026682829760c6646ef8fe5f5d5eef67fc1b81e59b6d
0x55a62784d585f47405b12bbbacc756e5325e7b23,EMP1650,LXIHC BQRJEQ,Engineering,Manager,95,55,61,43,78,58,18,Yes,8,58.2,No,3,0x7709e7082c3951e5995e5fb2f9db797b5fc4e3b3,0x312fef222b74591fbaf5f8f0fafe5215b436b69b,No,2026,True,651,zkproof_0651_hash,HR_SIGN_0651,CONFIDENTIAL,CONFIDENTIAL,247590cec54c9b11b46f7b306f82bc574ef36f87f3cf4a87ae58433d4666beb2
0x9eb363cc3a1436b961dca8216df6aeadf0aca23b,EMP1651,SKEIV AJFQEM,Finance,Analyst,72,53,70,54,77,64,4,Yes,0,62.6,No,0,0x783b3c97bd5ed5d130c1ebea409cd6be22d42900,0xfaf4fe488b1b2184c8527c169bd96f7935a4a71a,No,2026,True,652,zkproof_0652_hash,HR_SIGN_0652,CONFIDENTIAL,CONFIDENTIAL,9d97124b7e1e1bfc79fcc3b757c674e68e8e4181470c9b5297fcf5bad7fc7b45
0xe1bc484579ffef351b1e94fa443f4fecba7914ec,EMP1652,CDLNO BSKZDA,Operations,Coordinator,73,38,8,77,60,68,13,No,6,36.2,No,3,0x3bfa8f6105440327c4dddc5e4abfdd901dacddb5,0x5e00b03b90e9fbb7cab1a5f5c300f1fae3b67348,No,2026,False,653,zkproof_0653_hash,HR_SIGN_0653,CONFIDENTIAL,CONFIDENTIAL,5acf65e6e1c5f9fb7b2ded8a95426e788a8c48155038a3a6a9190a8f3cfd9c9e
0x33d0f2f9894a0ad0fbd51d05e3291a8d13b48c91,EMP1653,YLZKH ALYJNC,IT,Engineer,92,36,3,67,56,47,21,Yes,3,26.8,No,0,0xff3686a3d30da47617ccd1bdd465b07c52f842fb,0x09247ad6e4b8bcb4e866652825b825620d3d95dd,No,2026,False,654,zkproof_0654_hash,HR_SIGN_0654,CONFIDENTIAL,CONFIDENTIAL,e3bc1e42d8abbac1d9f3982ad50634a2042f6085148694ea94d778f889ceeb0b
0x9f538cd8cf50968e4e29bedecef98c04d0aa9f23,EMP1654,CVQIQ JTUJRP,IT,Analyst,75,40,8,77,67,63,15,Yes,0,35.5,No,0,0x4b4e24784963e56d64f99ef439233c35cd273e64,0x27e7c8244303569677da40c9ea4b45c84a2bcf0c,No,2026,False,655,zkproof_0655_hash,HR_SIGN_0655,CONFIDENTIAL,CONFIDENTIAL,8d9519db35b817213e99ae291d53dea8868740993874ff3e12c135526ae6a958
0x2685b6e111d113a09d610106b32cda2e51c6f4ac,EMP1655,SUUEY MYZPEL,IT,Engineer,75,34,38,84,90,67,22,Yes,6,53.9,No,1,0x07a08945c3769bcbd32d1855b74ea2f4b65bd958,0x8071a6daf80ef982e69bc6291e5e5157ca8b080d,No,2026,False,656,zkproof_0656_hash,HR_SIGN_0656,CONFIDENTIAL,CONFIDENTIAL,a804037302e041a258f4ea05a7d5adba037543045118e47aebe2a10d7d72767c
0x4da17e9dd04c8de4ed918c099e5d6d6c0eaad2f3,EMP1656,DMLYV UFSBDQ,Operations,Manager,69,52,65,75,75,98,14,No,2,70.6,Yes,1,0xf687a624b23279e379e6ea1da2a7d3e74be0cd6b,0x9e1f8730ae686d841acda57ccd5f42139be997a1,No,2026,True,657,zkproof_0657_hash,HR_SIGN_0657,CONFIDENTIAL,CONFIDENTIAL,ea6faeeb46f618472cf8a9d281c94cb63486913f0bb1962fd706b6f9cf8ca587
0xc31ec434bf3c5a352265e9f85db3605fa1c10251,EMP1657,UDXGT ZDHUGH,Operations,Manager,65,37,21,41,67,62,1,Yes,7,41.1,No,3,0x2f96eb2f3aaadccc44fa240eef97bcd4220ffb37,0xccf01203bccc0028b7fb4e57df104284fa0281b3,No,2026,False,658,zkproof_0658_hash,HR_SIGN_0658,CONFIDENTIAL,CONFIDENTIAL,7f33ba9541390b50c985c3d5f546653fffeda9c59c6c153310756fa08945e6c3
0x10d23335c14c1bb271ba73c1ae1bbcce80c4a6e2,EMP1658,DUVAW HGCQQJ,R&D,Analyst,92,40,69,43,60,61,10,Yes,4,58.3,No,2,0x6172ba856dd36931131ec5e7ae948248e4575e74,0x70cfa7956c090952b3bc1231c363b95e01dad6c1,No,2026,True,659,zkproof_0659_hash,HR_SIGN_0659,CONFIDENTIAL,CONFIDENTIAL,cb25f3eda17084444726fc4565659399cf9836cccca5adbc9f6c4abea177c3f8
0x8af99723f3bae71a31d709404ee62580e3346fbb,EMP1659,FWKWP HBSCCH,Marketing,Intern,83,47,79,46,64,64,17,Yes,2,63.8,No,1,0xa9e3fe7c3403cfc0a10b8d54e8eef3f48300d2c4,0x20bef69013586179ba3fd8b148aebdc838ac81d4,No,2026,True,660,zkproof_0660_hash,HR_SIGN_0660,CONFIDENTIAL,CONFIDENTIAL,39deb89c89cd01c512c4045a7593ccd4925cb51c92f1b30a29ba621532713e2a
0x2727d545054144d25e361f457597196601cb0b06,EMP1660,VRVUJ SKPAVP,Finance,Lead,80,52,69,64,67,95,17,No,2,69.7,No,3,0x88ee48b397ab6cb503e050a2268292a7cf5189ae,0x9269cd69fb3b024137b98437371daff14d783e6a,No,2026,True,661,zkproof_0661_hash,HR_SIGN_0661,CONFIDENTIAL,CONFIDENTIAL,a81620184f95e08110e7380d7e78b8632fcbb7d18872d290651867b03459bf80
0x5cb2dd93d95d4980b2b85d1c174a8ecfcb27233a,EMP1661,NZMFJ OWWLCG,Operations,Lead,69,49,89,58,61,47,2,No,4,62.3,No,2,0x4d82086d7373c262ca02ec6b58682cd69c774490,0xf177bec7cf1b23a3401aefa9090473d7d4527d31,No,2026,True,662,zkproof_0662_hash,HR_SIGN_0662,CONFIDENTIAL,CONFIDENTIAL,f76ee4062da730dff96aaca2652186245cb525f3026ab344bc0a0c2a6b135413
0xb4f6d8d69eb9ca03c10391740abc16932cfdaa2c,EMP1662,UFZGI CPARPG,R&D,Intern,71,47,86,98,90,69,23,Yes,4,73.5,Yes,0,0xe716bd31e57ded6287de31374399e40cb7d24865,0x4be09561bcf7ac4d270b0a8dd194e6c497c38583,No,2026,True,663,zkproof_0663_hash,HR_SIGN_0663,CONFIDENTIAL,CONFIDENTIAL,da8a3039a21a3307889dacf7c2f1ca43b653cf598ffd817bf011a0d1860d2b22
0x8c649c7572a31964dac63fb58788831f2cc7121a,EMP1663,BSDNM GZYNWN,Engineering,Manager,79,34,0,63,74,55,22,Yes,7,32.0,No,3,0x7a0284a309ff9bc525a9edb7683e851a1e4d91c0,0xbf2e6e57b69e3cea924baab3970824e941ce9397,No,2026,False,664,zkproof_0664_hash,HR_SIGN_0664,CONFIDENTIAL,CONFIDENTIAL,8ceb639d3ec16b0441a872458d2ee3fd1c411deaf49ae04d16efa44302f53cd8
0xe24d06435b946607b588c900798d38bcd9147dbf,EMP1664,YUEXV PNQFJC,IT,Analyst,76,37,70,60,85,55,16,No,6,62.1,No,2,0x72ed0021d5262a2721c0bf2f5d61d02ef934c568,0x4a22593ebd2c2433ad1605845db3fe924ca36ddc,No,2026,True,665,zkproof_0665_hash,HR_SIGN_0665,CONFIDENTIAL,CONFIDENTIAL,9017e25005cff18d93c8341edd09157e448b9468531c09aa737ffb414218e337
0x25b27e6dd285c0535d9e0505c576bbb6b31ae6b1,EMP1665,OKKGG EFAOIF,IT,Intern,99,54,81,43,89,60,2,No,1,68.3,No,4,0x464fdb5df0199c989e9e21eccd91e2782d08b209,0x52840288aff164e6b22d8477d04034c24a45ef77,No,2026,True,666,zkproof_0666_hash,HR_SIGN_0666,CONFIDENTIAL,CONFIDENTIAL,42a8e5effde86715989eea03d5c8172be1a1f280b134a2d408a4a295ecdb3840
0xcc004efe7ed745d5973bd50ace355e3ff2072bf6,EMP1666,ZVGIJ QEFMXO,Operations,Coordinator,71,35,29,40,80,57,18,Yes,1,44.8,No,1,0x44e45c9c0b133944192cf5ecda55b23b3ff90a0f,0x87e516aeca9879e601f947ba422e48c36c5cbd13,No,2026,False,667,zkproof_0667_hash,HR_SIGN_0667,CONFIDENTIAL,CONFIDENTIAL,28a12962258522831cd032d870526f1907ec1ca841375b799815ddc4dc5a5b5c
0x3063b541a14288c5bce185c5059efac7139b4cf9,EMP1667,DUKUS VXULMY,Engineering,Lead,91,31,61,93,81,86,22,Yes,5,66.9,No,1,0x0211449121415dba079781483ea133eee7ad5704,0xfe9f6e9f9a8c928fe49c6ea276cbf4d0723f326a,No,2026,True,668,zkproof_0668_hash,HR_SIGN_0668,CONFIDENTIAL,CONFIDENTIAL,dd583b087e908f838a3ee7c9d1efd324bf3a9a770753db643ef914b9b06ff98b
0x05f78344d46ec27a53f11126b8137ef1e522acf9,EMP1668,NHAIO OGNEFJ,HR,Analyst,61,37,37,46,74,73,20,Yes,7,52.2,No,4,0xb468f342be1ae5d828283384ae42119020c4d327,0xcd331cd8c8da349776477e13b430dd431dc4f557,No,2026,False,669,zkproof_0669_hash,HR_SIGN_0669,CONFIDENTIAL,CONFIDENTIAL,0959fa493ec095b4fb549735e352a2ed2478b2c4cf837e89654902f6780cc988
0x86dd73c88097f3836b08138e88a3485590c4f4fe,EMP1669,LKKNE MSSWHV,Finance,Developer,94,58,9,63,91,68,23,No,7,42.9,No,1,0xca992b1afb282e682e3be9bceed74f7672292e01,0x0d1bbc751df3c736b65079ca2e920a5c3122b8c4,No,2026,False,670,zkproof_0670_hash,HR_SIGN_0670,CONFIDENTIAL,CONFIDENTIAL,e050f01be91e3bbec703dd1abc56afdc842fdc90bf0118bbba3a3c8cb18d0723
0xb38cc6b704893d13978071164e872b726d8b1a17,EMP1670,RZSBC SZUQOU,HR,Manager,70,57,2,54,65,51,4,Yes,5,29.6,No,1,0x1064fd765dbd1957814dbc81a5446deaa98adcae,0xa35e1dde22fd2630e096b78c0ec56af7b360b8a9,No,2026,False,671,zkproof_0671_hash,HR_SIGN_0671,CONFIDENTIAL,CONFIDENTIAL,7fd9d9634a0d34abac5901f4775136b5c7f91b4310d5cc18793aa2e23f58138c
0xdbbc8f4a632b07a6388f45956a28d218dd109090,EMP1671,QRXXL TIIFGU,Operations,Developer,83,46,70,64,53,41,21,Yes,2,51.1,No,2,0x0365e5c451a24a480e111c00c390fad3ea714bc1,0x720ca2d1fd37ee0323672a3f9f6b11e93b00dd13,No,2026,True,672,zkproof_0672_hash,HR_SIGN_0672,CONFIDENTIAL,CONFIDENTIAL,07039968fb1d98719df8761dd03bc0a2f7e2c01be72539ad87c62b5fea596a5d
0x6d9c42d7a0417bd64ac375ecbb9b88f8ff7998e6,EMP1672,ATUIM CWGONT,Operations,Manager,85,30,20,47,64,97,10,No,1,50.0,No,1,0x8b7bd85839e24886d8eac774fcfc80a0ca14f263,0x2a804e50a5fb2259ca9550e50fa47ffa5624fdc9,No,2026,False,673,zkproof_0673_hash,HR_SIGN_0673,CONFIDENTIAL,CONFIDENTIAL,8eeffee1f47d72b096c0a9f71d74105412f7b3e921118493ccb932f9855b3f3f
0x5f4dcdbecb37ac71ade53dd3f154a95e5bd12c90,EMP1673,LKTEC HAKHMH,HR,Engineer,96,39,54,65,76,86,2,Yes,2,62.8,No,1,0xa5e5b6c67b7bd7bd956d0d87f2dba6553e4ea505,0x614381bd38dcfcfc5605c09a272069dfcc173c6d,No,2026,True,674,zkproof_0674_hash,HR_SIGN_0674,CONFIDENTIAL,CONFIDENTIAL,6deec11d4407dbfb78a1719198a5c5e0b6b1527c960686ff8fddd9073dfc8c6a
0xa60e9dc6d682eb8e00b86388402d2af50f779751,EMP1674,WRVUA IXZZEK,Operations,Lead,66,51,36,80,55,79,10,Yes,8,49.9,No,1,0xbfc546f1fae6df9cb38c3bb33feae8ec320ef6a3,0x3f4f43a1a1dcd185c61a96806f2b826c2e3935e6,No,2026,False,675,zkproof_0675_hash,HR_SIGN_0675,CONFIDENTIAL,CONFIDENTIAL,2493580a0fd993a2c892fdb4e0fd4c20b4d23ae7437adbc3dd64e71cf1f1a80e
0x92461dca278bf77f0d53997bc82950cdedc9be8f,EMP1675,GTWJG IRFIIX,Finance,Coordinator,69,47,15,96,98,41,7,Yes,1,38.0,No,0,0x66d2f13f4dc1074d0f116e2e2a3fa9c4b32e1c15,0x273da8d2c8d905af845d391e42b9638913801f76,No,2026,False,676,zkproof_0676_hash,HR_SIGN_0676,CONFIDENTIAL,CONFIDENTIAL,f5d7d2fcaf3c38bb67c9f70e371609b9b4a57f8fc0b6b7138f087a9b39fd5efe
0xbd52d83c2fa7e38eadb476f567ade06d0bf6605e,EMP1676,MANVE RBONAY,Marketing,Manager,95,52,93,98,68,70,19,Yes,2,72.0,Yes,4,0x7eea4792620ad8c96a3a4734dc3042835a6813c7,0xe2a6bd8c1422c47fe74e848587f97a378ce89713,No,2026,True,677,zkproof_0677_hash,HR_SIGN_0677,CONFIDENTIAL,CONFIDENTIAL,143a5df53824ef9beffffecdd028c09cf830ebb6035720e6ae8809d16e4c9ca8
0x79c1817771d93acf06728d30a4d59583934d39b0,EMP1677,AVBVU RQTWIB,Operations,Intern,60,43,98,46,74,46,3,No,5,68.3,No,4,0x1beefdd018c36797bd078e5ca8246fa597f73665,0x7358c0673e2f846f433ec9ba264a531e7108a229,No,2026,True,678,zkproof_0678_hash,HR_SIGN_0678,CONFIDENTIAL,CONFIDENTIAL,7e4ab0bdeedaa38f9dfbee13f89bc9bbb982257653314fac48ec740e6d28f6aa
0x554ef009a34800140e423fb1bf62e86e345b7898,EMP1678,WWETM IEYVSI,Finance,Engineer,71,48,25,89,62,81,5,Yes,7,47.4,No,2,0xec6086656d81fe5d2bf0caa4a9dac40d8f7d7b56,0xc2d28a32eabbd4e316ad90d5d0cdb0100020f3e4,No,2026,False,679,zkproof_0679_hash,HR_SIGN_0679,CONFIDENTIAL,CONFIDENTIAL,41f31b1d82ace761a13cf92af17324f77e469fc81fd81ee209d18a3ac32be6aa
0x6f3a6c104f4a7b0260b439d99482e911ce319537,EMP1679,QKOMQ KUBNIK,Marketing,Analyst,80,53,69,44,52,55,10,No,3,54.8,No,4,0x721601055a88ec135ba226ae961d4b2eeab17681,0x461c77b2ac04184349701ec522e100f0d73c4609,No,2026,True,680,zkproof_0680_hash,HR_SIGN_0680,CONFIDENTIAL,CONFIDENTIAL,513928bd1350980f870f0f32871a21ab935ebbcea50ef423537833f332b374c1
0x0bd58a94f477d28180763921693cae11e83e533f,EMP1680,ECBFK XRUWKD,Operations,Developer,82,46,67,59,93,86,22,No,8,72.0,Yes,4,0x515520391ca3c78bc665dc044fdebe9a7015d77b,0x402651b5726cc04179ec397347381fab56f08b5b,No,2026,True,681,zkproof_0681_hash,HR_SIGN_0681,CONFIDENTIAL,CONFIDENTIAL,2b70ea53745106cc37389f9257e96fc156960cf5a9aaa0f065941e304df5ab68
0x16ff25e5c5a51b019cfd1fbba00c7a97f2eafbf0,EMP1681,YMEUL NCJPUA,Marketing,Developer,96,56,23,68,78,50,9,Yes,6,40.4,No,4,0x90c3352cff149e8d2b59ffa34bb9c15f4da87d4a,0xd7548487c16a32109797cf54e54cd3cb8e582864,No,2026,False,682,zkproof_0682_hash,HR_SIGN_0682,CONFIDENTIAL,CONFIDENTIAL,6d34de04590d728eb5bf159ef3d9e0a3ddf33515743db39408bfbdbe4b812ab4
0x5cf361e2d948c3978f694e620cd67f1cf6e400d9,EMP1682,CEDXI BTVEFY,Marketing,Engineer,82,48,68,48,70,50,20,No,0,56.2,No,2,0x6fbdce49248a6eadd3973c65ee41fc23cf603047,0x924cc029001f640c2a78c645e294cc5f2836baf4,No,2026,True,683,zkproof_0683_hash,HR_SIGN_0683,CONFIDENTIAL,CONFIDENTIAL,95cd0f629eac096d01c89d10f8bdbcbd03d8b0aa66657f5baf5108fea6dde9b0
0x9577ba522b411f7dd227814ff7f538021d7b0be0,EMP1683,ZPOSA VFHNFH,Operations,Lead,80,55,1,41,73,60,5,No,1,33.1,No,2,0x6660d9a959723e1476489a208121470decb7cd2f,0xe58677e2fe551c1588e001bf3ea3fa8e9ef939e3,No,2026,False,684,zkproof_0684_hash,HR_SIGN_0684,CONFIDENTIAL,CONFIDENTIAL,c11fd033ab4583fa09ea644fc8023f355e7ea8b69f603425d3461f3471066ffd
0x9df0fb84f8ef9d89ed2204538982390a8ec12ce2,EMP1684,CIDAO LJZUTG,Marketing,Intern,90,41,88,68,80,65,8,Yes,5,71.2,Yes,4,0xf0950c357dc05b7153802ffa7bd971671e385b8d,0xb1d5673910204d982a6811b8c9575dbf39b49caf,No,2026,True,685,zkproof_0685_hash,HR_SIGN_0685,CONFIDENTIAL,CONFIDENTIAL,00ecafff2c4aeafbf6abece47a9638d242a809488170511c57f660e76238bc03
0x2c14e7ead4cacd0d4de5e92fe0a32fd0d60a9af1,EMP1685,HJUKW XSXQAR,HR,Coordinator,71,55,7,81,79,56,16,Yes,8,36.2,No,0,0xe82dee34174fdb7735f751caa7d6bbbeec7a14f6,0x26741abb4c7b23ed125fac04a45bfadae4a4c2eb,No,2026,False,686,zkproof_0686_hash,HR_SIGN_0686,CONFIDENTIAL,CONFIDENTIAL,5d9c0dc102d23ff7faffb8547a0e93543730d72d248e8be1d08933918eb6efc5
0x72fd643a53bbd839b7c433f806337b48b2245ec5,EMP1686,QTDTI UDDZNI,Engineering,Developer,75,36,86,61,83,70,7,No,1,72.1,Yes,2,0x1be5522eaeaecf1044e2d9c0761f54be147b7370,0xc4551bc11582f8a570ecb4e324aed34f2e7f739f,No,2026,True,687,zkproof_0687_hash,HR_SIGN_0687,CONFIDENTIAL,CONFIDENTIAL,9328701658f12e540926ddcddf2a6098a83e20bed4fc471c78064b34bc6a1686
0x19175c59cab7bcbb89f2346de30c9f2b95a81fe4,EMP1687,CBMTZ KQWWJD,R&D,Engineer,79,51,46,93,78,80,4,Yes,9,58.9,No,2,0x411d267052b2970ba61b456bdc9bd1bda4b96ae4,0x66f86a9e7083e01554efe997f73c3f08962f422a,No,2026,False,688,zkproof_0688_hash,HR_SIGN_0688,CONFIDENTIAL,CONFIDENTIAL,200ecc8516a17a699a2e02006e25c78b1e8001adea1f3f703427bd34d916d085
0x735eb416b60aeaa7cd404f4bbc1a75757e0027a4,EMP1688,TAAPJ CNDXGF,R&D,Developer,91,54,47,66,78,64,23,No,2,53.8,No,4,0x75341f5b8d72aaca2789927c646e9580f038ddc5,0x665d7495098f22308192696d6131c66101a3d9c8,No,2026,False,689,zkproof_0689_hash,HR_SIGN_0689,CONFIDENTIAL,CONFIDENTIAL,0a42b769e19312f7899eb405c637d474d5e71d8ea63959ad2eca5ef65b731495
0x2f1839e721bacdf3427d53ce46c14e7b63a95154,EMP1689,KSTWX WRWULW,Marketing,Analyst,96,54,13,74,97,76,24,No,0,47.4,No,2,0x1993a2c30997011a55682182306b6ef7e0f1ecd1,0x5af10a90a6a2d6bd58f6adb6843d351381f6c09e,No,2026,False,690,zkproof_0690_hash,HR_SIGN_0690,CONFIDENTIAL,CONFIDENTIAL,2ecfafd6ee3185e58d1b8ddbe25df117e2b17f8c739b0e019084982615544312
0x41142ecbefb60b5640d9755b57e879df45730279,EMP1690,YVHIK AJGLOV,Finance,Developer,85,48,86,90,78,84,15,No,8,76.0,Yes,4,0x1b55d3a5e57adb7e7e475d43ce653736e3c776f6,0x6253175d9cf7d8e7cbc0ba28de0490daf08e91f6,Yes,2026,True,691,zkproof_0691_hash,HR_SIGN_0691,CONFIDENTIAL,CONFIDENTIAL,b15666ed525e599b227e5258acc9d383532734f88e6ddcf89106f06fa950cc17
0x16ccd9ec2133b501071aa4bc7709fc98d08c9677,EMP1691,KMMCS YTGKIL,IT,Intern,77,48,99,86,96,60,4,No,8,77.6,Yes,0,0x9349529a6397aa20837308869d53c5ac9bc95918,0xfd4921db6974f4a8467376f4ed9e1eb5b4bac53f,Yes,2026,True,692,zkproof_0692_hash,HR_SIGN_0692,CONFIDENTIAL,CONFIDENTIAL,ffde177e10be8497b63839137e6f93c03e1c4d84183f7a410ab1e33abbfb39cc
0x120548886b92a80328be482f0fe7a5f835f68238,EMP1692,SPVLX IKAJCI,Operations,Coordinator,74,55,88,80,76,65,9,Yes,3,70.2,Yes,3,0xb7fb09eb74a3720b2a1e42ba3d9871dfe37acc2f,0x813959df51753ba5662493766373f8d2500d48cd,No,2026,True,693,zkproof_0693_hash,HR_SIGN_0693,CONFIDENTIAL,CONFIDENTIAL,fa666a1c6d3e314bc2ca142e479727cfc183e99688045d284a4a6ff1536147b0
0xd444b8eacdd2520ee2dfdbf72501f6ebfad4cb3b,EMP1693,PHECV GGWNCQ,Engineering,Analyst,64,53,7,53,54,79,9,Yes,7,38.0,No,1,0xf1d3480aa49334f79c845f158be23c6a483e3ab8,0x052ce9fa430edef9aa7426b75b346d944547ad54,No,2026,False,694,zkproof_0694_hash,HR_SIGN_0694,CONFIDENTIAL,CONFIDENTIAL,6f642ad56b5d1ae7868d4dfd02464130948b5490fa030ae426cc3b9d61adc761
0xeca0d0b3392b4cfb1a8d96e10935c8bf38e439b5,EMP1694,HDKIP ZUKMID,HR,Lead,81,47,95,41,74,57,2,Yes,1,70.0,No,4,0x8dea5db1da6272e9c1ea8e74bf3630f7c9137369,0x9a18d1d87d827516658ac628274382ac0ee93c40,No,2026,True,695,zkproof_0695_hash,HR_SIGN_0695,CONFIDENTIAL,CONFIDENTIAL,0e06feea905bb2027074314aa5d511e60deb8d2de86e76d53f95ed533e544fee
0x28fc1ed4695fde3daaf4a6ae1cdd653bd33a005e,EMP1695,RNEJF DTBAVF,Engineering,Engineer,95,32,30,44,67,68,2,No,6,46.4,No,3,0x8e2e6a2e0b4dab97cfafbb01cf4fa3a251792c2a,0x0257f7fa2f17a2e98c8501d6d640cf742a7bede6,No,2026,False,696,zkproof_0696_hash,HR_SIGN_0696,CONFIDENTIAL,CONFIDENTIAL,4fdf60ec67431204840b90efa6501bec28698ea182d0e6966b2a8b7ded59031d
0x96d90e9327f19c7ed8570a86d66c31f9baf794c7,EMP1696,HWMZM MAORIK,Engineering,Developer,69,37,71,78,63,73,22,No,1,63.0,No,2,0xf440410f4f119effb00c056c10130db6bf02a058,0xf6f485738b5bbadf2dc96e92b13c7385f573991e,No,2026,True,697,zkproof_0697_hash,HR_SIGN_0697,CONFIDENTIAL,CONFIDENTIAL,e4d554b446b87d8033fa16026a3eaa6fb15c9013796590df1c760ac65810e7c7
0xe9667d8c87da78943841fa81cf5b7358fa785448,EMP1697,BPKEP RPJRWB,Engineering,Analyst,94,51,11,45,67,49,1,No,8,33.3,No,0,0xc2e787ed4114bee29e0b63f1c487818d794de483,0xdba283487d14b3ebc056a556437016763abc49df,No,2026,False,698,zkproof_0698_hash,HR_SIGN_0698,CONFIDENTIAL,CONFIDENTIAL,292aa0b335dbac92fd2e7bf446c7c7e2524594ee39c1bdf45363bc653bac294c
0x57b44b4c5282cad0a4bb68a21713c6d6b6abfab2,EMP1698,VNURQ WJOXJW,Marketing,Intern,97,59,20,42,76,86,6,No,7,49.7,No,1,0xe21e62977a304351c31234100ca2c26eec6a00d0,0xf194140031ff588659a259dbd3c2c9e4796205df,No,2026,False,699,zkproof_0699_hash,HR_SIGN_0699,CONFIDENTIAL,CONFIDENTIAL,0f5f9568fba823dd39c496bc47508b5bb990e0fabe688b9ab99fcb31659770f6
0x2e42f1a06847b76798a19d7809d0b3768652a0fd,EMP1699,OBICQ JDOTQI,Marketing,Developer,84,41,38,98,74,65,14,Yes,2,49.7,No,4,0xe797caa42cbbd1e799303b5750c1a639c3fa6906,0xb7179eb2a820b3158255f5b1a6406128842f2289,No,2026,False,700,zkproof_0700_hash,HR_SIGN_0700,CONFIDENTIAL,CONFIDENTIAL,be35a351e3f7c6079737c716d81cf1b2c9aef1b1f403b9a849269044c78eded9
0x90a4b6fea1f1d08dce79dad40ea7039861552a8f,EMP1700,CKDZL WEMVPF,Operations,Manager,77,32,4,84,94,43,22,No,7,34.0,No,1,0x05e0d329c3e611731c51700080e969dbd212f1b1,0x158105f1784fe4bc0ebb7c8ab7740f9c8b0d31bd,No,2026,False,701,zkproof_0701_hash,HR_SIGN_0701,CONFIDENTIAL,CONFIDENTIAL,4cec1201f0da4328c9bd9d0f08f2fe15bb0fd691370a6d196277c2b59b83fd43
0x01336f990f5d0cc81cc65e2c04e9da05e6d5b933,EMP1701,CIXHE HCDTSS,Operations,Analyst,90,31,6,46,69,62,14,No,8,35.6,No,0,0x037722fad7b43e488f21ebe14756aff85338404b,0x010a66701a0e282ffd081a67412875695d27d097,No,2026,False,702,zkproof_0702_hash,HR_SIGN_0702,CONFIDENTIAL,CONFIDENTIAL,b518bf7adb46b17b226a50f571bee2c20f5f66c31f386f70ad45b09ec10cee5c
0x466193958596ffaccfd11f11d318111dcf724c5d,EMP1702,MDMBU KEDZKK,Marketing,Engineer,75,56,44,81,78,51,3,No,5,49.0,No,3,0xd044c52e02e09529b39e0120e41c40f0465c5fef,0xf23af9c194debb7d2f13829a15dc63bdbd83a349,No,2026,False,703,zkproof_0703_hash,HR_SIGN_0703,CONFIDENTIAL,CONFIDENTIAL,cfc13328346afa32e034d35bbc14131ff09e30c21ef457a87f525601c08bfd54
0x7e6be5425f5821693a5e01cecca6e3c9f38ff1b4,EMP1703,YXYUT IQTXJQ,Marketing,Engineer,62,40,77,64,54,43,11,Yes,8,55.3,No,4,0x4eb28fb589c0871fbdb6cc7e937e700d14308776,0x07af98f4f78d70cddb836922d060434c1686c76f,No,2026,True,704,zkproof_0704_hash,HR_SIGN_0704,CONFIDENTIAL,CONFIDENTIAL,b9fb2bf97bcae29ec4fdd85b98ffb13377674cf12f38724f32d19adcfea204dd
0x41ab30f05e16ae09b5b6d81605e9101da0ce1bf5,EMP1704,GVTQJ SEWRXQ,Engineering,Lead,99,51,37,40,76,81,6,No,4,54.7,No,4,0xa1f95a5aa0bbdde3f70bf8dc826eb5d1c328c1dc,0x9f427873c0193691b968313c08233a4f472154fa,No,2026,False,705,zkproof_0705_hash,HR_SIGN_0705,CONFIDENTIAL,CONFIDENTIAL,69450ad090e5a81c6c33c33727beb19ea29f6e339b12d560ccf1a50ff11026fc
0x904358ed0db92492c305ab128699535794e5018a,EMP1705,WOYXP ETWAKN,Marketing,Developer,70,53,29,65,75,42,10,Yes,3,39.5,No,1,0xe362dac6a48f1e38a17e7fc7ec974d7ffe815ad4,0x0bd9018cb3221a46bd0a5641d806cc0dfae50de6,No,2026,False,706,zkproof_0706_hash,HR_SIGN_0706,CONFIDENTIAL,CONFIDENTIAL,29faa7d20b004ecc0ad304c358b0c17daf2c7098b45884e420447494b2bc5039
0xd4140d3f2efcc14b9551be52e3846b448723227f,EMP1706,PUMTA FSDUXM,R&D,Intern,93,47,2,90,71,60,0,Yes,2,33.2,No,3,0x712a9e2a5d9532c6d3d74217098b90ca7d62caf1,0x846bfd7758428b46d0aef16a0c9719790d77c0ab,No,2026,False,707,zkproof_0707_hash,HR_SIGN_0707,CONFIDENTIAL,CONFIDENTIAL,a199510cb2e48d6d486b1940ca4680a6f530796a8ab66f0a75aeec8a80442369
0xf230c3cd573634d0cc48dcbe57002e5fc6638ad7,EMP1707,NPFMA YXDWJE,Marketing,Lead,83,31,35,99,84,41,22,No,4,43.5,No,3,0xcc3c7c017e76c5d7d549a69329ba1450ef40bcd1,0xd40f2fe107a1b5c27d07e257ab1df02c04c511c4,No,2026,False,708,zkproof_0708_hash,HR_SIGN_0708,CONFIDENTIAL,CONFIDENTIAL,36fde5f55d472b1e91f8b8ef7f75b7d7c6822833386f440036069881c8d1cdf5
0xe928a59a866283580d82028aff8926f253685137,EMP1708,CHFFP XEAOGB,Marketing,Lead,97,46,81,82,68,85,6,Yes,4,71.9,Yes,4,0x94af8b52e603b0f2ee0b1d435a0fa1fcb58ce4c7,0x0db0a40622fcbd96e79fee692e3ba4172a4e6ad0,No,2026,True,709,zkproof_0709_hash,HR_SIGN_0709,CONFIDENTIAL,CONFIDENTIAL,2072f2132958a98c71890122378696ced4bfe60d94472b82068e4b6f2fa22fe4
0xc847bb2c115b0ab1dedb1e8b3a3585e26478623d,EMP1709,OSBST HZRWMB,Engineering,Manager,78,41,27,76,57,61,23,Yes,2,40.7,No,4,0xe38916820602caee4ec4bf71089f67b9356ced7c,0x400c26765c76fdfe4757c69114c026f61cf71bb5,No,2026,False,710,zkproof_0710_hash,HR_SIGN_0710,CONFIDENTIAL,CONFIDENTIAL,d51eb7b02617b8d3fa1b9a1698be0de555309988a4b7446c4fc2571f3a363459
0xc08bdcc19c6e098ddcc6b93b9659e16d8c79cb10,EMP1710,PTSEC OXMGQD,Operations,Engineer,87,32,81,69,76,96,23,Yes,0,76.4,Yes,4,0x7017ddfced98b2bb6ba650433ec1a4ddb7775f81,0xdd6abd21cc9d94a88cae207c865788b7fd5a33c7,Yes,2026,True,711,zkproof_0711_hash,HR_SIGN_0711,CONFIDENTIAL,CONFIDENTIAL,34953013800e77d2592f4925b66cc71c8c02d1725e207d9322aa1179ea10c5d0
0x16ba6d1e1dc33b3ec1eb77a1c3b4671a138a19e9,EMP1711,TNBHL GITFIR,Marketing,Analyst,90,46,83,40,54,67,6,Yes,9,65.0,No,4,0x3686db21fb8bb5bd426f21c28af2f023c8bee478,0x40f643d32be4d2ba8929c71bef12e0a07ff19885,No,2026,True,712,zkproof_0712_hash,HR_SIGN_0712,CONFIDENTIAL,CONFIDENTIAL,ec430eeb13904bb5fbb6452f331080397ba8e9e3f6ce087a9679f3a9f31fc3fc
0x92d201d4117d0cfa8f74690ce9b4555f3784ef00,EMP1712,KPCGY PNTTIG,Engineering,Intern,96,55,25,75,63,50,11,Yes,9,38.5,No,3,0x82897cdc2712bad3e4c694fc2d72654728fc42bc,0xbeefc50c92fff1f9841c4f536d796fb64fba738b,No,2026,False,713,zkproof_0713_hash,HR_SIGN_0713,CONFIDENTIAL,CONFIDENTIAL,9d937b4ab80ef4b64ee493bd290e3c0bc4054f825baf65dfa4086d399e4a8f91
0x4362a98a751d89c9f10ce59bd710081a29600e80,EMP1713,RAPBG MCSGMU,Operations,Developer,76,45,62,78,84,83,16,No,6,67.1,No,3,0x6aa80605c5a552dcfe25fc920ca8ba1129a842c8,0xc2d50e28672d209e12d5902ee2a949cc11d97243,No,2026,True,714,zkproof_0714_hash,HR_SIGN_0714,CONFIDENTIAL,CONFIDENTIAL,455f5ca31b735a2a1757991c5c74f98dff3f896ca93027c92db592e693821c8f
0x401cd3b9374a05dec2e851b8f3f5f85d18bfafab,EMP1714,BZHBK YIGGOC,Operations,Manager,71,44,86,52,64,79,24,Yes,8,71.7,Yes,2,0xf4264e91b5778aa6bb408a0622bf8912833e31d1,0xf4527b33f1c83d78737e48c7b21aef4d1c11c37c,No,2026,True,715,zkproof_0715_hash,HR_SIGN_0715,CONFIDENTIAL,CONFIDENTIAL,47f80042482b331cc3291bff4a27def109f1901eed076708df8c4c067646c2ed
0x50b15a1305b1aa7cc9128786935431ea09fc58ed,EMP1715,DZUAF LCACMT,R&D,Developer,77,50,52,93,96,85,9,No,8,66.3,No,1,0xd2c89624819ef0c4ed0fa669a0680b4edc929b2b,0xeb649567c86bf2609612a78ca24807eb22b46b87,No,2026,True,716,zkproof_0716_hash,HR_SIGN_0716,CONFIDENTIAL,CONFIDENTIAL,7172e17f643d1f757f063a4b2c2185dcdba0ec0314e45c7aca845cbdce912146
0x8e3543aa03f8559085cf39cbfff4f3fa15114de2,EMP1716,NRSPD WYYJBB,Marketing,Coordinator,95,47,99,52,76,64,9,Yes,7,74.7,Yes,4,0x1c65e90500450517c88b3e12a057dc3912fca9bd,0x4c3e1a533995bc0647a1e3ecd39380988f8440be,No,2026,True,717,zkproof_0717_hash,HR_SIGN_0717,CONFIDENTIAL,CONFIDENTIAL,6c891d12f03c98e0ae8cbb3209e2e4275959daae26a768aaf1fecf706696d02b
0x858acc76420e087039a168163a400a7dc31103d8,EMP1717,ETXAA JDROSI,R&D,Coordinator,82,47,26,89,53,96,8,No,9,50.7,No,3,0xb7f7d1bc7a23072848fa1f574585253a4f35dd34,0x61d570dddb8d0e82ea34c0794197e33bd6bfeb4e,No,2026,False,718,zkproof_0718_hash,HR_SIGN_0718,CONFIDENTIAL,CONFIDENTIAL,0eaaba712b7b40e134afaeb3c311bd20f374aada2a8ac67c390673c2603173f7
0xda38c8b915885d10bb9739bdd3805602812b9e12,EMP1718,XREXD ZEIEDY,R&D,Lead,87,48,60,81,56,70,9,No,8,57.0,No,0,0x62ede8fdb374e42634919538274e7d054acad1ba,0xd0588d4c3a914ff02d1b0798b3df9c2d7e595c2a,No,2026,True,719,zkproof_0719_hash,HR_SIGN_0719,CONFIDENTIAL,CONFIDENTIAL,a18b7a4cc7f4953f75cddc49e9ca2e3f06db4f05220d425e197d95f8c93dbb49
0x48b5a7e938a93a44db92ac52b5b66371f2b39c59,EMP1719,SNHAC TQYLZZ,Engineering,Manager,64,45,5,78,62,71,21,Yes,3,36.0,No,0,0xe9c79207179a035ae5267c7635980344a5fddced,0x1224d21012f588975d1b9c177c1981cb404e5a02,No,2026,False,720,zkproof_0720_hash,HR_SIGN_0720,CONFIDENTIAL,CONFIDENTIAL,6980548476460f199194d57a3e0320853e34f7f1dee2470d66f82ed9df87b65f
0x202a0d7297d628ede5f61167ec07e8b77dba127f,EMP1720,CNRLD FRHFCC,Operations,Analyst,88,34,92,83,76,58,18,Yes,5,69.9,No,4,0x4970f4ff2a4321760fa1bee228afb67f2b568e60,0x4b24fce52b9d55f832bca0183ae34ba75b1f8355,No,2026,True,721,zkproof_0721_hash,HR_SIGN_0721,CONFIDENTIAL,CONFIDENTIAL,491e66caac6a1b042e7bc5662d51540d831fb1ce545351929883dbf82d2d914b
0xb19bcb0b15f8f92119a9508fd17447b548ba8acb,EMP1721,NWMQX UMSJPX,Marketing,Analyst,82,40,8,48,54,64,8,No,7,33.9,No,0,0xcf2e12ef92bb79adde92d87e94120c5d5672ad70,0x8bed0f36c7ca4256108c730545da5c0335f35db0,No,2026,False,722,zkproof_0722_hash,HR_SIGN_0722,CONFIDENTIAL,CONFIDENTIAL,72d2fc645437e3be8e01e6b39b4a6d38ffdf3923d1535656504a82d742ef45e1
0x1dd6c2a102275e44179b13c73e83bdf50a5b3106,EMP1722,PUBXU YTIBKB,Finance,Coordinator,70,59,19,92,92,74,8,Yes,5,48.7,No,2,0x8e3ad930aefd6cfcfd071d96fcd2ab4fb6d1cc6f,0x9f5d92301d560f7578cd6568b194ea46a3ef0a93,No,2026,False,723,zkproof_0723_hash,HR_SIGN_0723,CONFIDENTIAL,CONFIDENTIAL,0f076f71a26d1e4007cf18ff11d7fbb33e870bc5ba35cea23959ab1164ca5301
0xb0aa48006f9efdb408be717849efc8cebf0433a3,EMP1723,FLDPU GEDBIN,IT,Manager,80,33,78,50,78,53,12,Yes,3,63.0,No,2,0x61d9988b06c99312ae07f4bbffba24eb32445900,0x79fd5c182485ba68517c57c0f6f947b99f04c5bf,No,2026,True,724,zkproof_0724_hash,HR_SIGN_0724,CONFIDENTIAL,CONFIDENTIAL,5902a1815c89ebfe6e297988c5df56b4aa611c3d4bf8b2b1e98fd862e94e8501
0x31b2a840a6d5252616137a5d588065776bce434c,EMP1724,GXRAE HTSKLD,Operations,Lead,75,49,79,62,52,90,10,No,2,69.2,No,3,0x8bd18324fcf6bbf004e74cd31a9f66e5ee6989d0,0xb52a01665ef948e263d671c54e88210d385f5082,No,2026,True,725,zkproof_0725_hash,HR_SIGN_0725,CONFIDENTIAL,CONFIDENTIAL,ff299f2ec60969cd1c900b4baae59feac9d2321f185d576c21e8e77e6645c78a
0x0a782f15b1999be695ff06c39e0cd41293071b98,EMP1725,LOMCJ PLHXKQ,R&D,Lead,74,49,5,76,85,46,0,No,2,33.0,No,2,0x050586a38233ade47abf35282f2ccbf215fb963e,0xe082d5c22b8ed4862a0114d6d81587de672bddbd,No,2026,False,726,zkproof_0726_hash,HR_SIGN_0726,CONFIDENTIAL,CONFIDENTIAL,bd1febb75747dbdc9c09a3d0874a53ec348a2aeaa01b0ca234b5083adbce1dd5
0x1b40a4968e597a38969ba4bc8b65f81b409d3fd0,EMP1726,SEIEJ VBXXUP,IT,Developer,63,43,73,44,50,85,21,No,2,64.9,No,4,0x4dd9570a8b932fbf74d584c6b56e32a17cffb14e,0xf89787f173b8a37705df02ba76427d0cb8d2cb01,No,2026,True,727,zkproof_0727_hash,HR_SIGN_0727,CONFIDENTIAL,CONFIDENTIAL,cf11dd4f31f24266191eddc330d7e86464edf035ca0a0f5d9ea6153671103299
0xbd14c023d7e008d893ce51beb53e728012eb0912,EMP1727,SJZJZ GNPRYL,Finance,Lead,87,39,66,62,52,83,13,No,4,62.1,No,3,0x229d8c25c92f2a7511b4383ca157bb93dc58e9cb,0x6e629703c0c4c8ddc1ae34c5bb28c2d1ccb7f73d,No,2026,True,728,zkproof_0728_hash,HR_SIGN_0728,CONFIDENTIAL,CONFIDENTIAL,187fc367f9eb196108b9abcf3ec2d6fa7e1be2f81dd0960a225f9391bc9ea5df
0x1cba769aadc99398eb1d6abf5e6383644a20bf57,EMP1728,TWOMX GLPYEN,IT,Manager,85,52,91,84,72,78,20,Yes,1,74.3,Yes,1,0xaee85618d54df1c9f89672acd931717b13aa418f,0x25e85176836df58e24002ac585d5caeaa1c98875,No,2026,True,729,zkproof_0729_hash,HR_SIGN_0729,CONFIDENTIAL,CONFIDENTIAL,efed43151844426e36b0188f3440412002c01724b1dfc2c562325060885199cd
0x2459cc7c617b2bd5274146102b2b42d147f096f8,EMP1729,ATNFT SBWTWN,Operations,Manager,63,48,56,63,65,69,8,Yes,0,56.1,No,4,0xa54cf62676b39d143bc36b701b4ab8d4915c0f07,0x1b06bdbf93ea3aac6f3641168bbfb1d828e96511,No,2026,True,730,zkproof_0730_hash,HR_SIGN_0730,CONFIDENTIAL,CONFIDENTIAL,02a17a53b7720d6a47d0c03cf76a1a1f84372ec9106438cb4acfe8f52e65ca7c
0x09db51dfd4f5b126887216c9635999780cc5939a,EMP1730,DIHWK VIXEJH,Operations,Analyst,91,53,41,67,54,51,6,No,7,43.2,No,2,0xbfb09177724f325bb2eb83ed478a99a3f4c77385,0x87099d87d4848b917d420015a0082522937fabb4,No,2026,False,731,zkproof_0731_hash,HR_SIGN_0731,CONFIDENTIAL,CONFIDENTIAL,b1df1218c4d30beba8a2019bfa816f8f6472f70d72c1cc3db14ef34ca70f01f5
0x01817196d18ef9893d64b5b86b0294b61a683092,EMP1731,INHEU SXJEZA,IT,Engineer,69,49,10,61,95,76,10,No,9,46.7,No,0,0xe2050af69711f0aed2662fab9dbcca27a8c499dc,0x6e5073ade0018429df47e6719af03aca0a9f2f6b,No,2026,False,732,zkproof_0732_hash,HR_SIGN_0732,CONFIDENTIAL,CONFIDENTIAL,ac694a4a68f4789af237f374d7d15a2cf779e129b6b0e7cfc147b9eeb79d8809
0xfed3201f9b701735f7a446b8ca45d99474eda13c,EMP1732,KWVBH EZECQG,R&D,Developer,71,45,58,99,95,56,20,No,0,59.0,No,3,0xd8938ecd5935103aaa5133285cedd47aae64f264,0x309a42c0c82a250d21b26770c8d125c0958eed11,No,2026,True,733,zkproof_0733_hash,HR_SIGN_0733,CONFIDENTIAL,CONFIDENTIAL,5d69b01c9a3dc1f504a40d32349f4c4b74ba4fc9534714409173b11c700ca2cf
0xab31ec9444331373af8e580720c9c5bf777a9717,EMP1733,GLQOG NMECLI,Engineering,Analyst,75,40,64,76,63,87,5,No,8,65.1,No,3,0x2439f5a8f134dd53625e4c426f456dac7cd4384d,0x342f7b997a0670161317ce1181d3095fddbe0271,No,2026,True,734,zkproof_0734_hash,HR_SIGN_0734,CONFIDENTIAL,CONFIDENTIAL,9c97635b877902163dc1573ae66912dba6b7b364562bb222e394ab25b357f481
0x618231c890ed8ff1199940c94f9f73460f8d7e14,EMP1734,JFGXN FQKGHG,R&D,Intern,74,35,90,50,78,65,5,Yes,5,71.6,Yes,1,0xe2250312a47c3a80f985f2892ee0762d78179fb0,0x71b53f9717fe1f82143a5c79dc9890681960a54b,No,2026,True,735,zkproof_0735_hash,HR_SIGN_0735,CONFIDENTIAL,CONFIDENTIAL,e27d53d1bd0f969abeff2563798c98a1153efeb605d2d7ee717b21d5e9013184
0xc0af12ea75d4f93f75c94de15dd7474a15657831,EMP1735,NXFQA TJQNZG,Marketing,Developer,70,41,44,87,75,86,5,Yes,0,58.4,No,3,0xb237fdf14e16ff441e9352b640b5769f53e6ad50,0xb7370095ba8f5424c0dab7849328ec61a6086352,No,2026,False,736,zkproof_0736_hash,HR_SIGN_0736,CONFIDENTIAL,CONFIDENTIAL,3a8713a976aee7634db4bedf19ca8edee33d61bde47205da44eda96fc56f4b95
0x348366f1e38df54a6da84ace1d03f70515b0cbcd,EMP1736,PFGDY EWDTPB,IT,Developer,74,43,28,55,77,76,9,Yes,1,49.5,No,4,0xcb1d06446f022b6f0c1f067c607ea4533d8d7289,0xe806336c2cfb1b476f62e8cc6edf26bdb0ee2256,No,2026,False,737,zkproof_0737_hash,HR_SIGN_0737,CONFIDENTIAL,CONFIDENTIAL,ee38f4f60ec713b874e5ab013a09be18bcefa433f860209b98f2b854de64b27e
0x69b1214d65cca6c354608c194fadef51bd78fd32,EMP1737,IOZNN NDRKKA,R&D,Analyst,72,30,82,71,86,75,11,Yes,3,72.8,Yes,2,0xed7e977df02b8f56dab426bb1aa5c8702826c64f,0x2052ad3d883799ae55dba038d9185e845090bd36,No,2026,True,738,zkproof_0738_hash,HR_SIGN_0738,CONFIDENTIAL,CONFIDENTIAL,b86af10afad87d2f63a98db8c1aab1077a3c4f936355dec7d0e349a66a223c7f
0xd39fc1b1c48ee6696b9737890f0ba7e1b37a5e16,EMP1738,FSZME SFAMRZ,Engineering,Manager,77,34,0,46,70,86,13,No,1,39.9,No,0,0x992136b979b86023f71e986f10b773e480a89196,0x5aaa6de0c574aa566978d610061693b77f2996a3,No,2026,False,739,zkproof_0739_hash,HR_SIGN_0739,CONFIDENTIAL,CONFIDENTIAL,cc8ade66bec1e2837c506eddcaacc6b55c6a309d4bf9cc7e60de946f1e6dd4d2
0xe8ca7ae63506fc777900e4cca8926cb6f8e322b3,EMP1739,CGLAE IAWVYV,HR,Intern,98,35,8,44,97,91,15,Yes,2,50.1,No,2,0x375d0447c15e462d8b788f067b8bedf8521e47d0,0xcdb16310a9b78b9d4a7fb5f9eb53eb78d7431134,No,2026,False,740,zkproof_0740_hash,HR_SIGN_0740,CONFIDENTIAL,CONFIDENTIAL,1b83178c14ebb1e76c02d40a32f55b86501c0a0d416a7ee8b00cf67d49da4209
0xfe957bd1c0732506a0057ad2ecfdc4985ff7b136,EMP1740,ZXOLA SXKIXT,Marketing,Intern,66,52,67,96,60,70,24,Yes,0,59.8,No,2,0x7bed99e9199543a31e33eb5c8428166b74e09933,0xd9ba8d9c41c3ef11490784b9136bfaf3ba96ba55,No,2026,True,741,zkproof_0741_hash,HR_SIGN_0741,CONFIDENTIAL,CONFIDENTIAL,06a6a8e293168d156fe3f0d8b5e9be4541247417bb89bfc4083c998a620729ab
0x19c49e243ee4ae0a70ff59916327c2e193f2b3f4,EMP1741,LFHRV GFWFEW,R&D,Lead,63,31,51,43,51,72,23,Yes,5,52.7,No,1,0x25777d16d9d44ad9d5e3ebf7a0babd574c2f324f,0xea47b2fd8f7768feb89f726da3f81d86345e91ee,No,2026,True,742,zkproof_0742_hash,HR_SIGN_0742,CONFIDENTIAL,CONFIDENTIAL,bcf166911659d4cf267636a34cf35d93ebcfa7bc6e4fb27a4b55f5cbf5a938c2
0x492e3bc96d47a6bddf1e97c39b091e6cbd6fe2d9,EMP1742,KMVBZ FERYNX,Operations,Coordinator,74,32,42,54,87,60,13,Yes,3,52.5,No,4,0xfab7c1d6a90d42b2c23b38a7f23be51ed7ee9c56,0xf29b0beeb53fa24e50e3c5673b93a07a9d3f8274,No,2026,False,743,zkproof_0743_hash,HR_SIGN_0743,CONFIDENTIAL,CONFIDENTIAL,4b1a52766714edc4e42937c4af7edd915d860665357128ce4a410ed6fa67fd9d
0x7268140585d4d1caf29a5faa0ddc2a84b20c0a2a,EMP1743,SJERU LSDKYI,R&D,Lead,77,31,54,64,88,99,10,Yes,8,69.7,No,0,0x67c582be403e866ca84ac5ae0a7c405635858d4a,0xba684a88364e1a01a6a78378de9e8405864fa6e2,No,2026,True,744,zkproof_0744_hash,HR_SIGN_0744,CONFIDENTIAL,CONFIDENTIAL,55041ec6e17971b36e401687880dcef5b06def30439bf9af3856273df2d09a5b
0xf767235cffbd1a721052a618b86a06ab6441cfd8,EMP1744,STIIJ JGEPOW,Engineering,Developer,65,51,91,97,99,43,2,Yes,9,70.0,No,0,0xa8c077ea8cd5aaf3bbf2917e29e80897a0a270bf,0xa25463b8c91d610867418c0d2c2d6758927304c7,No,2026,True,745,zkproof_0745_hash,HR_SIGN_0745,CONFIDENTIAL,CONFIDENTIAL,1b4b581a24cee713213e311c2e0baa0bab9158fc1a946ddd3b38f57434f91a1b
0xbe308a756ddf66df3a1d838223db5914a27fc5a9,EMP1745,UNVHM RFZHBA,Engineering,Manager,78,32,77,74,73,95,9,No,5,74.4,Yes,3,0x2f1f1360250194f583ef2717e883f6749b73c9f8,0x8b90d432b0cc83d94fe182f2126505dfc9253759,No,2026,True,746,zkproof_0746_hash,HR_SIGN_0746,CONFIDENTIAL,CONFIDENTIAL,a036d97d5f935fbed758bd413926db2a75d86d14fe215c01dcd0289bdccc01ac
0x2e43f7b1bd04b2f65904a842a2e94fbd3d141001,EMP1746,LWHJE KWJDHA,Marketing,Engineer,83,32,38,77,63,80,4,No,2,52.0,No,0,0x9ee080352b44ef0743e73b0ea265acc81152fb78,0x9af8c517559da895d57639b5247a5d2030205aa6,No,2026,False,747,zkproof_0747_hash,HR_SIGN_0747,CONFIDENTIAL,CONFIDENTIAL,b91578eb3f2491b5d289e3aaab199bf1f32522c919c7fdeaa16c461f959ef814
0x56c622b8a2d8644bcd7baec4ed79f9c9fefe6632,EMP1747,CRDSV IMQWYH,HR,Coordinator,83,45,1,68,66,57,23,No,0,30.7,No,0,0xde5d1322b46862f6c614f63711040c7782071740,0xfe642f2c18dbce5b251dd19373de2e1e823bf272,No,2026,False,748,zkproof_0748_hash,HR_SIGN_0748,CONFIDENTIAL,CONFIDENTIAL,05709e482a86c595cbfcf9f0f266246aa013c004207260f41e8cd02cc9bd056a
0x0a8240336245f723921b7e28018139716de7a91e,EMP1748,IJKTA FUPQTE,Finance,Analyst,91,36,79,72,77,82,24,Yes,3,71.9,Yes,1,0xf42597df8794d4e9015ddfcfc1c830b30b1b772b,0xe682a89e0b820a03e56de54bd087dfd1ff8ebef9,No,2026,True,749,zkproof_0749_hash,HR_SIGN_0749,CONFIDENTIAL,CONFIDENTIAL,7ce7e04d665c658a156ce343a9644b6168d0e5034bf73eb92ddce0f321aad8a4
0xeeb7abdcda8d4921edc83d4ee67ece072386d14b,EMP1749,MLGGX PXBRLI,Finance,Lead,83,36,61,99,52,42,7,Yes,4,47.8,No,0,0x77e7f9bc5b1da9da5eb307b6695dfcd1a4012788,0x55947aa29dbb706821458b427361614c0b00e638,No,2026,True,750,zkproof_0750_hash,HR_SIGN_0750,CONFIDENTIAL,CONFIDENTIAL,795df2500dc44ce8c45b20eeac155ee5e03e90a4336a89785703874eef04be06
0xcc42b2a0be97d752e057ff9ccc7a87e6a0422991,EMP1750,MMTEE MICIAW,Operations,Manager,64,48,65,42,79,86,6,Yes,2,67.8,No,0,0xad6b1e172ac34bd1d1f04df25481f86302efe17f,0x43e335f169ed73a479352641e80f718a6a7b5eae,No,2026,True,751,zkproof_0751_hash,HR_SIGN_0751,CONFIDENTIAL,CONFIDENTIAL,a0633d9f628c475678589d4baf3b9ad66485ebcbad973bb7b4ed8867a6071eed
0x9eead8e3b785d3ca32e9acd634d8be46bd89b0f1,EMP1751,GDBVI PKRAKR,R&D,Coordinator,69,46,92,64,58,40,22,Yes,3,60.7,No,0,0x0dbcd909be4295892860133be28a0e331064cfc2,0x3a1a303a3a00aa69d9fb88acab703d94721516a1,No,2026,True,752,zkproof_0752_hash,HR_SIGN_0752,CONFIDENTIAL,CONFIDENTIAL,b66f2ac1228980cc25bc5430a1741731eb9a679d9a4c0550950cf2edb8321b15
0x898513ca46daf36fe4bd350151171552b28ce68c,EMP1752,LTTZM QMBGAR,IT,Intern,83,36,2,96,54,74,1,Yes,9,34.7,No,0,0x76f3f6de803d0de941e844a00487a541b8da3f3f,0x884248f23485727387d0291bd5e4eaa91261fe10,No,2026,False,753,zkproof_0753_hash,HR_SIGN_0753,CONFIDENTIAL,CONFIDENTIAL,b5b899369675ebc1b45452d3b7729e18c9486b9d6d6e616c5d7985f83b5b8c4e
0x664c55dfbc7a048a6ac0c0639992eb3f0c278ae7,EMP1753,KYPYE VWINZW,Marketing,Intern,91,43,69,89,88,93,2,Yes,6,73.7,Yes,4,0xf38c2a53bccbf85ab9a81c8c87e2b039fd38f4b6,0x9a4bd1b5ec1fb6e4701c9084813564cdce79c38a,No,2026,True,754,zkproof_0754_hash,HR_SIGN_0754,CONFIDENTIAL,CONFIDENTIAL,ac9131d674ab008cd587f2a0423e754eeafb8f7bb84301afb6d85efbb5e25871
0x6b2ba4e2d44d4f36bc32ac928e478d0d5bbc9e23,EMP1754,UHGTF YZITUL,Finance,Developer,84,40,61,60,77,52,6,No,7,56.1,No,3,0x5800ed530f1587ca46239fb23dec8f39c94f42f4,0xc25c0c2cfb1a1c5210477342929fc0af2d9c548d,No,2026,True,755,zkproof_0755_hash,HR_SIGN_0755,CONFIDENTIAL,CONFIDENTIAL,a460edf2850f80a4cf83fa6a1350519b0814538bc0f5109e0e3f6b1ae1ad7c06
0x079b0ede180216fae61e28933e83f056c04c3284,EMP1755,ARKXA LZMPNM,Marketing,Lead,96,58,46,76,78,57,11,No,4,51.5,No,1,0xbef8fc473e81379a1e0a6cfdf63368571fcb6f9f,0xe5699e9df4aa9e9292ca7fcd686ebf4abf0f19aa,No,2026,False,756,zkproof_0756_hash,HR_SIGN_0756,CONFIDENTIAL,CONFIDENTIAL,c0a322c845581f2849f76b290059c5b4f88971e12b09535b111c4713bcbe2c8d
0x1c7b70093cc0f1a4219bfdad56f6251eb0d46bd8,EMP1756,UEEBE RZCCVY,HR,Coordinator,61,43,10,98,78,94,13,No,7,48.5,No,4,0x124b6ce7ef64646b1e850798a8594d5101a6f550,0xfe00b3439dbef459cab4fdf82007fef1b43682b0,No,2026,False,757,zkproof_0757_hash,HR_SIGN_0757,CONFIDENTIAL,CONFIDENTIAL,6c8c7e669c0620d7bab273a6d6b85378437c482ed2e672183a7200af33f33f69
0xe6e0f90bb6020fd9a70d11c984b864491fd34f08,EMP1757,UNGNK FQDBJY,Engineering,Engineer,73,54,60,77,72,64,5,No,1,57.7,No,3,0xc7d6fa3e0cb608ac49fc98bb3688e1af57917ee1,0x27b9a3f784ceffa02e5c2ffaa122b101c0d55d17,No,2026,True,758,zkproof_0758_hash,HR_SIGN_0758,CONFIDENTIAL,CONFIDENTIAL,df5cd6d0b94573d9170b06e24abd8d45464d77556eb01bb9901ce757bace9e13
0xcb8580553f1a5cfcc7c421dc1a5d58a477b28ee1,EMP1758,HQGBW CKNKGN,IT,Developer,65,36,48,77,65,41,20,Yes,0,44.5,No,0,0x24dc644b8e6a12fecdceea04018f6e7647a442cd,0x1a2ff2f47e973e5b903343563e0117e5b9a628db,No,2026,True,759,zkproof_0759_hash,HR_SIGN_0759,CONFIDENTIAL,CONFIDENTIAL,1f21c026c9cbd273c0657ae38088c3fa93328f9013a380563034f6205b2a4db0
0x0c8a0fa73b7f9292de42d8783ce4595530557f02,EMP1759,BRWXC WYKNMY,Engineering,Coordinator,87,56,19,42,98,44,24,Yes,7,41.1,No,2,0xaf45ab87f36812d82e45e6e8244547abc7465dda,0x46212a14c1813c0e0481674d8cb1beac52b96ae5,No,2026,False,760,zkproof_0760_hash,HR_SIGN_0760,CONFIDENTIAL,CONFIDENTIAL,a541ae47c9d7128fb187b7e7fd427b7a8fde018a19c4ad7f9d65c18e8d70f46d
0x2a5674a0fdc78fcab7fd2af448db43653a497735,EMP1760,YWJTZ IMZSXI,R&D,Intern,74,58,4,89,85,79,17,Yes,4,42.7,No,2,0x76e5463b9f8202efdaf537c99e4f90becdb56e44,0x5e3804e775e90d9ae567d9cf9816dbcbda415820,No,2026,False,761,zkproof_0761_hash,HR_SIGN_0761,CONFIDENTIAL,CONFIDENTIAL,154495a80ffebb5aaf5ce18be687ef4061cfc29e90162fe9227c9b6ff5a97cbc
0x2e6d2b0135828ca102ce1522cefc3193733e6193,EMP1761,WQIIC HFHEOD,Operations,Lead,89,40,43,73,61,58,12,Yes,9,47.7,No,4,0xa78f8e54e740d2e4cd7e594502f5ecd75a31972c,0x5fd64b7a7303077ceea66e5fe1ed3f2b88d8b18e,No,2026,False,762,zkproof_0762_hash,HR_SIGN_0762,CONFIDENTIAL,CONFIDENTIAL,87be876cc17445604c79e4c11717b092beb8532590ce31239d4146e8c6b9f1f5
0x5822b95a80af5b15a5e0ee2a3945bd59144f3ce0,EMP1762,QRMDQ TWMGQI,Operations,Lead,69,33,44,67,97,82,22,No,2,61.8,No,1,0x54f609491d790e4b4e68868c9cfd6894645f6c70,0x92bbfccc51608dbd868e523bd192eade766d373e,No,2026,False,763,zkproof_0763_hash,HR_SIGN_0763,CONFIDENTIAL,CONFIDENTIAL,85b0e7d7dd1a5127d2319ec6d45a693cec80033ce276607112d4ce09c03a30d7
0x23bf906a4ec07f17f91edd36b6470d7bf4da34ae,EMP1763,VWGFJ MPOVMM,Operations,Manager,76,59,47,40,60,87,7,Yes,8,57.7,No,0,0xe12da336810cd7a25be6846bab7e4726c48978e6,0xc9d0ff8b72a8764f0f23d299d9dd294fae37e92b,No,2026,False,764,zkproof_0764_hash,HR_SIGN_0764,CONFIDENTIAL,CONFIDENTIAL,4057e05e4b7cbfeb15b263fba0e6f476074d6ecd1ff0fb387b1c9ce835288bb0
0x6ca50a9dc16f86eed391e9d956cd6cbc5ab9319e,EMP1764,YBJNT EBQUCB,HR,Coordinator,98,55,76,77,68,72,21,Yes,0,65.6,No,4,0xed75017ba0e1fa2c05ba935b366cdfddd1ba4ada,0x8bd68dd834cfdd146998c328b0b4858991c27b26,No,2026,True,765,zkproof_0765_hash,HR_SIGN_0765,CONFIDENTIAL,CONFIDENTIAL,19f7298b14fa85b76124dba545dc8b2eade1284ab96d67090cbb127c1912456a
0xbd56073e9525caed1fae373330eadb74bd5e4f9a,EMP1765,BDXIZ YCNZMA,Finance,Analyst,79,47,65,94,91,69,2,No,2,65.1,No,0,0x3c7eda7ad914e3dd007419b966aa90b69f123c27,0x2c36f1623e36856c1c9e3620dff9feae8d9c4620,No,2026,True,766,zkproof_0766_hash,HR_SIGN_0766,CONFIDENTIAL,CONFIDENTIAL,547d0b952acca86d2b9761b1a58bdf4276f2bd7f9354ecaaccc46a55c988b98e
0x02a6812a349f09e358340086c1edcf8fa1993213,EMP1766,BRQYC KNIDTW,Finance,Manager,69,38,62,99,60,90,13,No,2,64.0,No,1,0xcdb522ce86e451b6f208aab80f5f3b50965f1159,0x4fcb871d46ba80c495c8d855b8240ef9c75ea795,No,2026,True,767,zkproof_0767_hash,HR_SIGN_0767,CONFIDENTIAL,CONFIDENTIAL,e9dcbbc1b2b158acbc3a5a171d04f70e1cfb812886600f98082cfbec34d858fc
0x41471207a3a72870b0683861dbf18d79f0d8e403,EMP1767,SVCNX LFSYDB,HR,Engineer,85,48,45,71,58,89,21,No,2,56.5,No,2,0x9f1c0dea5431624f7f339a762917d1c49899872e,0x2eb1063094a1b61603f2b8fb05173282aa4f6894,No,2026,False,768,zkproof_0768_hash,HR_SIGN_0768,CONFIDENTIAL,CONFIDENTIAL,8436d5819424d9bb84aca2fb0a09d52b28b131813548c15d2d53db94ab2f80ca
0x84739e48ff285c2d2c2fa18a08c66aa8c003f8b1,EMP1768,PVAGT NKBZVY,IT,Engineer,65,54,9,64,68,72,11,Yes,0,38.8,No,2,0x1b6b8c827057f2def079185704769d13143d3d92,0x31a9e1bf6cc4786e6a93e61e00410f8a1c2be136,No,2026,False,769,zkproof_0769_hash,HR_SIGN_0769,CONFIDENTIAL,CONFIDENTIAL,4872ffc0a9feb77361f02a6043514494297e222a5b78c105caaac717cc9aa36f
0x3401afc3dfe9e5208df2d3ee769bfc30df08dd8a,EMP1769,LIMOD QNDGLR,HR,Manager,89,58,13,57,77,79,20,No,5,44.8,No,4,0xe153d099f60a2765439ebfa3b0db90a4c6c87f83,0x02f2c831531a9884fcf6b16bf1b6f78b4d1f5417,No,2026,False,770,zkproof_0770_hash,HR_SIGN_0770,CONFIDENTIAL,CONFIDENTIAL,1f3f96ec388af3129e799beb794d5972d2ec4aac3b4b56cf936c01d5a3827cea
0x74027df1a969e8b3d50dcf7b24d0ac416b607c96,EMP1770,DOUQW KQSZTW,R&D,Developer,84,33,39,63,78,53,15,Yes,2,47.3,No,2,0xd1991a9ba659a683e1c548963ab9c06abe86d19a,0xa6e12afaeb410cb23c8a31c022da718c305e519b,No,2026,False,771,zkproof_0771_hash,HR_SIGN_0771,CONFIDENTIAL,CONFIDENTIAL,30b950700c28ea2609c1e90628c79a867cd0e38a86bc73acfc4721cf4dc6124a
0x16bbb822d981de6923d3dd21e9cda35aaf5e7d6e,EMP1771,ZBXPS DCNADB,Marketing,Manager,75,46,59,68,72,78,8,No,8,62.2,No,1,0x4b0a0a71f5f6729af974e23a7828650708c4f861,0xe5a5774007016b162d054083113aba1c7123bc6d,No,2026,True,772,zkproof_0772_hash,HR_SIGN_0772,CONFIDENTIAL,CONFIDENTIAL,07ff4721954712b8e06ac159a7688f5419bde6edd4cb85492bd239e0b073a287
0x5f200d15e43a1f6439bec12204983e1ac90e8099,EMP1772,IQYMC KXWXFE,HR,Developer,61,58,41,74,59,69,5,Yes,5,49.4,No,0,0xf8105c2aa0fb6d4c809343f09cb2399ef45e58e1,0x158a23a8cc895b25e44d80a82f051726297f6237,No,2026,False,773,zkproof_0773_hash,HR_SIGN_0773,CONFIDENTIAL,CONFIDENTIAL,74579082a381802b8b1c36b3c7dff9f927dbb9844943800233cb6e0b27976e3b
0x15905aaadfd4d1d6d1378ab2745a7781ccb2c29d,EMP1773,CNNNA AVNMAQ,Marketing,Manager,77,58,57,66,69,67,4,Yes,3,57.0,No,4,0x410070a2ecb985ced5ff07ae24ea1bac12a8b2bb,0x1c8481b07293103286bc3b42d0e7528d98f9c776,No,2026,True,774,zkproof_0774_hash,HR_SIGN_0774,CONFIDENTIAL,CONFIDENTIAL,e2e7b3e42d7f8e74f35b343afc36f9926a8934363ed2ad953bb7eceb1c8c4a6b
0x471fb1ba114acdd2411b0c87265a208430eb5ffd,EMP1774,XSNZP DQGYPP,Engineering,Manager,66,42,49,70,58,79,2,Yes,4,55.3,No,4,0x6a222347aaa5a514b98117afe09b4ad610a65b8b,0xb68bcea72cf53e80dc961f0907e34792995cedd8,No,2026,True,775,zkproof_0775_hash,HR_SIGN_0775,CONFIDENTIAL,CONFIDENTIAL,cb2306b18ee927ec6efb369b5c814315d2a863a4a3dd6bc36bc9823d65ece5be
0x90f0de9aaad6082c2fec2f3c01c652452b681a6d,EMP1775,WBVEN EZNNYY,HR,Intern,67,58,47,62,89,80,3,Yes,5,61.1,No,0,0x7f9c7e4a50d4e97ec31eac5fb0d8ca679b19831b,0x380ba14f544a67e3b9ee661525a5511e2a5baf4b,No,2026,False,776,zkproof_0776_hash,HR_SIGN_0776,CONFIDENTIAL,CONFIDENTIAL,36bfd583ea31c0bc9325d3604589a93ea221f2afc268e7de5b65fd214bdd27d6
0xee1c819122eafef7db69c28f9e741de5b92288c6,EMP1776,RTMUR SDJUNN,Finance,Developer,80,51,69,87,64,95,14,No,3,69.2,No,4,0x2c950f9d19aefe294048b1b7d9538cf56d833e1d,0xc68bb9a1a3e5818bfb7a97657588d7e4f2d134f2,No,2026,True,777,zkproof_0777_hash,HR_SIGN_0777,CONFIDENTIAL,CONFIDENTIAL,a285057f35999c0b9a60070fd0a63a905d146a8d0d456e335f2ab010a5184de0
0x764fca811952c4a1c9c64a78467a718ad5cd1539,EMP1777,YILFY VGNXPZ,Operations,Engineer,88,37,24,92,87,60,2,Yes,2,45.2,No,4,0xd6d55fc5e5c56baf6fd870b8abf4177e8eff73eb,0x479f4c7e7e75d2f388fa4a1be207bcdc6a6b82b8,No,2026,False,778,zkproof_0778_hash,HR_SIGN_0778,CONFIDENTIAL,CONFIDENTIAL,9eed7f477b5b5b67c1fc7bc966995b9c75a5e7beb686fc582ee1e6439b0157cd
0x270f45e67ca6803db788cce8dcf548a08e4bd844,EMP1778,ZYRWH DTMMCD,IT,Developer,67,42,43,74,56,73,6,Yes,1,50.4,No,2,0x51a8b20c4f60c2f75c7a3b133a38a686c991340d,0x2b14379996367843e510921793e786d683ec06ba,No,2026,False,779,zkproof_0779_hash,HR_SIGN_0779,CONFIDENTIAL,CONFIDENTIAL,01de4f2b7e13df955325e514720f7f2451276fbd91e54f8836e37a1d3a7a7fcc
0xd7c547d2d0ebfb87a290d96378ebddb94d880f4c,EMP1779,PTTFR HHFQHC,Finance,Coordinator,87,49,30,50,67,96,24,Yes,2,54.4,No,2,0x18942aadbb8df2167c3c24516c6726752149a9cf,0x334cc0504742a7b880837be96135bcf260e1ec1a,No,2026,False,780,zkproof_0780_hash,HR_SIGN_0780,CONFIDENTIAL,CONFIDENTIAL,116a24ea35a6c0b9f6176968f856cb9ad35ae64f9f2d3bd9a83127b57ea4118c
0x2c350a57e8819efed519f7768f7c33b612cbf5cb,EMP1780,AKJQU POFZKQ,HR,Coordinator,80,52,46,46,64,79,19,No,3,55.2,No,4,0xeabef30fa3f528c9e0329aab1637dfc081ff46ad,0x7218cc77b186b57baf67c3a3ec3e3b820a8e3da3,No,2026,False,781,zkproof_0781_hash,HR_SIGN_0781,CONFIDENTIAL,CONFIDENTIAL,59fbed67bda73b9991f65d532a45cddeb8d6a63cde0bfd42517b077801e778d8
0xb7e2818b9ddeac4e315135327b8ec5dc04feb96a,EMP1781,TPGCU UDEPLO,HR,Intern,79,42,86,46,75,56,13,Yes,4,66.6,No,1,0x40f00f89bdbf9d503b7f72c59e175548dab9a489,0x0dfd74baa6942b9adf380c430a9b37a9e2adabbf,No,2026,True,782,zkproof_0782_hash,HR_SIGN_0782,CONFIDENTIAL,CONFIDENTIAL,fa91d0ce6e1a8609573146915f8b12d2624a2ef3aac3825a21e779a1665b2430
0xf9aadfd2fc50e5643df65427002820d7e149b96d,EMP1782,AIFWQ HPJELR,HR,Intern,60,44,40,88,78,80,8,No,9,56.5,No,0,0xdcfd6d723157071b4a7eb40f7adcb70e9a868682,0x7152d35d722657026d0d5febaaa938009635be0f,No,2026,False,783,zkproof_0783_hash,HR_SIGN_0783,CONFIDENTIAL,CONFIDENTIAL,c99f75fcdfde517e512f9250f383f4b38a2b8f061005beb44aa84af936c46a75
0x7c05167aa823a68b60467346d7ee0739ac3124fc,EMP1783,GLDZC PMYZTK,R&D,Manager,87,36,12,46,50,54,18,Yes,5,31.5,No,2,0x034e5c2b127db0533a17297df4e7971b4f1f2d89,0xa6582296b5e1e866e48c1fcbf2be645d50898600,No,2026,False,784,zkproof_0784_hash,HR_SIGN_0784,CONFIDENTIAL,CONFIDENTIAL,753c80369b809b7ffb59fe248a46916a3529f19d791f381a91610a900395d003
0x5018218d30533dfb5d8c8fc920d807777963c1ba,EMP1784,ISPOU UYZDAF,HR,Analyst,85,38,30,41,53,68,1,No,0,43.0,No,0,0xe6eb7e6869bda4a9851e4091a21649309805c625,0xecf04c67f3f188618a79706ba9de1db36c1ce01c,No,2026,False,785,zkproof_0785_hash,HR_SIGN_0785,CONFIDENTIAL,CONFIDENTIAL,fb02077d8e381f054bd0641477df99c2e2d1c988528e5ae007e35cb3633fd021
0x0640e6842787a1f8279b33cbad24850ce0342506,EMP1785,JKWPC ZJOLPM,R&D,Analyst,82,39,25,53,94,83,0,No,9,54.6,No,1,0xc038a937aabe7f1d395c82c2c38d99bfeff65f25,0xb421c3134eb16b61e1eb4149b94d2759b15a9318,No,2026,False,786,zkproof_0786_hash,HR_SIGN_0786,CONFIDENTIAL,CONFIDENTIAL,7e82d75124ce704359fdfcdecdf3a2585830c226db0542ece2210cfeb4863e4e
0xa1b733589f906e9ed2564e1d9263b37d3e84b84a,EMP1786,ZEFSD DKKOXS,Operations,Manager,60,33,57,66,52,46,11,No,2,47.2,No,0,0x3fabe7c931e7f65348678217a25be66884ec4397,0x52fd59109ca288ba891cd5f0c294b732c7180d19,No,2026,True,787,zkproof_0787_hash,HR_SIGN_0787,CONFIDENTIAL,CONFIDENTIAL,366abf6caecd41363a60b9d35a4cddbbb43418562833b2483413760bb71910b0
0xf46ed446aca2328199b36d7dbf44e0601331afa6,EMP1787,ILSRT TSSZYT,R&D,Engineer,89,46,48,43,65,70,9,No,4,53.6,No,1,0x36f9bcdd21490c0297073f691283e9e655873de5,0x6a56c468a11f6758a71d41e5f55d488de36b91eb,No,2026,True,788,zkproof_0788_hash,HR_SIGN_0788,CONFIDENTIAL,CONFIDENTIAL,03e7f8cdc8d4631b7ae4a01ff2fca2b06b5f8c1636648c910909c652c5242fc2
0x60642b62ea64689475a29ace1340d96e1b0f535b,EMP1788,XXWOC IAAGJM,Marketing,Manager,70,40,71,41,50,41,12,Yes,2,50.9,No,4,0x354f2b29297f1fcf59dc22734713ef37b2bc6af6,0x036158426b3789dc9120850dbe430b0558eb2026,No,2026,True,789,zkproof_0789_hash,HR_SIGN_0789,CONFIDENTIAL,CONFIDENTIAL,d398876922d2b33ec7f4e62087416327c4a7c1e4d24745b2f5d462c56733d49f
0x5e25e8f000a12fe0be1ceb1902dad5aa094df3bb,EMP1789,SHDFC ZQIULO,IT,Lead,95,30,23,95,58,77,5,No,5,44.4,No,3,0xb7897770e57a7e4a8cef235ddcce6d10a0512d9c,0x299b8655350a93bfddc133f2833de950ddeaa079,No,2026,False,790,zkproof_0790_hash,HR_SIGN_0790,CONFIDENTIAL,CONFIDENTIAL,e37629887c44cab50efa410a3f7772d456c0d8516678025ae90f9da875cc61ae
0x4c09c25386bc64f5f0a46c4fa012b3ffde7f51ff,EMP1790,QYPRV IASQNG,Engineering,Lead,63,32,46,56,67,85,16,Yes,4,57.7,No,4,0xb895596b59924854e27777d12c0a33c59bdf0aad,0x5b87bd58dc69e46c4c41ed6a03254347deeb0659,No,2026,False,791,zkproof_0791_hash,HR_SIGN_0791,CONFIDENTIAL,CONFIDENTIAL,3fd9a410b8e9f570604d879ea2384efcac510330ebdbfdd9d723bfa08c064fdd
0x54d2a44249015c4230556eb7d1bbb5e5d6f236d0,EMP1791,UGPWZ AJTZPN,R&D,Lead,61,53,89,75,53,66,17,No,1,66.1,No,0,0x457d8dd1b34227bad15a200191e959d48645cc8d,0xac9187e8dfb8a92fd15d72700ebdb4cac7f3c001,No,2026,True,792,zkproof_0792_hash,HR_SIGN_0792,CONFIDENTIAL,CONFIDENTIAL,42213f0e704fb252a5ba3c1280c440163c10fe1df454fb9bd1d15821280e4fbb
0x62b15b99d85694fd52bc643e9c715b0be043473c,EMP1792,ZOVTT BBORWQ,Operations,Engineer,82,48,63,94,86,50,4,No,0,57.4,No,2,0x8e5aef9a0dfb111636d64736ce015ecea94297fd,0xff83a2e469498334420e7cc0a409e77b19d5d6ea,No,2026,True,793,zkproof_0793_hash,HR_SIGN_0793,CONFIDENTIAL,CONFIDENTIAL,4fc5da1f3bf71a3fd3a1ac10c6bc1534220ece98e6dc2ca61269e51516082d0f
0x38de69e193a48880fd026ee9428766e27cff0351,EMP1793,GZCYC DHMDDL,R&D,Developer,62,56,37,54,89,81,15,No,7,57.6,No,2,0x2a54b9222cb4e68f604719966f1324b8bfa19388,0x1df5cada5c664d6cc19159f29f1f60a02918e6ea,No,2026,False,794,zkproof_0794_hash,HR_SIGN_0794,CONFIDENTIAL,CONFIDENTIAL,3b3ec9595c19f817f7da565e429e3381f956289440d97abdf733d5dd93ae923d
0xb7e884eb95c573b127c33e4df7dc467e808c9cea,EMP1794,TPVEE CLZMNG,Engineering,Intern,76,51,51,45,50,56,21,Yes,1,47.3,No,2,0xa01679c7d474f6694acebda5bc24b18019571e1d,0x35fccbad1e93868b7afb60fd0a47180cf449840f,No,2026,True,795,zkproof_0795_hash,HR_SIGN_0795,CONFIDENTIAL,CONFIDENTIAL,49d262af04082e5696fe4aef5e583a3b0d52512220e4bf6fe8daed403ac973fb
0x3f1c9910318c65c12f00cb97cea4c5dd85c49acd,EMP1795,INNKJ CERZYM,Marketing,Analyst,60,40,65,65,57,64,15,Yes,5,57.1,No,4,0xf8144015e2f0ef11576d5283bd284c7700c3d3fa,0x2effd078525261804e53048d1c7d4444725d5379,No,2026,True,796,zkproof_0796_hash,HR_SIGN_0796,CONFIDENTIAL,CONFIDENTIAL,64e0ec52ba7beeb97d256c7169acd481c3dcd2e94cbc6e3477378948b1488d9d
0xd40a32feb38ed787b111b33625a3847132587037,EMP1796,ZKAUB ZHWKXI,Finance,Developer,84,42,78,73,77,73,5,No,3,68.8,No,3,0x4476ea54e9145a161d24663f8bf3286fcedbec12,0xecc1f6110ab35c3fcd67470065db3e9446c5dd6d,No,2026,True,797,zkproof_0797_hash,HR_SIGN_0797,CONFIDENTIAL,CONFIDENTIAL,da69b5f7bfcb4d138dd9b1ca7ba8f7e9b8a19766415a19565bcf12461a3b6b36
0x1ba5f44488d2b5a62060819f5e9484b151f8df42,EMP1797,PBBQU NCZRIP,Engineering,Analyst,74,36,9,97,53,60,22,Yes,8,33.0,No,3,0x5b8c8c5569cce8df4a00313e5133184db7bc513d,0xd1f1f49aaefb4b0e7e429513fe33d5594a3c0cac,No,2026,False,798,zkproof_0798_hash,HR_SIGN_0798,CONFIDENTIAL,CONFIDENTIAL,0dd49aa38232a843eee0de27b83d64a499829bcad3b5e3c4a82bb68eaaa85b6f
0x00c2debbfe907aa4c59595d86c4136147f3ff7e9,EMP1798,EGZPS NZGHVW,Engineering,Lead,62,33,63,43,99,69,21,Yes,7,66.4,No,2,0xe4e8008e96610b8f1ca7a9442716fcf6c026a8f1,0x8c4929bac99309311ff07fdd6149d38ac649d26e,No,2026,True,799,zkproof_0799_hash,HR_SIGN_0799,CONFIDENTIAL,CONFIDENTIAL,a3ee5b9307f5f4b2f67fa9835e822843f410264ad74bd3417bee55a774fd0525
0xe3b0e985c2c1521b68891ca0b1425cf011fabd97,EMP1799,APBSM TJGHLH,IT,Lead,63,56,38,42,91,95,2,Yes,9,62.8,No,4,0x5e3404e8a5a275a198b510271044facfa73314f4,0x7d12d7ff3f9e453cdd1874614b6547aeb2416ff3,No,2026,False,800,zkproof_0800_hash,HR_SIGN_0800,CONFIDENTIAL,CONFIDENTIAL,e42b0e830b24d72ea75aef07187d326a1f6d513fea635a940d0c99a2d0d4f070
0x55388acd2d829cf4d5cc9d7486208348cad77195,EMP1800,VBNBB DGACKB,Marketing,Developer,75,35,23,54,98,57,9,No,0,45.9,No,4,0x841a931a9ba87cc3b7cbb2ef66cdc4dabb892a7f,0x79f0a45476124eb75e3ce5095253229feaa5588f,No,2026,False,801,zkproof_0801_hash,HR_SIGN_0801,CONFIDENTIAL,CONFIDENTIAL,ebd8a46aa525c3edf165275ae45e56ee6e0008ffa008d7d632309528b75d8994
0xe6b68086ead33f36ef2b0af25b585238d7fdae23,EMP1801,FBPCL EJHBBQ,Finance,Manager,95,59,2,58,60,88,23,Yes,5,39.7,No,4,0x39e33fc70a9415a28243910411e6672decee18d3,0xad37eaa804af08a23487e46e9fea2cc78b7bc2de,No,2026,False,802,zkproof_0802_hash,HR_SIGN_0802,CONFIDENTIAL,CONFIDENTIAL,be1d5e1317d56b9d19d1d6e135c4b79fdcdc59bd36d2c4e7b9463157e91f329b
0x139fee3f8a86eb756b612c6419a8de05c05e4cbc,EMP1802,QJJGO HKEMJH,IT,Intern,74,45,65,56,70,88,24,Yes,3,66.7,No,0,0x1ae727d7ad2b043958c0ed16239b11a24b0573fb,0x2c132552724bbcd153d48032a7d07d6d6e6cb7c2,No,2026,True,803,zkproof_0803_hash,HR_SIGN_0803,CONFIDENTIAL,CONFIDENTIAL,8e6a44a9417de15116ecc6dbd62ac48e4c2bb8e458f9744e16d411c6c4abb851
0x4534bb92da55300c1f37c3b937590fc015282709,EMP1803,ZZUEI PKCQHW,Engineering,Analyst,83,31,8,70,98,89,0,No,8,50.3,No,0,0x86d529bac442f924f9384e606604de6285a42534,0x7b8726a0d126915d248f7cb8685491ecb76c622e,No,2026,False,804,zkproof_0804_hash,HR_SIGN_0804,CONFIDENTIAL,CONFIDENTIAL,5d4191efc5324bfb79aa741bf320444594b2c7238f2ab3dc9de8087a149522a4
0x21fa894248078b4e34e2f6e81b8c29d53fb64238,EMP1804,JHXLG AKUTNP,Engineering,Lead,83,30,72,64,65,48,0,No,4,56.6,No,1,0x2ab248ecdf25bfbd9ce3952fe856a3e918d8f176,0xca322bf250ba1821b2e7b009d1116999c6d643e6,No,2026,True,805,zkproof_0805_hash,HR_SIGN_0805,CONFIDENTIAL,CONFIDENTIAL,cbc23deacb96ef81616e91a58f3f040681c9a00653927617855ed3b1439061f7
0x27b114be9085216dbe78f6c04f5e90caa0d31c0c,EMP1805,JWQFB GSNLTK,HR,Coordinator,70,45,43,74,84,61,7,Yes,7,53.0,No,1,0xf026248c031f5a72d9caf402f9f8fe33bc6880d7,0xa82dcfb73f5e76e6ca256151b32c020dc5a39c45,No,2026,False,806,zkproof_0806_hash,HR_SIGN_0806,CONFIDENTIAL,CONFIDENTIAL,0dfd6ab8a998db9cf536b9d900517cf7c131dca149b12c011327c5ca44410cd1
0x329acfe1a61a6cb04af3220b012483b4170af425,EMP1806,BSVSH ENWKBN,R&D,Engineer,80,39,18,99,79,48,21,Yes,8,38.2,No,3,0x01dfc12dfdd8ff858ddc4f87e845e7dd433b8979,0x37eb3f43de43e1352a7c61a4c78d5d34e467cc61,No,2026,False,807,zkproof_0807_hash,HR_SIGN_0807,CONFIDENTIAL,CONFIDENTIAL,d480799c43f9717dfc8b41bff62c0955b5dab205b08a8a987bc7e64f473fdba9
0xdd3af104c2eb02ca7ffd9293cee60e1bfa40ab15,EMP1807,NKBVM LPHBQU,Finance,Manager,81,52,9,57,61,55,16,No,3,32.6,No,1,0xf6c8fc929cfae8d1dad027943a3e51edd7619b70,0x48adfa8baedcc31cb6efa206dd17eb25938d4e0e,No,2026,False,808,zkproof_0808_hash,HR_SIGN_0808,CONFIDENTIAL,CONFIDENTIAL,82845e0777071068fdc735ed6000374dc3440eace1d03c9aa24f1c453a2fb7cd
0xa07045835bea724500275cb61cfa915f2e1347e2,EMP1808,YRESH KQBBRP,Marketing,Engineer,69,55,80,50,55,63,24,Yes,2,62.1,No,3,0x74708ec5e8cdd54bb1d331fd164a6cbf8b07a6e8,0x3cbc3d7a39754713a5884d3f6335a61f91a1503a,No,2026,True,809,zkproof_0809_hash,HR_SIGN_0809,CONFIDENTIAL,CONFIDENTIAL,37969d2552a399392e2a67bb842062db6748bd21e5eabbcfecf9f2a54c0ee7bd
0x2ee8d0a54302b0c0438383f2de975c6670d2c8e1,EMP1809,PIHIE XJQFAF,IT,Lead,89,30,18,67,92,79,8,Yes,9,50.2,No,4,0x7d5169f5ee5906732ae853050eab64f1522fac3a,0xd3a45dbcd535465281c1298ed7b1e90667ce9340,No,2026,False,810,zkproof_0810_hash,HR_SIGN_0810,CONFIDENTIAL,CONFIDENTIAL,b6dfa8dc49a81d928678e6eb9870aaa5867512162255096dd1761ee84d5102fa
0x7833c50a1278533cadf8d5672105c8a4cb0ce595,EMP1810,ERDUF GDWAIR,Engineering,Manager,89,54,3,75,70,44,13,No,5,28.9,No,4,0xe6d4077e0f9524ea421adcef2aeca5a493a7b70f,0x41fa41a020793c411ee633f212fcf0c207715266,No,2026,False,811,zkproof_0811_hash,HR_SIGN_0811,CONFIDENTIAL,CONFIDENTIAL,b87bd6ee2b46f06e3c25e8ede4f6aba68648073ad6dddb1ef226297b801db0dd
0xa8eb6649871df5ca170b5a064c573472c56f11b0,EMP1811,UNQLM MTRHQO,HR,Intern,73,35,68,80,52,82,0,No,3,62.5,No,0,0x38112dc01a6bb2159fa65efff015951f719cb6f9,0xaf419f52802fca547be51a62aecaf5c422393203,No,2026,True,812,zkproof_0812_hash,HR_SIGN_0812,CONFIDENTIAL,CONFIDENTIAL,545c69e833dcb91022db7666498418781d770b6033a7a1d1d84a829c389c1dd0
0x8d4c1d738d40f496e7ecfe4ea410cc930838e841,EMP1812,QIGDQ XIZGWD,Marketing,Manager,85,57,17,89,86,59,10,Yes,0,41.7,No,2,0x3c6a47accc6ae13933f992600c206bba990e729c,0x2e74e3e95cf1e1a28e1df5d2ec89eaca92da072b,No,2026,False,813,zkproof_0813_hash,HR_SIGN_0813,CONFIDENTIAL,CONFIDENTIAL,7ba159b9fef6189e64d1c17abc5d77402d045386d8065c16efd8c8fadbca51ba
0xf7156f2de2cf16fd6d35bebc8b36c69b8facfb71,EMP1813,BDXWV EVFMMI,R&D,Lead,60,52,92,73,53,84,24,No,2,72.8,Yes,4,0x19de7c1a9e6714300e1a72099c783fe9c7b117cb,0xa2ecae6900cdd1b377411447415f0a622e3ed9b5,No,2026,True,814,zkproof_0814_hash,HR_SIGN_0814,CONFIDENTIAL,CONFIDENTIAL,e7653482e3d740b46f87fd93479b71c5e6961e4a5b30d5122b2f64dea4db3200
0x1dc55f409bcac154c15daac0f0d024d438528253,EMP1814,FSUHK EWNAWY,Engineering,Engineer,96,55,72,61,65,71,17,No,7,63.8,No,3,0x1fd5c8ad54271427eeea884b34277141e237b68d,0xff79af89cfa67302a9b81fa22723cf2df5885e1f,No,2026,True,815,zkproof_0815_hash,HR_SIGN_0815,CONFIDENTIAL,CONFIDENTIAL,ebe4ff8e55a10c892c0ddad4bdb1268b066d187bee961fbc9e5e63d8ecf457ab
0x7e1fcec2d801e393de8f32782860a371662d609a,EMP1815,AMMWS JXDRKR,Engineering,Analyst,92,37,35,89,81,66,0,Yes,7,50.7,No,4,0x0fa14ab3789e05c058f7ab67eac1714c29352efe,0xf470fdaaf41981c4769b9ecc9fb599d3c1036aef,No,2026,False,816,zkproof_0816_hash,HR_SIGN_0816,CONFIDENTIAL,CONFIDENTIAL,21ce30f8ab95355cf1e9068bb43b96ca6785e66b0e86bda32ee5cab7d1b50c79
0xaf7c85049b8e7b335d91207eb693e5c5148af180,EMP1816,NPLQL RPMLEC,Operations,Manager,77,31,88,47,70,40,23,No,7,61.9,No,2,0x57c015fc8cd3dc4dcd9e51940275c19dc1bb2ff0,0x852fb8a59fcd0ee514cf05a481e1d0663583a164,No,2026,True,817,zkproof_0817_hash,HR_SIGN_0817,CONFIDENTIAL,CONFIDENTIAL,23d6faeeaf26185a6eb3972277b82f8bc5a7130ef22c9440ca800734eb87cb98
0x560b0af886d7e480e5eca4dec1017416e744e3cf,EMP1817,FPJFO FQNHKB,IT,Coordinator,96,30,67,81,84,60,15,Yes,6,62.2,No,3,0x0a1c49f221770a062a6a08f1810c27d61261b49a,0x2ce9236b6684520a1afa6625cafeaa343ccc2ee1,No,2026,True,818,zkproof_0818_hash,HR_SIGN_0818,CONFIDENTIAL,CONFIDENTIAL,703007d933fc5be5a158ebb2e1d30ee8924ad08b5ca94559b853e588318284cd
0x349ea6b7cf26ecd3bf8dbd06a1e187f338ec0dc9,EMP1818,GWQLJ FZFTOR,R&D,Lead,82,35,11,53,68,43,14,Yes,6,31.5,No,4,0xa5c25aa06cc6c9ac17eb2ac0681b07a0d920f259,0xaf95a24fb268b7dc8b458a23699e6d6d9580adda,No,2026,False,819,zkproof_0819_hash,HR_SIGN_0819,CONFIDENTIAL,CONFIDENTIAL,759088b38c4685d6e5de029e1e699a92aa41c34b06f4a0098bb390113a3b5269
0xa72865183ec9234bfbbfc9a237ca930bc1512bfa,EMP1819,CYWON LDJYTN,Finance,Lead,62,42,87,48,68,68,4,Yes,1,68.9,No,0,0x55353837b9f38babf98bd2a32282aaa2d76e992a,0x28a356a48f15e39d6d457c07746f5ff00652c3e9,No,2026,True,820,zkproof_0820_hash,HR_SIGN_0820,CONFIDENTIAL,CONFIDENTIAL,3e729e55fedd04f0b8b709933643cdd971555d2420d25d66b4887c2c3c7b637b
0x3d2572611226e28895908acc53b04f458b7b8493,EMP1820,JSUZK VUQSZJ,Finance,Lead,73,56,23,80,93,96,10,Yes,6,57.2,No,1,0xac6217289cbb6bae6e89e4d553fe48f65c3083cb,0x8653d5a6879103a8c124f0927f901e20f8809635,No,2026,False,821,zkproof_0821_hash,HR_SIGN_0821,CONFIDENTIAL,CONFIDENTIAL,f270ca91c461c13bdd44b9fabc9a169223a5c5726be650fb105f9425a8eacd9d
0xc9fbc22ff66cd92c4d5604a2cd269bfded11fd12,EMP1821,WTNJV AUVYVS,Engineering,Developer,84,53,84,51,85,64,5,Yes,2,70.0,No,0,0x34eb9a56d038d2e61252d36e0bdab33fc21b1119,0x0c7b01ee0c20a9b6b07be25753ecb73f439728ac,No,2026,True,822,zkproof_0822_hash,HR_SIGN_0822,CONFIDENTIAL,CONFIDENTIAL,48b10e1e5c88b59f63d7cba7a707bc6fd9b26f680c41d6512e7ad656fe98757d
0x473a3dfbcb3098f955cdf2d9391353ce6caa7ee4,EMP1822,SPERI CEQMBV,Engineering,Analyst,75,38,29,74,68,57,15,No,0,42.3,No,2,0x74751658c49dc8b1230255dac64d0d12de5fe0ac,0xa9669ea48f9f47337c7af5dabf1c86ed5c1f7a0b,No,2026,False,823,zkproof_0823_hash,HR_SIGN_0823,CONFIDENTIAL,CONFIDENTIAL,66c886f8e73498eb17ca425c745e102835dad109b4b4e74f3e5108b9486f1845
0xac2a57cbfa597a04477934f90aab322728ef1333,EMP1823,LUXMG WEMSUL,Marketing,Lead,83,56,98,91,53,60,9,No,1,67.9,No,0,0x56c11ec702a06a59a84a49e70b42b383c7ece64d,0xc208ef0231d42aaea3b5921bbec39957a1784f1e,No,2026,True,824,zkproof_0824_hash,HR_SIGN_0824,CONFIDENTIAL,CONFIDENTIAL,5c6ba0dc636b65d32606a52e2ca9e432bd2fdfae98af4199f75b7e209b253b51
0x8653d746907ad977e05ea199eb6406f5e50491fd,EMP1824,TICKC BBMXLQ,Operations,Developer,79,44,58,85,77,75,13,No,9,62.0,No,2,0xea5dd104893b1f61af98904a1fa07e42f6dfa9d9,0x2c83fecd1e67a49ac356b62035f1cb0ad674b7f5,No,2026,True,825,zkproof_0825_hash,HR_SIGN_0825,CONFIDENTIAL,CONFIDENTIAL,43184dfe96b57a24f47c39cd5b62ff66ad2ec0efaad05bbe79cc04a4e0409c63
0xe0ba5a30817a868acad26e14471e3beb10793346,EMP1825,DTJPQ WOMCXN,Marketing,Engineer,88,57,88,91,52,99,5,Yes,5,75.8,Yes,1,0xf82157957865a3135e4e47006f05e61b9944ee53,0x3f96fdd2027757dabea3e3363a6c1467192ff59d,Yes,2026,True,826,zkproof_0826_hash,HR_SIGN_0826,CONFIDENTIAL,CONFIDENTIAL,4e4c64607b52623126335c0158ba89e86b09f0fdf6e27a9628c8a179d7188e8f
0x26fdc282984df2a35d3405aeb59b1659e445565d,EMP1826,KATNO XQDLDO,IT,Engineer,76,33,65,85,84,43,8,Yes,5,56.2,No,0,0xd6e6e8a30109c6980c6b20adaaf613f0eb5a8324,0x650015adc78fa707b0f36c8a28469b7a93c7ffe1,No,2026,True,827,zkproof_0827_hash,HR_SIGN_0827,CONFIDENTIAL,CONFIDENTIAL,0e167819e4f4480c3db365da8793eca4c8d6af484ba767c94a586102f90debc0
0x1874a7343554e43ba42eadbcc7f3f072e5788a59,EMP1827,HLOUZ CZJMHO,Operations,Lead,98,48,50,53,93,41,4,No,0,50.9,No,2,0x4aa2a0da8e3428f9a6b81fbbd65ff97f71546fc9,0x1f03c9ab2614861a41db9dbb4c880aa5b508764e,No,2026,True,828,zkproof_0828_hash,HR_SIGN_0828,CONFIDENTIAL,CONFIDENTIAL,e5c28645564abcd04eba7eca04423bfc142b3c3ff7cdbda9c034c9d2dc538965
0xbabbff9b6a7a66d4bca06b5c89efaebf0d232440,EMP1828,EHHWK OCBJDT,Engineering,Developer,77,31,45,40,90,64,24,Yes,3,55.5,No,1,0xc93c39e0be18df556a1d6d4fe98350e71e55f45f,0x498b8d362b5c188290892e494229035d99a598df,No,2026,False,829,zkproof_0829_hash,HR_SIGN_0829,CONFIDENTIAL,CONFIDENTIAL,fac7ddebc0bd7492c2dcb8331c86a41b7cbc65cb9a3ba64047b7992fb30d0b2d
0x983f09ade11a6baec7206e11980830ea34a23bab,EMP1829,YCDFM SADHSJ,IT,Engineer,89,30,68,68,99,88,22,No,7,74.1,Yes,1,0x6dc0f433407192ca6c0ccab0fc91713a6cc3b2ac,0xe7c92296d3205dc2fb50717c69ce8a47ef837d09,No,2026,True,830,zkproof_0830_hash,HR_SIGN_0830,CONFIDENTIAL,CONFIDENTIAL,0cdb5cd086726561f84cf06b9f80a915ce7fce7b9e5cf5d7293b32dd3f8a9fbe
0xe56bbf222b59f18340692d579f5e072e61fdf8e3,EMP1830,WVQXM JYGGBZ,Finance,Engineer,65,39,13,49,79,61,8,No,0,39.3,No,0,0x37fddaa1e598a30952b7382f9dcb99e1f13c5954,0xc972f276cdcd4652347384e015952f90693327c9,No,2026,False,831,zkproof_0831_hash,HR_SIGN_0831,CONFIDENTIAL,CONFIDENTIAL,c075ccea0d3f247ed794c433e2f356f4b63e94d7f49bab981dcb3b2bee33ecbe
0x1d9d06e9760af7fc4876284aee5b123d509e4e42,EMP1831,ZIMNS IYRQYX,Marketing,Developer,82,37,94,47,77,70,1,Yes,9,74.9,Yes,4,0xebac5579cc19fbd938fb7e55766af6c6776f27d5,0x33fefa8f3a9e852c27085bc1e0187220eba64745,No,2026,True,832,zkproof_0832_hash,HR_SIGN_0832,CONFIDENTIAL,CONFIDENTIAL,5eeb73f2f2ff7df788b63fe2bb5b94d5d6e2924768eb4fe998a4f8a70b7dbb89
0xe0013f2f462d6aff91cdea31bd7323982fc63c73,EMP1832,DBIJU ISQKRI,Engineering,Developer,82,49,2,41,67,60,7,No,7,32.9,No,0,0xa55a4c3e64e6e0059d0fb4c5deec975a105e57fa,0xbb04ca0c87ad25b232b9a13bd5860c0864354b9c,No,2026,False,833,zkproof_0833_hash,HR_SIGN_0833,CONFIDENTIAL,CONFIDENTIAL,47cd4a7525d3e54b4324413ca968e418c0961a806307e951395934b5b9957285
0x68eeefafbddb8ec9d1b618355979d82926ab94f7,EMP1833,MCXHZ CJQRFI,HR,Engineer,79,33,96,43,56,98,17,No,1,79.1,Yes,4,0x8af5b731962a2586eabf26e212c916cc538def1c,0xa3ba07481cad8a0ca08305dcce1cad3094a4639c,Yes,2026,True,834,zkproof_0834_hash,HR_SIGN_0834,CONFIDENTIAL,CONFIDENTIAL,2bf4e2896a41d010253f9c2ff8353eb907e9e444291cb4160919529c8249682a
0xf707327b00faa4181074a9f5d3a842efc4d3ceda,EMP1834,UBNMZ ADIUHI,HR,Coordinator,61,31,31,45,50,77,22,No,6,46.1,No,2,0x816708d24b553c7f7ada026f5edbe11c1e1340f8,0x4e782ee32bc0b50aaab5407a7011f27fd7fd6ca9,No,2026,False,835,zkproof_0835_hash,HR_SIGN_0835,CONFIDENTIAL,CONFIDENTIAL,6c9b6c401ddc5c136025b85b448e7b682745001807ee71674c9dfab3a05c5e3b
0x0cc67c85b1ce84d3decf9ab124a61db07ee191cf,EMP1835,BCZGC SATTYK,Finance,Coordinator,75,41,75,79,87,63,21,No,9,67.2,No,2,0xd979e7b8ec5ce1274d804e4c247c2e27dee25756,0x0ed943f0df0a9ee40f69caa7d6ada18d2a0f7683,No,2026,True,836,zkproof_0836_hash,HR_SIGN_0836,CONFIDENTIAL,CONFIDENTIAL,11b285646c56ad8fcf245a46437a3b1aa31f8c16aa2e1715a17a7c50c54f0257
0x9fde7aa47516a845caf92c4d923a5f74074a03ca,EMP1836,BDAFD KYJRCB,Finance,Lead,94,55,18,61,80,40,11,No,2,35.4,No,1,0x549ea83f66b262b07f5aadf991d5ae71db4469c9,0x26bb5621768477cc87107e4b0ceceafd81ded214,No,2026,False,837,zkproof_0837_hash,HR_SIGN_0837,CONFIDENTIAL,CONFIDENTIAL,3a5a3840ded6c43d5799ec9876d17e5ef8022abda6beb8d6e45adcfa8f8f3fba
0x85e1ecc7ebea3401baef9efd0d3bd3e2a99dbea1,EMP1837,RGMJR JKCAZG,Finance,Engineer,75,57,9,74,70,63,7,No,4,36.9,No,2,0x9ea98bae611e2d312ec93b692b46134a6b7c1a81,0xff72039cab45eb2d2ba9b64af23d5a9b5cabdd89,No,2026,False,838,zkproof_0838_hash,HR_SIGN_0838,CONFIDENTIAL,CONFIDENTIAL,98a9ab96634bf4a1d5a7dd5c49f549e3e1206f67f55eeff6588c1e568294a633
0x0edd745de3e07a13f487fa1db8fa0b6203a08090,EMP1838,FOUOF AMXMTW,Operations,Intern,99,37,48,44,64,46,15,Yes,7,46.5,No,1,0xcfe89233b65b70a2275177acb28c9b236f3d2b3e,0x4a32acc5521596de210758ab1b382073eae67498,No,2026,True,839,zkproof_0839_hash,HR_SIGN_0839,CONFIDENTIAL,CONFIDENTIAL,bfdda848ad8c82c4fd81dc040b7ff09d5f1ac0684c7784c95d940c4925b838cc
0xe82367b5516e7f1921d54ece0aadd1fd57db3a7e,EMP1839,XCRFQ LZYMIC,HR,Intern,80,51,55,66,95,47,5,No,5,55.6,No,3,0x060c54d26af092a7215895a9da15f1815291cc4f,0x4a380b0be3ccd094b12e9e77f8573bb233d3503c,No,2026,True,840,zkproof_0840_hash,HR_SIGN_0840,CONFIDENTIAL,CONFIDENTIAL,f8cd84f05e0bc1746d393673ec1791d1fa449691b73dd656b5f05c323a42da23
0x102b910a3ca25210ece6d9bb0d9e55b619dd253d,EMP1840,DKHJU JWGFKR,Finance,Lead,90,47,36,47,52,76,21,Yes,4,48.0,No,1,0x76d5de5250159280d8a9112a742d0ad2d492d5dc,0x0f502b2b0d0996ac6b8aad8b865b225ecdf6f6b2,No,2026,False,841,zkproof_0841_hash,HR_SIGN_0841,CONFIDENTIAL,CONFIDENTIAL,4f250a510c2e5fe5c3c49103fd981435b8ad44b7c925cadcbb5b547d8df10b28
0x008534ff394a5bcc8ccccad7f591ae063dad602f,EMP1841,BKIKA MRVHVJ,Engineering,Analyst,71,45,86,58,93,84,13,Yes,4,78.6,Yes,4,0x11cdb06309d2500f9dcc3a10e60ed47c5c0ee4c5,0xc7668e3728d54c3aa72da0ea9abc1a2be06311fd,Yes,2026,True,842,zkproof_0842_hash,HR_SIGN_0842,CONFIDENTIAL,CONFIDENTIAL,cd8f9d7cdf3bfde4dab1dfc509af5d100d3e52624bff129e90933b0748d09365
0xfa0fbec7fcc8d69c223b980a5b9e02b566fd5e5f,EMP1842,YNCGA QFVNWU,Operations,Engineer,69,30,10,99,83,72,0,Yes,7,42.9,No,4,0xd4ede285e60f89b45873abb539bdefb6d5345589,0x3e433500a691e6c000699d49e7deeadacac9bcc5,No,2026,False,843,zkproof_0843_hash,HR_SIGN_0843,CONFIDENTIAL,CONFIDENTIAL,5e7645861b1aa54cd0eedc1bfd41ff47c5169cf538020c0f3be044ca73b037bf
0x56ceceac9c3c2a675ac7c1b4b3d623d75aa5c929,EMP1843,WUURU KEKPPV,Finance,Coordinator,77,38,98,50,63,50,7,No,2,67.0,No,2,0x66f499f6de0da3b4938736083f5d85a0c61be2ac,0x7bafd83f27b273f5f4f9fae3c5dd735c5041318d,No,2026,True,844,zkproof_0844_hash,HR_SIGN_0844,CONFIDENTIAL,CONFIDENTIAL,d7b87caf9c3a384accbab3ff6fcba76a371828f36b88e79384817e348199ecc4
0xf96af24d0d81bd274a915693353a59be832a7516,EMP1844,AAXBL FNBTDX,HR,Developer,62,36,73,71,72,69,11,No,4,64.7,No,2,0x817ce4d55e2f54774e2ac50a9904a8fd4c68fe3e,0x9dc7fc02018c85e986c2d70e32344dbfc4ce7a72,No,2026,True,845,zkproof_0845_hash,HR_SIGN_0845,CONFIDENTIAL,CONFIDENTIAL,82baca79c65d2b548f1dd28b1a20430a55cadaa3d13651de20d13e3e1c45e6a2
0x26685a770e119bdf90858a60de6c43812cc2e827,EMP1845,NGZNX NYGGEF,Marketing,Coordinator,87,54,56,77,70,99,12,No,8,66.9,No,4,0x6e6babc26651a72e1dc686fc11be1700a3098390,0x5bd7413df98f1291d61efe63a9e07782a966fbc2,No,2026,True,846,zkproof_0846_hash,HR_SIGN_0846,CONFIDENTIAL,CONFIDENTIAL,b91a6709b8686ae677602e95a3a16777af915bca3cb0d82afbd8fde64eb74472
0x9c54b96432418c9b0bbcbfc7893b85d4fcf41b5a,EMP1846,TXAZS AZNJVN,Engineering,Coordinator,78,31,95,47,57,74,11,Yes,0,71.6,Yes,4,0xf48f44abe984a38ff99a6bb6fb7d134df954f95f,0x455dde4d0d53e018c2994c1346e88a0bb2c987a9,No,2026,True,847,zkproof_0847_hash,HR_SIGN_0847,CONFIDENTIAL,CONFIDENTIAL,d89e2999c3b684ada1668e5977d2eb38735ff4f00543e014f397a63285dddb2a
0xc9a8b54c7228fb5ee4e998696d9fdb4c6bdbbb87,EMP1847,TBCPA JQQFJV,R&D,Developer,68,32,98,53,69,64,20,No,5,72.7,Yes,2,0x13ae891bb875baf1e555cdd0ef05a2fe967c70bb,0x1336b80e8866ec7a19fedc0753edc7d09ad0d483,No,2026,True,848,zkproof_0848_hash,HR_SIGN_0848,CONFIDENTIAL,CONFIDENTIAL,6afcd1b31e210dd1c409718fc7dd791239057ec426619c838fabc7a0eb7d493d
0x758105e27f9d4228933a139b7f64ab1aea72599c,EMP1848,ADVBR BZHWVF,R&D,Intern,99,54,36,57,68,77,21,No,6,51.7,No,1,0x701012a43ba4aec122a65ced651f78e3f9494462,0x51b95f592a24e226372780fdb41934fbb78c19ea,No,2026,False,849,zkproof_0849_hash,HR_SIGN_0849,CONFIDENTIAL,CONFIDENTIAL,711e8f4d47e4fa9d0456bda40ae8476b7edd260c1189d1a7b1b9878273ec2415
0x8ccc2910be119809ba87de63853a0189d6344a28,EMP1849,YUTPM VGJTCJ,HR,Intern,95,56,62,72,70,61,12,No,8,57.9,No,3,0xdb13c7ae49629caec69bb63e8035f072b7a28fbd,0xaba38cf9bc5d5b4a315b6c3d0eb6b0a22dae7b2c,No,2026,True,850,zkproof_0850_hash,HR_SIGN_0850,CONFIDENTIAL,CONFIDENTIAL,72b74d12a9db701cb99729dc5a7116c908bbd95cbeebf7380bea1b612d6f8f2c
0x85569859970e0df6afcde8f3abf0bc0ef9a9d5a2,EMP1850,FQJIJ ZGTREJ,Marketing,Intern,81,30,18,51,66,89,21,Yes,6,47.7,No,3,0x6af2644caa8a0288d65e25f41f3551a8f8d94815,0xdbfca6b120a35bf1720c418736ed5c7ead5f5401,No,2026,False,851,zkproof_0851_hash,HR_SIGN_0851,CONFIDENTIAL,CONFIDENTIAL,88c8d9841528f66f94d7e9c26e5c3d689f7dced97fba29d8b029b4deee498dc2
0xbaf8b00f56db5fb13a986a3cd6bf4da4aec3380d,EMP1851,EKCUJ CYZQGN,R&D,Engineer,93,39,8,86,66,57,16,Yes,0,33.5,No,0,0x8b8e94ab495d4c06e94a5d7966245f743251b9c1,0x25d5fd7d75da0c1a68835780f0e4ea8354d069d0,No,2026,False,852,zkproof_0852_hash,HR_SIGN_0852,CONFIDENTIAL,CONFIDENTIAL,e115a9af20912b47c1ed87a2f8dc0c6bd8a4aa08898085c3718f5b660fb3294f
0xb3239fd8742dc5fb9a536f5b9ca2ada271f3e9b6,EMP1852,DFBNA TMXNQD,HR,Engineer,82,53,70,62,77,62,12,Yes,8,62.8,No,1,0x670f62b6ca247361d1ac0acf0ef1e4517201c0ce,0x5fe452a4e0fdac5354e52695abfebc64ccb2c1d0,No,2026,True,853,zkproof_0853_hash,HR_SIGN_0853,CONFIDENTIAL,CONFIDENTIAL,8df5762fd67cd134f3d7c9028cf6c87ebf46c2a89dc91a84904540943662cb32
0xe0e8565c23417a83f3b8641ea09b63dfc0301e85,EMP1853,LZYQR TBBUHK,Operations,Developer,86,41,6,68,64,81,17,No,5,40.0,No,2,0xc6a5fcbdb400a4148b0694092fece55fa3848c7a,0xe61536d797cf463aca4d17b537e557ae6fb0239b,No,2026,False,854,zkproof_0854_hash,HR_SIGN_0854,CONFIDENTIAL,CONFIDENTIAL,c382304c5919739436269f201951c9df1d5da4601411fdee7a1479e3e9991ad3
0xc447f70e0ae3a48cc2f35f864eeb76c4a4135d49,EMP1854,GRUDX QCCPWV,IT,Analyst,99,36,60,81,99,76,10,No,0,66.6,No,3,0x4df8ed0bda2e0cc5a1793120f4d625159792468a,0xf0b476a30c0df5b49a7225a3c7f9304850464fe8,No,2026,True,855,zkproof_0855_hash,HR_SIGN_0855,CONFIDENTIAL,CONFIDENTIAL,c02a5b8df2a1723763114a1c16c357784918778088cefb1d918cb8f1efeb46dd
0x14753e21f43b2c2e9044bbc760d10ee6c576cf38,EMP1855,VMMCD TXHZAB,Operations,Intern,94,58,26,52,96,55,19,No,9,47.0,No,1,0x861f840cdc3b1dccd4ff4e4991b24e0b44997ae9,0x69e0ba4404584eb02329a2822195c9c53e644a8e,No,2026,False,856,zkproof_0856_hash,HR_SIGN_0856,CONFIDENTIAL,CONFIDENTIAL,bd08f932848cbc95796fde8a22af5bc1720b38e12208a9bf2e08f212df45fa9f
0x747845acdfe9c682a9ac9de87d06dd00f4c235ef,EMP1856,MOKDS DMWIJI,Operations,Intern,77,46,37,62,67,70,21,Yes,7,49.9,No,0,0x8673f81c69f4f3b16445503ab925ca276faa8f8c,0x6b2bd1490aca80f328f3f028537a7917e23c8bb9,No,2026,False,857,zkproof_0857_hash,HR_SIGN_0857,CONFIDENTIAL,CONFIDENTIAL,6694f0ddd9f14c561b8add20ea55613ac4f1664bf3d63eba374838216aded4c7
0xdbd410e3f3cacc337cdf0be58b59878f49019f70,EMP1857,GIYMY AUNMGY,IT,Intern,69,34,16,50,68,74,0,Yes,8,43.0,No,4,0xc00a1407074b245aa2b03dfb1356d94b2d2971a2,0x6595896af22ec6b431a5c1a5bb4ce8a4a7e5cc76,No,2026,False,858,zkproof_0858_hash,HR_SIGN_0858,CONFIDENTIAL,CONFIDENTIAL,bf44bdd2f9d8db5cd529970dcfa6374ab858a787465b7d29cb43f8d45933222e
0x4355eb873b6f1217f217377aedc069e51a79069e,EMP1858,JNNWV OCFWHO,Finance,Coordinator,75,38,36,92,65,45,8,No,3,41.2,No,4,0x4e86bd933eb503c8ab71b5e43bee9b3c846e44e0,0x709c8296d7d685782ff7126cc5cf396ecc238936,No,2026,False,859,zkproof_0859_hash,HR_SIGN_0859,CONFIDENTIAL,CONFIDENTIAL,ed26fa6ea01123487f06f38798a6cf437159d46479b166e57670ca0eac253f61
0x3899f4b382dea10b8b54f67cb2fbe77d898659e3,EMP1859,YZSRQ BXLPEW,Operations,Coordinator,62,55,76,92,91,71,15,Yes,2,70.1,Yes,1,0x0ea36956102cd0d3a57433580bcd36bf13529b11,0xdda5ab2c4e07d1cce2578281404f348052feff06,No,2026,True,860,zkproof_0860_hash,HR_SIGN_0860,CONFIDENTIAL,CONFIDENTIAL,8079d9173a7e610eeaea78a3c205744c76315cdabbb88da53cd4bebf525c8f2a
0xf6d80c4ab4ec0d6489743d639c314b01f0721abc,EMP1860,FPUQH AJBWBQ,IT,Lead,79,36,91,78,51,76,14,Yes,2,69.6,No,4,0xa2194e9b8b8674930619e8252c92121400a5df7f,0x53a38a6550ccc47025d1221f7b94fe7eae63bdd2,No,2026,True,861,zkproof_0861_hash,HR_SIGN_0861,CONFIDENTIAL,CONFIDENTIAL,b2b379822c361f53385a02cd76e70678493c6b17771c488e5ef3d94833568a32
0xb5f82adb910dd11b1a3ea24c7df858f43deb5230,EMP1861,RQMEB FAWNTS,Marketing,Developer,94,36,71,75,61,84,8,Yes,6,66.4,No,2,0x570d7178a62e20ed39368ed0cf732e3833771680,0xebdfd7ed46da9b3525a8e43a83817441d02de6e1,No,2026,True,862,zkproof_0862_hash,HR_SIGN_0862,CONFIDENTIAL,CONFIDENTIAL,5040d5cd81d939c8b141542b2c46e1b3f74d272779082a0b1297c41f15d5456d
0x058c80364de0d66396802cd3703894f7daa114af,EMP1862,NOTQM GPEEKY,Operations,Coordinator,60,46,12,47,98,71,21,Yes,2,45.9,No,1,0x57554e8d4aeaa383dcb8bdcff738febfcca5270a,0x9767c8f01da62c8fc30e8644494854bc351c2a02,No,2026,False,863,zkproof_0863_hash,HR_SIGN_0863,CONFIDENTIAL,CONFIDENTIAL,98e7fb65e0f4ac5fb0a67f69eb83e07d7f3bc5aa194c1435292e04e51f133e9e
0x8d632e8bf079a228b39aeca02359f8bbd7b4e09c,EMP1863,TVLGO LTXBUU,IT,Analyst,74,41,52,44,93,93,15,No,7,68.0,No,2,0x517c0e10d11ef3837b769e11c7ab7669b24711d1,0x30ed36855d4b3995b8f4ac9fac3340a4eef9b9d2,No,2026,True,864,zkproof_0864_hash,HR_SIGN_0864,CONFIDENTIAL,CONFIDENTIAL,e641d846ebc1b8afc878a9514b7ad1378e22bdbba31b13412666950a099a7efa
0xc6f5250f1877ffef351a08ddd21f1dd9060bc12e,EMP1864,TTHLS KVPMNP,Finance,Intern,63,44,80,64,90,53,18,No,3,66.2,No,0,0x1d458b1ea82630cfa483fc35df6873bff0ec98dd,0x84572449b7b5ab24e288b399dd64eb765f45ad7b,No,2026,True,865,zkproof_0865_hash,HR_SIGN_0865,CONFIDENTIAL,CONFIDENTIAL,4ee74e17638368274125f673745bb378626d1bd80b66e76ca5fcbaef2aba4d74
0xd32f97f57e71902d5548f61781d21f95e0738677,EMP1865,CBQSN QKHXYB,Engineering,Developer,82,55,0,97,69,45,15,No,0,27.3,No,4,0x9a23930113676b603c9ab1e27897cb5c34228f40,0x276796ad66c9656df954530888dc13bd81240cfa,No,2026,False,866,zkproof_0866_hash,HR_SIGN_0866,CONFIDENTIAL,CONFIDENTIAL,e16f334946a630343a99a90c2cf837709542da1cee23aa84aa8fbc1284b91f08
0xf97cccb04d2144d9803dba0f0730efb6425bc769,EMP1866,RNHKQ QJVARN,Marketing,Engineer,99,57,30,74,74,98,7,Yes,8,57.0,No,4,0x49d60f2bcdabd3573e3855b88d777734dc2784bf,0x097795eada4d7da87ab8f01194b4acd3dc8d2e2c,No,2026,False,867,zkproof_0867_hash,HR_SIGN_0867,CONFIDENTIAL,CONFIDENTIAL,6756ea2af93ce503e4caf7f9d190ad972556fa121aca2d44a79d807ccda782c4
0xd64bcae51ac41a07ec0c7042b9e881d8759336f6,EMP1867,IENTG CZAEHP,Finance,Coordinator,95,35,20,50,76,96,2,No,6,52.6,No,0,0x161554bd3be7c6451968f41392e7bdbc2533e6b2,0x9328dbcd9d2d4bb5bf2321be2ae844773b1555f4,No,2026,False,868,zkproof_0868_hash,HR_SIGN_0868,CONFIDENTIAL,CONFIDENTIAL,4ce9be91abf4f34841a3ab58b72c3c201a59b93f59bb9b375e34ddeaeb85aa21
0x64829d890d2d8f29ec0e76df6fad0ec635ea1a4e,EMP1868,HNGYI VQWQVD,Operations,Developer,77,46,77,51,89,53,12,No,6,65.1,No,0,0xb7105b2023fa95272e8dc2d565eb4bff62bf5672,0xe90dae7936666e13d99e5d240a5ac48b32b7a454,No,2026,True,869,zkproof_0869_hash,HR_SIGN_0869,CONFIDENTIAL,CONFIDENTIAL,67565a440ccc895d92d1e8d0f674fdd27142a88ef965834a63d7b8e34d415ca9
0xda64279548cd32e99c919111707d6e1f77fde68f,EMP1869,UKQWO KTSOWT,R&D,Engineer,98,59,92,42,87,97,16,No,9,84.2,Yes,4,0x2f67583fec5592f14724743a2d1fc00e3c73ac7a,0x887aaf82a5e3a077984c67a1d3c40be45b99ae0c,Yes,2026,True,870,zkproof_0870_hash,HR_SIGN_0870,CONFIDENTIAL,CONFIDENTIAL,f5d31b110f90a956fcd96c418d256e48d1d82c3c39474a5d631b93e2590af1c9
0x15ec6c82a0b5ef5758cbb1e38c0d433fa5747698,EMP1870,UBJAP ZCHJFS,Finance,Lead,92,55,45,98,64,57,12,Yes,9,48.8,No,3,0x95e2c1e1d66eeea9d5214ac2eb566cab327ed43a,0x5757e929965bb397c76fe5439267304d54e9dbb5,No,2026,False,871,zkproof_0871_hash,HR_SIGN_0871,CONFIDENTIAL,CONFIDENTIAL,f820fcd233f48351c0f0b897a92e1d1c246caa0fc9141bd00de0606b9c42c032
0xc8c3eb72e93e4680e8c8e8b8f1fbcc0fac6d483f,EMP1871,BEIKJ UYIUWH,IT,Intern,97,55,4,75,70,69,19,No,3,36.6,No,2,0x84e88fb405e1eccfe3e7f6f603986a0c58ce7287,0xd223e77ad6e4f99e8495af8cc942b92ab6efe651,No,2026,False,872,zkproof_0872_hash,HR_SIGN_0872,CONFIDENTIAL,CONFIDENTIAL,f7a33df111d2287cec7bf47cb55042c43fe76cde8d628e832986453f480cb289
0x0d2a7ab55cbf448a8c58df2dfdeff81a5e57cfa3,EMP1872,YCFWM DPRWLT,Marketing,Coordinator,75,51,83,79,58,45,9,Yes,4,58.7,No,1,0x799bc56e1c7838afda658686e8f774bba628f52d,0x85566da7289f7a972ecd20864f946b4cd7a1dec7,No,2026,True,873,zkproof_0873_hash,HR_SIGN_0873,CONFIDENTIAL,CONFIDENTIAL,f01d33f7c4452b9b1be3c79289f7dacf719e68516c347bd102eeeb32d6eb7926
0xeb30c8e973f7906e9cafce777ecbb94aa721a2f2,EMP1873,JJDLY KADFDL,Finance,Analyst,99,53,20,58,51,53,2,No,7,34.8,No,3,0x9d6ba32c32356f5c9e0c228fc7daa969d124b9ca,0xf48761889fce21380032d059717fdb527af85d60,No,2026,False,874,zkproof_0874_hash,HR_SIGN_0874,CONFIDENTIAL,CONFIDENTIAL,062ccd281bcea127b49bacad6c679ff64b6f2543bc28d6ebbe11747037ed94a7
0x7807a9747a68f091f3853b3a51ed00dbdef62af9,EMP1874,RQCIP QCWPJD,IT,Manager,99,40,82,44,66,69,0,Yes,8,67.5,No,0,0xc2c16975b0ab0fc6ffc38360a0f3b27849dc6524,0xd04eaf4cf51d294cf2ecd18bda36521d842a8351,No,2026,True,875,zkproof_0875_hash,HR_SIGN_0875,CONFIDENTIAL,CONFIDENTIAL,dc6d8d39ed227ce5e282dbe268f5833bb9894e9aa26a238f6ef64f8868589b63
0x5d47447b9aab088db6d5dc1e3a3fc3536dc42d5f,EMP1875,OUSRR HUKOXK,Finance,Engineer,99,55,6,77,63,94,20,Yes,9,44.1,No,4,0x83f96a5fd0a550e7190c8f8135a38c991d81939f,0x8d977b3eaa737a7b8a082fe7ea67d0143084d943,No,2026,False,876,zkproof_0876_hash,HR_SIGN_0876,CONFIDENTIAL,CONFIDENTIAL,3f190d1ae61c6d0d764ab94d2fa9441fba09e182c8fb7d060ca7cfc4790ef950
0x57dc713b6cfe6d6a247693a526e20461d42ca5d2,EMP1876,TAIVE LUCBTC,Engineering,Intern,94,34,23,44,70,49,24,Yes,7,38.6,No,3,0xe585bfbbcfcb2c6e82f072160510c830ddf1cdf0,0x3e7fba1c00dc75b4bca61e47277abc17f369c380,No,2026,False,877,zkproof_0877_hash,HR_SIGN_0877,CONFIDENTIAL,CONFIDENTIAL,54bd7d8ea304d05d0b18ce679bba664402e0e37df8945078529e46b324e62bc6
0x36305eb46b19f2ee23210ef2d0b9b8e19b3f3e59,EMP1877,OKTSE DMZCRL,Operations,Developer,78,44,21,64,77,75,3,Yes,6,46.9,No,4,0x6bf82be8fc14fddb5c7877973bd6bba5801def14,0x10749c7308cab24198670f93350fb624496a7c0a,No,2026,False,878,zkproof_0878_hash,HR_SIGN_0878,CONFIDENTIAL,CONFIDENTIAL,0f2afc74de5f0b539113e4c93a0a3afa674b51165511b682e7b41dfd7e5b2ccb
0x09e8042bbaa2cb3d15458644cc2002f41ef7114c,EMP1878,BRASS YFBMVL,IT,Engineer,87,54,67,40,80,85,6,No,4,68.7,No,2,0x3683840474865e92b20f94fe41a46bf13c8eeb6f,0xfc856092ef0f10003201518e99643f4a929e0dfd,No,2026,True,879,zkproof_0879_hash,HR_SIGN_0879,CONFIDENTIAL,CONFIDENTIAL,3085bf30c8214f488f7bc60d7df5d14c89d60142d7b6f0190d8e6f9a17750896
0xce7233535b4621c492952a85ca0e9a3accc869cd,EMP1879,XHWAS NPMKFE,Marketing,Manager,78,33,23,41,65,73,10,No,8,44.9,No,2,0xe2b2b5b085eb6758020cf0c4b6a5f3f6e3f1ff2b,0x9d057c639976b886dd893cf0fd3914a09f07b3e8,No,2026,False,880,zkproof_0880_hash,HR_SIGN_0880,CONFIDENTIAL,CONFIDENTIAL,d1f320dca52d7b69dcef49e180ed5e3ba15d27f2b27f15c09062a429c37a988e
0x5ccbbd101b84232e4efda28f3f1f6745022e97ba,EMP1880,INBJD HIDRGP,Operations,Developer,67,42,45,50,52,70,7,Yes,7,50.1,No,1,0x872a598313628f0f5a7ce29e92e84812d2990e56,0xdc9eb194d61d7530a85c171aac6276b941d9262d,No,2026,False,881,zkproof_0881_hash,HR_SIGN_0881,CONFIDENTIAL,CONFIDENTIAL,f3c735bec5dccb0ff76204259eda90ec8274411f1a9308ef049b753d06ba923a
0x2e210e0a94012557c28ce4532a70576483811397,EMP1881,MRGCF RHGKFI,R&D,Lead,66,34,40,59,61,50,21,No,0,43.2,No,2,0xe07733c377342b32874514bd3bd1964a9b1e51a6,0x43086039dc846674fb7a5150d357a0aa0c98e8c5,No,2026,False,882,zkproof_0882_hash,HR_SIGN_0882,CONFIDENTIAL,CONFIDENTIAL,0fd7618d6544fe211bfef6dbaa75e92834bb8ccb7100f478a4336fde749eebac
0x9d7dc97061c4a622575b0af28298efbe1bde5e0a,EMP1882,XLMBU KOAUWR,Finance,Analyst,69,56,30,88,93,45,4,No,0,44.1,No,2,0xce3f7b2026f1e9b422b3a8b5076e19e0aa86b017,0xe7076ca6b2071ac6b1746e953953c1ea1fcfd1d7,No,2026,False,883,zkproof_0883_hash,HR_SIGN_0883,CONFIDENTIAL,CONFIDENTIAL,2e6669247fe23b81c85721bd0339437aaeede051de0465c94793efb90cac3646
0x0d3047cad2e4d46d72265c71cf6d5021848a0983,EMP1883,YPVDG EJJIMF,Engineering,Intern,60,54,92,72,63,82,3,Yes,5,74.5,Yes,1,0x0407a945159cf2b69c983aac909679f05275d95d,0x38d933535ed8078e0c01b9c2cf4327131b6a4298,No,2026,True,884,zkproof_0884_hash,HR_SIGN_0884,CONFIDENTIAL,CONFIDENTIAL,95ddd7ce69d6f19562ed24b32bdc28195cce505921cfa3123a2f88d28c874d23
0x16517b287cabd8394eaaa5fe9b84aca566e3e4a6,EMP1884,GQXHH MTPBZT,R&D,Coordinator,77,47,95,43,72,40,8,No,4,64.8,No,1,0xa9b0fc248dd5b249c027c04496712439e1ef1be0,0x4668c0087ea78f65fab9f8eb6bf557dd69ef80fa,No,2026,True,885,zkproof_0885_hash,HR_SIGN_0885,CONFIDENTIAL,CONFIDENTIAL,d76b6d6100dc42563fac38d6cdaadd553a55c494849c1eca1222329308810698
0xccb75fb8902440e47ec8da5a6a17936a8012cbee,EMP1885,LJIPF HVRKQJ,Operations,Lead,69,57,55,88,89,40,4,Yes,3,52.1,No,3,0xdb04a95f75785be332c5a8759980dab75935d769,0x495fccef99de3acb1f42354b3cda2247fbf87a56,No,2026,True,886,zkproof_0886_hash,HR_SIGN_0886,CONFIDENTIAL,CONFIDENTIAL,2ddcecca32fe38df506ee9e8c2ee680dc9e2953d1acd15577fd7c4f1dc1b70be
0x0adb90945f2180d9c252e7ba0f87590a3e2a1a40,EMP1886,HRMYG YEVGKM,Finance,Developer,72,45,76,92,63,56,14,Yes,2,60.0,No,4,0x9e5bbe8b4b02b73ad155f5f4cb6f79dbc4877993,0xbb9f5fa51392d1aa8d6053a01cd156878054c277,No,2026,True,887,zkproof_0887_hash,HR_SIGN_0887,CONFIDENTIAL,CONFIDENTIAL,de158a3f7f9621ac9492124f6107987ee88b8137787378ccd7037a40dae56643
0xc877b1334c84eb724344fcb2452b7c59b9532264,EMP1887,EAIQJ LNNKFP,Operations,Coordinator,83,38,18,96,74,93,21,Yes,4,50.3,No,0,0xe359a9b0f29d226431bcc29db90e3920d2e9a672,0x02d1da258a575cec8f56fe4d53e7ede5307260c6,No,2026,False,888,zkproof_0888_hash,HR_SIGN_0888,CONFIDENTIAL,CONFIDENTIAL,1d5877772ea85ec5182bb7de127e7d0d87b80a969f559dc2ab088f893cbdf7ab
0x8d1c00e2b0bf77e76ed1851fd9304878c7c72f70,EMP1888,MQBVU QBCNPX,Finance,Lead,91,52,0,49,74,85,21,Yes,6,40.9,No,3,0xfa3368d4bc7d053f4e3a7bc705e3b534660cca83,0x9d5eda4a772607c86b002d0134ec135a6b019cdf,No,2026,False,889,zkproof_0889_hash,HR_SIGN_0889,CONFIDENTIAL,CONFIDENTIAL,06902f01bfce1b7b8dc9c774fdc81c8f5b0c770cb9e0ecffa52842f92d09c15c
0xb98623b183d0a6ec895791ee83130e466e3b3529,EMP1889,PQMHW RDEVSQ,Engineering,Manager,65,55,39,95,87,88,9,No,1,59.5,No,4,0xdef54e567e78dbd7fa4a6c6d875891391fc9e056,0x1c32cd5f9ee94d054918f26faad75fef2c754243,No,2026,False,890,zkproof_0890_hash,HR_SIGN_0890,CONFIDENTIAL,CONFIDENTIAL,27ff7de8ecc87f145f4626198e17ca3ddabd06a7deb921eba3e4d0f34785d63c
0x89ef5a54d9294c963c00d6713616737df8bbea38,EMP1890,ERRYD ANBPNG,IT,Coordinator,98,37,98,51,58,71,7,No,1,72.2,Yes,3,0xfd2f055ea0c513dd53938052c0ee9bbff088fa40,0x0043821d0bf6c4dd98e84d62ad5199af2c6f7b44,No,2026,True,891,zkproof_0891_hash,HR_SIGN_0891,CONFIDENTIAL,CONFIDENTIAL,4c1c1b438df54f373ea33fd0050dd8ab03bcf06a4e8ed9b2710dcc3beb182415
0x1c0f3c81e426ca7840c368ae1f0eb34ff7ccb8dc,EMP1891,XCHPZ UEDTPZ,Finance,Lead,92,46,11,92,50,54,20,Yes,3,30.9,No,1,0x6b9c57b910ea3ed1614842d323225e21bfe0f8aa,0xab52a659f479c0a389dcd799fc4d677e3e1c17e5,No,2026,False,892,zkproof_0892_hash,HR_SIGN_0892,CONFIDENTIAL,CONFIDENTIAL,e3db57ca47fb28388f91cc88a190d05668510dee7d3069330dd86060c497b044
0x095fbd5e12c7d49a65eea0deeab149325dba199d,EMP1892,CIRMU HAWAZM,HR,Coordinator,99,30,9,74,85,68,17,No,6,41.6,No,1,0x0eec88f6652b551caf7771feddaf444102d29796,0xd54c409f11d20406d127af837b23006c152e0b15,No,2026,False,893,zkproof_0893_hash,HR_SIGN_0893,CONFIDENTIAL,CONFIDENTIAL,217e7dd0ba4666a4501c55c6d81227a23b399f850af8ec28e0b71ed220ce5b78
0x8107cfae31f59d179a032c136354e75892e9ddc3,EMP1893,XYPCZ WZAXGM,Engineering,Analyst,97,56,95,47,78,89,18,Yes,3,80.6,Yes,0,0x82bc858a34931562432bd9096424f06e40edb2c5,0x8a0dd4b6805f37b005c936fb4b8e616e572c7bc6,Yes,2026,True,894,zkproof_0894_hash,HR_SIGN_0894,CONFIDENTIAL,CONFIDENTIAL,c5423ea06fcc9919492c7962471cfc4fb06f802330a39d42c6c7e9dbc91d9f07
0x30dc5df95dead2be5a771addc74d45198d0555de,EMP1894,MCWLF CHUYYE,Operations,Developer,61,35,92,86,59,95,19,No,2,77.3,Yes,0,0x15266c6219a0c393490ba75e04fce55578636e48,0xa2e2309518a4f1a215a2970a20acd609a12393ad,Yes,2026,True,895,zkproof_0895_hash,HR_SIGN_0895,CONFIDENTIAL,CONFIDENTIAL,3eeb086bcb0583ff84e691e6c15a92f5430b6f98b282c8cbd395e024961d0cb2
0x1c454f32026631c642dd92496e1c2fa599367321,EMP1895,YMGOT BJWUGH,HR,Analyst,61,58,54,81,60,51,3,No,7,49.6,No,3,0x2a6a8dc181ee188c4a474ab8783771e50bc140cb,0xbfa3e67c1a3898184778c5d48c27ffee4ec40de2,No,2026,True,896,zkproof_0896_hash,HR_SIGN_0896,CONFIDENTIAL,CONFIDENTIAL,e7def58b7d22fc8808450475b7db4a0c5c7af69692263227452057b4c6dc409a
0x5a82d197ad1055a127f125d958b0faa584c899a5,EMP1896,NVKQH LQYTPA,R&D,Intern,66,32,25,67,69,76,17,Yes,7,47.3,No,0,0xaea22ebdde774bca190b7604775adf43efd2f3ba,0xcad4bdceb76cae3e7d6b9658adf4e0a7b2392011,No,2026,False,897,zkproof_0897_hash,HR_SIGN_0897,CONFIDENTIAL,CONFIDENTIAL,a9be2efc9dccdbb62e6cfb95e9edec146b50385a9f25108121e9d3d6d552d172
0xa1d4d22ba5a9d67fa68f8b3879d04f3475fd8f66,EMP1897,XXTES BOBKZS,Operations,Developer,77,54,9,81,71,77,21,No,3,41.2,No,1,0xda68623a657e500aef0b087141e075d6407a53d2,0x1342eec47c918ab94546fdfdc89c5a678318caec,No,2026,False,898,zkproof_0898_hash,HR_SIGN_0898,CONFIDENTIAL,CONFIDENTIAL,fad682918643dbc40bd26c94e68ff6db79b6a350114a8d3d7c94626af57bb285
0x654439d1c8aa7f3292e134b02e8eaa750b78dc77,EMP1898,ESMYS MMGPJX,R&D,Intern,85,37,72,73,73,68,13,Yes,6,64.4,No,4,0x32a4c4a9af20924eff8131056dd68066d7d4934d,0x9785e433ca8d556c984bd4ea15e81a7b5c838c88,No,2026,True,899,zkproof_0899_hash,HR_SIGN_0899,CONFIDENTIAL,CONFIDENTIAL,a6a1e277ead4f09eac7394a32d4d2f7cefb81193cfa8b36133fd1aa4e7552595
0xa91ddc026e3e07ebd1df84019c7ae6390048467a,EMP1899,GMCDH RDFXTV,Finance,Engineer,84,53,57,74,80,42,19,Yes,8,52.2,No,4,0x511da8f0cc9eeb75bdefe4de128c4ca366e61a39,0xd70dbd030139c589699e3f9afc880c8c7b6a3be0,No,2026,True,900,zkproof_0900_hash,HR_SIGN_0900,CONFIDENTIAL,CONFIDENTIAL,a6485c16329fe8d46f221700810a2d0c451e7436810d2caf92489cd72dc08d21
0xbec0fde5794c2369d50b99b8c1a79ac9a0c0e6f5,EMP1900,XWIVW CNJZSR,Marketing,Coordinator,91,44,66,92,97,80,2,Yes,0,69.8,No,4,0x657127538f120ae3b711447e22d4ca48549907a4,0xa97aff904e48cafc36b53dfe2633bac6d62b32e7,No,2026,True,901,zkproof_0901_hash,HR_SIGN_0901,CONFIDENTIAL,CONFIDENTIAL,21f4e389974a4be2121cbb812eabb37dadda6d38dc03d07b9a4e6ebc789c8c74
0x23d526a8d707fc6f7aeb8b0d9d469b14964d0e46,EMP1901,ESDQD ZJZGWK,Engineering,Developer,69,44,26,88,90,72,15,Yes,1,50.1,No,3,0x25ac83d4677bfca17201006c4716e50df5fb3826,0xa16f657c12d6a346b704db188238d4c73208f03f,No,2026,False,902,zkproof_0902_hash,HR_SIGN_0902,CONFIDENTIAL,CONFIDENTIAL,4b5c198b6f912f262bc8400a39f897c4725f60b80136204902438f2e76882fdc
0x6048cf1aaf01469d59f48d9f05fd7a08150b3543,EMP1902,IEGYG GMLKXY,Marketing,Engineer,93,43,2,92,65,92,2,No,0,41.4,No,0,0x5d61e3c357465acd3618eee10fd0b75b0b230aa9,0x5a6bd4ef13640193278c890519fa91ed9a068c4d,No,2026,False,903,zkproof_0903_hash,HR_SIGN_0903,CONFIDENTIAL,CONFIDENTIAL,1ab3ee54151bbddb9a965a89ca20a32a5c731b3b9381f433f2fcf5b2013052a2
0x1c642db7476de136cd4ef25a23b25a7a4de0c80c,EMP1903,XFGAP FXNKLI,R&D,Analyst,60,41,26,89,91,78,5,No,5,52.5,No,0,0xe521ed2c2a2ffdc36b5bf1413ec8c21004f878b3,0xb59efb2650b684202f3c5158b7d4747d9a1c8d54,No,2026,False,904,zkproof_0904_hash,HR_SIGN_0904,CONFIDENTIAL,CONFIDENTIAL,51bd79807a21aa8b1953265680d420881a01227924f56c6f996898ea2459abaa
0xd38d936f3b5661bf1c1800b054235d98e8b0d035,EMP1904,NIRKJ UVFJRK,HR,Intern,98,50,39,85,74,89,3,Yes,2,57.3,No,1,0x8aef20dacb5803b11adb6e115999db093113c1ee,0x4eec7631e4a681ff06bfaf4bd84f2604c8ebc83f,No,2026,False,905,zkproof_0905_hash,HR_SIGN_0905,CONFIDENTIAL,CONFIDENTIAL,8319659843c6b16fe24c732424ac0d94d6e4d9cffe1e0099165fc6cf838c5d2c
0xce76a05253b74dda52c950fc02868df186048173,EMP1905,KEPGR GOVFIU,Marketing,Intern,74,37,12,46,50,75,22,Yes,3,37.6,No,1,0x8ceeda7a81b7f61faec9357925d44475eee30358,0x8d246d28017d332fbaea937257bb7b10c5720ff7,No,2026,False,906,zkproof_0906_hash,HR_SIGN_0906,CONFIDENTIAL,CONFIDENTIAL,e74a74e5c30faa62e012ce2caca31013ce349eb979f49dfb4a81ca797ffb7c4d
0x2f60976b3ef7e5f40a6c07cbede1af36750d24ee,EMP1906,SYVFC LSKUBC,Marketing,Manager,98,54,22,97,93,42,22,No,6,40.6,No,1,0xfb965b4eedb5f04d25153ae1f8f063be7809fb90,0x0565ee2cc9dc5a68e2155abf9a8c0cb954ea1abd,No,2026,False,907,zkproof_0907_hash,HR_SIGN_0907,CONFIDENTIAL,CONFIDENTIAL,a832601071ad409b22a7731971d0674577fd6271f52b21f72f79bfa55fd63d2d
0x2cced90e6532ca90fb42a8df9c2cebcc5d16930d,EMP1907,POJEW MOSYMN,HR,Lead,92,57,57,41,85,81,10,Yes,0,64.1,No,3,0x3d0e7725a43ed39128aa7005888a9e557dec994a,0x10bbf8d6797579f511cd3c263b63deeabcbe444f,No,2026,True,908,zkproof_0908_hash,HR_SIGN_0908,CONFIDENTIAL,CONFIDENTIAL,8757071cfc8e7f52ca69cc06a1307f199692519622298fe02b00363ac7a3cdf0
0x35b804efcb4d9bb2951dda50cd71e45a1a956e66,EMP1908,SMLPT UJFVLG,Engineering,Developer,74,37,34,44,75,95,24,Yes,1,57.2,No,0,0xd790d76fcabb1cba8662eb748147c10c24f97461,0xf03418212c59721082abadae4dafd096c10372d4,No,2026,False,909,zkproof_0909_hash,HR_SIGN_0909,CONFIDENTIAL,CONFIDENTIAL,3635679499e74e69d24984020bc81dbe1b1e895b162f85076ee4ab9279c630d0
0x4403ade5c9da12a27cda80a524324e8363804c41,EMP1909,UYIVH FSDIDI,HR,Analyst,76,59,40,60,83,85,8,No,4,58.5,No,4,0xbaced357ac5fedad29fc30cc46ddd12c14f6a18b,0xc483f68bbfa1f107578a508722c1e0ea5e739aaf,No,2026,False,910,zkproof_0910_hash,HR_SIGN_0910,CONFIDENTIAL,CONFIDENTIAL,dcedc4724079080494e8f55b8f47b591e48b43684d90b01cfd7df67abed57c88
0x41c28a3023870943fffdf9fc67c805017c4dc936,EMP1910,SSMGQ GDAGUE,HR,Developer,96,32,96,99,68,63,10,No,9,71.8,Yes,3,0x19f3e31db0045d641f34c65cc1a90ee2fe61ac6e,0xd9ab97921d02d5bfa1467e69954fd90409d719f1,No,2026,True,911,zkproof_0911_hash,HR_SIGN_0911,CONFIDENTIAL,CONFIDENTIAL,a1f092a60bd96d5aa554f9109c094dda3bcb5afaa4cc9581cc474391538cea46
0xdcd208e50f34aa8e25145e99357096bb16b986b7,EMP1911,WSDEG HMKGPH,Marketing,Lead,88,39,7,56,63,54,16,No,3,31.9,No,3,0x796df64a14fbd18ede4cf692ba217f221c449b1f,0x20fd5451bdff9a54f46df563ef3e0aa051535570,No,2026,False,912,zkproof_0912_hash,HR_SIGN_0912,CONFIDENTIAL,CONFIDENTIAL,5fd5ea996e203e3c0c0bb8923f02abce0b7cdd3c1f19f505f84c630b703852a3
0x774b5a96b6d155e1d08f56a5398490a7779385d1,EMP1912,EFWYZ SAMXOL,R&D,Analyst,79,42,47,62,67,53,7,No,2,48.3,No,1,0xc55e5ac2f95cbca73a35caead82adf841a669466,0xacb916810c0a3649727fd57265e705de2432f62f,No,2026,False,913,zkproof_0913_hash,HR_SIGN_0913,CONFIDENTIAL,CONFIDENTIAL,4a09ee1140cf0757eecaa3d6492c1a04e33ce1c6256c082480d90a4ed1993c56
0x40cdccedc787dbd1eb3101216e86474c586e1b98,EMP1913,DFCAB RUWLFZ,Marketing,Analyst,83,45,20,41,64,81,18,Yes,1,45.2,No,4,0x733c8de37ada78e840fc90d8a39b145ab1bc2f02,0x8aaf2ba8b5b54f6b8dac1a1b457f85418a35b165,No,2026,False,914,zkproof_0914_hash,HR_SIGN_0914,CONFIDENTIAL,CONFIDENTIAL,9f04adf96d5f60dca8e86f77a7ce1ea81e6c209565853d5907a8e996f823f473
0x6410feb453e313d9ab8f72a65a96e5ae46a59669,EMP1914,PONVC YXHOMN,Engineering,Developer,77,30,59,80,99,81,22,No,8,68.5,No,4,0xea7de8bc72b23cb7ee13776d6d6038e76b9df6a4,0x735193afcbee336eacfe979a77d0ce9423f43460,No,2026,True,915,zkproof_0915_hash,HR_SIGN_0915,CONFIDENTIAL,CONFIDENTIAL,be5e1c5464080237f7d134e8dc87978087f21bb5152aa26f1bec54aea7452504
0x27fd76a2a172111de0fdcd5687db058d0dad527c,EMP1915,FGNZK FQWBXN,R&D,Lead,64,41,48,58,82,70,17,Yes,2,56.8,No,3,0x15100ad8c5680091ce0ee8527ce8c444db1d76b1,0x1c01e356c8be5a943acf7cbd18332a551440374e,No,2026,True,916,zkproof_0916_hash,HR_SIGN_0916,CONFIDENTIAL,CONFIDENTIAL,98b095883da749625980cd7bef0cf08159a6a79860cdd7452237a10bed374141
0x94287b7efb15d56c2d67b2185f96b2618786e060,EMP1916,PTVDB PMRSHY,Marketing,Analyst,76,43,55,69,91,51,11,No,9,56.4,No,0,0x0dd56b562bd5d079d7689e7a58f5c327d639651e,0x3a125b87f4188a9b2089b11c6e78b54de302007a,No,2026,True,917,zkproof_0917_hash,HR_SIGN_0917,CONFIDENTIAL,CONFIDENTIAL,2fc9035674d31d0ec7f8f4f4d784314fa3f4a5ebbd0ad153fda30bfa4bd3f4a6
0x1e004068914d498bcaedca64f2082e8e61382700,EMP1917,DGEQP HVYLLC,Finance,Manager,77,53,92,62,87,70,9,No,9,76.1,Yes,0,0xcfd4d38f83e1ae0319964c9a944fd8260f66847d,0x703860f4560dc7b60b50bf5e24128060abcc20a8,Yes,2026,True,918,zkproof_0918_hash,HR_SIGN_0918,CONFIDENTIAL,CONFIDENTIAL,d2be6b542a6c1633b494e1a3d6bc823eb6a08e0719cba98a6cb2b4d4dc159a13
0xfa9c8d805afbbbc972e9ff15ff68bc79311ce5ac,EMP1918,JISOA SHRXQC,Operations,Engineer,67,43,39,59,62,96,4,No,8,57.6,No,2,0x261eb9a78b1b7fa8a19be4128610ef5371eeb7ba,0xb25cfcb88b27dbf1b39e6df8b5cca9a0b55c7c95,No,2026,False,919,zkproof_0919_hash,HR_SIGN_0919,CONFIDENTIAL,CONFIDENTIAL,b258f418e2568fd89ed705a19777d448705e7d96676bee34f42ebee2c3aa8796
0x45368b8bef20d5fe10b3c814eacbd61e845ba05b,EMP1919,ZIYKG MMXNEI,Finance,Engineer,78,59,80,68,84,45,23,No,4,62.7,No,1,0x1c9155e755b10b7b1c0b5839c1939557b852c8db,0x26e2e780629b99377089eb8014b577d214b7f949,No,2026,True,920,zkproof_0920_hash,HR_SIGN_0920,CONFIDENTIAL,CONFIDENTIAL,5b4481da81e99f73e826ce7bf4db5240b80032a7513a419158c43d3dd1a0170e
0xfd7ae8dfb8ef2dfded2721d89611126b71d64e86,EMP1920,LQISF LBDMBI,IT,Engineer,89,42,0,45,99,90,1,No,7,47.5,No,1,0x346ecb3642429cda523acd356c02707ce52dab4f,0x5ae6ff56dadf2236ebf6e288d7a98a50b280956f,No,2026,False,921,zkproof_0921_hash,HR_SIGN_0921,CONFIDENTIAL,CONFIDENTIAL,b78025f430aba9d9e74718637803d34c2acd934d13f51ed4b95d06e7e82186c2
0x3e51ef03931bcf80ca3106ac8db498e648091826,EMP1921,OZUNI RRUJNK,Operations,Engineer,64,55,27,51,58,80,2,Yes,0,46.4,No,0,0x211cab1f94df0c21dacefcc053b63853da6f959a,0xb5e9f772a42d20a6b84881c631462e01d086a112,No,2026,False,922,zkproof_0922_hash,HR_SIGN_0922,CONFIDENTIAL,CONFIDENTIAL,0d3ba8ae2dd74472bf585e7c26de9054541a67b66782256ca3bf7a338dadf31f
0x8b637ea8efdbe65282ff9eabdff75fe653c87597,EMP1922,STSGU JCFWOU,HR,Analyst,83,49,36,50,63,43,17,Yes,0,39.9,No,1,0xa65c62b1abbb787301328f32ea407d2ccb99f8d4,0x881358d3c02a07def4da0efc980a95e761167000,No,2026,False,923,zkproof_0923_hash,HR_SIGN_0923,CONFIDENTIAL,CONFIDENTIAL,5b5d31b6a466d9a9958ef42e4955bee3590248e4e6605c8d3b124a24edee1140
0x1fe9f4899d0d4290b229323cfe94814ea8971e17,EMP1923,VRVMH JVBDZZ,Operations,Developer,78,47,53,88,53,44,10,Yes,6,45.6,No,2,0x9f074be4fb0ab4cae43467fb5cafdf6bb96c0410,0x2a261905711fc37e4d49075abe066e41aa76759e,No,2026,True,924,zkproof_0924_hash,HR_SIGN_0924,CONFIDENTIAL,CONFIDENTIAL,2ce339c32975ee373929a75daf0c70273685f09dea0e0c506839965df7c3c7ce
0x601281c46997e3c246df7e29c149dcaa90cb7c30,EMP1924,ZXXEC GQASZR,IT,Developer,95,45,35,54,53,79,7,Yes,9,49.2,No,2,0x1d7acf7f5a6f9088bd681cf1ac3a57370629e86f,0xc0a252f6d825641780088a4ef3d55298e43d1015,No,2026,False,925,zkproof_0925_hash,HR_SIGN_0925,CONFIDENTIAL,CONFIDENTIAL,0783e757ac9d00400f34d53090aacdd00599e75e4d72dfdd4008724efbb74dad
0x328db8187d623065225f12fc115080c2499aabad,EMP1925,NONFS HSKBAM,R&D,Developer,96,41,55,94,85,77,23,Yes,2,62.3,No,1,0x6446e3543c8ae781f61b301088cc7bda7cef34f6,0xaaf29eae28b1782725c7c3d8e8a6798b7ba83eeb,No,2026,True,926,zkproof_0926_hash,HR_SIGN_0926,CONFIDENTIAL,CONFIDENTIAL,317336c26fc0979c5ac352c5acd708e4261d9f16102d3d493c7c4d7ff4b95555
0x21f1508f8f55c75241986a0a480fbfb785cff717,EMP1926,WQJIW QEGBOK,R&D,Analyst,62,31,8,86,63,65,0,No,4,35.7,No,1,0x376ded4a9bba89fbc44955fb9b31b84a0118b150,0x78233346541228ba4b652eb6697b31bd0d585ef9,No,2026,False,927,zkproof_0927_hash,HR_SIGN_0927,CONFIDENTIAL,CONFIDENTIAL,c4dedcd9f748206217ae77c7f6080d3b36af2ee41b1d072730571ff76c63aea9
0xe1d9ea4fc61fef845f989c4dcce2fc2c465a7af2,EMP1927,MLMSP DOKUQF,Finance,Engineer,81,35,30,80,75,94,10,Yes,9,56.1,No,2,0x6d362c4ec8678ffd2935f8a59fe27c32bece9026,0x837f8b1b694daea0b6a7ffc74a942c571cf64177,No,2026,False,928,zkproof_0928_hash,HR_SIGN_0928,CONFIDENTIAL,CONFIDENTIAL,0049d2f2c0249fe991c3408490c7f605f60afd2cc8eb931c1b48b93dca251551
0x4f9db59b33c99ba3eeadfeceaad162fea3c1f6cf,EMP1928,UOXWP BJAHKP,Finance,Intern,86,49,38,72,82,99,7,No,0,61.3,No,2,0x6fddda5d495e89fbcd768133b19dc662e3b37d63,0xb4be61abb70a381439a4a995ff2ed5b59386320a,No,2026,False,929,zkproof_0929_hash,HR_SIGN_0929,CONFIDENTIAL,CONFIDENTIAL,241ac901e411a5b5a9874228b345864fe8f715af114add4287b301fad278ce06
0x0f3c615fcbe84fa241c52f71e65885864452adca,EMP1929,BAJFQ MUCAMZ,Finance,Intern,86,39,54,83,71,78,8,Yes,5,59.7,No,1,0xbdec8779f68fcc2a68056088a3f8a5cca2dc906b,0x0ab3ec59f8be073805ac3a4bff769d0128bd3f7d,No,2026,True,930,zkproof_0930_hash,HR_SIGN_0930,CONFIDENTIAL,CONFIDENTIAL,a2a24539d7b4138e3b93d343484d2f5a19b2fd5ba9fea0f4dee2f50d4ab00186
0xb72736d8e80c88a0265e4aa776fc65b14a9ab635,EMP1930,VXUZD BQPNUV,R&D,Lead,83,35,61,86,88,99,11,No,9,72.6,Yes,2,0x4c4cf4794e3b47644dec6f9a51744ed3b44bec54,0x97cc23ec9859d1486d547eefe6fb0a9021d763ca,No,2026,True,931,zkproof_0931_hash,HR_SIGN_0931,CONFIDENTIAL,CONFIDENTIAL,769f3b209f1e67a5ef346b906be285ecfc5abb2850c18e47ab48945b30b0174e
0x7b511738acc0e1c2fae7c955bcdd7792bb416961,EMP1931,LHMHG UFJKAF,Marketing,Manager,72,50,56,95,78,50,24,Yes,0,53.0,No,2,0x058634c63ed113ce480f4b14a307a3624c14dc86,0x84b657e07aa755834465045227e2a425cfddea01,No,2026,True,932,zkproof_0932_hash,HR_SIGN_0932,CONFIDENTIAL,CONFIDENTIAL,13b125f2b6d6d7aa4628172191aa93786ab413dda8ed7f6dfe9df970e87a8bc5
0xffe604f92bfe68a4efdb7d23059f65f246573727,EMP1932,TTLIJ ZOAAIL,Finance,Engineer,92,56,26,96,55,70,7,Yes,5,42.9,No,4,0xb3ea8882769c9eb9f03e65555349da682881bba3,0xb8192c12b8fcdc33b50ac0070441dcc614fa4ac7,No,2026,False,933,zkproof_0933_hash,HR_SIGN_0933,CONFIDENTIAL,CONFIDENTIAL,4fb19c7d208af55be77b0b723a497dcb2a0353a737cd8e7761b8035bc171d62d
0xc8939cc835bf52e8003162bf8c36e40f71cfdeb1,EMP1933,HTFUA LLOAJJ,Operations,Manager,91,53,92,68,51,55,8,No,9,64.4,No,0,0x6ed12bd235dc4b55c983ee284f759355898cc8e9,0x54373b4bcead0802d49d39948a735a0d373275d9,No,2026,True,934,zkproof_0934_hash,HR_SIGN_0934,CONFIDENTIAL,CONFIDENTIAL,3ec8e8a39aa4e0ef581b01590cfd3335b2f6bc27cb2d460915989d3240af7784
0x87ebc89b1b6c6957968b1caa9d786f1fbfc98171,EMP1934,WEXOQ IOONSK,Engineering,Intern,83,33,32,72,63,59,0,No,7,43.8,No,3,0xc55fcbcdd38ee400ef2fb3acec15f34ff0f2a906,0xd015bb3042d132bfafd2dab9840cb88510fd5226,No,2026,False,935,zkproof_0935_hash,HR_SIGN_0935,CONFIDENTIAL,CONFIDENTIAL,b6b2ecd03951085daa63d62ee6bcf88244f7ef989bea8e0ef8e09bb427183779
0x3df2fc65fce3e6f2e602d0c391c2719b2d93d8fb,EMP1935,RNNRR AWELNG,HR,Manager,95,47,11,79,96,91,20,No,5,51.4,No,4,0xd2ee40b9a5f545f56e601b3cf0af33f79086a031,0x51c943d1552e13f7585554de187e6eed460b39f1,No,2026,False,936,zkproof_0936_hash,HR_SIGN_0936,CONFIDENTIAL,CONFIDENTIAL,61bb9f6faafe37967c59811ffe596e747d01bfa180fa3551fff3c299c883cd1b
0xb36da0de69830c16d727925044ba317ad4e4b003,EMP1936,WBUCE SEMGHK,Engineering,Analyst,96,33,22,81,73,98,20,Yes,3,53.1,No,0,0x87e8312d093c884d55ff27a853732226bdeda9fc,0x15fc2b5954e568dde926b0a569dcfb0c099e743b,No,2026,False,937,zkproof_0937_hash,HR_SIGN_0937,CONFIDENTIAL,CONFIDENTIAL,98f771547a36622e64b18635c7cf7ca7c9bf919dfb2d86708dbd02b46681c78d
0x54c19b8b0e882bf110a71e25a30dddad51663e6a,EMP1937,OHMPL LPNSTS,R&D,Developer,88,52,20,95,81,96,23,No,9,53.9,No,0,0x01e8e7839d6562c91dd38fa1c196d88b9eda5200,0xbc81c26335e408a06c7c9ae21c5cbfb58dc086c8,No,2026,False,938,zkproof_0938_hash,HR_SIGN_0938,CONFIDENTIAL,CONFIDENTIAL,7e63066ff7c2f69d7941e8ac78bae3432e8ec330ccc36beac34dd2aa4334d214
0xb5b8482f0479af50c1a30fc2f99d57236b7f9f7d,EMP1938,HFKOH JDPFVH,Operations,Coordinator,68,41,80,93,95,85,4,Yes,4,76.9,Yes,2,0x01d50b775d66f3380daa5eac844277924cfd00ef,0x1680f158cadd9e0fdc965cd2d0c0afe071724923,Yes,2026,True,939,zkproof_0939_hash,HR_SIGN_0939,CONFIDENTIAL,CONFIDENTIAL,f95f48a56d044507d2d693fd6aa279f1eb97527f7da0259542694ad535fbbac9
0xedeea9c8129a61e568f946c7aad4a41259def2c8,EMP1939,NGKEQ PJZGDH,Operations,Coordinator,99,49,72,48,52,96,10,Yes,6,68.6,No,0,0xd1adf1c55c9aa37aa35af48e6fe7c75b8a672e4f,0x5b3b549cf490b3abb05360e449588267bfcc3904,No,2026,True,940,zkproof_0940_hash,HR_SIGN_0940,CONFIDENTIAL,CONFIDENTIAL,761f80211d62860a5d1dfee0adbba389acc2edd3a3fdd93bb4228407f4f40148
0xc45f2ca3a1714ba6cf4c0fb967ed2b01ec2f6ee9,EMP1940,GZYIQ NVQBSQ,Marketing,Analyst,71,48,81,41,67,51,23,No,4,61.5,No,2,0x8d26993026754e009fe71825f856aedc905d679a,0x35094be399f569b7ae1378e58361cbc73147423f,No,2026,True,941,zkproof_0941_hash,HR_SIGN_0941,CONFIDENTIAL,CONFIDENTIAL,087ec894d948d05d00908f59d5c3a5e55c3f0ac969607e0cc4ecb2de4ba4afda
0x5eb7d1316d39bb4dedfcd89dcce59c9f9f800e61,EMP1941,ZDJXJ YUEIPI,HR,Manager,65,38,45,74,89,97,19,No,2,65.1,No,4,0x74e6959abc9bd1b660ebe2d24f971cfdd0853f84,0xa2500c0ff676c90ee37460ccc0ee674d8d5ba659,No,2026,False,942,zkproof_0942_hash,HR_SIGN_0942,CONFIDENTIAL,CONFIDENTIAL,6357d25389788ac6899d01c083260c901cc5344f91637cf1a4b21286b51af6d5
0x5456189be3e6cfb018f0027a4e7d80b508079a33,EMP1942,DYYNL XQKCLV,IT,Coordinator,78,41,15,44,52,89,1,Yes,8,43.9,No,1,0xf6e72498425a911117384d15d3c3246a809fceb7,0x44b110d7fbb896328c4482ac2166d4c8e107a0dc,No,2026,False,943,zkproof_0943_hash,HR_SIGN_0943,CONFIDENTIAL,CONFIDENTIAL,dee91c161f5c0b5a90e1b187cf92cbc0eed7d4584cd4111e050948eb30372aa0
0x545e0af40b3e087d3165b55030188662c36d18b7,EMP1943,SHUIM XOWGKY,R&D,Manager,91,31,49,84,65,45,21,Yes,7,46.8,No,2,0x321392396138c985e8f5ccf67cea4057989075ce,0xdf3468c09bb9f98cce4725bc70cc6fbd893fedaf,No,2026,True,944,zkproof_0944_hash,HR_SIGN_0944,CONFIDENTIAL,CONFIDENTIAL,f4ad26cedd04dee13e066eb4cdc958d952b5f47c8d3e5bc5d71422f50eea0fd9
0x569002ec5b580805a8299fc329cd4b52cbc85548,EMP1944,JYAGG MFXGIV,R&D,Developer,81,45,41,61,98,82,18,No,9,61.5,No,0,0x331b8019cc41d52edc128ca9d2e6c73dbf825bea,0x2ef5714494d90c3c89244ccc20f58f8468abf15f,No,2026,False,945,zkproof_0945_hash,HR_SIGN_0945,CONFIDENTIAL,CONFIDENTIAL,8ca4d7067834934d7d8a5224d5c20c4d50013d03ed20fe6b021a988eb211dd0c
0x9dba06d4d1761cf0c99a5f022a5f53ab4072f22b,EMP1945,BEHOC KMHHQC,IT,Intern,65,32,57,67,87,82,20,Yes,1,64.9,No,2,0xc4bbbf94d79bf55abc24c427085174d17458aabc,0x4ef5fd53b30639cbe0c0fc59a215c896600694a4,No,2026,True,946,zkproof_0946_hash,HR_SIGN_0946,CONFIDENTIAL,CONFIDENTIAL,04975554e0285961138a6d72b672a92565e4138436789fde8f499826e4d6d827
0xd0a4043a7473d072ff24acd88a51699ecd3a60af,EMP1946,XJTGQ DFTAEQ,R&D,Lead,63,35,43,90,58,54,8,Yes,9,45.9,No,2,0x17ac06dc5f7278db14a44b3a40208cdf01218bdb,0x99eb88b7f88b42bc1c6e020f6a3a3e0d37ec350d,No,2026,False,947,zkproof_0947_hash,HR_SIGN_0947,CONFIDENTIAL,CONFIDENTIAL,f806527814bdab23729f58f9fd8ab4836e6c1a7ccdc4d94f96325db922733231
0x616f3ce04225fbb5e9f7bbee2e970013e582494a,EMP1947,BHUDM ZIJFDN,R&D,Developer,88,37,78,72,72,77,10,No,5,69.2,No,4,0x86a43def0519bf4fdbae909c4d044704d5246d1e,0xdd5988cc810a3d1464095f1f1acbdd94b79e6ca6,No,2026,True,948,zkproof_0948_hash,HR_SIGN_0948,CONFIDENTIAL,CONFIDENTIAL,8771becd32f065457948277ba83fb0380c74485b8c84a18c99e5e151e2b0806b
0x89ec8ee46651c6c876fc14cfefb259165c5e4d29,EMP1948,THWRP ZKHEXO,IT,Manager,68,53,75,88,80,87,24,No,7,72.8,Yes,0,0xdba3f9327cc9817d979c84b9bfb2829481488f2f,0xa7ab6758d971f7529ebc9ce6d0a8303eb17cb7d0,No,2026,True,949,zkproof_0949_hash,HR_SIGN_0949,CONFIDENTIAL,CONFIDENTIAL,bec2e550969e202eb889cd309ac818876150de31bc6badbace836f1e5af899c3
0xfd7b6e8cfeb04c2fd63d2e7b11365cf7c6833ebb,EMP1949,YIZER VKBNIM,IT,Coordinator,79,42,49,52,67,51,16,Yes,4,48.7,No,3,0xabb299a9a59cce9d9ce579ac267b79a1d05e2df4,0x5e86ee4ff58c862f96587c571e452f126dbdc719,No,2026,True,950,zkproof_0950_hash,HR_SIGN_0950,CONFIDENTIAL,CONFIDENTIAL,4b18f5bd01d1bd1fc20ccf33d74ba08c30eee828554e6318688f4c1ecb030497
0x8d245215bcc42e76f675085a1972aae764123257,EMP1950,HPMYM XATTBH,Marketing,Intern,73,45,63,71,50,69,7,No,3,56.2,No,4,0x1f38b857d755ea6d751af1d2c123eb0ffd94134f,0x49585ca5b57d1a6daa1735314cf61f6b42351f99,No,2026,True,951,zkproof_0951_hash,HR_SIGN_0951,CONFIDENTIAL,CONFIDENTIAL,f2b66603eacbee6a0fdd50a1d0d420a2cdb7ea0daad9824221c688aa2239730d
0x947186cdef4cbd177cfd453ed4c327a56e5e8a36,EMP1951,QXBHZ RAVMIX,Marketing,Intern,88,39,4,88,90,59,0,No,4,37.7,No,4,0xe56172d84c91e34c1a45b042a61a832c4552378c,0xc70d5a1356d514882b6f9089fab8cd4afb4e266e,No,2026,False,952,zkproof_0952_hash,HR_SIGN_0952,CONFIDENTIAL,CONFIDENTIAL,0cbb0cf9404328dccea52d5ea37343df5300dbd70dd3814640316d9a22334c25
0xfb8c93cfb75899d3196ae8a09cc06bae5be22a26,EMP1952,FGBXH RWQTPC,Finance,Analyst,69,54,2,98,96,69,10,No,3,41.0,No,3,0x3ec043a7982611bf4a803604e1638b0627e4b4e9,0x43172b6beca61a21aacdbca6d60855d8779b7f63,No,2026,False,953,zkproof_0953_hash,HR_SIGN_0953,CONFIDENTIAL,CONFIDENTIAL,97f49e36965c28ca1be76763bbf18c10272de128710bccad7833339764ba35d3
0xcc1e846d5681cca85747da16e0351e526a69fd02,EMP1953,YVMEN GFQMHJ,Engineering,Engineer,92,47,26,79,82,72,21,Yes,3,48.7,No,1,0x1dfb9733ba43f18db64941e9143581ff29d918be,0x53f3df5cfe019aa798e1e2d0b3a9ddacb3749de3,No,2026,False,954,zkproof_0954_hash,HR_SIGN_0954,CONFIDENTIAL,CONFIDENTIAL,19a1fc81c6e0afd63368feb5c5c4bf041ab98c2b81ca7b3a6074d5f98869dbbd
0xf5c9bd4ecc4ca6b3a60d0840aafad7d865b39145,EMP1954,RINCM WJAQZK,R&D,Manager,64,36,25,49,87,56,0,Yes,7,44.9,No,0,0x68cef13700b24243b392bae75be504ea26bab797,0x985dfa145f3991ccf183327048df37204f0287f5,No,2026,False,955,zkproof_0955_hash,HR_SIGN_0955,CONFIDENTIAL,CONFIDENTIAL,53e473ef0e92e22c4b1395dcc0277a01f93cfe8c2d096e5202f374c6555bd934
0x7384814663dcad1abc4b3107d1dce95f4b5eb5ee,EMP1955,QUUPC TSUSZS,Finance,Engineer,64,39,90,85,83,79,3,No,4,76.7,Yes,0,0x6d36c49fa97424e754450603a8872aa9421e7732,0x3eb427b4af6b330540c1f06abe41fae5e10c36d3,Yes,2026,True,956,zkproof_0956_hash,HR_SIGN_0956,CONFIDENTIAL,CONFIDENTIAL,a1e634231fb2f0ee51b10301fa950f78ec62526296f7bd581342fc870003d850
0x6d87dd196979767bd6b9924adb409237f5443326,EMP1956,FAOBC FJKGOK,IT,Intern,99,43,14,88,72,42,6,Yes,0,32.6,No,3,0x673e205f20f5fa5148652d832f04d7d543a55cbc,0xa5ddb2d967c552ca9bd81f4b8f362098d99874e4,No,2026,False,957,zkproof_0957_hash,HR_SIGN_0957,CONFIDENTIAL,CONFIDENTIAL,c14ab3aede0234b542bf34d3c1de52a0f8300ee5f7a54aa56ef47e89cf81b37a
0x41e4604ae682d90868168a14ed9ff1d15a2865db,EMP1957,UKOQK QOFFQD,Operations,Engineer,62,35,12,69,75,54,17,Yes,8,36.8,No,3,0x603e2f6e62746cadf62643c5983fab5d7637d3ef,0x363d7ca329289b2d8df99164ebfa2c85f2349455,No,2026,False,958,zkproof_0958_hash,HR_SIGN_0958,CONFIDENTIAL,CONFIDENTIAL,02b36fd287b8d3db163e564642fe37acc11569d18738ff258f411a53f2d59de5
0xeec7b0377a5fc06325443088584b35498c4b3766,EMP1958,NDKFZ BXQFCU,Finance,Analyst,78,38,20,47,63,73,24,No,9,43.4,No,2,0xe7ce5cd5e88745f618b095d903641342bdc4eeb7,0x70c3042cc46681cbe2df700aa7c356bbec035dbc,No,2026,False,959,zkproof_0959_hash,HR_SIGN_0959,CONFIDENTIAL,CONFIDENTIAL,397ab6646bd96f45a08dc7179b24a0d89be18dce9425fefa7ac991403822a797
0x0f710bfa16d6b86d41090f0fd7309cb241b5d726,EMP1959,RRNZM LRZERW,Engineering,Developer,85,43,11,84,52,48,0,Yes,4,29.6,No,0,0x6102d5aca5a4d2b117c98ebb2f53fb81871d6581,0xe67ab8f5fa70ef2fd88d351adf474c99bb96be7a,No,2026,False,960,zkproof_0960_hash,HR_SIGN_0960,CONFIDENTIAL,CONFIDENTIAL,ed9d64284318681c564d00a8bb18217b5ccdcc634a74248691b9104e2a739299
0xc06df5be02ae81c7b842d05b6b716d9a40cd3d7e,EMP1960,ZBLSC INUYFN,Engineering,Developer,85,41,2,93,86,79,8,Yes,0,41.7,No,3,0x49e97bf7f699666b57a1912baa524d6fa19ba865,0x0a4790d131791edeceb4840b36562ab3ae1caeb5,No,2026,False,961,zkproof_0961_hash,HR_SIGN_0961,CONFIDENTIAL,CONFIDENTIAL,a97ffd1cc1afd6ccd36940014eafe637975e95c02e73b8f75c56a78fa5e7f644
0x3f5ada5f266f286fbb5e1c6bc0fa62297f41dfa0,EMP1961,DJNZT CMFXSY,Finance,Analyst,76,45,81,85,74,75,8,No,7,70.4,Yes,2,0x4cdac705a417df06498cd581c0ef54c366d1f38c,0xf382a7c5452ae8bdf24b4f0f0919a168847ba2a7,No,2026,True,962,zkproof_0962_hash,HR_SIGN_0962,CONFIDENTIAL,CONFIDENTIAL,85a2b2eb2a60f299225ff9ab581367ded72d133835c7ac50ba1576d53142403d
0xf36cdf83e2748eb3468911bc623e326acf31baf3,EMP1962,GWVAL QIXHFL,HR,Developer,71,50,29,71,70,76,9,Yes,3,48.7,No,0,0xb953bfe7b86741bbaba24bfb3c18fbf66aeb9b85,0xc94c77e243a879c136d3ce51e562d82d44ed10aa,No,2026,False,963,zkproof_0963_hash,HR_SIGN_0963,CONFIDENTIAL,CONFIDENTIAL,94e373fc85462ed21da9033a794047f811110fbc6113fb0edfd2b0e435a1f1c6
0x9aa338eeee2e696abd0d14338d6307e4d768d14f,EMP1963,JZODR ZKNJKH,HR,Analyst,84,30,81,96,78,65,11,No,7,68.2,No,4,0xd33dabe4e164db9857addbdcbace37fc6964f8e0,0x34251f0c2f8d30f4cd849b5eaa35ce3c89846234,No,2026,True,964,zkproof_0964_hash,HR_SIGN_0964,CONFIDENTIAL,CONFIDENTIAL,28ac229e357bd5849e7ab0186fc318358d9a39e76672d3cda6d05c6b700631f7
0xd31d6f2e67ea3019971754ad6be1510888248517,EMP1964,AYNZF DQBIVO,HR,Coordinator,88,41,74,68,79,63,21,No,6,64.9,No,4,0x92e6df5ddd0e75ac5d0c481cf017b1c5b5d679e5,0xc0d30e7d30223dce54fdbebe56a9632181d50c54,No,2026,True,965,zkproof_0965_hash,HR_SIGN_0965,CONFIDENTIAL,CONFIDENTIAL,09fe0b6db67601ce3d8775c15a1d52fa1cc5e6420582615e7f3622cc0888c56f
0xe9ccd20b428c97ddc78bea1c56c06053394a1866,EMP1965,SPEXG DOAUUU,HR,Analyst,86,33,35,91,98,93,15,No,5,62.0,No,4,0x1a99ba45043442b7b8a56bcceae786a08bb39765,0xd0a9f1ff425ef8be5e31a2a2ea8425311100c5ec,No,2026,False,966,zkproof_0966_hash,HR_SIGN_0966,CONFIDENTIAL,CONFIDENTIAL,a39b37a46dbbba8e6cf48ed462c7b4ae30645a501d0d859dcedd02764ad119b1
0xcad9e82c58fcaa964dc54589e5518c6fd1b43651,EMP1966,CFGOO VPITEX,IT,Analyst,74,39,86,59,93,63,17,Yes,7,72.6,Yes,1,0x3a38d7fdb2e87edcef2aacfeff3b780be691e156,0xa3489f646808f2dca6486177f4b1adad4b6796ad,No,2026,True,967,zkproof_0967_hash,HR_SIGN_0967,CONFIDENTIAL,CONFIDENTIAL,59f2e07161c3b8246caba46bc4ca10d1d79f767186418e71caf52cc9c7f0cc5b
0x6372faf812ccd02766748ab1ae2ed4947be0120d,EMP1967,HXMKI THTXRV,Finance,Intern,97,54,11,77,71,49,20,No,8,34.1,No,0,0x5a10a5ad23a9cf3272b575140f0d8935cfc8940e,0x363c4ca4bf89b42958f881b9ee1f89a78188f225,No,2026,False,968,zkproof_0968_hash,HR_SIGN_0968,CONFIDENTIAL,CONFIDENTIAL,b1e91d1e3c30e7e617904a5d0024cf75cc5900cf9e6755c9a2c53fce1a3439c0
0x5c3c2d62b7ef24e130d0e7213e59edf28f05e9b0,EMP1968,SWPFB BLJZSG,Finance,Manager,69,50,29,66,52,44,10,Yes,9,36.1,No,0,0x0f69f21e91ab266077c2bd98cb9b70fb726682eb,0x70b42bcf21e14ef7d4f8417f1dc498d4eb3dc04c,No,2026,False,969,zkproof_0969_hash,HR_SIGN_0969,CONFIDENTIAL,CONFIDENTIAL,18af846c0fdf65d0d6f82465299b915647c367776411aa547289d06ef078fc0c
0x8da3824d4ba57c9187e0a23df7702d9a3569b6cd,EMP1969,QPHTX MXFUZT,HR,Lead,67,41,51,59,88,92,5,Yes,4,66.0,No,4,0xa174c12d7b06703f0f93225839c21082797aa4d7,0x05f118e5a7608354e2698df66e90879f32c71e64,No,2026,True,970,zkproof_0970_hash,HR_SIGN_0970,CONFIDENTIAL,CONFIDENTIAL,d1a37e37ae481f5a43e822dbdae72f52610b194e3078dba7b8089d18a1ff282e
0x6ba10c5c00088778c769071c622b3c31b3d4253e,EMP1970,ACJBC MACCQZ,Engineering,Manager,78,45,31,53,80,64,17,Yes,1,47.7,No,4,0x6f51cad8a9e9935f13bf420c7735c4c4363d35fb,0x64b625abc3b90d3cd93fb0dac51bc74ffd0c1dac,No,2026,False,971,zkproof_0971_hash,HR_SIGN_0971,CONFIDENTIAL,CONFIDENTIAL,03aac3eef384849b95e4ab13aaf95dfe9ffc886f7b954c96b2d6843ecbeae3e1
0x0aaf95f157117c05508e2a03b91a5e78390789bb,EMP1971,WHNEF NUJESH,Operations,Intern,60,53,29,58,95,86,7,Yes,6,57.0,No,0,0x0bd868450c86759bd932dd6777405a0eb7a84dd3,0xad79bbc9427978da4f6f5ac7f8706422a1ab4539,No,2026,False,972,zkproof_0972_hash,HR_SIGN_0972,CONFIDENTIAL,CONFIDENTIAL,f470d008745a47e9c29a5081f65b8dde6a28308d8303bfad630c2660eca3bdbc
0x885bb9d64a1191214f120ad8d10c3f2ad75fc24a,EMP1972,MYBXD QXKENG,Engineering,Manager,98,40,68,80,66,54,2,Yes,5,57.1,No,3,0x9544e4de11b0fae75a89f2c3be022e7ced81c617,0xe304e64ba44667a7d61a05f26fb192cbc8462d89,No,2026,True,973,zkproof_0973_hash,HR_SIGN_0973,CONFIDENTIAL,CONFIDENTIAL,bc37c4bafd53996005b204ac5b5163f8c664c5d62a750b4533502e8ca4ff6f9e
0x6c6a3699aff17e94d6f6bbe55d52b1fbbaafb421,EMP1973,BXOGS CAXPPT,Operations,Lead,71,48,84,62,85,75,2,No,4,73.5,Yes,4,0xfcfb316bcf2c05982c27ce39c57ddef216f7fea8,0xb10a2f9dde07a1eeb34768b8aeddeab03250ff08,No,2026,True,974,zkproof_0974_hash,HR_SIGN_0974,CONFIDENTIAL,CONFIDENTIAL,249a5dbfab13c6470a8c808a111a6ddf83041bf8fa6d9020c3ff7b0aaddafc1c
0xfe3b4e1380238461a54bd043715c40b1030c0a61,EMP1974,GGAVC MGCUWN,HR,Manager,74,44,30,49,76,46,24,No,2,41.2,No,1,0xae5a381065773f34e46c3b1f2139c803bbdffe2b,0x03af12cd247c937b756ac67f6a4f32e8fdbdf0c3,No,2026,False,975,zkproof_0975_hash,HR_SIGN_0975,CONFIDENTIAL,CONFIDENTIAL,7a77cfbbf8f008bdf120891d202c8ee40cd62d9b31512d771076f61b9e7c3bb2
0x98d3b19449e44ca8e9b77a48b05e94e10b230808,EMP1975,LPMTK ZBHBJT,Operations,Coordinator,60,41,6,64,75,65,4,No,2,37.1,No,4,0xcbdd5cf29f0ab5ea9ccc053185c79f0b1cf37208,0x9c82a019f8b05fe701b56099e0a1cec164d3d731,No,2026,False,976,zkproof_0976_hash,HR_SIGN_0976,CONFIDENTIAL,CONFIDENTIAL,3c10ef9424be688a5c0e49556af75bdfe7c2b7fd10af34e38f44bc4870e560a6
0x1c4bd47295b045b0e499c726743132d64f897fb5,EMP1976,EASSC OIFSWE,Marketing,Developer,69,37,55,74,96,81,21,No,2,65.7,No,4,0x419d9482a9f0d72ebd79c7b8b6500018a2fa8d32,0xe6284a5b9a825b4bd95877a65ae02ff56c0ed619,No,2026,True,977,zkproof_0977_hash,HR_SIGN_0977,CONFIDENTIAL,CONFIDENTIAL,d1bd15406553e9cbf5b620c54a39b0d46d53c3e97d52a0cf494861669a7c857d
0xc0df7d90e87afafbd8003d9ff0f399504a407039,EMP1977,TFKTW YYJOEA,R&D,Engineer,83,36,95,64,86,75,21,No,7,78.4,Yes,4,0x9ddb5997785e6acd36d155f86504ba79dbd85681,0xc62c79466c02299b05ec20b4e2b210cb31783412,Yes,2026,True,978,zkproof_0978_hash,HR_SIGN_0978,CONFIDENTIAL,CONFIDENTIAL,5ae108fda5b974c2f490257fd8f45fc050ca84ed05d1e101f8081f991a1cfd24
0x0a1ca068604409eec4cc1e27dcb64dba926d4cdf,EMP1978,ZIEPM IKTDBW,Finance,Developer,94,33,27,43,90,95,19,Yes,6,57.9,No,1,0xea1b88bedbe1e5486e5a388f3aefd2e2ff9c0b78,0x2ddbeedc39c3a16f974aa71c5556a510b9e132ab,No,2026,False,979,zkproof_0979_hash,HR_SIGN_0979,CONFIDENTIAL,CONFIDENTIAL,7e51e31148fa378a95826dec84276462214d603dee7eb4f84473a8dfcc1b11aa
0x7374d4df876e13723f3a30ca412472fe24991c28,EMP1979,MZDAC TUTXMN,Marketing,Intern,84,36,28,84,73,53,14,Yes,9,42.6,No,2,0xdc5ce205ac140ce11b394741823a39bc773c56c8,0x92cc601377ae7a0a8f9644d88e11d8115f02d708,No,2026,False,980,zkproof_0980_hash,HR_SIGN_0980,CONFIDENTIAL,CONFIDENTIAL,d0d934119dd55fb575cecc28bff6a503e501575a57874f5c860ffa7c2a268821
0x060c9a7659fd5153aa8fe207d88083af6c20f6a9,EMP1980,WPCRC BTGUDE,Operations,Engineer,84,43,2,55,87,90,13,Yes,6,45.8,No,2,0x1b1e588822704109dc6fd3c4cde2e063f4d0d736,0x52d5500f5ec4d3ad408bf5b369e6cbcc377c5fc1,No,2026,False,981,zkproof_0981_hash,HR_SIGN_0981,CONFIDENTIAL,CONFIDENTIAL,858987594de22a3c80fbebcf47a9a09549775e3a60615c9b3b31383197fba20b
0x78a7f6d6b93ad924f53f018b7fde6de5ab09a31c,EMP1981,RDGCV GVQOLG,IT,Manager,69,35,37,58,65,86,16,Yes,6,54.2,No,4,0x045a9da4f7d62d8c309d5aa3a7d1d699ed4f324d,0x7a2417cfdcfbddd8c83d225f3bd87a806421e934,No,2026,False,982,zkproof_0982_hash,HR_SIGN_0982,CONFIDENTIAL,CONFIDENTIAL,01e3c7028777cea59221a2591697ee63191e6af2014d79446967f150baff0aae
0x8e0b51e8fdaffb8cf7e64cc6a1c2b99be93ce7ad,EMP1982,WBQOV NFPXQH,Finance,Manager,98,44,9,94,70,59,13,No,5,35.8,No,1,0xf2ef597f0f3bfc8e82ad12509b56dab6f700981d,0x40a7a1b4ba57cd5864e3d4452935db8d28354a8e,No,2026,False,983,zkproof_0983_hash,HR_SIGN_0983,CONFIDENTIAL,CONFIDENTIAL,c33e753c8c1e61eea055a88baa806226907f363fa6a356ba886b6adc09eb7085
0xc69078a844e27b0a198259ff7044c524c46318b9,EMP1983,QVREW JUEWIM,Engineering,Manager,96,57,43,86,62,86,22,No,6,56.0,No,3,0xc67269ec1200f2f580dbed44acce7f1be105b5bb,0xeffaae48fcb07000633e39f2d0ee3b61b815f38c,No,2026,False,984,zkproof_0984_hash,HR_SIGN_0984,CONFIDENTIAL,CONFIDENTIAL,94651bbe45b940358035ac57abe1ed36c34ba1f8dc49ec66688bd7e49316b2d5
0x428428ce2200065088cd516fce3dbb75ceb82965,EMP1984,YWVOW OGZZQX,HR,Manager,66,55,47,93,95,54,21,Yes,3,54.3,No,3,0x33a976cbe9deedfd3bf16eab9977861e3482b7aa,0xb59ba30804a51c7a9f8f77a0c02a04596bfbac4a,No,2026,False,985,zkproof_0985_hash,HR_SIGN_0985,CONFIDENTIAL,CONFIDENTIAL,3b1ce14e12d4bedf9a13641753a977300834bdda4b0ae94fb9835900fb1c1a04
0x7b80d45ec330d8ddc78fb19f94fa2f729ba24632,EMP1985,WDMYZ LFKGDH,Finance,Developer,68,33,73,60,80,63,6,Yes,0,64.1,No,3,0xb9a1d0a151c96c30510f154308bf670b9ffb7f26,0x5b50dea0739c4cd55da900669f4a68e48d060390,No,2026,True,986,zkproof_0986_hash,HR_SIGN_0986,CONFIDENTIAL,CONFIDENTIAL,20e826d75195bb85275a37a7764eab7973ed46da8a3c642c153dadd23867b34b
0x0435c69dcb085e2cbb864ba0c891090580c7459c,EMP1986,AHSIZ SLEDKL,Marketing,Engineer,62,33,93,82,72,50,18,No,2,66.8,No,2,0xefc11b53292723b753af53fb6ca7c4489766041e,0x4633313a0149204ae9d79fce1c6be20d6fded545,No,2026,True,987,zkproof_0987_hash,HR_SIGN_0987,CONFIDENTIAL,CONFIDENTIAL,d5950cad00e6387fd85e39f71a17e3ae9d4852bce5b604d5869f3f62fc5a8757
0xc2b9d45b5ae1b83f41e039f03596771500db3367,EMP1987,PPYBR HVXUTU,IT,Coordinator,92,31,76,56,62,79,14,Yes,2,66.7,No,4,0x9dd17e217105875aa98d0df42ef20e703b7cdaf2,0xfb12eea3b7d028f37937c949f980b494197b4f2f,No,2026,True,988,zkproof_0988_hash,HR_SIGN_0988,CONFIDENTIAL,CONFIDENTIAL,74e800722f4e3dc7bcf0ba4a10db69eb432257266d8613c0411536681dd55f21
0x6b792902e689bd320ed3b76a7e7ee6ce38cb4a1a,EMP1988,MCFCN RJJQIH,Operations,Analyst,80,31,69,65,79,54,6,Yes,1,59.7,No,0,0x9f59bc539f3dcb4d91d4385c4652dac84d63797f,0x64a51dfdb094bc2fdc94b76dfd3815a7f51f5b33,No,2026,True,989,zkproof_0989_hash,HR_SIGN_0989,CONFIDENTIAL,CONFIDENTIAL,0b88523918c34f0445f719cd2bcb9c2debdb6a29df4d3371e96075613b7832c1
0xf0d3985b7d257e9efe2601c42eb80d98eae2c9dc,EMP1989,MRLII LLBJEH,IT,Intern,89,34,35,42,90,98,5,No,3,61.7,No,0,0x064186c49268db1289852aae69ffe50be7a2464b,0x0281592e261b415325645fa056ca0afeea55b893,No,2026,False,990,zkproof_0990_hash,HR_SIGN_0990,CONFIDENTIAL,CONFIDENTIAL,b54a955398390f0462718eb45c968e46fac01e7ed75f016c91ecce2f7b8b8854
0xc7af0b3ea451c1e87f2153c8d5b44acc29d15a9f,EMP1990,SUCXA KBNZQM,IT,Manager,65,50,77,73,83,81,4,Yes,6,72.3,Yes,0,0x32af5b729e553c04f48a1c8c06bcf8e7f3192c00,0x7fac52692b6cf17fb8e24820c6f6fc0fd306a9e1,No,2026,True,991,zkproof_0991_hash,HR_SIGN_0991,CONFIDENTIAL,CONFIDENTIAL,7df203d4c8ec4f983d9cc5d5c40005e765fb31d0362e801fab503e6bad60720c
0x82057ac0ea17eeac66be4054f8f942c49ccbf4d5,EMP1991,ODTTD HYYAKT,Marketing,Developer,72,46,42,73,62,77,11,No,3,52.6,No,1,0xaf52ef0be2ffcc4209ad93a348d06e0504ebd093,0x17ebc2e8df19865172f4c1fd999374e6ef7aa19d,No,2026,False,992,zkproof_0992_hash,HR_SIGN_0992,CONFIDENTIAL,CONFIDENTIAL,5153c17ac0f3afcd52e5e51421c4621a0e1111335f143acc948f979b56f13bf2
0xfdd0654a61ada25e84ea8cf923150be10619365a,EMP1992,DTREW TMYGUX,IT,Developer,94,58,97,70,89,65,11,No,1,76.2,Yes,3,0x256e91cf360651d085d7d75218b13c18ad33e92c,0x3852875e7616be96e8edc4927972383eaa171238,Yes,2026,True,993,zkproof_0993_hash,HR_SIGN_0993,CONFIDENTIAL,CONFIDENTIAL,7434fc989618c5aaef7edcf40d62c7595b7cfe47eb80c9c85510b70d657d140c
0x6a57247188bedaa6d7225e1eef5c92e452ee8556,EMP1993,INEMR BVKKRS,Finance,Coordinator,90,54,35,81,85,67,14,Yes,8,51.9,No,0,0x4404472eff95012e739ab0eaafc39b20c59047db,0xbf3c119dadbcf75eea6256c0f083c4f0029b9dbc,No,2026,False,994,zkproof_0994_hash,HR_SIGN_0994,CONFIDENTIAL,CONFIDENTIAL,2578ee507782dcb41cb12f15211134626018446c143fd1eb3bdb41e194f98150
0xd153366aa7ba8ecd4dc15ad358735dd9acfbf0a5,EMP1994,ECQBW ESSLNM,Engineering,Lead,83,31,25,80,86,63,0,No,6,46.7,No,1,0x00b5c8832f839e53303eff060d18aeaeb4807708,0xfa9dd62791e222063f8b00662c261278169b3079,No,2026,False,995,zkproof_0995_hash,HR_SIGN_0995,CONFIDENTIAL,CONFIDENTIAL,f9aae32e1274402bb60fe90da2d0ea9dbf2f8d564244d6c6fddcd3281b06031e
0xe3ebdea47b08beb8073dd2c293c844128ddcac27,EMP1995,AIUZF NWNVJO,Engineering,Manager,93,35,63,60,77,78,12,No,5,64.5,No,2,0xa36cf65e86bdf9d0a9cb5f49a71e5599e4de9805,0xf7a6d04ce050fa3880c3c55a06aefd952ef6c1b3,No,2026,True,996,zkproof_0996_hash,HR_SIGN_0996,CONFIDENTIAL,CONFIDENTIAL,572f5e1f46c1cf9acd9b366e07d7cee3e55b83eb0e726707779e63a6bcad4e5a
0x01cebd088b71adb9a434340ecd0a3dcdb4de8b23,EMP1996,ADGOJ TZUVNB,Finance,Intern,84,56,53,52,68,70,24,No,3,56.1,No,0,0x1e571ee851d8cbe9a6f3d2cd7e38cba7fab23065,0xa66536c953362176913cd82e604d3557e519ebfe,No,2026,True,997,zkproof_0997_hash,HR_SIGN_0997,CONFIDENTIAL,CONFIDENTIAL,6aad154c59604fa9b64f0940a9676506ee4542d051dd8a6e1c2e5f49b48648c0
0xf4e94e6c8d4b8d1e3f8ef67348a36c75032c9e3a,EMP1997,KIWBD TEXPDG,R&D,Analyst,87,58,99,43,84,51,7,No,4,72.1,Yes,4,0xe0da7cdcb26f2d197edcf8461af05d0d5ca47c79,0x6a37c136e6ed2ee79669c2cc1c27d8f9efaee8de,No,2026,True,998,zkproof_0998_hash,HR_SIGN_0998,CONFIDENTIAL,CONFIDENTIAL,4f5b6e63ea01fff4b93a972916ebf9234dac2a43d21841bd3e872935f944d7ea
0xbbb986dcbc670b02e2bd4de3868023e95b8dd7e2,EMP1998,JCXKS KEAZGT,Marketing,Intern,65,39,2,40,52,58,11,Yes,2,28.8,No,4,0xd86c08fb44bfb7d098f79d710f30cba8be840353,0x980cf1265a9799ecbb6133c3675b9874777b047b,No,2026,False,999,zkproof_0999_hash,HR_SIGN_0999,CONFIDENTIAL,CONFIDENTIAL,badc6d2fc54b8d04050ff199f3c9ea1d005c31497d380a10c931029350be58d4
0xc3b6f5afc1102e3c60ef77953890b2c4e945ec14,EMP1999,HIIOO MSMRKL,Finance,Manager,92,43,38,83,85,54,5,No,0,48.4,No,3,0x9fcda1730fa0fc4d1c5a6449806783c416b28d01,0xc6d9b3c392e3d4c4ea1c8a61fb6f4131f9c65f25,No,2026,False,1000,zkproof_1000_hash,HR_SIGN_1000,CONFIDENTIAL,CONFIDENTIAL,cf4557406c7f32a22d2beeba0ae9987e82512b9f266eedb3582e03f6e59d19af
